<source name="Trip Advisor" avg-rating="4.0">
<review>
	<rating>5.0</rating>
	<author><![CDATA[TravelingtheWorld123]]></author>
	<date>2009-01-02</date>
	<title><![CDATA[&#x201c;Great Tour to Hunter Valley!&#x201d;]]></title>
	<excerpt><![CDATA[I really enjoyed our day trip to Hunter Valley! The tour guide was great! It was one day of our honeymoon that I will never forget. If you are visitin]]></excerpt>
	<link><![CDATA[http://www.tripadvisor.com/Attraction_Review-g255060-d1019256-Reviews-Activity_Tours_Australia-Sydney_New_South_Wales.html]]></link>
</review>
<review>
	<rating>4.0</rating>
	<author><![CDATA[Blossom55]]></author>
	<date>2008-03-03</date>
	<title><![CDATA[&#x201c;Activity Tours - Hunter Valley Wineries Tour&#x201d;]]></title>
	<excerpt><![CDATA[Utilising the services of www.activitytours.com.au and booking online, we chose one of the two tours available from them. Our pick up time from our ho]]></excerpt>
	<link><![CDATA[http://www.tripadvisor.com/Attraction_Review-g255060-d1019256-Reviews-Activity_Tours_Australia-Sydney_New_South_Wales.html]]></link>
</review>
</source>