<source name="Trip Advisor" avg-rating="4.0">
<review>
	<rating>5.0</rating>
	<author><![CDATA[wal_on_hol]]></author>
	<date>2008-05-05</date>
	<title><![CDATA[&#x201c;Must do&#x201d;]]></title>
	<excerpt><![CDATA[Whether you are an art buff or not, if you are visiting Sydney any time from mid-March to mid-May, then it is well worth checking out the annual Archi]]></excerpt>
	<link><![CDATA[http://www.tripadvisor.com/Attraction_Review-g255060-d556157-Reviews-The_Archibald_Prize-Sydney_New_South_Wales.html]]></link>
</review>
</source>