<source name="Trip Advisor" avg-rating="4.0">
<review>
	<rating>4.0</rating>
	<author><![CDATA[katesjourneys]]></author>
	<date>2008-11-11</date>
	<title><![CDATA[&#x201c;It's Free & Wonderful&#x201d;]]></title>
	<excerpt><![CDATA[Located in the middle of fabulous gardens and very close to the water, this museum has an extensive art collection. A perfect place to visit even on a]]></excerpt>
	<link><![CDATA[http://www.tripadvisor.com/Attraction_Review-g255060-d256712-Reviews-Art_Gallery_of_New_South_Wales-Sydney_New_South_Wales.html]]></link>
</review>
</source>