<source name="Trip Advisor" avg-rating="4.0">
<review>
	<rating>5.0</rating>
	<author><![CDATA[blah114]]></author>
	<date>2008-08-24</date>
	<title><![CDATA[&#x201c;Among the Best Things we did in Sydney&#x201d;]]></title>
	<excerpt><![CDATA[We paid the full price for this place and saw everything, nearly. We spent 5 hours here and toured a submarine, warship, two sail boats, and a museum ]]></excerpt>
	<link><![CDATA[http://www.tripadvisor.com/Attraction_Review-g255060-d258087-Reviews-Australian_National_Maritime_Museum-Sydney_New_South_Wales.html]]></link>
</review>
<review>
	<rating>3.0</rating>
	<author><![CDATA[12thDomino]]></author>
	<date>2008-04-04</date>
	<title><![CDATA[&#x201c;Something to do if it's raining and cold and it doesn't happen very often here&#x201d;]]></title>
	<excerpt><![CDATA[I quite like these sort of things but this one isn't the best and if not free wouldn't go
Not the most interesting more]]></excerpt>
	<link><![CDATA[http://www.tripadvisor.com/Attraction_Review-g255060-d258087-Reviews-Australian_National_Maritime_Museum-Sydney_New_South_Wales.html]]></link>
</review>
</source>