<source name="Trip Advisor" avg-rating="4.0">
<review>
	<rating>4.0</rating>
	<author><![CDATA[katesjourneys]]></author>
	<date>2008-11-11</date>
	<title><![CDATA[&#x201c;Ideal for Children & Adults&#x201d;]]></title>
	<excerpt><![CDATA[One of the most interactive museums we have ever visited. Many places set up especially for children. Also well designed for wheelchair access. Divers]]></excerpt>
	<link><![CDATA[http://www.tripadvisor.com/Attraction_Review-g255060-d256713-Reviews-Australian_Museum-Sydney_New_South_Wales.html]]></link>
</review>
<review>
	<rating>4.0</rating>
	<author><![CDATA[DidntvoteforBush]]></author>
	<date>2008-06-04</date>
	<title><![CDATA[&#x201c;Pretty cool museum&#x201d;]]></title>
	<excerpt><![CDATA[Great place for a rainy day. Big emphasis on natural and aboriginal histories. An aboriginal artist was there painting and chatting with onlookers whe]]></excerpt>
	<link><![CDATA[http://www.tripadvisor.com/Attraction_Review-g255060-d256713-Reviews-Australian_Museum-Sydney_New_South_Wales.html]]></link>
</review>
</source>