<source name="Trip Advisor" avg-rating="4.0">
<review>
	<rating>5.0</rating>
	<author><![CDATA[mccormil]]></author>
	<date>2008-06-05</date>
	<title><![CDATA[Amazing little property - a taste of Tuscany in the Hunter]]></title>
	<excerpt><![CDATA[We've been back here a number of times and love it each time. It's so relaxing and the owner is extremely accommodating. The wine is superb also. The ]]></excerpt>
	<link><![CDATA[http://www.tripadvisor.com/Hotel_Review-g758341-d1072261-Reviews-Blueberry_Hill-Hunter_Valley_New_South_Wales.html]]></link>
</review>
</source>