<source name="Trip Advisor" avg-rating="3.5">
<review>
	<rating>1.0</rating>
	<author><![CDATA[PharmGirl70]]></author>
	<date>2009-01-03</date>
	<title><![CDATA[&#x201c;Trashy Beach&#x201d;]]></title>
	<excerpt><![CDATA[We visited on 02-Jan-09 and there was trash in the water and a pantiliner in the sand next to us. It was crowded, dirty, disgusting and a waste of tim]]></excerpt>
	<link><![CDATA[http://www.tripadvisor.com/Attraction_Review-g255060-d257354-Reviews-Bondi_Beach-Sydney_New_South_Wales.html]]></link>
</review>
<review>
	<rating>5.0</rating>
	<author><![CDATA[marie11675]]></author>
	<date>2008-07-01</date>
	<title><![CDATA[&#x201c;Bondi Beach&#x201d;]]></title>
	<excerpt><![CDATA[I just recently stayed at Bondi beach in Sydney, AU. It was a great experience. The beach is the safest place to swim I am told by the locals. There a]]></excerpt>
	<link><![CDATA[http://www.tripadvisor.com/Attraction_Review-g255060-d257354-Reviews-Bondi_Beach-Sydney_New_South_Wales.html]]></link>
</review>
<review>
	<rating>3.0</rating>
	<author><![CDATA[SydneyJarrah]]></author>
	<date>2008-06-03</date>
	<title><![CDATA[&#x201c;Want a NICE beach and a bit of peace?&#x201d;]]></title>
	<excerpt><![CDATA[Want a NICE beach and a bit of peace?
Take an extra 15 minutes to head further south to Marboubra beach. As big and beatuiful as Bondi, but literally ]]></excerpt>
	<link><![CDATA[http://www.tripadvisor.com/Attraction_Review-g255060-d257354-Reviews-Bondi_Beach-Sydney_New_South_Wales.html]]></link>
</review>
<review>
	<rating>4.0</rating>
	<author><![CDATA[scottcabal]]></author>
	<date>2008-05-21</date>
	<title><![CDATA[&#x201c;Enjoyed it, despite the weather&#x201d;]]></title>
	<excerpt><![CDATA[Bondi is a really touristy beach - but then again most of Sydney is touristy. It's worth visiting just to walk along the beach, enjoy the views and ta]]></excerpt>
	<link><![CDATA[http://www.tripadvisor.com/Attraction_Review-g255060-d257354-Reviews-Bondi_Beach-Sydney_New_South_Wales.html]]></link>
</review>
<review>
	<rating>2.0</rating>
	<author><![CDATA[aussieboy90]]></author>
	<date>2008-03-30</date>
	<title><![CDATA[&#x201c;Beautiful beach, shocking surroundings&#x201d;]]></title>
	<excerpt><![CDATA[Bondi Beach as a beach is amazing. The crystal clear water, moderate surf, beautiful views down the coast, and the clean white sand which stretches fo]]></excerpt>
	<link><![CDATA[http://www.tripadvisor.com/Attraction_Review-g255060-d257354-Reviews-Bondi_Beach-Sydney_New_South_Wales.html]]></link>
</review>
<review>
	<rating>4.0</rating>
	<author><![CDATA[whmey]]></author>
	<date>2008-03-15</date>
	<title><![CDATA[&#x201c;Bondi (pronounced bond-eye) Beach and Ocean Walk&#x201d;]]></title>
	<excerpt><![CDATA[Get there from Circular Quay (pronounced "key") on bus 333. Buy ticket in advance as can't pay on the bus. Bondi is wide, sandy beach. Crowded with su]]></excerpt>
	<link><![CDATA[http://www.tripadvisor.com/Attraction_Review-g255060-d257354-Reviews-Bondi_Beach-Sydney_New_South_Wales.html]]></link>
</review>
<review>
	<rating>2.0</rating>
	<author><![CDATA[atob]]></author>
	<date>2008-03-12</date>
	<title><![CDATA[&#x201c;Overrated Tourist Trap&#x201d;]]></title>
	<excerpt><![CDATA[I am not a fan of Bondi. I was utterly disappointed on my first visit as a tourist, and it has not improved since. In fact it makes me cringe!
The bea]]></excerpt>
	<link><![CDATA[http://www.tripadvisor.com/Attraction_Review-g255060-d257354-Reviews-Bondi_Beach-Sydney_New_South_Wales.html]]></link>
</review>
<review>
	<rating>3.0</rating>
	<author><![CDATA[godesskara]]></author>
	<date>2007-12-05</date>
	<title><![CDATA[&#x201c;Small Bondi&#x201d;]]></title>
	<excerpt><![CDATA[overrated, don't get too excited about going there because you might get disapointed. It is a lovely place wih a wide sandy beach but beaches down the]]></excerpt>
	<link><![CDATA[http://www.tripadvisor.com/Attraction_Review-g255060-d257354-Reviews-Bondi_Beach-Sydney_New_South_Wales.html]]></link>
</review>
<review>
	<rating>5.0</rating>
	<author><![CDATA[ScotlandShira]]></author>
	<date>2007-11-16</date>
	<title><![CDATA[&#x201c;bondi beach-wonderful&#x201d;]]></title>
	<excerpt><![CDATA[lovely white sands, great watching the surfers, great wee cafes, i stayed on Campbell Parade in 1965 and have been back twice since then. wonderful mo]]></excerpt>
	<link><![CDATA[http://www.tripadvisor.com/Attraction_Review-g255060-d257354-Reviews-Bondi_Beach-Sydney_New_South_Wales.html]]></link>
</review>
<review>
	<rating>4.0</rating>
	<author><![CDATA[TravelBoo2]]></author>
	<date>2007-10-24</date>
	<title><![CDATA[&#x201c;You gotta go!&#x201d;]]></title>
	<excerpt><![CDATA[Must agree with others, it is a little overrated. But you cant go to Sydney and not go to Bondi. Grab the Bondi Bendy from Circular Quay, short che]]></excerpt>
	<link><![CDATA[http://www.tripadvisor.com/Attraction_Review-g255060-d257354-Reviews-Bondi_Beach-Sydney_New_South_Wales.html]]></link>
</review>
<review>
	<rating>2.0</rating>
	<author><![CDATA[Forever2207]]></author>
	<date>2007-08-15</date>
	<title><![CDATA[&#x201c;Overrated&#x201d;]]></title>
	<excerpt><![CDATA[Bondi Beach is the most overrated place in Australia. There are many more fantastic beaches up the east coast especially once you get into Queensland.]]></excerpt>
	<link><![CDATA[http://www.tripadvisor.com/Attraction_Review-g255060-d257354-Reviews-or10-Bondi_Beach-Sydney_New_South_Wales.html]]></link>
</review>
<review>
	<rating>5.0</rating>
	<author><![CDATA[lilirishstar]]></author>
	<date>2007-07-05</date>
	<title><![CDATA[&#x201c;Cliff walk was amazing&#x201d;]]></title>
	<excerpt><![CDATA[The Bondi to Coogee cliff walk was one of the highlights of our trip.
We took our time, stopped in Bronte for a smootie, watched the surfers, and talk]]></excerpt>
	<link><![CDATA[http://www.tripadvisor.com/Attraction_Review-g255060-d257354-Reviews-or10-Bondi_Beach-Sydney_New_South_Wales.html]]></link>
</review>
<review>
	<rating>4.0</rating>
	<author><![CDATA[Bartols1]]></author>
	<date>2007-03-15</date>
	<title><![CDATA[&#x201c;Nice Beach&#x201d;]]></title>
	<excerpt><![CDATA[Bondi Beach is certainly the touristy beach in Sydney. I'm glad I visited. The water was amazing, almost a light blue/mint green color. I went on a be]]></excerpt>
	<link><![CDATA[http://www.tripadvisor.com/Attraction_Review-g255060-d257354-Reviews-or10-Bondi_Beach-Sydney_New_South_Wales.html]]></link>
</review>
<review>
	<rating>5.0</rating>
	<author><![CDATA[THJ]]></author>
	<date>2007-02-13</date>
	<title><![CDATA[&#x201c;Loved it&#x201d;]]></title>
	<excerpt><![CDATA[Surfers everywhere, loads of space on the beach and getting knocked over by the waves was wonderful. Only downside was the attitude of the people rent]]></excerpt>
	<link><![CDATA[http://www.tripadvisor.com/Attraction_Review-g255060-d257354-Reviews-or10-Bondi_Beach-Sydney_New_South_Wales.html]]></link>
</review>
<review>
	<rating>5.0</rating>
	<author><![CDATA[Jintyp]]></author>
	<date>2007-01-10</date>
	<title><![CDATA[&#x201c;great beach, local amenities, promenade, local buses frequent to city centre&#x201d;]]></title>
	<excerpt><![CDATA[Stayed first two nights of arriving in Australia at Bondi Beach Central b & b. Fab accommodation and host Nadia.... across road from beach and promena]]></excerpt>
	<link><![CDATA[http://www.tripadvisor.com/Attraction_Review-g255060-d257354-Reviews-or10-Bondi_Beach-Sydney_New_South_Wales.html]]></link>
</review>
<review>
	<rating>5.0</rating>
	<author><![CDATA[wilsorinio]]></author>
	<date>2005-06-08</date>
	<title><![CDATA[&#x201c;Amazing!&#x201d;]]></title>
	<excerpt><![CDATA[Loved Bondi to bits!! Stayed quite close the first time I visited Australia which was very lucky! On my first day arriving i walked from Bondi to Coog]]></excerpt>
	<link><![CDATA[http://www.tripadvisor.com/Attraction_Review-g255060-d257354-Reviews-or10-Bondi_Beach-Sydney_New_South_Wales.html]]></link>
</review>
<review>
	<rating>5.0</rating>
	<author><![CDATA[VAChiliman]]></author>
	<date>2005-03-27</date>
	<title><![CDATA[&#x201c;Awesome Introduction&#x201d;]]></title>
	<excerpt><![CDATA[This was our very first trip to Australia, and Bondi our very first attraction after arriving in Sydney, and set the stage for a near perfect five day]]></excerpt>
	<link><![CDATA[http://www.tripadvisor.com/Attraction_Review-g255060-d257354-Reviews-or10-Bondi_Beach-Sydney_New_South_Wales.html]]></link>
</review>
<review>
	<rating>5.0</rating>
	<author><![CDATA[Westontraveler]]></author>
	<date>2004-11-24</date>
	<title><![CDATA[&#x201c;Bondi is as good as it gets in November, here's why...&#x201d;]]></title>
	<excerpt><![CDATA[We were lucky. It was November and sunny. 90 pieces of fine (translated that means expensive too) sculpture were distributed along the Bondi to Bronte]]></excerpt>
	<link><![CDATA[http://www.tripadvisor.com/Attraction_Review-g255060-d257354-Reviews-or10-Bondi_Beach-Sydney_New_South_Wales.html]]></link>
</review>
<review>
	<rating>4.0</rating>
	<author><![CDATA[JAM_1977]]></author>
	<date>2004-08-09</date>
	<title><![CDATA[&#x201c;From Bronte to Bondi&#x201d;]]></title>
	<excerpt><![CDATA[The coastline walk from Bronte Beach to Bondi is worth it as the sea vistas are spectacular and the rock formations are so unusual. We got the train f]]></excerpt>
	<link><![CDATA[http://www.tripadvisor.com/Attraction_Review-g255060-d257354-Reviews-or10-Bondi_Beach-Sydney_New_South_Wales.html]]></link>
</review>
<review>
	<rating>5.0</rating>
	<author><![CDATA[A TripAdvisor Member]]></author>
	<date>2003-12-01</date>
	<title><![CDATA[&#x201c;Bikini capitol&#x201d;]]></title>
	<excerpt><![CDATA[Great environs bars bistro's people and the bikinis WOW bought my girl the hottest Vamp bikini now all we need is a tan great place for hols more]]></excerpt>
	<link><![CDATA[http://www.tripadvisor.com/Attraction_Review-g255060-d257354-Reviews-or10-Bondi_Beach-Sydney_New_South_Wales.html]]></link>
</review>
<review>
	<rating>4.0</rating>
	<author><![CDATA[ちきち]]></author>
	<date>2009-03-02</date>
	<title><![CDATA[&#x201c;&#x201d;]]></title>
	<excerpt><![CDATA[]]></excerpt>
	<link><![CDATA[http://www.tripadvisor.com/Attraction_Review-g255060-d257354-Reviews-or20-Bondi_Beach-Sydney_New_South_Wales.html]]></link>
</review>
<review>
	<rating>5.0</rating>
	<author><![CDATA[Leipikake]]></author>
	<date>2009-01-27</date>
	<title><![CDATA[&#x201c;&#x201d;]]></title>
	<excerpt><![CDATA[
]]></excerpt>
	<link><![CDATA[http://www.tripadvisor.com/Attraction_Review-g255060-d257354-Reviews-or20-Bondi_Beach-Sydney_New_South_Wales.html]]></link>
</review>
<review>
	<rating>4.0</rating>
	<author><![CDATA[Akita2]]></author>
	<date>2009-01-03</date>
	<title><![CDATA[&#x201c;Bondi Beach &#x201d;]]></title>
	<excerpt><![CDATA[BondiBeach,]]></excerpt>
	<link><![CDATA[http://www.tripadvisor.com/Attraction_Review-g255060-d257354-Reviews-or20-Bondi_Beach-Sydney_New_South_Wales.html]]></link>
</review>
<review>
	<rating>4.0</rating>
	<author><![CDATA[rudisa]]></author>
	<date>2007-07-13</date>
	<title><![CDATA[&#x201c;Bondi Beach Paradis des surfeurs&#x201d;]]></title>
	<excerpt><![CDATA[une semaine passe  Bondi Beach, une marche exceptionnelle entre Bondi et Coogee. le paradis des surfeurs , attention ... more]]></excerpt>
	<link><![CDATA[http://www.tripadvisor.com/Attraction_Review-g255060-d257354-Reviews-or20-Bondi_Beach-Sydney_New_South_Wales.html]]></link>
</review>
</source>