<source name="Trip Advisor" avg-rating="4.0">
<review>
	<rating>4.0</rating>
	<author><![CDATA[kauwela71]]></author>
	<date>2007-04-05</date>
	<title><![CDATA[&#x201c;a fabulous insight&#x201d;]]></title>
	<excerpt><![CDATA[Travelling from Brisbane for a long weekend in Sydney, this was a must do on my list. I will admit I'm a big fan of Whiteley's, and was keen to see wh]]></excerpt>
	<link><![CDATA[http://www.tripadvisor.com/Attraction_Review-g255060-d556276-Reviews-Brett_Whiteley_Studio_Museum-Sydney_New_South_Wales.html]]></link>
</review>
</source>