<source name="Trip Advisor" avg-rating="4.5">
<review>
	<rating>3.0</rating>
	<author><![CDATA[kek167]]></author>
	<date>2009-03-10</date>
	<title><![CDATA[&#x201c;Sadly - A little boring&#x201d;]]></title>
	<excerpt><![CDATA[I really don't have anything bad to say about this tour. The guide was well informed and friendly as was everyone who worked at the BridgeClimb. I was]]></excerpt>
	<link><![CDATA[http://www.tripadvisor.com/Attraction_Review-g255060-d258555-Reviews-BridgeClimb-Sydney_New_South_Wales.html]]></link>
</review>
<review>
	<rating>5.0</rating>
	<author><![CDATA[STEVIEBHampshire]]></author>
	<date>2009-03-07</date>
	<title><![CDATA[&#x201c;ON TOP OF THE WORLD,WELL ALMOST&#x201d;]]></title>
	<excerpt><![CDATA[This was one of my highlights during my trip to Oz.I had pre booked it weeks before I travelled to Oz.The closer it got the more excited I became.When]]></excerpt>
	<link><![CDATA[http://www.tripadvisor.com/Attraction_Review-g255060-d258555-Reviews-BridgeClimb-Sydney_New_South_Wales.html]]></link>
</review>
<review>
	<rating>5.0</rating>
	<author><![CDATA[ktfrostie]]></author>
	<date>2009-02-28</date>
	<title><![CDATA[&#x201c;best views in Sydney&#x201d;]]></title>
	<excerpt><![CDATA[Having a fear of heights made me nervous to do the climb- but our experienced climb leader (has done more than 3,300 climbs!) made us all feel at ease]]></excerpt>
	<link><![CDATA[http://www.tripadvisor.com/Attraction_Review-g255060-d258555-Reviews-BridgeClimb-Sydney_New_South_Wales.html]]></link>
</review>
<review>
	<rating>5.0</rating>
	<author><![CDATA[mareeNewcastle]]></author>
	<date>2009-01-27</date>
	<title><![CDATA[&#x201c;Australia Day bridge climb!&#x201d;]]></title>
	<excerpt><![CDATA[Our family of five received a bridge climb as a christmas gift and decided to take it on Australia Day, This was the best decision ever, to stand on t]]></excerpt>
	<link><![CDATA[http://www.tripadvisor.com/Attraction_Review-g255060-d258555-Reviews-BridgeClimb-Sydney_New_South_Wales.html]]></link>
</review>
<review>
	<rating>4.0</rating>
	<author><![CDATA[km2]]></author>
	<date>2008-11-23</date>
	<title><![CDATA[&#x201c;Worth the money!&#x201d;]]></title>
	<excerpt><![CDATA[We climbed the bridge on a beautifully sunny October day, this was something that was on my must do list for Australia and worth doing despite the cos]]></excerpt>
	<link><![CDATA[http://www.tripadvisor.com/Attraction_Review-g255060-d258555-Reviews-BridgeClimb-Sydney_New_South_Wales.html]]></link>
</review>
<review>
	<rating>5.0</rating>
	<author><![CDATA[baloobear]]></author>
	<date>2008-10-17</date>
	<title><![CDATA[&#x201c;A must do&#x201d;]]></title>
	<excerpt><![CDATA[Probably the most iconic sight in Sydney the BridgeClimb is an amazing experience.
There are two experiences you can do, the Discovery or The Classic ]]></excerpt>
	<link><![CDATA[http://www.tripadvisor.com/Attraction_Review-g255060-d258555-Reviews-BridgeClimb-Sydney_New_South_Wales.html]]></link>
</review>
<review>
	<rating>5.0</rating>
	<author><![CDATA[cnatht]]></author>
	<date>2008-10-16</date>
	<title><![CDATA[&#x201c;fun fun&#x201d;]]></title>
	<excerpt><![CDATA[Im so glad i did the bridge climb. I was a little nervous at first because im not so good with heights. The guide was very friendly and made sure i wa]]></excerpt>
	<link><![CDATA[http://www.tripadvisor.com/Attraction_Review-g255060-d258555-Reviews-BridgeClimb-Sydney_New_South_Wales.html]]></link>
</review>
<review>
	<rating>5.0</rating>
	<author><![CDATA[DrTard]]></author>
	<date>2008-10-08</date>
	<title><![CDATA[&#x201c;Memories for a lifetime.&#x201d;]]></title>
	<excerpt><![CDATA[I did the Bridge Climb on 7th October and all I can say is WOW. The operation is so professional - the entire tour is run like clock work ensuring you]]></excerpt>
	<link><![CDATA[http://www.tripadvisor.com/Attraction_Review-g255060-d258555-Reviews-BridgeClimb-Sydney_New_South_Wales.html]]></link>
</review>
<review>
	<rating>5.0</rating>
	<author><![CDATA[Andy123Northampton]]></author>
	<date>2008-10-03</date>
	<title><![CDATA[&#x201c;Fantastic!!!&#x201d;]]></title>
	<excerpt><![CDATA[We had a climb booked for 9.35 am, and when we arrived to check in we were told we could do the 9.15 which we did. In groups of 12 max., you are first]]></excerpt>
	<link><![CDATA[http://www.tripadvisor.com/Attraction_Review-g255060-d258555-Reviews-BridgeClimb-Sydney_New_South_Wales.html]]></link>
</review>
<review>
	<rating>5.0</rating>
	<author><![CDATA[travelinggirlusa]]></author>
	<date>2008-09-23</date>
	<title><![CDATA[&#x201c;Discovery Climb - Well Worth It!&#x201d;]]></title>
	<excerpt><![CDATA[My husband and I did the Discovery Climb and loved it. The views are AMAZING and you learn so much (both about the bridge & Sydney and surrounds). A l]]></excerpt>
	<link><![CDATA[http://www.tripadvisor.com/Attraction_Review-g255060-d258555-Reviews-BridgeClimb-Sydney_New_South_Wales.html]]></link>
</review>
<review>
	<rating>5.0</rating>
	<author><![CDATA[jen99va80]]></author>
	<date>2008-09-05</date>
	<title><![CDATA[&#x201c;Worth every penny!&#x201d;]]></title>
	<excerpt><![CDATA[The bridgeclimb was very well organized and a wonderful experience. Not only did we get to see the sights, our guide Daniel was very knowledgeable abo]]></excerpt>
	<link><![CDATA[http://www.tripadvisor.com/Attraction_Review-g255060-d258555-Reviews-or10-BridgeClimb-Sydney_New_South_Wales.html]]></link>
</review>
<review>
	<rating>5.0</rating>
	<author><![CDATA[lowmanwa]]></author>
	<date>2008-06-19</date>
	<title><![CDATA[&#x201c;Loved the climb in Sydney&#x201d;]]></title>
	<excerpt><![CDATA[Day two of our trip to Sydney included the Bridge Climb. It was fabulous. Did the climb on May 30th, sunny and about 65 degrees. The 360 degree view o]]></excerpt>
	<link><![CDATA[http://www.tripadvisor.com/Attraction_Review-g255060-d258555-Reviews-or10-BridgeClimb-Sydney_New_South_Wales.html]]></link>
</review>
<review>
	<rating>5.0</rating>
	<author><![CDATA[scottcabal]]></author>
	<date>2008-05-19</date>
	<title><![CDATA[&#x201c;Definitely the highlight of my trip to Sydney&#x201d;]]></title>
	<excerpt><![CDATA[I was a little hesitant about doing BridgeClimb as I'm not too great with heights - well the fear of falling from them more than actually being at a h]]></excerpt>
	<link><![CDATA[http://www.tripadvisor.com/Attraction_Review-g255060-d258555-Reviews-or10-BridgeClimb-Sydney_New_South_Wales.html]]></link>
</review>
<review>
	<rating>5.0</rating>
	<author><![CDATA[mmmeyerisu]]></author>
	<date>2008-05-05</date>
	<title><![CDATA[&#x201c;Worth every penny&#x201d;]]></title>
	<excerpt><![CDATA[My wife and I did the Bridgeclimb back in February at 5pm and it was worth every penny. Even though we did not pay for the sunset climb it was getting]]></excerpt>
	<link><![CDATA[http://www.tripadvisor.com/Attraction_Review-g255060-d258555-Reviews-or10-BridgeClimb-Sydney_New_South_Wales.html]]></link>
</review>
<review>
	<rating>5.0</rating>
	<author><![CDATA[abbyaustralia]]></author>
	<date>2008-04-28</date>
	<title><![CDATA[&#x201c;The Sydney Harbour Bridge - I climbed it!&#x201d;]]></title>
	<excerpt><![CDATA[If you're looking for an exciting experience that you'll never forget while visiting Sydney - doing the Sydney Harbour Bridge Climb is a must!
Althoug]]></excerpt>
	<link><![CDATA[http://www.tripadvisor.com/Attraction_Review-g255060-d258555-Reviews-or10-BridgeClimb-Sydney_New_South_Wales.html]]></link>
</review>
<review>
	<rating>4.0</rating>
	<author><![CDATA[Tanchan]]></author>
	<date>2008-04-08</date>
	<title><![CDATA[&#x201c;Unforgettable experience in Sydney&#x201d;]]></title>
	<excerpt><![CDATA[This is definitely 3 1/2 hours well spent. Definitely touristy... even cheesy... but an experience that is unforgettable and views of the city that ar]]></excerpt>
	<link><![CDATA[http://www.tripadvisor.com/Attraction_Review-g255060-d258555-Reviews-or10-BridgeClimb-Sydney_New_South_Wales.html]]></link>
</review>
<review>
	<rating>5.0</rating>
	<author><![CDATA[Chianti_girl24]]></author>
	<date>2008-04-02</date>
	<title><![CDATA[&#x201c;You must do this!&#x201d;]]></title>
	<excerpt><![CDATA[What an amazing experience! Anyone going to Sydney should do this. We showed up early and they were able to move us to an earlier walk (great customer]]></excerpt>
	<link><![CDATA[http://www.tripadvisor.com/Attraction_Review-g255060-d258555-Reviews-or10-BridgeClimb-Sydney_New_South_Wales.html]]></link>
</review>
<review>
	<rating>5.0</rating>
	<author><![CDATA[alchemist3136]]></author>
	<date>2008-03-30</date>
	<title><![CDATA[&#x201c;Awesome!&#x201d;]]></title>
	<excerpt><![CDATA[A definite must-do if you are in Sydney. Spectacular views of the city. The climbing experience was unforgettable. The hardest parts are climbing the ]]></excerpt>
	<link><![CDATA[http://www.tripadvisor.com/Attraction_Review-g255060-d258555-Reviews-or10-BridgeClimb-Sydney_New_South_Wales.html]]></link>
</review>
<review>
	<rating>4.0</rating>
	<author><![CDATA[JaneCoDown]]></author>
	<date>2008-03-03</date>
	<title><![CDATA[&#x201c;A Must Do in Sydney&#x201d;]]></title>
	<excerpt><![CDATA[I travelled to Australia in October 2007 with my husband, it was a much awaited trip as my husband lived in Australia and I wanted to see all the plac]]></excerpt>
	<link><![CDATA[http://www.tripadvisor.com/Attraction_Review-g255060-d258555-Reviews-or10-BridgeClimb-Sydney_New_South_Wales.html]]></link>
</review>
<review>
	<rating>5.0</rating>
	<author><![CDATA[wakefieldfamily]]></author>
	<date>2008-01-30</date>
	<title><![CDATA[&#x201c;One of many favorite memories&#x201d;]]></title>
	<excerpt><![CDATA[One of my favorite memories. We lived in Sydney for 2 years and climbed the bridge right before we moved back to the USA.
You really have to stop and ]]></excerpt>
	<link><![CDATA[http://www.tripadvisor.com/Attraction_Review-g255060-d258555-Reviews-or10-BridgeClimb-Sydney_New_South_Wales.html]]></link>
</review>
<review>
	<rating>5.0</rating>
	<author><![CDATA[hufri]]></author>
	<date>2007-12-05</date>
	<title><![CDATA[&#x201c;Fantastic&#x201d;]]></title>
	<excerpt><![CDATA[I'm sure I can't add much more to what the other reviewers have written! Yes, it does seem expensive, but the whole activity is very well organised. T]]></excerpt>
	<link><![CDATA[http://www.tripadvisor.com/Attraction_Review-g255060-d258555-Reviews-or20-BridgeClimb-Sydney_New_South_Wales.html]]></link>
</review>
<review>
	<rating>5.0</rating>
	<author><![CDATA[nano0172]]></author>
	<date>2007-11-23</date>
	<title><![CDATA[&#x201c;Amazing!&#x201d;]]></title>
	<excerpt><![CDATA[Wonderful experience!
It seems not cheap but if you think about the organization, the staff to be paid, the facilities provided and the preparation th]]></excerpt>
	<link><![CDATA[http://www.tripadvisor.com/Attraction_Review-g255060-d258555-Reviews-or20-BridgeClimb-Sydney_New_South_Wales.html]]></link>
</review>
<review>
	<rating>5.0</rating>
	<author><![CDATA[TravelBoo2]]></author>
	<date>2007-10-24</date>
	<title><![CDATA[&#x201c;Wow!&#x201d;]]></title>
	<excerpt><![CDATA[Ill keep it short, Im afraid of heights and had a ball!. The climb leader really puts you at your ease, nothing scary about this climb and the v]]></excerpt>
	<link><![CDATA[http://www.tripadvisor.com/Attraction_Review-g255060-d258555-Reviews-or20-BridgeClimb-Sydney_New_South_Wales.html]]></link>
</review>
<review>
	<rating>3.0</rating>
	<author><![CDATA[CheeseburgerParadise]]></author>
	<date>2007-10-14</date>
	<title><![CDATA[&#x201c;But why does it have to be so expensive?&#x201d;]]></title>
	<excerpt><![CDATA[Finally climbed the bridge a couple of weeks ago with my two 10 year olds.
We climbed at midday on a wonderful sunny day. There was hardly any haze an]]></excerpt>
	<link><![CDATA[http://www.tripadvisor.com/Attraction_Review-g255060-d258555-Reviews-or20-BridgeClimb-Sydney_New_South_Wales.html]]></link>
</review>
<review>
	<rating>5.0</rating>
	<author><![CDATA[miblynn]]></author>
	<date>2007-09-30</date>
	<title><![CDATA[&#x201c;Amazing experience&#x201d;]]></title>
	<excerpt><![CDATA[The whole experience is amazing, the staff are superb both in the build up and out on the bridge. The views are breathtaking, we had George Bush cruis]]></excerpt>
	<link><![CDATA[http://www.tripadvisor.com/Attraction_Review-g255060-d258555-Reviews-or20-BridgeClimb-Sydney_New_South_Wales.html]]></link>
</review>
<review>
	<rating>5.0</rating>
	<author><![CDATA[kazintrepid]]></author>
	<date>2007-08-24</date>
	<title><![CDATA[&#x201c;An amazing experience&#x201d;]]></title>
	<excerpt><![CDATA[As soon as you step into the building to get ready for your bridge climb the service and assistance is fantastic. The guides are knowledgeable, the ex]]></excerpt>
	<link><![CDATA[http://www.tripadvisor.com/Attraction_Review-g255060-d258555-Reviews-or20-BridgeClimb-Sydney_New_South_Wales.html]]></link>
</review>
<review>
	<rating>5.0</rating>
	<author><![CDATA[1travel5MV]]></author>
	<date>2007-08-01</date>
	<title><![CDATA[&#x201c;Worth every penny&#x201d;]]></title>
	<excerpt><![CDATA[Had a great time on the bridge climb. I'm not going to go into the details since others have, but the views are beautiful. The photos you can get up t]]></excerpt>
	<link><![CDATA[http://www.tripadvisor.com/Attraction_Review-g255060-d258555-Reviews-or20-BridgeClimb-Sydney_New_South_Wales.html]]></link>
</review>
<review>
	<rating>5.0</rating>
	<author><![CDATA[AimandPhill]]></author>
	<date>2007-06-05</date>
	<title><![CDATA[&#x201c;Just one word: amazing&#x201d;]]></title>
	<excerpt><![CDATA[We did the Bridgeclimb at the end of last month and it was absolutely amazing!
Tony, our guide, made us feel absolutely at ease (especially me, as I a]]></excerpt>
	<link><![CDATA[http://www.tripadvisor.com/Attraction_Review-g255060-d258555-Reviews-or20-BridgeClimb-Sydney_New_South_Wales.html]]></link>
</review>
<review>
	<rating>5.0</rating>
	<author><![CDATA[traveller082]]></author>
	<date>2007-05-18</date>
	<title><![CDATA[&#x201c;An absolute must do whilst in Sydney!&#x201d;]]></title>
	<excerpt><![CDATA["I climbed the Bridge" and even now that thought still brings a huge smile to my face.
Once we had booked our flights to Australia this was the next t]]></excerpt>
	<link><![CDATA[http://www.tripadvisor.com/Attraction_Review-g255060-d258555-Reviews-or20-BridgeClimb-Sydney_New_South_Wales.html]]></link>
</review>
<review>
	<rating>5.0</rating>
	<author><![CDATA[Ecumsecum]]></author>
	<date>2007-04-05</date>
	<title><![CDATA[&#x201c;Afraid of heights?&#x201d;]]></title>
	<excerpt><![CDATA[March 17th, 2007 - Ecumsecum of Germany
I had no intention of climbing but then the sign beckoned me in and I got caried away. Only after all the prep]]></excerpt>
	<link><![CDATA[http://www.tripadvisor.com/Attraction_Review-g255060-d258555-Reviews-or20-BridgeClimb-Sydney_New_South_Wales.html]]></link>
</review>
<review>
	<rating>5.0</rating>
	<author><![CDATA[THJ]]></author>
	<date>2007-02-13</date>
	<title><![CDATA[&#x201c;Stunning&#x201d;]]></title>
	<excerpt><![CDATA[If you do nothing else in Sydney - you HAVE to do this. I'm quite unfit and found it a doddle. Finding the office to check in wasn't quite that easy -]]></excerpt>
	<link><![CDATA[http://www.tripadvisor.com/Attraction_Review-g255060-d258555-Reviews-or30-BridgeClimb-Sydney_New_South_Wales.html]]></link>
</review>
<review>
	<rating>5.0</rating>
	<author><![CDATA[MagellanMelbourne]]></author>
	<date>2007-01-19</date>
	<title><![CDATA[&#x201c;Best thing I've ever done&#x201d;]]></title>
	<excerpt><![CDATA[Wow! The Sydney Harbour Bridge Climb is a truly magical experience. It takes 3 1/2 hours to complete and is not hard at all. The staff are fantastic a]]></excerpt>
	<link><![CDATA[http://www.tripadvisor.com/Attraction_Review-g255060-d258555-Reviews-or30-BridgeClimb-Sydney_New_South_Wales.html]]></link>
</review>
<review>
	<rating>5.0</rating>
	<author><![CDATA[PADMIESTA]]></author>
	<date>2006-12-11</date>
	<title><![CDATA[&#x201c;The Most Amazing Night of Our Lives&#x201d;]]></title>
	<excerpt><![CDATA[If you are planning on going to Sydney, then this is a must do trip, Yes as everyone has said it is a little steep when you first look at the price fo]]></excerpt>
	<link><![CDATA[http://www.tripadvisor.com/Attraction_Review-g255060-d258555-Reviews-or30-BridgeClimb-Sydney_New_South_Wales.html]]></link>
</review>
<review>
	<rating>5.0</rating>
	<author><![CDATA[mikemartyn]]></author>
	<date>2006-09-01</date>
	<title><![CDATA[&#x201c;fantastic experience&#x201d;]]></title>
	<excerpt><![CDATA[i visited sydney whilst i was visiting new zeland, (only a three and a half hour flight). it was a 3.30 start by luck i must say and it was the beggin]]></excerpt>
	<link><![CDATA[http://www.tripadvisor.com/Attraction_Review-g255060-d258555-Reviews-or30-BridgeClimb-Sydney_New_South_Wales.html]]></link>
</review>
<review>
	<rating>5.0</rating>
	<author><![CDATA[A TripAdvisor Member]]></author>
	<date>2006-03-26</date>
	<title><![CDATA[&#x201c;The Climb of your Life!&#x201d;]]></title>
	<excerpt><![CDATA[This is a must do in Sydney. When we looked at the price we thought that it was very expensive but after the experience it proved to be very cheap. Ve]]></excerpt>
	<link><![CDATA[http://www.tripadvisor.com/Attraction_Review-g255060-d258555-Reviews-or30-BridgeClimb-Sydney_New_South_Wales.html]]></link>
</review>
<review>
	<rating>5.0</rating>
	<author><![CDATA[wifeofanaussie]]></author>
	<date>2006-01-31</date>
	<title><![CDATA[&#x201c;Very happy we did this&#x201d;]]></title>
	<excerpt><![CDATA[My husband and I climbed the bridge on 20 Dec at 7:15am. We were originally booked for the 7:25am climb but upon our arrival we were asked if we'd lik]]></excerpt>
	<link><![CDATA[http://www.tripadvisor.com/Attraction_Review-g255060-d258555-Reviews-or30-BridgeClimb-Sydney_New_South_Wales.html]]></link>
</review>
<review>
	<rating>5.0</rating>
	<author><![CDATA[A TripAdvisor Member]]></author>
	<date>2006-01-21</date>
	<title><![CDATA[&#x201c;Highlight of my holiday&#x201d;]]></title>
	<excerpt><![CDATA[I can't agree with the comments of "Abridged climb" anymore. If you are the kind of tourist who likes to "Do" a city in 5 minutes and then spend 3 hou]]></excerpt>
	<link><![CDATA[http://www.tripadvisor.com/Attraction_Review-g255060-d258555-Reviews-or30-BridgeClimb-Sydney_New_South_Wales.html]]></link>
</review>
<review>
	<rating>5.0</rating>
	<author><![CDATA[wolverine-traveler]]></author>
	<date>2006-01-10</date>
	<title><![CDATA[&#x201c;Abridged Climb&#x201d;]]></title>
	<excerpt><![CDATA[We had planned to do the bridge climb while in Sydney recently, but with only a day and a half to see the city, we opted to do the tower climb instead]]></excerpt>
	<link><![CDATA[http://www.tripadvisor.com/Attraction_Review-g255060-d258555-Reviews-or30-BridgeClimb-Sydney_New_South_Wales.html]]></link>
</review>
<review>
	<rating>5.0</rating>
	<author><![CDATA[MCFC_Steve]]></author>
	<date>2005-11-10</date>
	<title><![CDATA[&#x201c;Have the climb of your life&#x201d;]]></title>
	<excerpt><![CDATA[My philosophy is "never regret anything". If you can find the time (and money - about 75 each) to do the Sydney Harbour Bridge Climb, then do it!! M]]></excerpt>
	<link><![CDATA[http://www.tripadvisor.com/Attraction_Review-g255060-d258555-Reviews-or30-BridgeClimb-Sydney_New_South_Wales.html]]></link>
</review>
<review>
	<rating>5.0</rating>
	<author><![CDATA[A TripAdvisor Member]]></author>
	<date>2005-08-23</date>
	<title><![CDATA[&#x201c;Stretch those calves!&#x201d;]]></title>
	<excerpt><![CDATA[Stairs are narrow and close together so you are on your toes a lot. Stretch calves well and wear shoes with good cushion, especially the ball of foot.]]></excerpt>
	<link><![CDATA[http://www.tripadvisor.com/Attraction_Review-g255060-d258555-Reviews-or30-BridgeClimb-Sydney_New_South_Wales.html]]></link>
</review>
<review>
	<rating>5.0</rating>
	<author><![CDATA[Kane57]]></author>
	<date>2005-08-10</date>
	<title><![CDATA[&#x201c;Damn good. Do it before you die&#x201d;]]></title>
	<excerpt><![CDATA[Howdy,
went on the Climb in May, it was amazing. The weather was amazing, it ws at around 11am - perfectly clear and dry, relatively hot too, but not ]]></excerpt>
	<link><![CDATA[http://www.tripadvisor.com/Attraction_Review-g255060-d258555-Reviews-or40-BridgeClimb-Sydney_New_South_Wales.html]]></link>
</review>
<review>
	<rating>5.0</rating>
	<author><![CDATA[A TripAdvisor Member]]></author>
	<date>2005-02-24</date>
	<title><![CDATA[&#x201c;climb of your life&#x201d;]]></title>
	<excerpt><![CDATA[If you Go to Australia don't leave without going to Sydney and do a Bridge Climb.
I did my climb on Australia Day 26th January 2004 and I was fortunat]]></excerpt>
	<link><![CDATA[http://www.tripadvisor.com/Attraction_Review-g255060-d258555-Reviews-or40-BridgeClimb-Sydney_New_South_Wales.html]]></link>
</review>
<review>
	<rating>5.0</rating>
	<author><![CDATA[montognese]]></author>
	<date>2004-03-19</date>
	<title><![CDATA[&#x201c;Greater than words can say&#x201d;]]></title>
	<excerpt><![CDATA[I did the night climb in January '04. It was amazing! I'm a bit afraid of heights, but they were wonderful and patient with me. The views were beyond ]]></excerpt>
	<link><![CDATA[http://www.tripadvisor.com/Attraction_Review-g255060-d258555-Reviews-or40-BridgeClimb-Sydney_New_South_Wales.html]]></link>
</review>
<review>
	<rating>5.0</rating>
	<author><![CDATA[A TripAdvisor Member]]></author>
	<date>2003-09-22</date>
	<title><![CDATA[&#x201c;Best thing I did in Sydney&#x201d;]]></title>
	<excerpt><![CDATA[I am not one for climbing up things and my daughter wanted to climb the bridge. It was GREAT!!! The staff and our guide made the whole climb a great m]]></excerpt>
	<link><![CDATA[http://www.tripadvisor.com/Attraction_Review-g255060-d258555-Reviews-or40-BridgeClimb-Sydney_New_South_Wales.html]]></link>
</review>
<review>
	<rating>5.0</rating>
	<author><![CDATA[A TripAdvisor Member]]></author>
	<date>2003-01-23</date>
	<title><![CDATA[&#x201c;Climb the Sydney Bridge!&#x201d;]]></title>
	<excerpt><![CDATA[A lot of fun to do the Sydney Bridge Climb. We climbed in rain and wind but it was spectacular. Great views and very touristy but worth it! more]]></excerpt>
	<link><![CDATA[http://www.tripadvisor.com/Attraction_Review-g255060-d258555-Reviews-or40-BridgeClimb-Sydney_New_South_Wales.html]]></link>
</review>
</source>