<source name="Trip Advisor" avg-rating="4.0">
<review>
	<rating>4.0</rating>
	<author><![CDATA[Media_Coverage]]></author>
	<date>2007-08-17</date>
	<title><![CDATA[&#x201c;Bronte Beach Insights&#x201d;]]></title>
	<excerpt><![CDATA[Bronte is a charming sea-side location in the South-Eastern suburbs of Sydney.
There is some parking at Bronte Beach, but it is usually filled by 10 o]]></excerpt>
	<link><![CDATA[http://www.tripadvisor.com/Attraction_Review-g255060-d556281-Reviews-Bronte_Beach-Sydney_New_South_Wales.html]]></link>
</review>
</source>