<source name="Trip Advisor" avg-rating="4.0">
<review>
	<rating>5.0</rating>
	<author><![CDATA[Pamela3]]></author>
	<date>2008-12-09</date>
	<title><![CDATA[&#x201c;Best Wine in Mudgee!&#x201d;]]></title>
	<excerpt><![CDATA[Every year we go to Mudgee, and one of the first stops is always Burnbrae! A smiling Jill will talk you through the different wines, and we always end]]></excerpt>
	<link><![CDATA[http://www.tripadvisor.com/Attraction_Review-g262066-d556192-Reviews-Burnbrae_Vineyard_and_Winery-Mudgee_New_South_Wales.html]]></link>
</review>
</source>