<source name="Trip Advisor" avg-rating="3.5">
<review>
	<rating>4.0</rating>
	<author><![CDATA[deniselagrange5]]></author>
	<date>2009-01-25</date>
	<title><![CDATA[&#x201c;Great way to see the city&#x201d;]]></title>
	<excerpt><![CDATA[My son and I really enjoyed our lunch cruise on the Captain Cook. The service was missing somewhat and we had to pay for all our drinks. However, the ]]></excerpt>
	<link><![CDATA[http://www.tripadvisor.com/Attraction_Review-g255060-d259699-Reviews-Captain_Cook_Cruises-Sydney_New_South_Wales.html]]></link>
</review>
<review>
	<rating>4.0</rating>
	<author><![CDATA[Passport53]]></author>
	<date>2008-12-11</date>
	<title><![CDATA[&#x201c;Great Company that offers several services&#x201d;]]></title>
	<excerpt><![CDATA[We went on Captain Cook's Sydney Harbor Sunset Dinner Cruise and Symphony Tour. Dinner was delicious and the wait staff were wonderful. The combinatio]]></excerpt>
	<link><![CDATA[http://www.tripadvisor.com/Attraction_Review-g255060-d259699-Reviews-Captain_Cook_Cruises-Sydney_New_South_Wales.html]]></link>
</review>
<review>
	<rating>2.0</rating>
	<author><![CDATA[Carolandtom]]></author>
	<date>2008-11-18</date>
	<title><![CDATA[&#x201c;Just average&#x201d;]]></title>
	<excerpt><![CDATA[We took the Captain Cook city tour and lunch cruise. Had difficulty hearing the narration as it was going on at the same time we were in the dining ar]]></excerpt>
	<link><![CDATA[http://www.tripadvisor.com/Attraction_Review-g255060-d259699-Reviews-Captain_Cook_Cruises-Sydney_New_South_Wales.html]]></link>
</review>
<review>
	<rating>2.0</rating>
	<author><![CDATA[drconc]]></author>
	<date>2008-08-31</date>
	<title><![CDATA[&#x201c;Gold Deck - boooring&#x201d;]]></title>
	<excerpt><![CDATA[If you are a rabbit and your partner is a squirrel then you will most definitely enjoy the glorious food - infact if they put the entire seven course ]]></excerpt>
	<link><![CDATA[http://www.tripadvisor.com/Attraction_Review-g255060-d259699-Reviews-Captain_Cook_Cruises-Sydney_New_South_Wales.html]]></link>
</review>
<review>
	<rating>5.0</rating>
	<author><![CDATA[blah114]]></author>
	<date>2008-08-24</date>
	<title><![CDATA[&#x201c;Fun time, great food&#x201d;]]></title>
	<excerpt><![CDATA[The service was horrendous. That being said the food was actually VERY VERY good, among the best meals we had in Sydney. The evening cruise is beautif]]></excerpt>
	<link><![CDATA[http://www.tripadvisor.com/Attraction_Review-g255060-d259699-Reviews-Captain_Cook_Cruises-Sydney_New_South_Wales.html]]></link>
</review>
<review>
	<rating>4.0</rating>
	<author><![CDATA[K2Climber]]></author>
	<date>2008-07-09</date>
	<title><![CDATA[&#x201c;A great way to see Sydney!&#x201d;]]></title>
	<excerpt><![CDATA[This is a terrific way to see several Sydney attractions in a short amount of time............terrific views of the city, the Opera House, the Harbour]]></excerpt>
	<link><![CDATA[http://www.tripadvisor.com/Attraction_Review-g255060-d259699-Reviews-Captain_Cook_Cruises-Sydney_New_South_Wales.html]]></link>
</review>
<review>
	<rating>5.0</rating>
	<author><![CDATA[traveling*chococat]]></author>
	<date>2008-06-01</date>
	<title><![CDATA[&#x201c;Pick the COFFEE CRUISE&#x201d;]]></title>
	<excerpt><![CDATA[Highly recommended by friends who have been to Sydney, we did the coffee cruise on our first morning in Sydney. Loved it - the cruise staff were frien]]></excerpt>
	<link><![CDATA[http://www.tripadvisor.com/Attraction_Review-g255060-d259699-Reviews-Captain_Cook_Cruises-Sydney_New_South_Wales.html]]></link>
</review>
<review>
	<rating>1.0</rating>
	<author><![CDATA[pompey1001]]></author>
	<date>2008-05-26</date>
	<title><![CDATA[&#x201c;Unreliable company!!!&#x201d;]]></title>
	<excerpt><![CDATA[I came on here seeking advice prior to going to Sydney looking for an evening dinner cruise. I have to say that trip advisor is usually accurate.
Afte]]></excerpt>
	<link><![CDATA[http://www.tripadvisor.com/Attraction_Review-g255060-d259699-Reviews-Captain_Cook_Cruises-Sydney_New_South_Wales.html]]></link>
</review>
<review>
	<rating>5.0</rating>
	<author><![CDATA[EJWKingscliff]]></author>
	<date>2008-02-10</date>
	<title><![CDATA[&#x201c;Experience all of Sydney in one night!! Exceptional dinner cruise!!&#x201d;]]></title>
	<excerpt><![CDATA[I am a travel agent from northern NSW and decided to visit Sydney for the weekend with my partner and complete as many tourist attractions/ tours as w]]></excerpt>
	<link><![CDATA[http://www.tripadvisor.com/Attraction_Review-g255060-d259699-Reviews-Captain_Cook_Cruises-Sydney_New_South_Wales.html]]></link>
</review>
<review>
	<rating>5.0</rating>
	<author><![CDATA[JetsettingOzpatriot]]></author>
	<date>2007-02-28</date>
	<title><![CDATA[&#x201c;A Day Trip With a Difference&#x201d;]]></title>
	<excerpt><![CDATA[Perth is one of Australia's prettiest citie's and has a range of activities for everyone from a gentle stroll in Kings Park through to a full day Swan]]></excerpt>
	<link><![CDATA[http://www.tripadvisor.com/Attraction_Review-g255060-d259699-Reviews-Captain_Cook_Cruises-Sydney_New_South_Wales.html]]></link>
</review>
<review>
	<rating>5.0</rating>
	<author><![CDATA[cher1969]]></author>
	<date>2007-01-07</date>
	<title><![CDATA[&#x201c;Fantastic time!&#x201d;]]></title>
	<excerpt><![CDATA[We really enjoyed our dinner and tour of the harbour. The food was really good and the service was nice. We had a fun time with our two sons and highl]]></excerpt>
	<link><![CDATA[http://www.tripadvisor.com/Attraction_Review-g255060-d259699-Reviews-or10-Captain_Cook_Cruises-Sydney_New_South_Wales.html]]></link>
</review>
</source>