<source name="Trip Advisor" avg-rating="4.5">
<review>
	<rating>5.0</rating>
	<author><![CDATA[maddiwm]]></author>
	<date>2008-12-09</date>
	<title><![CDATA[&#x201c;a great little place in a huge city&#x201d;]]></title>
	<excerpt><![CDATA[Right in the middle of Sydney city, sits this wonderful place, full of charm and chinese character. The ardens are very well maintained, clean, wonder]]></excerpt>
	<link><![CDATA[http://www.tripadvisor.com/Attraction_Review-g255060-d259700-Reviews-Chinese_Garden_of_Friendship-Sydney_New_South_Wales.html]]></link>
</review>
<review>
	<rating>5.0</rating>
	<author><![CDATA[bondgirl263]]></author>
	<date>2007-11-13</date>
	<title><![CDATA[&#x201c;Beautiful amazing wonderful&#x201d;]]></title>
	<excerpt><![CDATA[I went to the Chinese Garden last in my trip to Sydney. I am so glad I went. Beautiful waterfalls, plants, even a few lizards running around. They had]]></excerpt>
	<link><![CDATA[http://www.tripadvisor.com/Attraction_Review-g255060-d259700-Reviews-Chinese_Garden_of_Friendship-Sydney_New_South_Wales.html]]></link>
</review>
<review>
	<rating>5.0</rating>
	<author><![CDATA[TravelBoo2]]></author>
	<date>2007-10-24</date>
	<title><![CDATA[&#x201c;A breathtaking oasis in Darling Harbour&#x201d;]]></title>
	<excerpt><![CDATA[A breathtaking oasis in Darling Harbour. Grab a picnic lunch on the way, and eat by the lake. Its hard to believe that you are in the middle of a bust]]></excerpt>
	<link><![CDATA[http://www.tripadvisor.com/Attraction_Review-g255060-d259700-Reviews-Chinese_Garden_of_Friendship-Sydney_New_South_Wales.html]]></link>
</review>
<review>
	<rating>5.0</rating>
	<author><![CDATA[AimandPhill]]></author>
	<date>2007-06-05</date>
	<title><![CDATA[&#x201c;Beautiful haven in a bustling city&#x201d;]]></title>
	<excerpt><![CDATA[This is one of the most beautiful places in Sydney. It's almost as if the trees and water block out the city noise. Many of the views are like paintin]]></excerpt>
	<link><![CDATA[http://www.tripadvisor.com/Attraction_Review-g255060-d259700-Reviews-Chinese_Garden_of_Friendship-Sydney_New_South_Wales.html]]></link>
</review>
<review>
	<rating>5.0</rating>
	<author><![CDATA[bostonbased]]></author>
	<date>2006-05-17</date>
	<title><![CDATA[&#x201c;peacful spot in busy city&#x201d;]]></title>
	<excerpt><![CDATA[The plants and design of this garden are beautiful, a sanctuary in the hustle and bustle of Sydney. The architecture is nicely done, if all you want t]]></excerpt>
	<link><![CDATA[http://www.tripadvisor.com/Attraction_Review-g255060-d259700-Reviews-Chinese_Garden_of_Friendship-Sydney_New_South_Wales.html]]></link>
</review>
<review>
	<rating>2.0</rating>
	<author><![CDATA[gapgur]]></author>
	<date>2005-08-19</date>
	<title><![CDATA[&#x201c;Now worth it!!!&#x201d;]]></title>
	<excerpt><![CDATA[I was just there on August 15. I know it is winter in Sydney, and really didn't expect to see any spectacular blooming flowers. The pond was so dirty ]]></excerpt>
	<link><![CDATA[http://www.tripadvisor.com/Attraction_Review-g255060-d259700-Reviews-Chinese_Garden_of_Friendship-Sydney_New_South_Wales.html]]></link>
</review>
<review>
	<rating>5.0</rating>
	<author><![CDATA[A TripAdvisor Member]]></author>
	<date>2003-09-12</date>
	<title><![CDATA[&#x201c;Chinese garden is a Sydney must-see&#x201d;]]></title>
	<excerpt><![CDATA[This was my favorite Sydney attraction. This traditional Chinese garden was a beautiful, tranquil place to visit. The garden was large and well done, ]]></excerpt>
	<link><![CDATA[http://www.tripadvisor.com/Attraction_Review-g255060-d259700-Reviews-Chinese_Garden_of_Friendship-Sydney_New_South_Wales.html]]></link>
</review>
</source>