<source name="Trip Advisor" avg-rating="0.0">
<review>
	<rating>4.0</rating>
	<author><![CDATA[HollyGolightlyUK]]></author>
	<date>2009-03-20</date>
	<title><![CDATA[&#x201c;Great value lovely hotel&#x201d;]]></title>
	<excerpt><![CDATA[We stayed here for a week whilst taking in the sights and sounds in and around Sydney. With the cost of a King room being such great value for money (]]></excerpt>
	<link><![CDATA[http://www.tripadvisor.com/Tourism-g255060-Sydney_New_South_Wales-Vacations.html]]></link>
</review>
<review>
	<rating>5.0</rating>
	<author><![CDATA[kiwimissy]]></author>
	<date>2009-03-20</date>
	<title><![CDATA[&#x201c;Perfect Location, Rooms and Service&#x201d;]]></title>
	<excerpt><![CDATA[This hotel is in the heart of Sydney CBD and shopping areas. We stayed three nights and had a superb time. Our room was very large - we had a room wit]]></excerpt>
	<link><![CDATA[http://www.tripadvisor.com/Tourism-g255060-Sydney_New_South_Wales-Vacations.html]]></link>
</review>
<review>
	<rating>4.0</rating>
	<author><![CDATA[ChrisOntario.Canada]]></author>
	<date>2009-03-20</date>
	<title><![CDATA[&#x201c;An excellent location for seeing this wonderful city&#x201d;]]></title>
	<excerpt><![CDATA[This hotel is within walking distance of everything - the Harbour Bridge, the Opera House and public transportation - buses, ferries, trains, monorail]]></excerpt>
	<link><![CDATA[http://www.tripadvisor.com/Tourism-g255060-Sydney_New_South_Wales-Vacations.html]]></link>
</review>
</source>