<source name="Trip Advisor" avg-rating="4.0">
<review>
	<rating>5.0</rating>
	<author><![CDATA[JoanneGMC]]></author>
	<date>2008-09-01</date>
	<title><![CDATA[&#x201c;Best Beach in NSW!&#x201d;]]></title>
	<excerpt><![CDATA[While the main beach area at Coogee is lovely what we really loved was the rock pool called Dolphin Point on one side of the bay. There are steps to i]]></excerpt>
	<link><![CDATA[http://www.tripadvisor.com/Attraction_Review-g255060-d257492-Reviews-Coogee_Beach-Sydney_New_South_Wales.html]]></link>
</review>
<review>
	<rating>4.0</rating>
	<author><![CDATA[A TripAdvisor Member]]></author>
	<date>2006-07-07</date>
	<title><![CDATA[&#x201c;magical coogee&#x201d;]]></title>
	<excerpt><![CDATA[every day you are in coogee you know you are going to be happy, this is a stress free area where 'no worries' is a way of life. Everyone loves Coogee ]]></excerpt>
	<link><![CDATA[http://www.tripadvisor.com/Attraction_Review-g255060-d257492-Reviews-Coogee_Beach-Sydney_New_South_Wales.html]]></link>
</review>
<review>
	<rating>5.0</rating>
	<author><![CDATA[A TripAdvisor Member]]></author>
	<date>2003-04-13</date>
	<title><![CDATA[&#x201c;Felt like I was at home&#x201d;]]></title>
	<excerpt><![CDATA[The Beach is just part of what Sydney is and that is one of the warmest and most relaxed cities I have ever been in. Coogee beach is fantastic with it]]></excerpt>
	<link><![CDATA[http://www.tripadvisor.com/Attraction_Review-g255060-d257492-Reviews-Coogee_Beach-Sydney_New_South_Wales.html]]></link>
</review>
</source>