<source name="Trip Advisor" avg-rating="4.0">
<review>
	<rating>5.0</rating>
	<author><![CDATA[MAPCPP]]></author>
	<date>2008-10-22</date>
	<title><![CDATA[&#x201c;Dal Myles Tours&#x201d;]]></title>
	<excerpt><![CDATA[There are a lot of places to look for info about tours, & they may all be roughly the same thing when you come right down to it...but if you want that]]></excerpt>
	<link><![CDATA[http://www.tripadvisor.com/Attraction_Review-g255060-d556294-Reviews-Dal_Myles_Special_Tours-Sydney_New_South_Wales.html]]></link>
</review>
</source>