<source name="Trip Advisor" avg-rating="4.0">
<review>
	<rating>4.0</rating>
	<author><![CDATA[saimaau]]></author>
	<date>2007-01-18</date>
	<title><![CDATA[&#x201c;Historical harbourside pool&#x201d;]]></title>
	<excerpt><![CDATA[This pool has charm, and history - and being seawater, it is much better for the skin than swimming in a chlorinated pool. Be aware that it is tidal, ]]></excerpt>
	<link><![CDATA[http://www.tripadvisor.com/Attraction_Review-g255060-d556296-Reviews-Dawn_Fraser_Pool-Sydney_New_South_Wales.html]]></link>
</review>
</source>