<source name="Trip Advisor" avg-rating="3.5">
<review>
	<rating>3.0</rating>
	<author><![CDATA[sumit162]]></author>
	<date>2008-12-03</date>
	<title><![CDATA[&#x201c;MY favourite hotel&#x201d;]]></title>
	<excerpt><![CDATA[Cabramatta is 28 km west of Sydney CBD. Head out along the Hume Highway and turn off at Cabramatta Road.
I love shopping for fabrics at Cabramatta. Th]]></excerpt>
	<link><![CDATA[http://www.tripadvisor.com/Attraction_Review-g255060-d556133-Reviews-Day_Trips_to_Asia-Sydney_New_South_Wales.html]]></link>
</review>
<review>
	<rating>4.0</rating>
	<author><![CDATA[Aishwin]]></author>
	<date>2008-11-06</date>
	<title><![CDATA[&#x201c;We really Enjoyed our Australia's tour&#x201d;]]></title>
	<excerpt><![CDATA[hey Friends,
We ( I and my family) really enjoyed the Australia's place, we went, the best city, I had ever been was Sydney, the beaches and enjoyment]]></excerpt>
	<link><![CDATA[http://www.tripadvisor.com/Attraction_Review-g255060-d556133-Reviews-Day_Trips_to_Asia-Sydney_New_South_Wales.html]]></link>
</review>
</source>