<source name="Trip Advisor" avg-rating="3.0">
<review>
	<rating>1.0</rating>
	<author><![CDATA[sueinnj]]></author>
	<date>2009-01-20</date>
	<title><![CDATA[&#x201c;Lamest bus tour&#x201d;]]></title>
	<excerpt><![CDATA[I typically find hop-on, hop-off bus tours to be the best way to see a new city in a short period of time. Not so in Sydney. The commentary focussed o]]></excerpt>
	<link><![CDATA[http://www.tripadvisor.com/Attraction_Review-g255060-d556306-Reviews-Explorer_Bus_Services-Sydney_New_South_Wales.html]]></link>
</review>
<review>
	<rating>2.0</rating>
	<author><![CDATA[pink_paddler]]></author>
	<date>2008-10-01</date>
	<title><![CDATA[&#x201c;The wrong Sydney sightseeing bus to use.&#x201d;]]></title>
	<excerpt><![CDATA[If this Sydney Hop on Hop off Bus is used on a day when the weather is bad, or if you have limited mobility where you can not climb to the top of a do]]></excerpt>
	<link><![CDATA[http://www.tripadvisor.com/Attraction_Review-g255060-d556306-Reviews-Explorer_Bus_Services-Sydney_New_South_Wales.html]]></link>
</review>
<review>
	<rating>5.0</rating>
	<author><![CDATA[scottcabal]]></author>
	<date>2008-05-21</date>
	<title><![CDATA[&#x201c;If you are only in the city a short time you have to do one of these!&#x201d;]]></title>
	<excerpt><![CDATA[As I write this there has only been one review of the explorer buses and they are #103 in the Sydney listings, behind things with no reviews but I don]]></excerpt>
	<link><![CDATA[http://www.tripadvisor.com/Attraction_Review-g255060-d556306-Reviews-Explorer_Bus_Services-Sydney_New_South_Wales.html]]></link>
</review>
<review>
	<rating>4.0</rating>
	<author><![CDATA[SydneyTravelbug77]]></author>
	<date>2008-01-24</date>
	<title><![CDATA[&#x201c;A Great way to see the sights!&#x201d;]]></title>
	<excerpt><![CDATA[It's a great way to get a feel for Sydney at the start of your trip. more]]></excerpt>
	<link><![CDATA[http://www.tripadvisor.com/Attraction_Review-g255060-d556306-Reviews-Explorer_Bus_Services-Sydney_New_South_Wales.html]]></link>
</review>
</source>