<source name="Trip Advisor" avg-rating="4.0">
<review>
	<rating>5.0</rating>
	<author><![CDATA[Magz_Graz]]></author>
	<date>2008-12-09</date>
	<title><![CDATA[&#x201c;Fairifled City Farm&#x201d;]]></title>
	<excerpt><![CDATA[I live only about 10 mins from the farm which is lucky because my kids love it. I always tack overseas visitors here as they can be hands on with most]]></excerpt>
	<link><![CDATA[http://www.tripadvisor.com/Attraction_Review-g255060-d556191-Reviews-Fairfield_City_Farm-Sydney_New_South_Wales.html]]></link>
</review>
<review>
	<rating>5.0</rating>
	<author><![CDATA[Neeky]]></author>
	<date>2007-10-30</date>
	<title><![CDATA[&#x201c;A hands-on tranquil retreat&#x201d;]]></title>
	<excerpt><![CDATA[I was really impressed with this surprise farm. Set on acreage in Abbotsbury (Fairfield Council area) this is a perfect alternative to the busy zoo's ]]></excerpt>
	<link><![CDATA[http://www.tripadvisor.com/Attraction_Review-g255060-d556191-Reviews-Fairfield_City_Farm-Sydney_New_South_Wales.html]]></link>
</review>
</source>