<source name="Trip Advisor" avg-rating="3.5">
<review>
	<rating>4.0</rating>
	<author><![CDATA[terribear]]></author>
	<date>2008-04-27</date>
	<title><![CDATA[&#x201c;Good time to Blue Mountains&#x201d;]]></title>
	<excerpt><![CDATA[Our family of 3 took the FJ Tour 4WD Blue Mountains tour and recommend it highly. Though cheaper to take the train from Sydney and rent your own car, ]]></excerpt>
	<link><![CDATA[http://www.tripadvisor.com/Attraction_Review-g255060-d556307-Reviews-FJ_Tours-Sydney_New_South_Wales.html]]></link>
</review>
<review>
	<rating>1.0</rating>
	<author><![CDATA[Mattso]]></author>
	<date>2007-10-03</date>
	<title><![CDATA[&#x201c;Not good&#x201d;]]></title>
	<excerpt><![CDATA[The animal park on the way was great. So was the view of the mountains from the top.
The rest wasn't. The vehicle had child size seats, the guide's vo]]></excerpt>
	<link><![CDATA[http://www.tripadvisor.com/Attraction_Review-g255060-d556307-Reviews-FJ_Tours-Sydney_New_South_Wales.html]]></link>
</review>
<review>
	<rating>3.0</rating>
	<author><![CDATA[1travel5MV]]></author>
	<date>2007-08-01</date>
	<title><![CDATA[&#x201c;Rained/Fog&#x201d;]]></title>
	<excerpt><![CDATA[Sadly we picked a bad day for the Blue Mountains with the light drizzle and fog that blocked most of the great views. It was the only day we could do ]]></excerpt>
	<link><![CDATA[http://www.tripadvisor.com/Attraction_Review-g255060-d556307-Reviews-FJ_Tours-Sydney_New_South_Wales.html]]></link>
</review>
<review>
	<rating>5.0</rating>
	<author><![CDATA[Surfingwoozy]]></author>
	<date>2007-05-28</date>
	<title><![CDATA[&#x201c;Blue Mountains 4WD Tour&#x201d;]]></title>
	<excerpt><![CDATA[We were the only people planned to go on one of FJ Tours trips from Sydney Monday 7th May so we were transfered to another company who were brilliant!]]></excerpt>
	<link><![CDATA[http://www.tripadvisor.com/Attraction_Review-g255060-d556307-Reviews-FJ_Tours-Sydney_New_South_Wales.html]]></link>
</review>
</source>