<source name="Trip Advisor" avg-rating="3.5">
<review>
	<rating>3.0</rating>
	<author><![CDATA[Passport53]]></author>
	<date>2008-12-11</date>
	<title><![CDATA[&#x201c;Great view and good for history buffs&#x201d;]]></title>
	<excerpt><![CDATA[This was one of the stops on Captain Cooks Sydney Explorer ticket. Upon arrival, you have to pay a landing fee and another fee if you want the tour. I]]></excerpt>
	<link><![CDATA[http://www.tripadvisor.com/Attraction_Review-g255060-d258198-Reviews-Fort_Denison_Island-Sydney_New_South_Wales.html]]></link>
</review>
<review>
	<rating>5.0</rating>
	<author><![CDATA[RichardOrmson]]></author>
	<date>2006-06-18</date>
	<title><![CDATA[&#x201c;The best views of the city from dry land&#x201d;]]></title>
	<excerpt><![CDATA[Fort Denison is a former prison - later an artillery battery - and is now run by the Australian park service. It's located in the middle of the harbou]]></excerpt>
	<link><![CDATA[http://www.tripadvisor.com/Attraction_Review-g255060-d258198-Reviews-Fort_Denison_Island-Sydney_New_South_Wales.html]]></link>
</review>
</source>