<source name="Trip Advisor" avg-rating="4.0">
<review>
	<rating>5.0</rating>
	<author><![CDATA[TimTam7]]></author>
	<date>2008-03-07</date>
	<title><![CDATA[&#x201c;Pure Indulgance&#x201d;]]></title>
	<excerpt><![CDATA[I have a fair bit of horse riding experiance.... and since living in Sydney... when I do what to go riding .... I ALWAYS go to glenworth... it's affor]]></excerpt>
	<link><![CDATA[http://www.tripadvisor.com/Attraction_Review-g255060-d556182-Reviews-Glenworth_Valley_Horse_Riding-Sydney_New_South_Wales.html]]></link>
</review>
<review>
	<rating>5.0</rating>
	<author><![CDATA[A TripAdvisor Member]]></author>
	<date>2005-12-06</date>
	<title><![CDATA[&#x201c;Escaping the world&#x201d;]]></title>
	<excerpt><![CDATA[Having been horse riding many times before I know a thing or two about good places to go. Once I had gone to Glenworth Valley I had found my new favou]]></excerpt>
	<link><![CDATA[http://www.tripadvisor.com/Attraction_Review-g255060-d556182-Reviews-Glenworth_Valley_Horse_Riding-Sydney_New_South_Wales.html]]></link>
</review>
<review>
	<rating>2.0</rating>
	<author><![CDATA[A TripAdvisor Member]]></author>
	<date>2005-12-04</date>
	<title><![CDATA[&#x201c;Glenworth Valley - get there yourself!&#x201d;]]></title>
	<excerpt><![CDATA[Took a trip with Redcarpet tours, dropped off nearby on their way to the Hunter Valley. Was supposed to be picked up by Glenworth Valley. Took them 1.]]></excerpt>
	<link><![CDATA[http://www.tripadvisor.com/Attraction_Review-g255060-d556182-Reviews-Glenworth_Valley_Horse_Riding-Sydney_New_South_Wales.html]]></link>
</review>
</source>