<source name="Trip Advisor" avg-rating="3.5">
<review>
	<rating>3.0</rating>
	<author><![CDATA[KCH]]></author>
	<date>2008-01-05</date>
	<title><![CDATA[&#x201c;Official Guided Tour&#x201d;]]></title>
	<excerpt><![CDATA[This review covers the free official guided tours running regularly on Friday - Sunday. Places per tour is limited. Sometimes if they are holding func]]></excerpt>
	<link><![CDATA[http://www.tripadvisor.com/Attraction_Review-g255060-d263981-Reviews-Government_House-Sydney_New_South_Wales.html]]></link>
</review>
</source>