<source name="Trip Advisor" avg-rating="4.0">
<review>
	<rating>5.0</rating>
	<author><![CDATA[A TripAdvisor Member]]></author>
	<date>2006-06-26</date>
	<title><![CDATA[&#x201c;It is simply the best&#x201d;]]></title>
	<excerpt><![CDATA[The Hare Krishna centre in North Sydney is a place where one can get to no about the reality of the world. The culture of this place is of freindlines]]></excerpt>
	<link><![CDATA[http://www.tripadvisor.com/Attraction_Review-g255060-d556255-Reviews-Hare_Krishna_Movement-Sydney_New_South_Wales.html]]></link>
</review>
</source>