<source name="Trip Advisor" avg-rating="4.5">
<review>
	<rating>5.0</rating>
	<author><![CDATA[holydaze]]></author>
	<date>2009-03-06</date>
	<title><![CDATA[&#x201c;Better than NZ&#x201d;]]></title>
	<excerpt><![CDATA[The Hunter Valley is a great wine destination that is convenient to Sydney. Wine tours are good because you don't have to worry about drinking and dri]]></excerpt>
	<link><![CDATA[http://www.tripadvisor.com/Attraction_Review-g255060-d556325-Reviews-Hunter_Valley_Wine_Tours-Sydney_New_South_Wales.html]]></link>
</review>
<review>
	<rating>5.0</rating>
	<author><![CDATA[SSmith2009]]></author>
	<date>2009-02-20</date>
	<title><![CDATA[&#x201c;A great day out&#x201d;]]></title>
	<excerpt><![CDATA[My dad & I did a Hunter Valley Wine Tour with James earlier this month. This tour comes highly recommended. We travelled through the region slightly o]]></excerpt>
	<link><![CDATA[http://www.tripadvisor.com/Attraction_Review-g255060-d556325-Reviews-Hunter_Valley_Wine_Tours-Sydney_New_South_Wales.html]]></link>
</review>
<review>
	<rating>4.0</rating>
	<author><![CDATA[kiwidive]]></author>
	<date>2008-12-10</date>
	<title><![CDATA[&#x201c;Not as good as NZ&#x201d;]]></title>
	<excerpt><![CDATA[We went on a wine tour around Hunter Valley back in July and thoroughly enjoyed the drive out there, the food, and of course the wine. The countryside]]></excerpt>
	<link><![CDATA[http://www.tripadvisor.com/Attraction_Review-g255060-d556325-Reviews-Hunter_Valley_Wine_Tours-Sydney_New_South_Wales.html]]></link>
</review>
<review>
	<rating>5.0</rating>
	<author><![CDATA[irishgalinabq]]></author>
	<date>2008-12-07</date>
	<title><![CDATA[&#x201c;Hunter Valley Wine Tour with Sydney Wilderness Tours&#x201d;]]></title>
	<excerpt><![CDATA[This tour was excellent value for money. Our guide Daniel was well informed and gave us a lot of information on the surrounding area and plenty of Aus]]></excerpt>
	<link><![CDATA[http://www.tripadvisor.com/Attraction_Review-g255060-d556325-Reviews-Hunter_Valley_Wine_Tours-Sydney_New_South_Wales.html]]></link>
</review>
<review>
	<rating>5.0</rating>
	<author><![CDATA[Haylee84]]></author>
	<date>2008-08-25</date>
	<title><![CDATA[&#x201c;Great Wine Tour Experience in the Hunter Valley!&#x201d;]]></title>
	<excerpt><![CDATA[I always use Tripadvisor before booking holidays and was disappointed when planning a recent long weekend to the Hunter as there was only limited feed]]></excerpt>
	<link><![CDATA[http://www.tripadvisor.com/Attraction_Review-g255060-d556325-Reviews-Hunter_Valley_Wine_Tours-Sydney_New_South_Wales.html]]></link>
</review>
</source>