<source name="Trip Advisor" avg-rating="4.0">
<review>
	<rating>4.0</rating>
	<author><![CDATA[KCH]]></author>
	<date>2008-01-06</date>
	<title><![CDATA[&#x201c;Good place if you are interested in the history of Sydney&#x201d;]]></title>
	<excerpt><![CDATA[The Hyde Park Barracks has served many purpose over the years - convict barracks, immigration depot, courts & offices, destitute asylum and museum tod]]></excerpt>
	<link><![CDATA[http://www.tripadvisor.com/Attraction_Review-g255060-d256638-Reviews-Hyde_Park_Barracks_Museum-Sydney_New_South_Wales.html]]></link>
</review>
</source>