<source name="Trip Advisor" avg-rating="3.5">
<review>
	<rating>3.0</rating>
	<author><![CDATA[KCH]]></author>
	<date>2008-01-27</date>
	<title><![CDATA[&#x201c;An interesting, small historical museum on social history of NSW&#x201d;]]></title>
	<excerpt><![CDATA[This is a small museum tucked away near Circular Quay (near Sydney Opera house) with a focus on the social history of law & justice in NSW.
The displa]]></excerpt>
	<link><![CDATA[http://www.tripadvisor.com/Attraction_Review-g255060-d271283-Reviews-Justice_Police_Museum-Sydney_New_South_Wales.html]]></link>
</review>
</source>