<source name="Trip Advisor" avg-rating="4.0">
<review>
	<rating>5.0</rating>
	<author><![CDATA[AlburyBron]]></author>
	<date>2007-11-12</date>
	<title><![CDATA[&#x201c;10 out of 10&#x201d;]]></title>
	<excerpt><![CDATA[My family of 5 recently camped in an unpowered site at this park.
The grass was beautiful and green, the park and all amenities were spotlessly clean.]]></excerpt>
	<link><![CDATA[http://www.tripadvisor.com/Attraction_Review-g255060-d556259-Reviews-Lane_Cove_National_Park-Sydney_New_South_Wales.html]]></link>
</review>
<review>
	<rating>5.0</rating>
	<author><![CDATA[Sherpas]]></author>
	<date>2005-10-24</date>
	<title><![CDATA[&#x201c;Loved the Lane Cove National Park Cabins&#x201d;]]></title>
	<excerpt><![CDATA[The two of us recently stayed in one of the cabins in this beautiful national park. The grounds were incredibly clean and tidy and very well maintaine]]></excerpt>
	<link><![CDATA[http://www.tripadvisor.com/Attraction_Review-g255060-d556259-Reviews-Lane_Cove_National_Park-Sydney_New_South_Wales.html]]></link>
</review>
</source>