<source name="Trip Advisor" avg-rating="4.0">
<review>
	<rating>5.0</rating>
	<author><![CDATA[Girlontheroad]]></author>
	<date>2008-08-26</date>
	<title><![CDATA[&#x201c;Golf In Sydney&#x201d;]]></title>
	<excerpt><![CDATA[What a great course right in the middle of Sydney City 18 holes and it overlooks the city. Very impressive HUGE driving range.
The online booking disc]]></excerpt>
	<link><![CDATA[http://www.tripadvisor.com/Attraction_Review-g255060-d556137-Reviews-Moore_Park_Golf_Course-Sydney_New_South_Wales.html]]></link>
</review>
<review>
	<rating>3.0</rating>
	<author><![CDATA[2tcktsaroundtheworld]]></author>
	<date>2008-01-31</date>
	<title><![CDATA[&#x201c;Decent Course for a Good Price&#x201d;]]></title>
	<excerpt><![CDATA[I played this course yesterday. You can sign up online to become a public member. It saves you $2.50 off your tee time. The cost for an adult is $42.5]]></excerpt>
	<link><![CDATA[http://www.tripadvisor.com/Attraction_Review-g255060-d556137-Reviews-Moore_Park_Golf_Course-Sydney_New_South_Wales.html]]></link>
</review>
</source>