<source name="Trip Advisor" avg-rating="4.0">
<review>
	<rating>4.0</rating>
	<author><![CDATA[scottcabal]]></author>
	<date>2008-05-21</date>
	<title><![CDATA[&#x201c;Worth a visit because of the views&#x201d;]]></title>
	<excerpt><![CDATA[Mrs Macquaries chair is on a peninsula just to the east of the Sydney Opera House and Botanical Gardens. It is worth visiting due to the great views o]]></excerpt>
	<link><![CDATA[http://www.tripadvisor.com/Attraction_Review-g255060-d556265-Reviews-Mrs_Macquarie_s_Chair-Sydney_New_South_Wales.html]]></link>
</review>
</source>