<source name="Trip Advisor" avg-rating="4.0">
<review>
	<rating>4.0</rating>
	<author><![CDATA[bondgirl263]]></author>
	<date>2007-11-13</date>
	<title><![CDATA[&#x201c;enjoyed the museum&#x201d;]]></title>
	<excerpt><![CDATA[The museum was free, and I enjoy art so this was a good choice for me. There is an exhibit there now I believe called Body Double- very interesting. I]]></excerpt>
	<link><![CDATA[http://www.tripadvisor.com/Attraction_Review-g255060-d256692-Reviews-Museum_of_Contemporary_Art_MCA-Sydney_New_South_Wales.html]]></link>
</review>
</source>