<source name="Trip Advisor" avg-rating="3.5">
<review>
	<rating>2.0</rating>
	<author><![CDATA[SbuxFan]]></author>
	<date>2008-09-08</date>
	<title><![CDATA[&#x201c;An okay stop on a rainy day&#x201d;]]></title>
	<excerpt><![CDATA[Trying to stay dry we decided to walk through the Museum of Sydney. There was loads of great information inside, but mostly it required reading. My pe]]></excerpt>
	<link><![CDATA[http://www.tripadvisor.com/Attraction_Review-g255060-d256854-Reviews-Museum_of_Sydney-Sydney_New_South_Wales.html]]></link>
</review>
<review>
	<rating>4.0</rating>
	<author><![CDATA[scottcabal]]></author>
	<date>2008-05-21</date>
	<title><![CDATA[&#x201c;A good museum but you don't need to spend hours here&#x201d;]]></title>
	<excerpt><![CDATA[The Museum of Sydney is a nice museum showing you the history of Sydney. Everything from the original landing of British convict ships up to the const]]></excerpt>
	<link><![CDATA[http://www.tripadvisor.com/Attraction_Review-g255060-d256854-Reviews-Museum_of_Sydney-Sydney_New_South_Wales.html]]></link>
</review>
<review>
	<rating>5.0</rating>
	<author><![CDATA[bradman]]></author>
	<date>2005-08-10</date>
	<title><![CDATA[&#x201c;a great place to start&#x201d;]]></title>
	<excerpt><![CDATA[This is one of the most innovative and stimulating small museums I have ever visited. To anyone who is really interested in the history of this great ]]></excerpt>
	<link><![CDATA[http://www.tripadvisor.com/Attraction_Review-g255060-d256854-Reviews-Museum_of_Sydney-Sydney_New_South_Wales.html]]></link>
</review>
</source>