<source name="Trip Advisor" avg-rating="4.0">
<review>
	<rating>4.0</rating>
	<author><![CDATA[hufri]]></author>
	<date>2007-12-05</date>
	<title><![CDATA[&#x201c;A must for Home and Away fans!&#x201d;]]></title>
	<excerpt><![CDATA[Palm beach is the beach they use in Home and Away, so for all those wanting to recreate some classic H&A scenes, this is a must! The bus trip from the]]></excerpt>
	<link><![CDATA[http://www.tripadvisor.com/Attraction_Review-g255060-d257484-Reviews-Palm_Beach-Sydney_New_South_Wales.html]]></link>
</review>
<review>
	<rating>4.0</rating>
	<author><![CDATA[A TripAdvisor Member]]></author>
	<date>2006-01-14</date>
	<title><![CDATA[&#x201c;Beautiful scenery and houses&#x201d;]]></title>
	<excerpt><![CDATA[A place for the rich and famous with many multi million dollar homes.Best to explore by car as the back streets can be more interesting.The climb up t]]></excerpt>
	<link><![CDATA[http://www.tripadvisor.com/Attraction_Review-g255060-d257484-Reviews-Palm_Beach-Sydney_New_South_Wales.html]]></link>
</review>
<review>
	<rating>5.0</rating>
	<author><![CDATA[Cocorin]]></author>
	<date>2008-11-26</date>
	<title><![CDATA[&#x201c;&#x201d;]]></title>
	<excerpt><![CDATA[]]></excerpt>
	<link><![CDATA[http://www.tripadvisor.com/Attraction_Review-g255060-d257484-Reviews-Palm_Beach-Sydney_New_South_Wales.html]]></link>
</review>
</source>