<source name="Trip Advisor" avg-rating="4.0">
<review>
	<rating>5.0</rating>
	<author><![CDATA[Travelling_MumSydney]]></author>
	<date>2007-11-04</date>
	<title><![CDATA[&#x201c;Great base for the Hunter Valley Wine Country&#x201d;]]></title>
	<excerpt><![CDATA[Great base for the Hunter Valley. Private, cosy accommodation with friendly hosts and fantastic wines! more]]></excerpt>
	<link><![CDATA[http://www.tripadvisor.com/Attraction_Review-g255328-d556209-Reviews-Peacock_Hill_Vineyard-Pokolbin_Hunter_Valley_New_South_Wales.html]]></link>
</review>
</source>