<source name="Trip Advisor" avg-rating="0.0">
<review>
	<rating>4.0</rating>
	<author><![CDATA[Liam_omuk]]></author>
	<date>2009-03-19</date>
	<title><![CDATA[&#x201c;Interesting Museum withe plenty of hands on activities for young people.&#x201d;]]></title>
	<excerpt><![CDATA[I spent half a day wandering round the Powerhouse Museum with interest, at $10 for adults its one of the cheaper attractions in Sydney and includes a ]]></excerpt>
	<link><![CDATA[http://www.tripadvisor.com/Attraction_Review-g255060-d259707-Reviews-Powerhouse_Museum-Sydney_New_South_Wales.html]]></link>
</review>
</source>