<source name="Trip Advisor" avg-rating="4.0">
<review>
	<rating>5.0</rating>
	<author><![CDATA[NewName123]]></author>
	<date>2007-03-30</date>
	<title><![CDATA[&#x201c;Haunted History&#x201d;]]></title>
	<excerpt><![CDATA[My husband and I participated in the Quarantine Station Ghost Tour and had a fantastic time. We found out about Quarantine Station the day we arrived ]]></excerpt>
	<link><![CDATA[http://www.tripadvisor.com/Attraction_Review-g255060-d556187-Reviews-Quarantine_Station_Ghost_Tour-Sydney_New_South_Wales.html]]></link>
</review>
</source>