<source name="Trip Advisor" avg-rating="4.0">
<review>
	<rating>4.0</rating>
	<author><![CDATA[rhodaswan]]></author>
	<date>2008-12-29</date>
	<title><![CDATA[&#x201c;A very pleasant small quiet community away for the crowds of Manly&#x201d;]]></title>
	<excerpt><![CDATA[A really friendly little place with the standard beautiful Australian beach. Small shops with good quality produce, quiet residential streets, clean e]]></excerpt>
	<link><![CDATA[http://www.tripadvisor.com/Attraction_Review-g255060-d556264-Reviews-Queenscliff-Sydney_New_South_Wales.html]]></link>
</review>
</source>