<source name="Trip Advisor" avg-rating="4.0">
<review>
	<rating>5.0</rating>
	<author><![CDATA[A TripAdvisor Member]]></author>
	<date>2005-08-15</date>
	<title><![CDATA[&#x201c;The Red baron Flies Again&#x201d;]]></title>
	<excerpt><![CDATA[Wow, what an experience. I decided to do a scenic flight while I was in Sydney on holidays and came accross The Red Baron, as the name suggests its ad]]></excerpt>
	<link><![CDATA[http://www.tripadvisor.com/Attraction_Review-g255060-d556358-Reviews-Red_Baron_Scenic_Flights-Sydney_New_South_Wales.html]]></link>
</review>
</source>