<source name="Trip Advisor" avg-rating="4.0">
<review>
	<rating>4.0</rating>
	<author><![CDATA[scottcabal]]></author>
	<date>2008-05-21</date>
	<title><![CDATA[&#x201c;A great place to wander, relax, take photos or just enjoy the view&#x201d;]]></title>
	<excerpt><![CDATA[Make sure you spend some time exploring the Botanic Gardens while in Sydney. Even if parks aren't your thing this is a great place to see some views o]]></excerpt>
	<link><![CDATA[http://www.tripadvisor.com/Attraction_Review-g255060-d257464-Reviews-Royal_Botanic_Gardens-Sydney_New_South_Wales.html]]></link>
</review>
<review>
	<rating>5.0</rating>
	<author><![CDATA[Lincs-Honeymooners]]></author>
	<date>2008-01-26</date>
	<title><![CDATA[&#x201c;Lovely and relaxing&#x201d;]]></title>
	<excerpt><![CDATA[We arrived in Sydney at lunchtime and had the afternoon to do something, but were too tired to do anything inparticular so we had a wander through the]]></excerpt>
	<link><![CDATA[http://www.tripadvisor.com/Attraction_Review-g255060-d257464-Reviews-Royal_Botanic_Gardens-Sydney_New_South_Wales.html]]></link>
</review>
<review>
	<rating>5.0</rating>
	<author><![CDATA[Yellabrick]]></author>
	<date>2007-10-06</date>
	<title><![CDATA[&#x201c;Don't miss it on a visit to Sydney&#x201d;]]></title>
	<excerpt><![CDATA[A peaceful oasis in the middle of the city, the Botanic Gardens offer spectacular and unique views of the harbour, Opera House and the bridge. The cit]]></excerpt>
	<link><![CDATA[http://www.tripadvisor.com/Attraction_Review-g255060-d257464-Reviews-Royal_Botanic_Gardens-Sydney_New_South_Wales.html]]></link>
</review>
<review>
	<rating>5.0</rating>
	<author><![CDATA[lilirishstar]]></author>
	<date>2007-06-21</date>
	<title><![CDATA[&#x201c;We loved it here&#x201d;]]></title>
	<excerpt><![CDATA[Beautiful spot to get pictures of Opera House with Bridge behind it. The grounds are very well kept and they have signs that say Please walk on the gr]]></excerpt>
	<link><![CDATA[http://www.tripadvisor.com/Attraction_Review-g255060-d257464-Reviews-Royal_Botanic_Gardens-Sydney_New_South_Wales.html]]></link>
</review>
<review>
	<rating>5.0</rating>
	<author><![CDATA[RichardOrmson]]></author>
	<date>2006-06-18</date>
	<title><![CDATA[&#x201c;Great views - and free!&#x201d;]]></title>
	<excerpt><![CDATA[The botanic gardens have a prime spot along the waterfront - right next to the Opera House. I'm not that keen on plants, but there are some real stunn]]></excerpt>
	<link><![CDATA[http://www.tripadvisor.com/Attraction_Review-g255060-d257464-Reviews-Royal_Botanic_Gardens-Sydney_New_South_Wales.html]]></link>
</review>
<review>
	<rating>5.0</rating>
	<author><![CDATA[bostonbased]]></author>
	<date>2006-05-16</date>
	<title><![CDATA[&#x201c;not just for plant lovers&#x201d;]]></title>
	<excerpt><![CDATA[A stroll through parts of the gardens is well worth it, even if you are not an expert or extremely interested in plants. There are plenty of interesti]]></excerpt>
	<link><![CDATA[http://www.tripadvisor.com/Attraction_Review-g255060-d257464-Reviews-Royal_Botanic_Gardens-Sydney_New_South_Wales.html]]></link>
</review>
<review>
	<rating>5.0</rating>
	<author><![CDATA[berkeleydude]]></author>
	<date>2005-09-13</date>
	<title><![CDATA[&#x201c;Absolutely gorgeous gardens&#x201d;]]></title>
	<excerpt><![CDATA[My wife and I spent an afternoon walking through the gardens and this has got to be one of the highlights from our short trip to Sydney. Way better th]]></excerpt>
	<link><![CDATA[http://www.tripadvisor.com/Attraction_Review-g255060-d257464-Reviews-Royal_Botanic_Gardens-Sydney_New_South_Wales.html]]></link>
</review>
<review>
	<rating>4.0</rating>
	<author><![CDATA[Cocorin]]></author>
	<date>2008-11-24</date>
	<title><![CDATA[&#x201c;relax&#x201d;]]></title>
	<excerpt><![CDATA[]]></excerpt>
	<link><![CDATA[http://www.tripadvisor.com/Attraction_Review-g255060-d257464-Reviews-Royal_Botanic_Gardens-Sydney_New_South_Wales.html]]></link>
</review>
</source>