<source name="Trip Advisor" avg-rating="2.5">
<review>
	<rating>1.0</rating>
	<author><![CDATA[dritts]]></author>
	<date>2009-03-03</date>
	<title><![CDATA[&#x201c;not what it once was&#x201d;]]></title>
	<excerpt><![CDATA[After recently visiting Spa Chakra for a massage I was disappointed in my experience and how the spa has gone downhill.
Over two years ago I used to f]]></excerpt>
	<link><![CDATA[http://www.tripadvisor.com/Attraction_Review-g255060-d496977-Reviews-Spa_Chakra_Sydney-Sydney_New_South_Wales.html]]></link>
</review>
<review>
	<rating>2.0</rating>
	<author><![CDATA[beauty808]]></author>
	<date>2008-10-29</date>
	<title><![CDATA[&#x201c;not so relaxed&#x201d;]]></title>
	<excerpt><![CDATA[Hi I was greeted with a 'no smile' policy, so it felt like I was a problem. I didnt mean to feel like that, however when we went inside the rooms, the]]></excerpt>
	<link><![CDATA[http://www.tripadvisor.com/Attraction_Review-g255060-d496977-Reviews-Spa_Chakra_Sydney-Sydney_New_South_Wales.html]]></link>
</review>
<review>
	<rating>1.0</rating>
	<author><![CDATA[Belinda93]]></author>
	<date>2008-04-27</date>
	<title><![CDATA[&#x201c;Stressing, disappointing!&#x201d;]]></title>
	<excerpt><![CDATA[I went to Spa Chakra for a swedish massage just one week before my wedding day. I would have loved to relax but exactly the opposite happened.
My mass]]></excerpt>
	<link><![CDATA[http://www.tripadvisor.com/Attraction_Review-g255060-d496977-Reviews-Spa_Chakra_Sydney-Sydney_New_South_Wales.html]]></link>
</review>
<review>
	<rating>2.0</rating>
	<author><![CDATA[vanmarie72]]></author>
	<date>2007-12-13</date>
	<title><![CDATA[&#x201c;Disappointing&#x201d;]]></title>
	<excerpt><![CDATA[My partner booked me into Spa Chakra for a massage as a special gift at a time when I was rather stressed out. Unfortunately, what was supposed to be ]]></excerpt>
	<link><![CDATA[http://www.tripadvisor.com/Attraction_Review-g255060-d496977-Reviews-Spa_Chakra_Sydney-Sydney_New_South_Wales.html]]></link>
</review>
<review>
	<rating>3.0</rating>
	<author><![CDATA[Julez88]]></author>
	<date>2007-12-07</date>
	<title><![CDATA[&#x201c;Not so serene&#x201d;]]></title>
	<excerpt><![CDATA[I pretty much agree with the last review. I felt very rushed here. While my husband was very happy with his massage (by Cyril) I wasn't as pleased wit]]></excerpt>
	<link><![CDATA[http://www.tripadvisor.com/Attraction_Review-g255060-d496977-Reviews-Spa_Chakra_Sydney-Sydney_New_South_Wales.html]]></link>
</review>
<review>
	<rating>3.0</rating>
	<author><![CDATA[sessana]]></author>
	<date>2005-08-09</date>
	<title><![CDATA[&#x201c;Paid $190 for 90 minute massage and only got 75 minutes- rip off!&#x201d;]]></title>
	<excerpt><![CDATA[Beautiful setting, professional and friendly staff.... however felt like I was hurried out so they can fit in the next client. I paid $190 for a 90 mi]]></excerpt>
	<link><![CDATA[http://www.tripadvisor.com/Attraction_Review-g255060-d496977-Reviews-Spa_Chakra_Sydney-Sydney_New_South_Wales.html]]></link>
</review>
</source>