<source name="Trip Advisor" avg-rating="3.5">
<review>
	<rating>1.0</rating>
	<author><![CDATA[wishuponakiwi]]></author>
	<date>2008-06-04</date>
	<title><![CDATA[&#x201c;Totally disgusted!!!&#x201d;]]></title>
	<excerpt><![CDATA[Don't bother!!!!! this place is now a derelict building and the phone has been cut off. A total waste of time and a bitter disappointment for my girl ]]></excerpt>
	<link><![CDATA[http://www.tripadvisor.com/Attraction_Review-g255060-d556201-Reviews-Sydney_Childrens_Museum-Sydney_New_South_Wales.html]]></link>
</review>
</source>