<source name="Trip Advisor" avg-rating="4.0">
<review>
	<rating>4.0</rating>
	<author><![CDATA[Victorianlad]]></author>
	<date>2008-07-28</date>
	<title><![CDATA[&#x201c;Wonderful walking&#x201d;]]></title>
	<excerpt><![CDATA[Peaceful, serene - all these adjectives come to mind.
My favourite is to catch a ferry to Watsons Bay and take a 25 minute walk to the lighthouse, and]]></excerpt>
	<link><![CDATA[http://www.tripadvisor.com/Attraction_Review-g255060-d258574-Reviews-Sydney_Harbour_National_Park-Sydney_New_South_Wales.html]]></link>
</review>
<review>
	<rating>5.0</rating>
	<author><![CDATA[MacManly]]></author>
	<date>2006-05-08</date>
	<title><![CDATA[&#x201c;A curiously dispersed park: wilderness in a city&#x201d;]]></title>
	<excerpt><![CDATA[When the settlement of Sydney was young, there was a fear that "an enemy" might come along and attack the town. In the end, people realised that the g]]></excerpt>
	<link><![CDATA[http://www.tripadvisor.com/Attraction_Review-g255060-d258574-Reviews-Sydney_Harbour_National_Park-Sydney_New_South_Wales.html]]></link>
</review>
</source>