<source name="Trip Advisor" avg-rating="4.0">
<review>
	<rating>4.0</rating>
	<author><![CDATA[Misspp]]></author>
	<date>2008-02-14</date>
	<title><![CDATA[&#x201c;Historical Town Hall&#x201d;]]></title>
	<excerpt><![CDATA[Have just done a tour of the Town Hall. We were lucky enough to view the archaeological dig under the hall first. The tour of the actual hall took abo]]></excerpt>
	<link><![CDATA[http://www.tripadvisor.com/Attraction_Review-g255060-d554343-Reviews-Sydney_Town_Hall-Sydney_New_South_Wales.html]]></link>
</review>
</source>