<source name="Trip Advisor" avg-rating="4.5">
<review>
	<rating>3.0</rating>
	<author><![CDATA[A TripAdvisor Contributor]]></author>
	<date>2008-09-24</date>
	<title><![CDATA[&#x201c;nice view. food is just...&#x201d;]]></title>
	<excerpt><![CDATA[nice view. food is just so so more]]></excerpt>
	<link><![CDATA[http://www.tripadvisor.com/Restaurant_Review-g255060-d728555-Reviews-Sydney_Tower_Restaurants-Sydney_New_South_Wales.html]]></link>
</review>
<review>
	<rating>2.0</rating>
	<author><![CDATA[JK_SurreyUK]]></author>
	<date>2008-08-08</date>
	<title><![CDATA[&#x201c;Disappointed in Sydney&#x201d;]]></title>
	<excerpt><![CDATA[My girlfriend and I were really looking forward to dinner in the Tower and planned it months in advance, whilst back home in London.
There was no queu]]></excerpt>
	<link><![CDATA[http://www.tripadvisor.com/Restaurant_Review-g255060-d728555-Reviews-Sydney_Tower_Restaurants-Sydney_New_South_Wales.html]]></link>
</review>
<review>
	<rating>1.0</rating>
	<author><![CDATA[A TripAdvisor Contributor]]></author>
	<date>2008-07-25</date>
	<title><![CDATA[&#x201c;Only for tourist&#x201d;]]></title>
	<excerpt><![CDATA[Only for tourist more]]></excerpt>
	<link><![CDATA[http://www.tripadvisor.com/Restaurant_Review-g255060-d728555-Reviews-Sydney_Tower_Restaurants-Sydney_New_South_Wales.html]]></link>
</review>
<review>
	<rating>3.0</rating>
	<author><![CDATA[A TripAdvisor Contributor]]></author>
	<date>2008-07-10</date>
	<title><![CDATA[&#x201c;nice food, but the...&#x201d;]]></title>
	<excerpt><![CDATA[nice food, but the novelty of the tower is the main thing more]]></excerpt>
	<link><![CDATA[http://www.tripadvisor.com/Restaurant_Review-g255060-d728555-Reviews-Sydney_Tower_Restaurants-Sydney_New_South_Wales.html]]></link>
</review>
<review>
	<rating>1.0</rating>
	<author><![CDATA[Karenstravels]]></author>
	<date>2008-07-08</date>
	<title><![CDATA[&#x201c;So disappointing&#x201d;]]></title>
	<excerpt><![CDATA[We had a booking for the Sunday night. buffet. Not happy at all with the service or quality of the food. Firstly when we booked over the phone we were]]></excerpt>
	<link><![CDATA[http://www.tripadvisor.com/Restaurant_Review-g255060-d728555-Reviews-Sydney_Tower_Restaurants-Sydney_New_South_Wales.html]]></link>
</review>
<review>
	<rating>4.0</rating>
	<author><![CDATA[A TripAdvisor Contributor]]></author>
	<date>2008-05-30</date>
	<title><![CDATA[&#x201c;I have always been...&#x201d;]]></title>
	<excerpt><![CDATA[I have always been frightened of heights but this place was worth. Our waiter was most attentive, the food was great and the view was breathtaking. mo]]></excerpt>
	<link><![CDATA[http://www.tripadvisor.com/Restaurant_Review-g255060-d728555-Reviews-Sydney_Tower_Restaurants-Sydney_New_South_Wales.html]]></link>
</review>
<review>
	<rating>4.0</rating>
	<author><![CDATA[A TripAdvisor Contributor]]></author>
	<date>2008-05-12</date>
	<title><![CDATA[&#x201c;Awesome view. Food is...&#x201d;]]></title>
	<excerpt><![CDATA[Awesome view. Food is ok. more]]></excerpt>
	<link><![CDATA[http://www.tripadvisor.com/Restaurant_Review-g255060-d728555-Reviews-Sydney_Tower_Restaurants-Sydney_New_South_Wales.html]]></link>
</review>
<review>
	<rating>4.0</rating>
	<author><![CDATA[A TripAdvisor Contributor]]></author>
	<date>2008-04-16</date>
	<title><![CDATA[&#x201c;One of the rare...&#x201d;]]></title>
	<excerpt><![CDATA[One of the rare revolving restaurants where the food matches the view... more]]></excerpt>
	<link><![CDATA[http://www.tripadvisor.com/Restaurant_Review-g255060-d728555-Reviews-Sydney_Tower_Restaurants-Sydney_New_South_Wales.html]]></link>
</review>
<review>
	<rating>4.0</rating>
	<author><![CDATA[A TripAdvisor Contributor]]></author>
	<date>2008-03-31</date>
	<title><![CDATA[&#x201c;The truffle degustation...&#x201d;]]></title>
	<excerpt><![CDATA[The truffle degustation is slightly overpriced and the wine selection a bit hit and miss, the view is exceptional. The restaurant scores highly as an ]]></excerpt>
	<link><![CDATA[http://www.tripadvisor.com/Restaurant_Review-g255060-d728555-Reviews-Sydney_Tower_Restaurants-Sydney_New_South_Wales.html]]></link>
</review>
<review>
	<rating>5.0</rating>
	<author><![CDATA[A TripAdvisor Contributor]]></author>
	<date>2008-03-17</date>
	<title><![CDATA[&#x201c;Revolving restaurant...&#x201d;]]></title>
	<excerpt><![CDATA[Revolving restaurant. You eat and get to see the whole city. Gorgeous more]]></excerpt>
	<link><![CDATA[http://www.tripadvisor.com/Restaurant_Review-g255060-d728555-Reviews-Sydney_Tower_Restaurants-Sydney_New_South_Wales.html]]></link>
</review>
<review>
	<rating>4.0</rating>
	<author><![CDATA[A TripAdvisor Contributor]]></author>
	<date>2008-03-08</date>
	<title><![CDATA[&#x201c;Food's ok... View is to...&#x201d;]]></title>
	<excerpt><![CDATA[Food's ok... View is to die for! more]]></excerpt>
	<link><![CDATA[http://www.tripadvisor.com/Restaurant_Review-g255060-d728555-Reviews-or10-Sydney_Tower_Restaurants-Sydney_New_South_Wales.html]]></link>
</review>
<review>
	<rating>4.0</rating>
	<author><![CDATA[A TripAdvisor Contributor]]></author>
	<date>2008-02-18</date>
	<title><![CDATA[&#x201c;The food's not *that...&#x201d;]]></title>
	<excerpt><![CDATA[The food's not *that* great (though do try the Kangaroo, Emu, etc.) - however the rotating view of Sydney Harbour is to die for more]]></excerpt>
	<link><![CDATA[http://www.tripadvisor.com/Restaurant_Review-g255060-d728555-Reviews-or10-Sydney_Tower_Restaurants-Sydney_New_South_Wales.html]]></link>
</review>
<review>
	<rating>1.0</rating>
	<author><![CDATA[Lincs-Honeymooners]]></author>
	<date>2008-01-26</date>
	<title><![CDATA[&#x201c;Expensive meal - don't do it!&#x201d;]]></title>
	<excerpt><![CDATA[We decided to have a meal up the sydney tower rather as we couldn't book onto the Sydney Harbour Bridge climb. We thought this would be a nice romanti]]></excerpt>
	<link><![CDATA[http://www.tripadvisor.com/Restaurant_Review-g255060-d728555-Reviews-or10-Sydney_Tower_Restaurants-Sydney_New_South_Wales.html]]></link>
</review>
<review>
	<rating>2.0</rating>
	<author><![CDATA[Dowf]]></author>
	<date>2007-02-14</date>
	<title><![CDATA[&#x201c;Don't bother with the dinner&#x201d;]]></title>
	<excerpt><![CDATA[Don't bother with booking dinner at the Sky Tower. Save your money and eat elsewhere. The dinner is not good quality, I would liken it to a school can]]></excerpt>
	<link><![CDATA[http://www.tripadvisor.com/Restaurant_Review-g255060-d728555-Reviews-or10-Sydney_Tower_Restaurants-Sydney_New_South_Wales.html]]></link>
</review>
<review>
	<rating>1.0</rating>
	<author><![CDATA[A TripAdvisor Member]]></author>
	<date>2006-05-14</date>
	<title><![CDATA[&#x201c;not as expected&#x201d;]]></title>
	<excerpt><![CDATA[I went to the buffet a while ago and it was a terrible experience.
It's not very good, the food is not very appetising and what they show as a food sa]]></excerpt>
	<link><![CDATA[http://www.tripadvisor.com/Restaurant_Review-g255060-d728555-Reviews-or10-Sydney_Tower_Restaurants-Sydney_New_South_Wales.html]]></link>
</review>
<review>
	<rating>1.0</rating>
	<author><![CDATA[jelli]]></author>
	<date>2006-01-29</date>
	<title><![CDATA[&#x201c;DON'T EAT AT SYDNEY TOWER&#x201d;]]></title>
	<excerpt><![CDATA[I advise any visitors to Sydney not to eat at the Buffet Restaurant at Sydney Tower. It is no wonder they make you pay before you get to the Restauran]]></excerpt>
	<link><![CDATA[http://www.tripadvisor.com/Restaurant_Review-g255060-d728555-Reviews-or10-Sydney_Tower_Restaurants-Sydney_New_South_Wales.html]]></link>
</review>
<review>
	<rating>2.0</rating>
	<author><![CDATA[A TripAdvisor Member]]></author>
	<date>2006-01-28</date>
	<title><![CDATA[&#x201c;Very expensive meal&#x201d;]]></title>
	<excerpt><![CDATA[The view from the sky tower at night is magnificent, however beware that the price of dinner is extortionate ! The service is 'gushing' - too much for]]></excerpt>
	<link><![CDATA[http://www.tripadvisor.com/Restaurant_Review-g255060-d728555-Reviews-or10-Sydney_Tower_Restaurants-Sydney_New_South_Wales.html]]></link>
</review>
</source>