<source name="Trip Advisor" avg-rating="4.0">
<review>
	<rating>4.0</rating>
	<author><![CDATA[LADISCOVER]]></author>
	<date>2009-02-23</date>
	<title><![CDATA[&#x201c;Beautiful animals in natural surroundings&#x201d;]]></title>
	<excerpt><![CDATA[Definitely worth a visit. Beautiful and spectacular animals. You can have your photo taken with the koalas in their natural surroundings more]]></excerpt>
	<link><![CDATA[http://www.tripadvisor.com/Attraction_Review-g255060-d632150-Reviews-Sydney_Wildlife_World-Sydney_New_South_Wales.html]]></link>
</review>
<review>
	<rating>5.0</rating>
	<author><![CDATA[ozvisiter]]></author>
	<date>2009-01-13</date>
	<title><![CDATA[&#x201c;They cram a lot of wildlife into a small space!&#x201d;]]></title>
	<excerpt><![CDATA[I took my kids to see the aquarium and wildlife world which made for a great day out! I was very impressed with the number and variety of animals that]]></excerpt>
	<link><![CDATA[http://www.tripadvisor.com/Attraction_Review-g255060-d632150-Reviews-Sydney_Wildlife_World-Sydney_New_South_Wales.html]]></link>
</review>
<review>
	<rating>1.0</rating>
	<author><![CDATA[Passport53]]></author>
	<date>2008-12-11</date>
	<title><![CDATA[&#x201c;In and out after 15 minutes and a lot of money&#x201d;]]></title>
	<excerpt><![CDATA[When you go to the website, you feel like you are going to be able to have a great deal of interaction with Koalas and Kangaroos. That's just not the ]]></excerpt>
	<link><![CDATA[http://www.tripadvisor.com/Attraction_Review-g255060-d632150-Reviews-Sydney_Wildlife_World-Sydney_New_South_Wales.html]]></link>
</review>
<review>
	<rating>5.0</rating>
	<author><![CDATA[Laura0814]]></author>
	<date>2008-09-09</date>
	<title><![CDATA[&#x201c;Perfect to see Australian animals!&#x201d;]]></title>
	<excerpt><![CDATA[I'm a 22 year old female and I really loved Sydney Wildlife World!
This place is exactly what I wanted (as an exchange student from the US) - a semi-s]]></excerpt>
	<link><![CDATA[http://www.tripadvisor.com/Attraction_Review-g255060-d632150-Reviews-Sydney_Wildlife_World-Sydney_New_South_Wales.html]]></link>
</review>
<review>
	<rating>2.0</rating>
	<author><![CDATA[solstys]]></author>
	<date>2008-01-07</date>
	<title><![CDATA[&#x201c;Pricey and a bit misleading&#x201d;]]></title>
	<excerpt><![CDATA[While the Sydney Wildlife World does showcase a number of animals from Australia, it does not allow one to take a free picture (and certainly not hold]]></excerpt>
	<link><![CDATA[http://www.tripadvisor.com/Attraction_Review-g255060-d632150-Reviews-Sydney_Wildlife_World-Sydney_New_South_Wales.html]]></link>
</review>
<review>
	<rating>5.0</rating>
	<author><![CDATA[kangagirl]]></author>
	<date>2007-10-11</date>
	<title><![CDATA[&#x201c;Great mixture of cute and slithery&#x201d;]]></title>
	<excerpt><![CDATA[I must say that I was not keen to visit Sydney Wildlife World - I love Taronga Zoo and its wonderful views over the harbour - but I ended up VERY impr]]></excerpt>
	<link><![CDATA[http://www.tripadvisor.com/Attraction_Review-g255060-d632150-Reviews-Sydney_Wildlife_World-Sydney_New_South_Wales.html]]></link>
</review>
<review>
	<rating>4.0</rating>
	<author><![CDATA[Yellabrick]]></author>
	<date>2007-10-06</date>
	<title><![CDATA[&#x201c;It's not just for kids!&#x201d;]]></title>
	<excerpt><![CDATA[My husband and I visited Sydney Wildlife World soon after moving to Sydney, on a relatively chilly weekend by Sydney standards when the appeal of doin]]></excerpt>
	<link><![CDATA[http://www.tripadvisor.com/Attraction_Review-g255060-d632150-Reviews-Sydney_Wildlife_World-Sydney_New_South_Wales.html]]></link>
</review>
<review>
	<rating>4.0</rating>
	<author><![CDATA[blyvoor]]></author>
	<date>2007-09-21</date>
	<title><![CDATA[&#x201c;Worthwhile&#x201d;]]></title>
	<excerpt><![CDATA[This attraction has been open for almost a year so I'm surprised to be the first to review it. We visited in July 2007. Sydney Wildlife World can best]]></excerpt>
	<link><![CDATA[http://www.tripadvisor.com/Attraction_Review-g255060-d632150-Reviews-Sydney_Wildlife_World-Sydney_New_South_Wales.html]]></link>
</review>
</source>