<source name="Trip Advisor" avg-rating="4.5">
<review>
	<rating>5.0</rating>
	<author><![CDATA[Hotpot2215]]></author>
	<date>2009-03-09</date>
	<title><![CDATA[&#x201c;The best view of Sydney&#x201d;]]></title>
	<excerpt><![CDATA[The Bridge Climb.
Hardwork in places if you are unfit. But well worth the effort when you get to the top. Outstanding views. Staff knowlegeable and fr]]></excerpt>
	<link><![CDATA[http://www.tripadvisor.com/Attraction_Review-g255060-d257355-Reviews-Sydney_Harbour_Bridge-Sydney_New_South_Wales.html]]></link>
</review>
<review>
	<rating>5.0</rating>
	<author><![CDATA[Impressed_8]]></author>
	<date>2009-02-08</date>
	<title><![CDATA[&#x201c;Bridge climb -excellent&#x201d;]]></title>
	<excerpt><![CDATA[On a recent visit to Sydney we climbed Sydney Harbour Bridge, having booked it on the internet before leaving home.
I would recommend this experience ]]></excerpt>
	<link><![CDATA[http://www.tripadvisor.com/Attraction_Review-g255060-d257355-Reviews-Sydney_Harbour_Bridge-Sydney_New_South_Wales.html]]></link>
</review>
<review>
	<rating>5.0</rating>
	<author><![CDATA[deniselagrange5]]></author>
	<date>2009-01-24</date>
	<title><![CDATA[&#x201c;Don't miss this!&#x201d;]]></title>
	<excerpt><![CDATA[This is a "do not miss" attraction in Sydney. My 14 year old son and I are still talking about our climb to the top of the Sydney Harbour Bridge. The ]]></excerpt>
	<link><![CDATA[http://www.tripadvisor.com/Attraction_Review-g255060-d257355-Reviews-Sydney_Harbour_Bridge-Sydney_New_South_Wales.html]]></link>
</review>
<review>
	<rating>5.0</rating>
	<author><![CDATA[AmY209]]></author>
	<date>2009-01-02</date>
	<title><![CDATA[&#x201c;Forget the money and do it&#x201d;]]></title>
	<excerpt><![CDATA[Well worth doing as long as you can bring yourself to accept that it is not value for money.
The climb is easy. Essentially you walk along some flat c]]></excerpt>
	<link><![CDATA[http://www.tripadvisor.com/Attraction_Review-g255060-d257355-Reviews-Sydney_Harbour_Bridge-Sydney_New_South_Wales.html]]></link>
</review>
<review>
	<rating>3.0</rating>
	<author><![CDATA[Albatross_001]]></author>
	<date>2009-01-01</date>
	<title><![CDATA[&#x201c;Better things to do with your money&#x201d;]]></title>
	<excerpt><![CDATA[The climb was OKish, but highly overpriced. Can think of better ways to spend the $180, but then that is my view, you may feel otherwise!
The climb gu]]></excerpt>
	<link><![CDATA[http://www.tripadvisor.com/Attraction_Review-g255060-d257355-Reviews-Sydney_Harbour_Bridge-Sydney_New_South_Wales.html]]></link>
</review>
<review>
	<rating>4.0</rating>
	<author><![CDATA[mks1]]></author>
	<date>2008-12-13</date>
	<title><![CDATA[&#x201c;Fun Experience&#x201d;]]></title>
	<excerpt><![CDATA[I did the Early Twilight climb in September 2008. The evening climbs are more expensive than the day ones. It is nice to see the city lights but I'm n]]></excerpt>
	<link><![CDATA[http://www.tripadvisor.com/Attraction_Review-g255060-d257355-Reviews-Sydney_Harbour_Bridge-Sydney_New_South_Wales.html]]></link>
</review>
<review>
	<rating>5.0</rating>
	<author><![CDATA[Simmochello]]></author>
	<date>2008-11-20</date>
	<title><![CDATA[&#x201c;Awesome View!&#x201d;]]></title>
	<excerpt><![CDATA[I completed this climb a couple of years ago with my brothers and father in December.
After already living in Sydney for several years before I attemp]]></excerpt>
	<link><![CDATA[http://www.tripadvisor.com/Attraction_Review-g255060-d257355-Reviews-Sydney_Harbour_Bridge-Sydney_New_South_Wales.html]]></link>
</review>
<review>
	<rating>5.0</rating>
	<author><![CDATA[Bananabelly]]></author>
	<date>2008-10-15</date>
	<title><![CDATA[&#x201c;Worthwhile but pricey&#x201d;]]></title>
	<excerpt><![CDATA[This was my one big splurge on a recent trip to Sydney, and it was worth it. The views are spectacular, and you get plenty of time to enjoy them, you ]]></excerpt>
	<link><![CDATA[http://www.tripadvisor.com/Attraction_Review-g255060-d257355-Reviews-Sydney_Harbour_Bridge-Sydney_New_South_Wales.html]]></link>
</review>
<review>
	<rating>5.0</rating>
	<author><![CDATA[wifeofanaussie]]></author>
	<date>2008-09-15</date>
	<title><![CDATA[&#x201c;It is worth a walk across this bridge!&#x201d;]]></title>
	<excerpt><![CDATA[Two weeks ago, my 8 year old daughter and I walked across the Sydney Harbour Bridge. We were staying with friends on the North Shore so took a train t]]></excerpt>
	<link><![CDATA[http://www.tripadvisor.com/Attraction_Review-g255060-d257355-Reviews-Sydney_Harbour_Bridge-Sydney_New_South_Wales.html]]></link>
</review>
<review>
	<rating>5.0</rating>
	<author><![CDATA[jolee39]]></author>
	<date>2008-09-11</date>
	<title><![CDATA[&#x201c;sydney bridge climb&#x201d;]]></title>
	<excerpt><![CDATA[We booked the bridge climbed back in England, cost about 90,
It's a bit pricey but very much worth it. It was blowing a gale and heavy rain on the d]]></excerpt>
	<link><![CDATA[http://www.tripadvisor.com/Attraction_Review-g255060-d257355-Reviews-Sydney_Harbour_Bridge-Sydney_New_South_Wales.html]]></link>
</review>
<review>
	<rating>5.0</rating>
	<author><![CDATA[El_Badgerino]]></author>
	<date>2008-08-30</date>
	<title><![CDATA[&#x201c;Skip the bridgeclimb, go for the Pylon&#x201d;]]></title>
	<excerpt><![CDATA[3 things put me off the bridgeclimb
- The cost, $180 is a lot of cash
- No camera's, I believe you get a couple of free prints but more prints = more ]]></excerpt>
	<link><![CDATA[http://www.tripadvisor.com/Attraction_Review-g255060-d257355-Reviews-or10-Sydney_Harbour_Bridge-Sydney_New_South_Wales.html]]></link>
</review>
<review>
	<rating>5.0</rating>
	<author><![CDATA[deletedpenguin]]></author>
	<date>2008-08-18</date>
	<title><![CDATA[&#x201c;The Harbour Bridge Climb&#x201d;]]></title>
	<excerpt><![CDATA[I'd just like to say first off, that when I first came to Sydney, I looked at this and though," Who would pay so much to just climb a bridge."
Little ]]></excerpt>
	<link><![CDATA[http://www.tripadvisor.com/Attraction_Review-g255060-d257355-Reviews-or10-Sydney_Harbour_Bridge-Sydney_New_South_Wales.html]]></link>
</review>
<review>
	<rating>5.0</rating>
	<author><![CDATA[HansniLondon]]></author>
	<date>2008-08-12</date>
	<title><![CDATA[&#x201c;Frightening climb but worth it&#x201d;]]></title>
	<excerpt><![CDATA[I climbed the Harbour Bridge in 2007 and just wanted to reassure those who are afraid of heights like I am - yes, it is quite scary but you are comple]]></excerpt>
	<link><![CDATA[http://www.tripadvisor.com/Attraction_Review-g255060-d257355-Reviews-or10-Sydney_Harbour_Bridge-Sydney_New_South_Wales.html]]></link>
</review>
<review>
	<rating>5.0</rating>
	<author><![CDATA[scottcabal]]></author>
	<date>2008-05-21</date>
	<title><![CDATA[&#x201c;A must-see landmark with lots of different options&#x201d;]]></title>
	<excerpt><![CDATA[The Sydney Harbour Bridge is one of the two main things people know about Sydney if they have never been there, the other being the Opera House. It is]]></excerpt>
	<link><![CDATA[http://www.tripadvisor.com/Attraction_Review-g255060-d257355-Reviews-or10-Sydney_Harbour_Bridge-Sydney_New_South_Wales.html]]></link>
</review>
<review>
	<rating>5.0</rating>
	<author><![CDATA[Lincs-Honeymooners]]></author>
	<date>2008-01-26</date>
	<title><![CDATA[&#x201c;Fantastic&#x201d;]]></title>
	<excerpt><![CDATA[We did the pylon look out as we didn't get chance to book onto the Bridge climb. The pylon lookout is only $9, so cheap to get views as fanstastic as ]]></excerpt>
	<link><![CDATA[http://www.tripadvisor.com/Attraction_Review-g255060-d257355-Reviews-or10-Sydney_Harbour_Bridge-Sydney_New_South_Wales.html]]></link>
</review>
<review>
	<rating>5.0</rating>
	<author><![CDATA[sf213]]></author>
	<date>2008-01-14</date>
	<title><![CDATA[&#x201c;Pylon Lookout - cheaper than Bridge Climb with beautiful views!!!&#x201d;]]></title>
	<excerpt><![CDATA[We decided to go to the Pylon Lookout rather than doing the Sydney Bridge Climb. It was only $9.50, as opposed to $179 and up for an adult ticket on t]]></excerpt>
	<link><![CDATA[http://www.tripadvisor.com/Attraction_Review-g255060-d257355-Reviews-or10-Sydney_Harbour_Bridge-Sydney_New_South_Wales.html]]></link>
</review>
<review>
	<rating>5.0</rating>
	<author><![CDATA[Essex123]]></author>
	<date>2007-12-08</date>
	<title><![CDATA[&#x201c;the bridge climb a must&#x201d;]]></title>
	<excerpt><![CDATA[altough pricey at $179 (about 78) this is an absolute must do, it was the most fantastic thing we did in Australia. The whole experience is superb, ]]></excerpt>
	<link><![CDATA[http://www.tripadvisor.com/Attraction_Review-g255060-d257355-Reviews-or10-Sydney_Harbour_Bridge-Sydney_New_South_Wales.html]]></link>
</review>
<review>
	<rating>5.0</rating>
	<author><![CDATA[sejlrice]]></author>
	<date>2007-07-16</date>
	<title><![CDATA[&#x201c;The Bridge Climb&#x201d;]]></title>
	<excerpt><![CDATA[The family (ages 11, 14, 47 and 48) did the climb on June 24, 2007, and we loved it! The staff takes about an hour prepping you by walking you through]]></excerpt>
	<link><![CDATA[http://www.tripadvisor.com/Attraction_Review-g255060-d257355-Reviews-or10-Sydney_Harbour_Bridge-Sydney_New_South_Wales.html]]></link>
</review>
<review>
	<rating>4.0</rating>
	<author><![CDATA[lilirishstar]]></author>
	<date>2007-06-22</date>
	<title><![CDATA[&#x201c;Pylon Lookout - Hidden treasure&#x201d;]]></title>
	<excerpt><![CDATA[This is a review of the bridge itself. The BrigeWalk is a couple of spaces down. The Pylon Lookout for $12 AUD is quite a bargain. We went up at dusk ]]></excerpt>
	<link><![CDATA[http://www.tripadvisor.com/Attraction_Review-g255060-d257355-Reviews-or10-Sydney_Harbour_Bridge-Sydney_New_South_Wales.html]]></link>
</review>
<review>
	<rating>5.0</rating>
	<author><![CDATA[alky13uk]]></author>
	<date>2007-06-16</date>
	<title><![CDATA[&#x201c;Definitely worth the money&#x201d;]]></title>
	<excerpt><![CDATA[This is a pricey tourist attraction but is definitely worth it. The whole experience lasts about three hours (probably only an hour and a half on the ]]></excerpt>
	<link><![CDATA[http://www.tripadvisor.com/Attraction_Review-g255060-d257355-Reviews-or10-Sydney_Harbour_Bridge-Sydney_New_South_Wales.html]]></link>
</review>
<review>
	<rating>5.0</rating>
	<author><![CDATA[Allengn]]></author>
	<date>2007-03-22</date>
	<title><![CDATA[&#x201c;If you do only one thing in Sydney, do this!&#x201d;]]></title>
	<excerpt><![CDATA[Absolutely the number 1 thing to do when in Sydney. If you do nothing else, you will still come away with the biggest buzz you've had for a long time.]]></excerpt>
	<link><![CDATA[http://www.tripadvisor.com/Attraction_Review-g255060-d257355-Reviews-or20-Sydney_Harbour_Bridge-Sydney_New_South_Wales.html]]></link>
</review>
<review>
	<rating>5.0</rating>
	<author><![CDATA[Dowf]]></author>
	<date>2007-02-14</date>
	<title><![CDATA[&#x201c;Do it!&#x201d;]]></title>
	<excerpt><![CDATA[If there's one thing you do in Sydney make sure it's the bridge climbe. Although a little expensive, it's well worth every penny.
A fantastic experien]]></excerpt>
	<link><![CDATA[http://www.tripadvisor.com/Attraction_Review-g255060-d257355-Reviews-or20-Sydney_Harbour_Bridge-Sydney_New_South_Wales.html]]></link>
</review>
<review>
	<rating>4.0</rating>
	<author><![CDATA[A TripAdvisor Member]]></author>
	<date>2006-06-20</date>
	<title><![CDATA[&#x201c;Organized, Friendly, Fun, Worth it!&#x201d;]]></title>
	<excerpt><![CDATA[Our travel agent booked the Bridge Climb for us and by reading the infomation given to us, we were looking forward to it. Our climb was at 10:15 (we d]]></excerpt>
	<link><![CDATA[http://www.tripadvisor.com/Attraction_Review-g255060-d257355-Reviews-or20-Sydney_Harbour_Bridge-Sydney_New_South_Wales.html]]></link>
</review>
<review>
	<rating>3.0</rating>
	<author><![CDATA[A TripAdvisor Member]]></author>
	<date>2006-05-28</date>
	<title><![CDATA[&#x201c;Fun but worth the money?&#x201d;]]></title>
	<excerpt><![CDATA[As someone who is not very fit AND scared of heights, I was worried when I was given a Bridge Cimb as a gift. I needn't have worried. Attached with a ]]></excerpt>
	<link><![CDATA[http://www.tripadvisor.com/Attraction_Review-g255060-d257355-Reviews-or20-Sydney_Harbour_Bridge-Sydney_New_South_Wales.html]]></link>
</review>
<review>
	<rating>4.0</rating>
	<author><![CDATA[Butchhall]]></author>
	<date>2006-03-25</date>
	<title><![CDATA[&#x201c;Maybe a little long&#x201d;]]></title>
	<excerpt><![CDATA[The previous excellent reviews are correct, but a couple of things are worth mentioning. First, much of the 3.5 hours required to complete the climb i]]></excerpt>
	<link><![CDATA[http://www.tripadvisor.com/Attraction_Review-g255060-d257355-Reviews-or20-Sydney_Harbour_Bridge-Sydney_New_South_Wales.html]]></link>
</review>
<review>
	<rating>5.0</rating>
	<author><![CDATA[Rocket88]]></author>
	<date>2006-03-17</date>
	<title><![CDATA[&#x201c;What a thrill&#x201d;]]></title>
	<excerpt><![CDATA[I did the bridge climb in March 2006 and here is what I observed:
-The operation is extremely well managed. The climb leaders are thoroughly knowledga]]></excerpt>
	<link><![CDATA[http://www.tripadvisor.com/Attraction_Review-g255060-d257355-Reviews-or20-Sydney_Harbour_Bridge-Sydney_New_South_Wales.html]]></link>
</review>
<review>
	<rating>5.0</rating>
	<author><![CDATA[A TripAdvisor Member]]></author>
	<date>2005-11-12</date>
	<title><![CDATA[&#x201c;Two thumbs up for the Sydney Harbour Bridge Climb!&#x201d;]]></title>
	<excerpt><![CDATA[The Sydney Harbour Bridge Climb was something I have wanted to do for years. I finally achieved my climb on 17 October, 2005. I went by myself, becaus]]></excerpt>
	<link><![CDATA[http://www.tripadvisor.com/Attraction_Review-g255060-d257355-Reviews-or20-Sydney_Harbour_Bridge-Sydney_New_South_Wales.html]]></link>
</review>
<review>
	<rating>5.0</rating>
	<author><![CDATA[PVTraveler01]]></author>
	<date>2005-09-01</date>
	<title><![CDATA[&#x201c;Sydney Harbour Bridge Climb&#x201d;]]></title>
	<excerpt><![CDATA[Did this a second time (five years later) and it was just as much fun. Climb takes you across top of bridge to the middle and back down (highest point]]></excerpt>
	<link><![CDATA[http://www.tripadvisor.com/Attraction_Review-g255060-d257355-Reviews-or20-Sydney_Harbour_Bridge-Sydney_New_South_Wales.html]]></link>
</review>
<review>
	<rating>5.0</rating>
	<author><![CDATA[Gaffer75]]></author>
	<date>2005-07-19</date>
	<title><![CDATA[&#x201c;Pricey but unforgettable&#x201d;]]></title>
	<excerpt><![CDATA[We did the Sydney Bridgeclimb in July 2005 and found it a truly unforgettable experience. If you're on a budget holiday the cost is off-putting but I ]]></excerpt>
	<link><![CDATA[http://www.tripadvisor.com/Attraction_Review-g255060-d257355-Reviews-or20-Sydney_Harbour_Bridge-Sydney_New_South_Wales.html]]></link>
</review>
<review>
	<rating>5.0</rating>
	<author><![CDATA[AnthUk]]></author>
	<date>2005-04-19</date>
	<title><![CDATA[&#x201c;Fantastic Experience and Great Views&#x201d;]]></title>
	<excerpt><![CDATA[My husband and I, did the Bridge Climb on the 29th March 2005, it was a great day weather wise and I was really nervous but the Bridgeclimb staff were]]></excerpt>
	<link><![CDATA[http://www.tripadvisor.com/Attraction_Review-g255060-d257355-Reviews-or20-Sydney_Harbour_Bridge-Sydney_New_South_Wales.html]]></link>
</review>
<review>
	<rating>5.0</rating>
	<author><![CDATA[A TripAdvisor Member]]></author>
	<date>2005-01-30</date>
	<title><![CDATA[&#x201c;Climb of your life&#x201d;]]></title>
	<excerpt><![CDATA[If you are lucky enough to visit Sydney make sure you climb this bridge.
I, my husband and 2 sons did this and will remember it for the rest of our li]]></excerpt>
	<link><![CDATA[http://www.tripadvisor.com/Attraction_Review-g255060-d257355-Reviews-or30-Sydney_Harbour_Bridge-Sydney_New_South_Wales.html]]></link>
</review>
<review>
	<rating>5.0</rating>
	<author><![CDATA[Ozelie]]></author>
	<date>2008-08-26</date>
	<title><![CDATA[&#x201c;Wahou !!!&#x201d;]]></title>
	<excerpt><![CDATA[J'tais un peu peureuse car je n'ai pas une superbe condition physique...Et puis, je me suis dis que vu de... more]]></excerpt>
	<link><![CDATA[http://www.tripadvisor.com/Attraction_Review-g255060-d257355-Reviews-or30-Sydney_Harbour_Bridge-Sydney_New_South_Wales.html]]></link>
</review>
</source>