<source name="Trip Advisor" avg-rating="3.5">
<review>
	<rating>2.0</rating>
	<author><![CDATA[lamburkett]]></author>
	<date>2008-02-08</date>
	<title><![CDATA[&#x201c;The skydive itself was awesome, but the service was terrible&#x201d;]]></title>
	<excerpt><![CDATA[Ive always wanted to try skydiving, so you can imagine my excitement when on my 30th birthday my husband told me that we were going to do someth]]></excerpt>
	<link><![CDATA[http://www.tripadvisor.com/Attraction_Review-g255060-d556176-Reviews-Sydney_Skydiving_Centre-Sydney_New_South_Wales.html]]></link>
</review>
</source>