<source name="Trip Advisor" avg-rating="4.5">
<review>
	<rating>5.0</rating>
	<author><![CDATA[oz_rocks]]></author>
	<date>2009-01-04</date>
	<title><![CDATA[&#x201c;A Wonderful Museum&#x201d;]]></title>
	<excerpt><![CDATA[My wife and I have wanted to visit this museum for quite a while and it was certainly well worth the wait. It is only $10.00 per adult entry and there]]></excerpt>
	<link><![CDATA[http://www.tripadvisor.com/Attraction_Review-g255060-d256721-Reviews-Sydney_Jewish_Museum-Sydney_New_South_Wales.html]]></link>
</review>
<review>
	<rating>5.0</rating>
	<author><![CDATA[EssexBarnes]]></author>
	<date>2008-07-17</date>
	<title><![CDATA[&#x201c;Excellent museum!&#x201d;]]></title>
	<excerpt><![CDATA[Can`t agree more with the previous writer.
A very well put together and presented museum, highlighting the history of jews in Australia and then movin]]></excerpt>
	<link><![CDATA[http://www.tripadvisor.com/Attraction_Review-g255060-d256721-Reviews-Sydney_Jewish_Museum-Sydney_New_South_Wales.html]]></link>
</review>
<review>
	<rating>5.0</rating>
	<author><![CDATA[KCH]]></author>
	<date>2007-12-31</date>
	<title><![CDATA[&#x201c;A moving exhibition of Jewish culture in Australia&#x201d;]]></title>
	<excerpt><![CDATA[Visited : 31 Dec 07.
This must be one of the friendliest museum I have ever visited. The staff, all volunteers, took great pride in the museum and the]]></excerpt>
	<link><![CDATA[http://www.tripadvisor.com/Attraction_Review-g255060-d256721-Reviews-Sydney_Jewish_Museum-Sydney_New_South_Wales.html]]></link>
</review>
</source>