<source name="Trip Advisor" avg-rating="4.0">
<review>
	<rating>5.0</rating>
	<author><![CDATA[JudeGosford_NSW]]></author>
	<date>2008-08-19</date>
	<title><![CDATA[&#x201c;A morning at the Sydney Mounted police.&#x201d;]]></title>
	<excerpt><![CDATA[What a lovely way to spend a morning. The staff are friendly and relaxed, the horses are friendly and relaxed. It is so interesting to hear how the ho]]></excerpt>
	<link><![CDATA[http://www.tripadvisor.com/Attraction_Review-g255060-d556184-Reviews-Sydney_Mounted_Police_Stables-Sydney_New_South_Wales.html]]></link>
</review>
<review>
	<rating>5.0</rating>
	<author><![CDATA[A TripAdvisor Member]]></author>
	<date>2006-06-08</date>
	<title><![CDATA[&#x201c;Friendly staff and horses, what more could you want.&#x201d;]]></title>
	<excerpt><![CDATA[Had a wonderful time at the stables, the staff and horses were so friendly, (take a carrot for the horses they love them) We spent over 3 hours there.]]></excerpt>
	<link><![CDATA[http://www.tripadvisor.com/Attraction_Review-g255060-d556184-Reviews-Sydney_Mounted_Police_Stables-Sydney_New_South_Wales.html]]></link>
</review>
</source>