<source name="Trip Advisor" avg-rating="4.0">
<review>
	<rating>1.0</rating>
	<author><![CDATA[dunnitSydney]]></author>
	<date>2009-02-19</date>
	<title><![CDATA[&#x201c;Waste of Money&#x201d;]]></title>
	<excerpt><![CDATA[Do not take this tour, its a tour for the sake of a tour. Seems like you cant go anywhere in Sydney or visit an attraction without someone trying to s]]></excerpt>
	<link><![CDATA[http://www.tripadvisor.com/Attraction_Review-g255060-d257278-Reviews-Sydney_Opera_House-Sydney_New_South_Wales.html]]></link>
</review>
<review>
	<rating>2.0</rating>
	<author><![CDATA[kyat]]></author>
	<date>2009-01-18</date>
	<title><![CDATA[&#x201c;DO NOT take the tour of SOP&#x201d;]]></title>
	<excerpt><![CDATA[I DO NOT recommed paying to take the basic opera house tour. The problem with the tour is that you will see mainly the lobby areas where you will watc]]></excerpt>
	<link><![CDATA[http://www.tripadvisor.com/Attraction_Review-g255060-d257278-Reviews-Sydney_Opera_House-Sydney_New_South_Wales.html]]></link>
</review>
<review>
	<rating>5.0</rating>
	<author><![CDATA[Albatross_001]]></author>
	<date>2009-01-01</date>
	<title><![CDATA[&#x201c;Absolutely stunning&#x201d;]]></title>
	<excerpt><![CDATA[The Sydney Opera House is easily my favourite spot in Sydney - by a mile and more. Tremendous architecture, it was such a joy to simply sit and gaze a]]></excerpt>
	<link><![CDATA[http://www.tripadvisor.com/Attraction_Review-g255060-d257278-Reviews-Sydney_Opera_House-Sydney_New_South_Wales.html]]></link>
</review>
<review>
	<rating>4.0</rating>
	<author><![CDATA[katesjourneys]]></author>
	<date>2008-11-17</date>
	<title><![CDATA[&#x201c;You MUST experience the inside&#x201d;]]></title>
	<excerpt><![CDATA[Most are familier with the fantastic architecture of the Sydney Opera House but it is even more beautiful inside. We went to an opening night of an op]]></excerpt>
	<link><![CDATA[http://www.tripadvisor.com/Attraction_Review-g255060-d257278-Reviews-Sydney_Opera_House-Sydney_New_South_Wales.html]]></link>
</review>
<review>
	<rating>5.0</rating>
	<author><![CDATA[nabows]]></author>
	<date>2008-09-05</date>
	<title><![CDATA[&#x201c;The tour of the Sydney Opera House&#x201d;]]></title>
	<excerpt><![CDATA[Went here in July 2008 with my family (girl 12 and boy 14) Really enjoyed the walk around the outside of the opera house with the great views over the]]></excerpt>
	<link><![CDATA[http://www.tripadvisor.com/Attraction_Review-g255060-d257278-Reviews-Sydney_Opera_House-Sydney_New_South_Wales.html]]></link>
</review>
<review>
	<rating>5.0</rating>
	<author><![CDATA[blah114]]></author>
	<date>2008-08-24</date>
	<title><![CDATA[&#x201c;Do not Miss This place.. take the tour and time&#x201d;]]></title>
	<excerpt><![CDATA[Either see a show here, please, or pay $29 AUD per person for the tour. We got to see rehearsals of a a play.. with a director coaching his cast.. Ama]]></excerpt>
	<link><![CDATA[http://www.tripadvisor.com/Attraction_Review-g255060-d257278-Reviews-Sydney_Opera_House-Sydney_New_South_Wales.html]]></link>
</review>
<review>
	<rating>4.0</rating>
	<author><![CDATA[scottcabal]]></author>
	<date>2008-05-21</date>
	<title><![CDATA[&#x201c;Worth a tour or even just a look around&#x201d;]]></title>
	<excerpt><![CDATA[The Opera House is one of the most memorable things you will see in Sydney only really challenged by the Harbour Bridge. I recommend the tour as it's ]]></excerpt>
	<link><![CDATA[http://www.tripadvisor.com/Attraction_Review-g255060-d257278-Reviews-Sydney_Opera_House-Sydney_New_South_Wales.html]]></link>
</review>
<review>
	<rating>2.0</rating>
	<author><![CDATA[Jenntay]]></author>
	<date>2008-01-28</date>
	<title><![CDATA[&#x201c;Expensive ...&#x201d;]]></title>
	<excerpt><![CDATA[My daughter and I took the tour of the Opera House last week and were disappointed. Whilst the building itself is magnificent (even if the interior is]]></excerpt>
	<link><![CDATA[http://www.tripadvisor.com/Attraction_Review-g255060-d257278-Reviews-Sydney_Opera_House-Sydney_New_South_Wales.html]]></link>
</review>
<review>
	<rating>3.0</rating>
	<author><![CDATA[hufri]]></author>
	<date>2007-12-05</date>
	<title><![CDATA[&#x201c;Tour was a little rushed&#x201d;]]></title>
	<excerpt><![CDATA[I must say, we were slightly disappointed by the tour we had at the Opera House. Whilst is was amazing to see inside the building (we didn't see a sho]]></excerpt>
	<link><![CDATA[http://www.tripadvisor.com/Attraction_Review-g255060-d257278-Reviews-Sydney_Opera_House-Sydney_New_South_Wales.html]]></link>
</review>
<review>
	<rating>4.0</rating>
	<author><![CDATA[fl0ra]]></author>
	<date>2007-11-29</date>
	<title><![CDATA[&#x201c;One of the most memorable&#x201d;]]></title>
	<excerpt><![CDATA[It was pretty cool! You will never foregt that you have been there! We had an excellent gay guide who showed us inside the operahouse. hehe, I'll neve]]></excerpt>
	<link><![CDATA[http://www.tripadvisor.com/Attraction_Review-g255060-d257278-Reviews-Sydney_Opera_House-Sydney_New_South_Wales.html]]></link>
</review>
<review>
	<rating>5.0</rating>
	<author><![CDATA[1travel5MV]]></author>
	<date>2007-08-01</date>
	<title><![CDATA[&#x201c;Saw a show, loved it.&#x201d;]]></title>
	<excerpt><![CDATA[We saw the "Barber of Seville" at the Opera House and it was a great experience. The show itself was entertaining and enjoyable and it is a wonderful ]]></excerpt>
	<link><![CDATA[http://www.tripadvisor.com/Attraction_Review-g255060-d257278-Reviews-or10-Sydney_Opera_House-Sydney_New_South_Wales.html]]></link>
</review>
<review>
	<rating>5.0</rating>
	<author><![CDATA[lilirishstar]]></author>
	<date>2007-06-21</date>
	<title><![CDATA[&#x201c;Well worth it&#x201d;]]></title>
	<excerpt><![CDATA[We did the short tour which was very nice and informative. They gave us a $10 coupon to see a show. We walked up to the counter and were seated right ]]></excerpt>
	<link><![CDATA[http://www.tripadvisor.com/Attraction_Review-g255060-d257278-Reviews-or10-Sydney_Opera_House-Sydney_New_South_Wales.html]]></link>
</review>
<review>
	<rating>4.0</rating>
	<author><![CDATA[Helthemel]]></author>
	<date>2006-11-04</date>
	<title><![CDATA[&#x201c;Really interesting history&#x201d;]]></title>
	<excerpt><![CDATA[We went on the Opera House tour which was so interesting to hear the history of how it was designed and built. Did you know the architect has never se]]></excerpt>
	<link><![CDATA[http://www.tripadvisor.com/Attraction_Review-g255060-d257278-Reviews-or10-Sydney_Opera_House-Sydney_New_South_Wales.html]]></link>
</review>
<review>
	<rating>5.0</rating>
	<author><![CDATA[js1395]]></author>
	<date>2006-06-16</date>
	<title><![CDATA[&#x201c;Loved it.......&#x201d;]]></title>
	<excerpt><![CDATA[Travelled to Sydney a few years ago and I absolutely love this city. The opera house is out of this world and standing outside, we almost felt compell]]></excerpt>
	<link><![CDATA[http://www.tripadvisor.com/Attraction_Review-g255060-d257278-Reviews-or10-Sydney_Opera_House-Sydney_New_South_Wales.html]]></link>
</review>
<review>
	<rating>5.0</rating>
	<author><![CDATA[Travelin_Jen]]></author>
	<date>2006-05-14</date>
	<title><![CDATA[&#x201c;See a Ballet&#x201d;]]></title>
	<excerpt><![CDATA[I was in Sydney and wanted to experience a show at the Opera House. The only thing available at the time was the Australian Ballet's Swan Lake. Having]]></excerpt>
	<link><![CDATA[http://www.tripadvisor.com/Attraction_Review-g255060-d257278-Reviews-or10-Sydney_Opera_House-Sydney_New_South_Wales.html]]></link>
</review>
<review>
	<rating>5.0</rating>
	<author><![CDATA[wifeofanaussie]]></author>
	<date>2006-01-31</date>
	<title><![CDATA[&#x201c;Beautiful!&#x201d;]]></title>
	<excerpt><![CDATA[My husband who is an Aussie has never done an Opera House tour, so on our trip to Sydney (just before Christmas) we thought we should take a tour and ]]></excerpt>
	<link><![CDATA[http://www.tripadvisor.com/Attraction_Review-g255060-d257278-Reviews-or10-Sydney_Opera_House-Sydney_New_South_Wales.html]]></link>
</review>
<review>
	<rating>5.0</rating>
	<author><![CDATA[VAChiliman]]></author>
	<date>2005-03-27</date>
	<title><![CDATA[&#x201c;See a Performance&#x201d;]]></title>
	<excerpt><![CDATA[Heck, why tour the Opera House when you can book an event there? Inexpensive? No, but impressive. And, you get the same "tour" if you like by reading ]]></excerpt>
	<link><![CDATA[http://www.tripadvisor.com/Attraction_Review-g255060-d257278-Reviews-or10-Sydney_Opera_House-Sydney_New_South_Wales.html]]></link>
</review>
<review>
	<rating>5.0</rating>
	<author><![CDATA[A TripAdvisor Member]]></author>
	<date>2005-03-11</date>
	<title><![CDATA[&#x201c;The stunning Sydney Opera House&#x201d;]]></title>
	<excerpt><![CDATA[I thought this tour was well worth the money - you are taken into all the performance halls of the Opera House and we even got a sneak peak of a balle]]></excerpt>
	<link><![CDATA[http://www.tripadvisor.com/Attraction_Review-g255060-d257278-Reviews-or10-Sydney_Opera_House-Sydney_New_South_Wales.html]]></link>
</review>
<review>
	<rating>2.0</rating>
	<author><![CDATA[sarasotababe]]></author>
	<date>2005-03-03</date>
	<title><![CDATA[&#x201c;Over priced&#x201d;]]></title>
	<excerpt><![CDATA[The Opera House is beautiful to look at, but the tour is way overpriced. It cost $23 for an hour tour and it was very disappointing. We got to see 2 o]]></excerpt>
	<link><![CDATA[http://www.tripadvisor.com/Attraction_Review-g255060-d257278-Reviews-or10-Sydney_Opera_House-Sydney_New_South_Wales.html]]></link>
</review>
<review>
	<rating>4.0</rating>
	<author><![CDATA[momo-ume-sakura]]></author>
	<date>2009-03-10</date>
	<title><![CDATA[&#x201c;&#x201d;]]></title>
	<excerpt><![CDATA[]]></excerpt>
	<link><![CDATA[http://www.tripadvisor.com/Attraction_Review-g255060-d257278-Reviews-or10-Sydney_Opera_House-Sydney_New_South_Wales.html]]></link>
</review>
<review>
	<rating>4.0</rating>
	<author><![CDATA[クッピーナ]]></author>
	<date>2009-03-08</date>
	<title><![CDATA[&#x201c;&#x201d;]]></title>
	<excerpt><![CDATA[
]]></excerpt>
	<link><![CDATA[http://www.tripadvisor.com/Attraction_Review-g255060-d257278-Reviews-or20-Sydney_Opera_House-Sydney_New_South_Wales.html]]></link>
</review>
<review>
	<rating>3.0</rating>
	<author><![CDATA[ちきち]]></author>
	<date>2009-03-02</date>
	<title><![CDATA[&#x201c;&#x201d;]]></title>
	<excerpt><![CDATA[]]></excerpt>
	<link><![CDATA[http://www.tripadvisor.com/Attraction_Review-g255060-d257278-Reviews-or20-Sydney_Opera_House-Sydney_New_South_Wales.html]]></link>
</review>
<review>
	<rating>5.0</rating>
	<author><![CDATA[すみこすみこ]]></author>
	<date>2009-02-24</date>
	<title><![CDATA[&#x201c;&#x201d;]]></title>
	<excerpt><![CDATA[

]]></excerpt>
	<link><![CDATA[http://www.tripadvisor.com/Attraction_Review-g255060-d257278-Reviews-or20-Sydney_Opera_House-Sydney_New_South_Wales.html]]></link>
</review>
<review>
	<rating>4.0</rating>
	<author><![CDATA[さくらちる]]></author>
	<date>2009-02-22</date>
	<title><![CDATA[&#x201c;&#x201d;]]></title>
	<excerpt><![CDATA[
]]></excerpt>
	<link><![CDATA[http://www.tripadvisor.com/Attraction_Review-g255060-d257278-Reviews-or20-Sydney_Opera_House-Sydney_New_South_Wales.html]]></link>
</review>
<review>
	<rating>3.0</rating>
	<author><![CDATA[vsdvsdvdvgfd]]></author>
	<date>2009-02-19</date>
	<title><![CDATA[&#x201c;&#x201d;]]></title>
	<excerpt><![CDATA[]]></excerpt>
	<link><![CDATA[http://www.tripadvisor.com/Attraction_Review-g255060-d257278-Reviews-or20-Sydney_Opera_House-Sydney_New_South_Wales.html]]></link>
</review>
<review>
	<rating>4.0</rating>
	<author><![CDATA[がっくん]]></author>
	<date>2009-02-10</date>
	<title><![CDATA[&#x201c;&#x201d;]]></title>
	<excerpt><![CDATA[

]]></excerpt>
	<link><![CDATA[http://www.tripadvisor.com/Attraction_Review-g255060-d257278-Reviews-or20-Sydney_Opera_House-Sydney_New_South_Wales.html]]></link>
</review>
<review>
	<rating>5.0</rating>
	<author><![CDATA[bubu52]]></author>
	<date>2008-12-28</date>
	<title><![CDATA[&#x201c;&#x201d;]]></title>
	<excerpt><![CDATA[
]]></excerpt>
	<link><![CDATA[http://www.tripadvisor.com/Attraction_Review-g255060-d257278-Reviews-or20-Sydney_Opera_House-Sydney_New_South_Wales.html]]></link>
</review>
<review>
	<rating>4.0</rating>
	<author><![CDATA[Cocorin]]></author>
	<date>2008-11-24</date>
	<title><![CDATA[&#x201c;&#x201d;]]></title>
	<excerpt><![CDATA[]]></excerpt>
	<link><![CDATA[http://www.tripadvisor.com/Attraction_Review-g255060-d257278-Reviews-or20-Sydney_Opera_House-Sydney_New_South_Wales.html]]></link>
</review>
<review>
	<rating>3.0</rating>
	<author><![CDATA[naruminmin]]></author>
	<date>2008-09-30</date>
	<title><![CDATA[&#x201c;&#x201d;]]></title>
	<excerpt><![CDATA[
]]></excerpt>
	<link><![CDATA[http://www.tripadvisor.com/Attraction_Review-g255060-d257278-Reviews-or20-Sydney_Opera_House-Sydney_New_South_Wales.html]]></link>
</review>
<review>
	<rating>3.0</rating>
	<author><![CDATA[密林黒兵衛]]></author>
	<date>2008-09-21</date>
	<title><![CDATA[&#x201c;&#x201d;]]></title>
	<excerpt><![CDATA[]]></excerpt>
	<link><![CDATA[http://www.tripadvisor.com/Attraction_Review-g255060-d257278-Reviews-or20-Sydney_Opera_House-Sydney_New_South_Wales.html]]></link>
</review>
<review>
	<rating>4.0</rating>
	<author><![CDATA[whismer]]></author>
	<date>2007-10-08</date>
	<title><![CDATA[&#x201c;La tour eiffel de Sydney&#x201d;]]></title>
	<excerpt><![CDATA[L'opra organise une visite guide trs instructive qui permet de parcourir l'ensemble du batment et les diffrentes salles. La visite... more]]></excerpt>
	<link><![CDATA[http://www.tripadvisor.com/Attraction_Review-g255060-d257278-Reviews-or30-Sydney_Opera_House-Sydney_New_South_Wales.html]]></link>
</review>
</source>