<source name="Trip Advisor" avg-rating="4.0">
<review>
	<rating>4.0</rating>
	<author><![CDATA[keolo]]></author>
	<date>2006-04-10</date>
	<title><![CDATA[&#x201c;My favourite beach in Sydney&#x201d;]]></title>
	<excerpt><![CDATA[If you're early, you may be able to find a parking spot on the road beside the beach. But the beautiful views along the lengthy walk from Bondi via th]]></excerpt>
	<link><![CDATA[http://www.tripadvisor.com/Attraction_Review-g255060-d257491-Reviews-Tamarama_Beach-Sydney_New_South_Wales.html]]></link>
</review>
<review>
	<rating>5.0</rating>
	<author><![CDATA[ningbwp]]></author>
	<date>2008-12-16</date>
	<title><![CDATA[&#x201c;&#x201d;]]></title>
	<excerpt><![CDATA[18
]]></excerpt>
	<link><![CDATA[http://www.tripadvisor.com/Attraction_Review-g255060-d257491-Reviews-Tamarama_Beach-Sydney_New_South_Wales.html]]></link>
</review>
</source>