<source name="Trip Advisor" avg-rating="3.5">
<review>
	<rating>3.0</rating>
	<author><![CDATA[Shezam]]></author>
	<date>2008-08-31</date>
	<title><![CDATA[&#x201c;Skiing was good but very expensive&#x201d;]]></title>
	<excerpt><![CDATA[we just returned from a weekend skiing trip to Thredbo (30/31 August 08) booked a few days before the trip so we could guarantee snow. This was the fi]]></excerpt>
	<link><![CDATA[http://www.tripadvisor.com/Attraction_Review-g529031-d487260-Reviews-Thredbo_Alpine_Village-Thredbo_Village_Kosciusko_National_Park_New_South_Wales.html]]></link>
</review>
<review>
	<rating>4.0</rating>
	<author><![CDATA[肉団子]]></author>
	<date>2008-10-23</date>
	<title><![CDATA[&#x201c;&#x201d;]]></title>
	<excerpt><![CDATA[]]></excerpt>
	<link><![CDATA[http://www.tripadvisor.com/Attraction_Review-g529031-d487260-Reviews-Thredbo_Alpine_Village-Thredbo_Village_Kosciusko_National_Park_New_South_Wales.html]]></link>
</review>
</source>