<source name="Trip Advisor" avg-rating="3.5">
<review>
	<rating>3.0</rating>
	<author><![CDATA[aussie707]]></author>
	<date>2008-03-24</date>
	<title><![CDATA[&#x201c;pleaceful winery down a bumpy path&#x201d;]]></title>
	<excerpt><![CDATA[This place is about 2kms down an unsealed road (you take a left if heading north on the scenic route, just after you pass the wollombi tavern). The gr]]></excerpt>
	<link><![CDATA[http://www.tripadvisor.com/Attraction_Review-g529046-d556152-Reviews-Undercliff_Winery-Wollombi_Hunter_Valley_New_South_Wales.html]]></link>
</review>
</source>