<source name="Trip Advisor" avg-rating="4.0">
<review>
	<rating>4.0</rating>
	<author><![CDATA[onehitwonder]]></author>
	<date>2006-07-11</date>
	<title><![CDATA[&#x201c;A different side of Sydney&#x201d;]]></title>
	<excerpt><![CDATA[If you've "done" the usual Sydney Harbour sights - Opera House, Bridge, the Rocks, Darling Harbour, Taronga Zoo, Manly Ferry etc - and maybe need a bi]]></excerpt>
	<link><![CDATA[http://www.tripadvisor.com/Attraction_Review-g255060-d256728-Reviews-Vaucluse_House-Sydney_New_South_Wales.html]]></link>
</review>
</source>