<source name="Trip Advisor" avg-rating="4.0">
<review>
	<rating>5.0</rating>
	<author><![CDATA[sophiedb]]></author>
	<date>2005-10-10</date>
	<title><![CDATA[&#x201c;Alicante Bouschet?&#x201d;]]></title>
	<excerpt><![CDATA[I'm not a wine expert, but I'd never heard of Alicante Bouschet until I visited Vinden Wines. They're the smallest winery in the Hunter Valley, produc]]></excerpt>
	<link><![CDATA[http://www.tripadvisor.com/Attraction_Review-g255328-d556131-Reviews-Vinden_Estate-Pokolbin_Hunter_Valley_New_South_Wales.html]]></link>
</review>
</source>