<source name="Trip Advisor" avg-rating="4.5">
<review>
	<rating>4.0</rating>
	<author><![CDATA[ocaggie]]></author>
	<date>2009-03-07</date>
	<title><![CDATA[&#x201c;Nice surprise - food and service were both great&#x201d;]]></title>
	<excerpt><![CDATA[We spent our first night in the Barossa Valley at 1918 and really enjoyed it. We had lamb and it was incredibly well cooked and seasoned.
A very nice ]]></excerpt>
	<link><![CDATA[http://www.tripadvisor.com/Restaurant_Review-g495039-d721430-Reviews-1918_Bistro_and_Grill-Tanunda_Barossa_Valley_South_Australia.html]]></link>
</review>
</source>