<source name="Trip Advisor" avg-rating="4.5">
<review>
	<rating>2.0</rating>
	<author><![CDATA[A TripAdvisor Contributor]]></author>
	<date>2008-05-18</date>
	<title><![CDATA[&#x201c;my pud thai noodles were...&#x201d;]]></title>
	<excerpt><![CDATA[my pud thai noodles were all stuck together like one big blob! more]]></excerpt>
	<link><![CDATA[http://www.tripadvisor.com/Restaurant_Review-g255093-d721603-Reviews-A_Taste_of_Spice-Adelaide_South_Australia.html]]></link>
</review>
<review>
	<rating>2.0</rating>
	<author><![CDATA[A TripAdvisor Contributor]]></author>
	<date>2008-04-26</date>
	<title><![CDATA[&#x201c;Good and basic...&#x201d;]]></title>
	<excerpt><![CDATA[Good and basic Malaysian, but could be better, especially their beef curry! Here's a hint-cook the meat with the curry sauce as opposed to cooking the]]></excerpt>
	<link><![CDATA[http://www.tripadvisor.com/Restaurant_Review-g255093-d721603-Reviews-A_Taste_of_Spice-Adelaide_South_Australia.html]]></link>
</review>
<review>
	<rating>3.0</rating>
	<author><![CDATA[A TripAdvisor Contributor]]></author>
	<date>2008-01-27</date>
	<title><![CDATA[&#x201c;A nice place for a meal...&#x201d;]]></title>
	<excerpt><![CDATA[A nice place for a meal, and not too expensive, but the dishes are not quite there, they seem to lack a certain something to make them stand out. Serv]]></excerpt>
	<link><![CDATA[http://www.tripadvisor.com/Restaurant_Review-g255093-d721603-Reviews-A_Taste_of_Spice-Adelaide_South_Australia.html]]></link>
</review>
<review>
	<rating>5.0</rating>
	<author><![CDATA[A TripAdvisor Contributor]]></author>
	<date>2008-01-22</date>
	<title><![CDATA[&#x201c;Great food, relaxed...&#x201d;]]></title>
	<excerpt><![CDATA[Great food, relaxed atmosphere. more]]></excerpt>
	<link><![CDATA[http://www.tripadvisor.com/Restaurant_Review-g255093-d721603-Reviews-A_Taste_of_Spice-Adelaide_South_Australia.html]]></link>
</review>
<review>
	<rating>3.0</rating>
	<author><![CDATA[A TripAdvisor Contributor]]></author>
	<date>2007-12-01</date>
	<title><![CDATA[&#x201c;Good food, good prices...&#x201d;]]></title>
	<excerpt><![CDATA[Good food, good prices and fun for a group. more]]></excerpt>
	<link><![CDATA[http://www.tripadvisor.com/Restaurant_Review-g255093-d721603-Reviews-A_Taste_of_Spice-Adelaide_South_Australia.html]]></link>
</review>
</source>