<source name="Trip Advisor" avg-rating="4.5">
<review>
	<rating>4.0</rating>
	<author><![CDATA[A TripAdvisor Contributor]]></author>
	<date>2008-09-27</date>
	<title><![CDATA[&#x201c;Top Steaks!&#x201d;]]></title>
	<excerpt><![CDATA[Top Steaks! more]]></excerpt>
	<link><![CDATA[http://www.tripadvisor.com/Restaurant_Review-g255093-d721534-Reviews-Alphutte-Adelaide_South_Australia.html]]></link>
</review>
<review>
	<rating>4.0</rating>
	<author><![CDATA[A TripAdvisor Contributor]]></author>
	<date>2008-09-12</date>
	<title><![CDATA[&#x201c;Very nice - love the...&#x201d;]]></title>
	<excerpt><![CDATA[Very nice - love the choc desert....hmmm more]]></excerpt>
	<link><![CDATA[http://www.tripadvisor.com/Restaurant_Review-g255093-d721534-Reviews-Alphutte-Adelaide_South_Australia.html]]></link>
</review>
<review>
	<rating>3.0</rating>
	<author><![CDATA[A TripAdvisor Contributor]]></author>
	<date>2008-09-01</date>
	<title><![CDATA[&#x201c;Great Service, fresh&#x201d;]]></title>
	<excerpt><![CDATA[Great Service, fresh more]]></excerpt>
	<link><![CDATA[http://www.tripadvisor.com/Restaurant_Review-g255093-d721534-Reviews-Alphutte-Adelaide_South_Australia.html]]></link>
</review>
<review>
	<rating>5.0</rating>
	<author><![CDATA[A TripAdvisor Contributor]]></author>
	<date>2008-08-08</date>
	<title><![CDATA[&#x201c;"Swiss cusine? it caters...&#x201d;]]></title>
	<excerpt><![CDATA["Swiss cusine? it caters to a lot more than just that - greatest Oysters ever - a little pricey, but worth it - a definate must of an experience" more]]></excerpt>
	<link><![CDATA[http://www.tripadvisor.com/Restaurant_Review-g255093-d721534-Reviews-Alphutte-Adelaide_South_Australia.html]]></link>
</review>
<review>
	<rating>5.0</rating>
	<author><![CDATA[A TripAdvisor Contributor]]></author>
	<date>2008-07-22</date>
	<title><![CDATA[&#x201c;This is the best~&#x201d;]]></title>
	<excerpt><![CDATA[This is the best~ more]]></excerpt>
	<link><![CDATA[http://www.tripadvisor.com/Restaurant_Review-g255093-d721534-Reviews-Alphutte-Adelaide_South_Australia.html]]></link>
</review>
<review>
	<rating>5.0</rating>
	<author><![CDATA[A TripAdvisor Contributor]]></author>
	<date>2008-07-14</date>
	<title><![CDATA[&#x201c;Don't miss the rosti...&#x201d;]]></title>
	<excerpt><![CDATA[Don't miss the rosti. great steak and seafood too. more]]></excerpt>
	<link><![CDATA[http://www.tripadvisor.com/Restaurant_Review-g255093-d721534-Reviews-Alphutte-Adelaide_South_Australia.html]]></link>
</review>
<review>
	<rating>4.0</rating>
	<author><![CDATA[A TripAdvisor Contributor]]></author>
	<date>2008-06-12</date>
	<title><![CDATA[&#x201c;Nice&#x201d;]]></title>
	<excerpt><![CDATA[Nice more]]></excerpt>
	<link><![CDATA[http://www.tripadvisor.com/Restaurant_Review-g255093-d721534-Reviews-Alphutte-Adelaide_South_Australia.html]]></link>
</review>
<review>
	<rating>5.0</rating>
	<author><![CDATA[A TripAdvisor Contributor]]></author>
	<date>2008-05-18</date>
	<title><![CDATA[&#x201c;Prefer it Lenzerheide...&#x201d;]]></title>
	<excerpt><![CDATA[Prefer it Lenzerheide, food was much tastier. more]]></excerpt>
	<link><![CDATA[http://www.tripadvisor.com/Restaurant_Review-g255093-d721534-Reviews-Alphutte-Adelaide_South_Australia.html]]></link>
</review>
<review>
	<rating>3.0</rating>
	<author><![CDATA[A TripAdvisor Contributor]]></author>
	<date>2008-05-13</date>
	<title><![CDATA[&#x201c;cant say its my fav. but...&#x201d;]]></title>
	<excerpt><![CDATA[cant say its my fav. but food is stardard.. but they never change a thing.. always the same.. old fashion more]]></excerpt>
	<link><![CDATA[http://www.tripadvisor.com/Restaurant_Review-g255093-d721534-Reviews-Alphutte-Adelaide_South_Australia.html]]></link>
</review>
<review>
	<rating>5.0</rating>
	<author><![CDATA[A TripAdvisor Contributor]]></author>
	<date>2008-03-13</date>
	<title><![CDATA[&#x201c;The best meal I have...&#x201d;]]></title>
	<excerpt><![CDATA[The best meal I have ever had was at Aphutte. Check out the amazing choose your own wine from the cellar too! Perfect for a v special occasion.. more]]></excerpt>
	<link><![CDATA[http://www.tripadvisor.com/Restaurant_Review-g255093-d721534-Reviews-Alphutte-Adelaide_South_Australia.html]]></link>
</review>
<review>
	<rating>5.0</rating>
	<author><![CDATA[A TripAdvisor Contributor]]></author>
	<date>2008-02-27</date>
	<title><![CDATA[&#x201c;Expensive but worth it!&#x201d;]]></title>
	<excerpt><![CDATA[Expensive but worth it! more]]></excerpt>
	<link><![CDATA[http://www.tripadvisor.com/Restaurant_Review-g255093-d721534-Reviews-or10-Alphutte-Adelaide_South_Australia.html]]></link>
</review>
<review>
	<rating>4.0</rating>
	<author><![CDATA[A TripAdvisor Contributor]]></author>
	<date>2008-02-23</date>
	<title><![CDATA[&#x201c;11/07/2001. Cosy...&#x201d;]]></title>
	<excerpt><![CDATA[11/07/2001. Cosy atmosphere, tasty European cuisine and good wine list. more]]></excerpt>
	<link><![CDATA[http://www.tripadvisor.com/Restaurant_Review-g255093-d721534-Reviews-or10-Alphutte-Adelaide_South_Australia.html]]></link>
</review>
<review>
	<rating>4.0</rating>
	<author><![CDATA[A TripAdvisor Contributor]]></author>
	<date>2008-02-02</date>
	<title><![CDATA[&#x201c;Great steak - Darrin...&#x201d;]]></title>
	<excerpt><![CDATA[Great steak - Darrin proposed here. Good service, comfy chairs. more]]></excerpt>
	<link><![CDATA[http://www.tripadvisor.com/Restaurant_Review-g255093-d721534-Reviews-or10-Alphutte-Adelaide_South_Australia.html]]></link>
</review>
<review>
	<rating>3.0</rating>
	<author><![CDATA[A TripAdvisor Contributor]]></author>
	<date>2008-01-25</date>
	<title><![CDATA[&#x201c;nice&#x201d;]]></title>
	<excerpt><![CDATA[nice more]]></excerpt>
	<link><![CDATA[http://www.tripadvisor.com/Restaurant_Review-g255093-d721534-Reviews-or10-Alphutte-Adelaide_South_Australia.html]]></link>
</review>
<review>
	<rating>1.0</rating>
	<author><![CDATA[A TripAdvisor Contributor]]></author>
	<date>2008-01-21</date>
	<title><![CDATA[&#x201c;No atmosphere. Take...&#x201d;]]></title>
	<excerpt><![CDATA[No atmosphere. Take Granny! more]]></excerpt>
	<link><![CDATA[http://www.tripadvisor.com/Restaurant_Review-g255093-d721534-Reviews-or10-Alphutte-Adelaide_South_Australia.html]]></link>
</review>
<review>
	<rating>3.0</rating>
	<author><![CDATA[A TripAdvisor Contributor]]></author>
	<date>2008-01-20</date>
	<title><![CDATA[&#x201c;Tenderest steak you will...&#x201d;]]></title>
	<excerpt><![CDATA[Tenderest steak you will find. Touch tacky more]]></excerpt>
	<link><![CDATA[http://www.tripadvisor.com/Restaurant_Review-g255093-d721534-Reviews-or10-Alphutte-Adelaide_South_Australia.html]]></link>
</review>
<review>
	<rating>2.0</rating>
	<author><![CDATA[A TripAdvisor Contributor]]></author>
	<date>2008-01-06</date>
	<title><![CDATA[&#x201c;okay but doesn't cater...&#x201d;]]></title>
	<excerpt><![CDATA[okay but doesn't cater for vego's too much more]]></excerpt>
	<link><![CDATA[http://www.tripadvisor.com/Restaurant_Review-g255093-d721534-Reviews-or10-Alphutte-Adelaide_South_Australia.html]]></link>
</review>
<review>
	<rating>4.0</rating>
	<author><![CDATA[A TripAdvisor Contributor]]></author>
	<date>2008-01-03</date>
	<title><![CDATA[&#x201c;The best food!&#x201d;]]></title>
	<excerpt><![CDATA[The best food! more]]></excerpt>
	<link><![CDATA[http://www.tripadvisor.com/Restaurant_Review-g255093-d721534-Reviews-or10-Alphutte-Adelaide_South_Australia.html]]></link>
</review>
<review>
	<rating>5.0</rating>
	<author><![CDATA[A TripAdvisor Contributor]]></author>
	<date>2007-12-27</date>
	<title><![CDATA[&#x201c;Simply wonderful, the...&#x201d;]]></title>
	<excerpt><![CDATA[Simply wonderful, the whole experience was fantastic, food ,service and attention to detail was faultless, more]]></excerpt>
	<link><![CDATA[http://www.tripadvisor.com/Restaurant_Review-g255093-d721534-Reviews-or10-Alphutte-Adelaide_South_Australia.html]]></link>
</review>
<review>
	<rating>4.0</rating>
	<author><![CDATA[A TripAdvisor Contributor]]></author>
	<date>2007-12-23</date>
	<title><![CDATA[&#x201c;Always delivers a nice...&#x201d;]]></title>
	<excerpt><![CDATA[Always delivers a nice meal, friendly more]]></excerpt>
	<link><![CDATA[http://www.tripadvisor.com/Restaurant_Review-g255093-d721534-Reviews-or10-Alphutte-Adelaide_South_Australia.html]]></link>
</review>
<review>
	<rating>5.0</rating>
	<author><![CDATA[A TripAdvisor Contributor]]></author>
	<date>2007-12-07</date>
	<title><![CDATA[&#x201c;Big time treat - because...&#x201d;]]></title>
	<excerpt><![CDATA[Big time treat - because the food is divine & also because it's expensive!! Oh piccata milanese, how I dream of you.. more]]></excerpt>
	<link><![CDATA[http://www.tripadvisor.com/Restaurant_Review-g255093-d721534-Reviews-or20-Alphutte-Adelaide_South_Australia.html]]></link>
</review>
<review>
	<rating>5.0</rating>
	<author><![CDATA[A TripAdvisor Contributor]]></author>
	<date>2007-12-06</date>
	<title><![CDATA[&#x201c;simply the best, nothing...&#x201d;]]></title>
	<excerpt><![CDATA[simply the best, nothing compares. more]]></excerpt>
	<link><![CDATA[http://www.tripadvisor.com/Restaurant_Review-g255093-d721534-Reviews-or20-Alphutte-Adelaide_South_Australia.html]]></link>
</review>
<review>
	<rating>4.0</rating>
	<author><![CDATA[A TripAdvisor Contributor]]></author>
	<date>2007-12-01</date>
	<title><![CDATA[&#x201c;Excellent food, good...&#x201d;]]></title>
	<excerpt><![CDATA[Excellent food, good wines (prices a little high), excellent service, pricey by Adelaide standards. more]]></excerpt>
	<link><![CDATA[http://www.tripadvisor.com/Restaurant_Review-g255093-d721534-Reviews-or20-Alphutte-Adelaide_South_Australia.html]]></link>
</review>
<review>
	<rating>4.0</rating>
	<author><![CDATA[A TripAdvisor Contributor]]></author>
	<date>2007-11-28</date>
	<title><![CDATA[&#x201c;first class all the...&#x201d;]]></title>
	<excerpt><![CDATA[first class all the way.. but it shows on the bill... $$$ more]]></excerpt>
	<link><![CDATA[http://www.tripadvisor.com/Restaurant_Review-g255093-d721534-Reviews-or20-Alphutte-Adelaide_South_Australia.html]]></link>
</review>
<review>
	<rating>5.0</rating>
	<author><![CDATA[A TripAdvisor Contributor]]></author>
	<date>2007-11-27</date>
	<title><![CDATA[&#x201c;Food is expensive but...&#x201d;]]></title>
	<excerpt><![CDATA[Food is expensive but magnificent more]]></excerpt>
	<link><![CDATA[http://www.tripadvisor.com/Restaurant_Review-g255093-d721534-Reviews-or20-Alphutte-Adelaide_South_Australia.html]]></link>
</review>
<review>
	<rating>3.0</rating>
	<author><![CDATA[A TripAdvisor Contributor]]></author>
	<date>2007-11-23</date>
	<title><![CDATA[&#x201c;Tables are all far too...&#x201d;]]></title>
	<excerpt><![CDATA[Tables are all far too close together and too small. more]]></excerpt>
	<link><![CDATA[http://www.tripadvisor.com/Restaurant_Review-g255093-d721534-Reviews-or20-Alphutte-Adelaide_South_Australia.html]]></link>
</review>
<review>
	<rating>5.0</rating>
	<author><![CDATA[A TripAdvisor Contributor]]></author>
	<date>2007-11-12</date>
	<title><![CDATA[&#x201c;Classic dining in a...&#x201d;]]></title>
	<excerpt><![CDATA[Classic dining in a relaxed atmosphere more]]></excerpt>
	<link><![CDATA[http://www.tripadvisor.com/Restaurant_Review-g255093-d721534-Reviews-or20-Alphutte-Adelaide_South_Australia.html]]></link>
</review>
<review>
	<rating>3.0</rating>
	<author><![CDATA[A TripAdvisor Contributor]]></author>
	<date>2007-10-22</date>
	<title><![CDATA[&#x201c;reminds me of David...&#x201d;]]></title>
	<excerpt><![CDATA[reminds me of David Lester more]]></excerpt>
	<link><![CDATA[http://www.tripadvisor.com/Restaurant_Review-g255093-d721534-Reviews-or20-Alphutte-Adelaide_South_Australia.html]]></link>
</review>
</source>