<source name="Trip Advisor" avg-rating="4.0">
<review>
	<rating>5.0</rating>
	<author><![CDATA[A TripAdvisor Contributor]]></author>
	<date>2008-06-17</date>
	<title><![CDATA[&#x201c;am in love with the...&#x201d;]]></title>
	<excerpt><![CDATA[am in love with the drunken noodles! i go there just to get take away drunken noodles when my friends dont want asian, and we go to some other restaur]]></excerpt>
	<link><![CDATA[http://www.tripadvisor.com/Restaurant_Review-g255093-d721544-Reviews-Amarin_Thai_Restaurant-Adelaide_South_Australia.html]]></link>
</review>
<review>
	<rating>4.0</rating>
	<author><![CDATA[A TripAdvisor Contributor]]></author>
	<date>2008-03-12</date>
	<title><![CDATA[&#x201c;My choice for Thai in...&#x201d;]]></title>
	<excerpt><![CDATA[My choice for Thai in North Adelaide more]]></excerpt>
	<link><![CDATA[http://www.tripadvisor.com/Restaurant_Review-g255093-d721544-Reviews-Amarin_Thai_Restaurant-Adelaide_South_Australia.html]]></link>
</review>
<review>
	<rating>4.0</rating>
	<author><![CDATA[A TripAdvisor Contributor]]></author>
	<date>2008-03-10</date>
	<title><![CDATA[&#x201c;3rd best Thai place in...&#x201d;]]></title>
	<excerpt><![CDATA[3rd best Thai place in adelaide more]]></excerpt>
	<link><![CDATA[http://www.tripadvisor.com/Restaurant_Review-g255093-d721544-Reviews-Amarin_Thai_Restaurant-Adelaide_South_Australia.html]]></link>
</review>
<review>
	<rating>4.0</rating>
	<author><![CDATA[A TripAdvisor Contributor]]></author>
	<date>2008-01-03</date>
	<title><![CDATA[&#x201c;Love this place!&#x201d;]]></title>
	<excerpt><![CDATA[Love this place! more]]></excerpt>
	<link><![CDATA[http://www.tripadvisor.com/Restaurant_Review-g255093-d721544-Reviews-Amarin_Thai_Restaurant-Adelaide_South_Australia.html]]></link>
</review>
<review>
	<rating>5.0</rating>
	<author><![CDATA[A TripAdvisor Contributor]]></author>
	<date>2008-01-02</date>
	<title><![CDATA[&#x201c;lovely, on par with star...&#x201d;]]></title>
	<excerpt><![CDATA[lovely, on par with star of siam more]]></excerpt>
	<link><![CDATA[http://www.tripadvisor.com/Restaurant_Review-g255093-d721544-Reviews-Amarin_Thai_Restaurant-Adelaide_South_Australia.html]]></link>
</review>
<review>
	<rating>2.0</rating>
	<author><![CDATA[A TripAdvisor Contributor]]></author>
	<date>2007-11-17</date>
	<title><![CDATA[&#x201c;The only time I have...&#x201d;]]></title>
	<excerpt><![CDATA[The only time I have been there the rice wasn't cooked properly more]]></excerpt>
	<link><![CDATA[http://www.tripadvisor.com/Restaurant_Review-g255093-d721544-Reviews-Amarin_Thai_Restaurant-Adelaide_South_Australia.html]]></link>
</review>
</source>