<source name="Trip Advisor" avg-rating="4.0">
<review>
	<rating>5.0</rating>
	<author><![CDATA[A TripAdvisor Contributor]]></author>
	<date>2009-01-27</date>
	<title><![CDATA[&#x201c;Great food, great...&#x201d;]]></title>
	<excerpt><![CDATA[Great food, great location, great ambience. The best place to kick back after work under the palm frond pergola, have a few drinks, and just watch the]]></excerpt>
	<link><![CDATA[http://www.tripadvisor.com/Restaurant_Review-g255093-d723020-Reviews-Cafe_Salsa-Adelaide_South_Australia.html]]></link>
</review>
<review>
	<rating>4.0</rating>
	<author><![CDATA[A TripAdvisor Contributor]]></author>
	<date>2008-10-28</date>
	<title><![CDATA[&#x201c;funky and delicious...&#x201d;]]></title>
	<excerpt><![CDATA[funky and delicious. great to get a seat next to the fire in winter. more]]></excerpt>
	<link><![CDATA[http://www.tripadvisor.com/Restaurant_Review-g255093-d723020-Reviews-Cafe_Salsa-Adelaide_South_Australia.html]]></link>
</review>
<review>
	<rating>2.0</rating>
	<author><![CDATA[A TripAdvisor Contributor]]></author>
	<date>2008-07-22</date>
	<title><![CDATA[&#x201c;could've had a better...&#x201d;]]></title>
	<excerpt><![CDATA[could've had a better experience. more]]></excerpt>
	<link><![CDATA[http://www.tripadvisor.com/Restaurant_Review-g255093-d723020-Reviews-Cafe_Salsa-Adelaide_South_Australia.html]]></link>
</review>
<review>
	<rating>5.0</rating>
	<author><![CDATA[A TripAdvisor Contributor]]></author>
	<date>2008-03-13</date>
	<title><![CDATA[&#x201c;Absolutely love it! Love...&#x201d;]]></title>
	<excerpt><![CDATA[Absolutely love it! Love the atmosphere and character of the place and provides traditional italian food at it's best! more]]></excerpt>
	<link><![CDATA[http://www.tripadvisor.com/Restaurant_Review-g255093-d723020-Reviews-Cafe_Salsa-Adelaide_South_Australia.html]]></link>
</review>
<review>
	<rating>4.0</rating>
	<author><![CDATA[A TripAdvisor Contributor]]></author>
	<date>2007-12-29</date>
	<title><![CDATA[&#x201c;wicked set up, the place...&#x201d;]]></title>
	<excerpt><![CDATA[wicked set up, the place to be in summer more]]></excerpt>
	<link><![CDATA[http://www.tripadvisor.com/Restaurant_Review-g255093-d723020-Reviews-Cafe_Salsa-Adelaide_South_Australia.html]]></link>
</review>
<review>
	<rating>3.0</rating>
	<author><![CDATA[A TripAdvisor Contributor]]></author>
	<date>2007-12-28</date>
	<title><![CDATA[&#x201c;The best place to eat...&#x201d;]]></title>
	<excerpt><![CDATA[The best place to eat during summer. Great location, great food and great outdoor seating. more]]></excerpt>
	<link><![CDATA[http://www.tripadvisor.com/Restaurant_Review-g255093-d723020-Reviews-Cafe_Salsa-Adelaide_South_Australia.html]]></link>
</review>
</source>