<source name="Trip Advisor" avg-rating="4.0">
<review>
	<rating>3.0</rating>
	<author><![CDATA[A TripAdvisor Contributor]]></author>
	<date>2008-08-08</date>
	<title><![CDATA[&#x201c;A great cafe with nice...&#x201d;]]></title>
	<excerpt><![CDATA[A great cafe with nice food and good service. It used to be one of my favourites many years ago. more]]></excerpt>
	<link><![CDATA[http://www.tripadvisor.com/Restaurant_Review-g255093-d723005-Reviews-Cafe_Paradiso-Adelaide_South_Australia.html]]></link>
</review>
<review>
	<rating>3.0</rating>
	<author><![CDATA[A TripAdvisor Contributor]]></author>
	<date>2008-05-18</date>
	<title><![CDATA[&#x201c;Breakfast is good.&#x201d;]]></title>
	<excerpt><![CDATA[Breakfast is good. more]]></excerpt>
	<link><![CDATA[http://www.tripadvisor.com/Restaurant_Review-g255093-d723005-Reviews-Cafe_Paradiso-Adelaide_South_Australia.html]]></link>
</review>
<review>
	<rating>3.0</rating>
	<author><![CDATA[A TripAdvisor Contributor]]></author>
	<date>2008-05-07</date>
	<title><![CDATA[&#x201c;Delicious Risotto...&#x201d;]]></title>
	<excerpt><![CDATA[Delicious Risotto, Average lasagne. The one I make is way better and I think 3 tiny pieces of garlic bread for $5.80 is a RIP OFF!!! It was ok. Used t]]></excerpt>
	<link><![CDATA[http://www.tripadvisor.com/Restaurant_Review-g255093-d723005-Reviews-Cafe_Paradiso-Adelaide_South_Australia.html]]></link>
</review>
<review>
	<rating>3.0</rating>
	<author><![CDATA[A TripAdvisor Contributor]]></author>
	<date>2007-12-28</date>
	<title><![CDATA[&#x201c;If you want to be "seen...&#x201d;]]></title>
	<excerpt><![CDATA[If you want to be "seen" doing coffee this is the place provided you are sitting out the front of course!!! more]]></excerpt>
	<link><![CDATA[http://www.tripadvisor.com/Restaurant_Review-g255093-d723005-Reviews-Cafe_Paradiso-Adelaide_South_Australia.html]]></link>
</review>
<review>
	<rating>4.0</rating>
	<author><![CDATA[A TripAdvisor Contributor]]></author>
	<date>2007-12-21</date>
	<title><![CDATA[&#x201c;I love Cafe Paradiso, I...&#x201d;]]></title>
	<excerpt><![CDATA[I love Cafe Paradiso, I have only ever been there for coffee and my son loved the ice-cream more]]></excerpt>
	<link><![CDATA[http://www.tripadvisor.com/Restaurant_Review-g255093-d723005-Reviews-Cafe_Paradiso-Adelaide_South_Australia.html]]></link>
</review>
<review>
	<rating>3.0</rating>
	<author><![CDATA[A TripAdvisor Contributor]]></author>
	<date>2007-12-06</date>
	<title><![CDATA[&#x201c;not bad&#x201d;]]></title>
	<excerpt><![CDATA[not bad more]]></excerpt>
	<link><![CDATA[http://www.tripadvisor.com/Restaurant_Review-g255093-d723005-Reviews-Cafe_Paradiso-Adelaide_South_Australia.html]]></link>
</review>
<review>
	<rating>3.0</rating>
	<author><![CDATA[A TripAdvisor Contributor]]></author>
	<date>2007-11-23</date>
	<title><![CDATA[&#x201c;Very average food and...&#x201d;]]></title>
	<excerpt><![CDATA[Very average food and service. more]]></excerpt>
	<link><![CDATA[http://www.tripadvisor.com/Restaurant_Review-g255093-d723005-Reviews-Cafe_Paradiso-Adelaide_South_Australia.html]]></link>
</review>
<review>
	<rating>3.0</rating>
	<author><![CDATA[A TripAdvisor Contributor]]></author>
	<date>2007-11-08</date>
	<title><![CDATA[&#x201c;An old favourite for...&#x201d;]]></title>
	<excerpt><![CDATA[An old favourite for lunch and coffees more]]></excerpt>
	<link><![CDATA[http://www.tripadvisor.com/Restaurant_Review-g255093-d723005-Reviews-Cafe_Paradiso-Adelaide_South_Australia.html]]></link>
</review>
</source>