<source name="Trip Advisor" avg-rating="4.5">
<review>
	<rating>4.0</rating>
	<author><![CDATA[A TripAdvisor Contributor]]></author>
	<date>2008-09-14</date>
	<title><![CDATA[&#x201c;Very good thai food in...&#x201d;]]></title>
	<excerpt><![CDATA[Very good thai food in the middle of the CBD! Next time I will try the hot option (medium was not very hot)! more]]></excerpt>
	<link><![CDATA[http://www.tripadvisor.com/Restaurant_Review-g255093-d722987-Reviews-Cafe_Michael_2-Adelaide_South_Australia.html]]></link>
</review>
<review>
	<rating>4.0</rating>
	<author><![CDATA[A TripAdvisor Contributor]]></author>
	<date>2008-05-18</date>
	<title><![CDATA[&#x201c;Love their curries!&#x201d;]]></title>
	<excerpt><![CDATA[Love their curries! more]]></excerpt>
	<link><![CDATA[http://www.tripadvisor.com/Restaurant_Review-g255093-d722987-Reviews-Cafe_Michael_2-Adelaide_South_Australia.html]]></link>
</review>
<review>
	<rating>5.0</rating>
	<author><![CDATA[A TripAdvisor Contributor]]></author>
	<date>2008-05-14</date>
	<title><![CDATA[&#x201c;#2 Thai - Yummo but...&#x201d;]]></title>
	<excerpt><![CDATA[#2 Thai - Yummo but expensive more]]></excerpt>
	<link><![CDATA[http://www.tripadvisor.com/Restaurant_Review-g255093-d722987-Reviews-Cafe_Michael_2-Adelaide_South_Australia.html]]></link>
</review>
<review>
	<rating>5.0</rating>
	<author><![CDATA[A TripAdvisor Contributor]]></author>
	<date>2008-04-26</date>
	<title><![CDATA[&#x201c;The best Thai! Pad Thai...&#x201d;]]></title>
	<excerpt><![CDATA[The best Thai! Pad Thai to die for! more]]></excerpt>
	<link><![CDATA[http://www.tripadvisor.com/Restaurant_Review-g255093-d722987-Reviews-Cafe_Michael_2-Adelaide_South_Australia.html]]></link>
</review>
<review>
	<rating>4.0</rating>
	<author><![CDATA[A TripAdvisor Contributor]]></author>
	<date>2008-03-31</date>
	<title><![CDATA[&#x201c;Thai food prepared by...&#x201d;]]></title>
	<excerpt><![CDATA[Thai food prepared by Thai people. Its one of the best cafe's in Adelaide. But its that, a Cafe not a restaurant, so expect a busy ambience. The food ]]></excerpt>
	<link><![CDATA[http://www.tripadvisor.com/Restaurant_Review-g255093-d722987-Reviews-Cafe_Michael_2-Adelaide_South_Australia.html]]></link>
</review>
<review>
	<rating>5.0</rating>
	<author><![CDATA[A TripAdvisor Contributor]]></author>
	<date>2008-03-13</date>
	<title><![CDATA[&#x201c;MUST GO !!!! FOOD WAS...&#x201d;]]></title>
	<excerpt><![CDATA[MUST GO !!!! FOOD WAS EXCELLENT 10/10... more]]></excerpt>
	<link><![CDATA[http://www.tripadvisor.com/Restaurant_Review-g255093-d722987-Reviews-Cafe_Michael_2-Adelaide_South_Australia.html]]></link>
</review>
<review>
	<rating>3.0</rating>
	<author><![CDATA[A TripAdvisor Contributor]]></author>
	<date>2008-01-04</date>
	<title><![CDATA[&#x201c;our usual post-movie...&#x201d;]]></title>
	<excerpt><![CDATA[our usual post-movie place, consistently good more]]></excerpt>
	<link><![CDATA[http://www.tripadvisor.com/Restaurant_Review-g255093-d722987-Reviews-Cafe_Michael_2-Adelaide_South_Australia.html]]></link>
</review>
<review>
	<rating>3.0</rating>
	<author><![CDATA[A TripAdvisor Contributor]]></author>
	<date>2008-01-04</date>
	<title><![CDATA[&#x201c;not consistant&#x201d;]]></title>
	<excerpt><![CDATA[not consistant more]]></excerpt>
	<link><![CDATA[http://www.tripadvisor.com/Restaurant_Review-g255093-d722987-Reviews-Cafe_Michael_2-Adelaide_South_Australia.html]]></link>
</review>
<review>
	<rating>4.0</rating>
	<author><![CDATA[A TripAdvisor Contributor]]></author>
	<date>2007-12-29</date>
	<title><![CDATA[&#x201c;A nice spicy Thai...&#x201d;]]></title>
	<excerpt><![CDATA[A nice spicy Thai restaurant. more]]></excerpt>
	<link><![CDATA[http://www.tripadvisor.com/Restaurant_Review-g255093-d722987-Reviews-Cafe_Michael_2-Adelaide_South_Australia.html]]></link>
</review>
<review>
	<rating>3.0</rating>
	<author><![CDATA[A TripAdvisor Contributor]]></author>
	<date>2007-12-27</date>
	<title><![CDATA[&#x201c;Always great for a quick...&#x201d;]]></title>
	<excerpt><![CDATA[Always great for a quick meal before or after a movie in Rundle Street. more]]></excerpt>
	<link><![CDATA[http://www.tripadvisor.com/Restaurant_Review-g255093-d722987-Reviews-Cafe_Michael_2-Adelaide_South_Australia.html]]></link>
</review>
<review>
	<rating>5.0</rating>
	<author><![CDATA[A TripAdvisor Contributor]]></author>
	<date>2007-12-21</date>
	<title><![CDATA[&#x201c;Best Thai in Adelaide&#x201d;]]></title>
	<excerpt><![CDATA[Best Thai in Adelaide more]]></excerpt>
	<link><![CDATA[http://www.tripadvisor.com/Restaurant_Review-g255093-d722987-Reviews-or10-Cafe_Michael_2-Adelaide_South_Australia.html]]></link>
</review>
<review>
	<rating>5.0</rating>
	<author><![CDATA[A TripAdvisor Contributor]]></author>
	<date>2007-12-19</date>
	<title><![CDATA[&#x201c;Best Thai ever. Green...&#x201d;]]></title>
	<excerpt><![CDATA[Best Thai ever. Green Curry Chicken, nothing taste better than that more]]></excerpt>
	<link><![CDATA[http://www.tripadvisor.com/Restaurant_Review-g255093-d722987-Reviews-or10-Cafe_Michael_2-Adelaide_South_Australia.html]]></link>
</review>
<review>
	<rating>1.0</rating>
	<author><![CDATA[A TripAdvisor Contributor]]></author>
	<date>2007-12-05</date>
	<title><![CDATA[&#x201c;enough said with one star&#x201d;]]></title>
	<excerpt><![CDATA[enough said with one star more]]></excerpt>
	<link><![CDATA[http://www.tripadvisor.com/Restaurant_Review-g255093-d722987-Reviews-or10-Cafe_Michael_2-Adelaide_South_Australia.html]]></link>
</review>
<review>
	<rating>5.0</rating>
	<author><![CDATA[A TripAdvisor Contributor]]></author>
	<date>2007-12-04</date>
	<title><![CDATA[&#x201c;The service and...&#x201d;]]></title>
	<excerpt><![CDATA[The service and atmosphere here is always fantastic... and the food is amazing. Best pad thai I have ever had in Adelaide and I recommend the Penang b]]></excerpt>
	<link><![CDATA[http://www.tripadvisor.com/Restaurant_Review-g255093-d722987-Reviews-or10-Cafe_Michael_2-Adelaide_South_Australia.html]]></link>
</review>
<review>
	<rating>4.0</rating>
	<author><![CDATA[A TripAdvisor Contributor]]></author>
	<date>2007-11-21</date>
	<title><![CDATA[&#x201c;Good food, fairly...&#x201d;]]></title>
	<excerpt><![CDATA[Good food, fairly casual, great location on Rundle St more]]></excerpt>
	<link><![CDATA[http://www.tripadvisor.com/Restaurant_Review-g255093-d722987-Reviews-or10-Cafe_Michael_2-Adelaide_South_Australia.html]]></link>
</review>
<review>
	<rating>4.0</rating>
	<author><![CDATA[A TripAdvisor Contributor]]></author>
	<date>2007-11-16</date>
	<title><![CDATA[&#x201c;great thai - very big...&#x201d;]]></title>
	<excerpt><![CDATA[great thai - very big lunch sizes more]]></excerpt>
	<link><![CDATA[http://www.tripadvisor.com/Restaurant_Review-g255093-d722987-Reviews-or10-Cafe_Michael_2-Adelaide_South_Australia.html]]></link>
</review>
<review>
	<rating>5.0</rating>
	<author><![CDATA[A TripAdvisor Contributor]]></author>
	<date>2007-11-14</date>
	<title><![CDATA[&#x201c;Another restaurant that...&#x201d;]]></title>
	<excerpt><![CDATA[Another restaurant that you must go to when in Adelaide. This is a small restaurant but when inside, you will find that it is packed with people. Cafe]]></excerpt>
	<link><![CDATA[http://www.tripadvisor.com/Restaurant_Review-g255093-d722987-Reviews-or10-Cafe_Michael_2-Adelaide_South_Australia.html]]></link>
</review>
</source>