<source name="Trip Advisor" avg-rating="4.0">
<review>
	<rating>4.0</rating>
	<author><![CDATA[A TripAdvisor Contributor]]></author>
	<date>2008-06-17</date>
	<title><![CDATA[&#x201c;Always good food...&#x201d;]]></title>
	<excerpt><![CDATA[Always good food, friendly staff. Love breakfast on a Sunday. more]]></excerpt>
	<link><![CDATA[http://www.tripadvisor.com/Restaurant_Review-g255093-d722905-Reviews-Cafe_Bravo-Adelaide_South_Australia.html]]></link>
</review>
<review>
	<rating>4.0</rating>
	<author><![CDATA[A TripAdvisor Contributor]]></author>
	<date>2008-06-16</date>
	<title><![CDATA[&#x201c;nice coffee&#x201d;]]></title>
	<excerpt><![CDATA[nice coffee more]]></excerpt>
	<link><![CDATA[http://www.tripadvisor.com/Restaurant_Review-g255093-d722905-Reviews-Cafe_Bravo-Adelaide_South_Australia.html]]></link>
</review>
<review>
	<rating>2.0</rating>
	<author><![CDATA[A TripAdvisor Contributor]]></author>
	<date>2008-05-21</date>
	<title><![CDATA[&#x201c;This used to be one of...&#x201d;]]></title>
	<excerpt><![CDATA[This used to be one of my favourite cafes, but sadly, I've not enjoyed the food the past 3 visits so have now stopped going. more]]></excerpt>
	<link><![CDATA[http://www.tripadvisor.com/Restaurant_Review-g255093-d722905-Reviews-Cafe_Bravo-Adelaide_South_Australia.html]]></link>
</review>
<review>
	<rating>3.0</rating>
	<author><![CDATA[A TripAdvisor Contributor]]></author>
	<date>2008-04-25</date>
	<title><![CDATA[&#x201c;Always a nice choice&#x201d;]]></title>
	<excerpt><![CDATA[Always a nice choice more]]></excerpt>
	<link><![CDATA[http://www.tripadvisor.com/Restaurant_Review-g255093-d722905-Reviews-Cafe_Bravo-Adelaide_South_Australia.html]]></link>
</review>
<review>
	<rating>5.0</rating>
	<author><![CDATA[A TripAdvisor Contributor]]></author>
	<date>2007-12-26</date>
	<title><![CDATA[&#x201c;BRAVO! Perfect place for...&#x201d;]]></title>
	<excerpt><![CDATA[BRAVO! Perfect place for a coffee catch up and the best antipasto.. yum.. more]]></excerpt>
	<link><![CDATA[http://www.tripadvisor.com/Restaurant_Review-g255093-d722905-Reviews-Cafe_Bravo-Adelaide_South_Australia.html]]></link>
</review>
<review>
	<rating>4.0</rating>
	<author><![CDATA[A TripAdvisor Contributor]]></author>
	<date>2007-12-10</date>
	<title><![CDATA[&#x201c;Its good for a quick...&#x201d;]]></title>
	<excerpt><![CDATA[Its good for a quick meal before going out . Has a great late breakfast more]]></excerpt>
	<link><![CDATA[http://www.tripadvisor.com/Restaurant_Review-g255093-d722905-Reviews-Cafe_Bravo-Adelaide_South_Australia.html]]></link>
</review>
<review>
	<rating>1.0</rating>
	<author><![CDATA[A TripAdvisor Contributor]]></author>
	<date>2007-12-01</date>
	<title><![CDATA[&#x201c;Lost our booking, rude...&#x201d;]]></title>
	<excerpt><![CDATA[Lost our booking, rude and unapologetic . Not worth the effort. more]]></excerpt>
	<link><![CDATA[http://www.tripadvisor.com/Restaurant_Review-g255093-d722905-Reviews-Cafe_Bravo-Adelaide_South_Australia.html]]></link>
</review>
<review>
	<rating>3.0</rating>
	<author><![CDATA[A TripAdvisor Contributor]]></author>
	<date>2007-11-26</date>
	<title><![CDATA[&#x201c;Good, reliable cafe food.&#x201d;]]></title>
	<excerpt><![CDATA[Good, reliable cafe food. more]]></excerpt>
	<link><![CDATA[http://www.tripadvisor.com/Restaurant_Review-g255093-d722905-Reviews-Cafe_Bravo-Adelaide_South_Australia.html]]></link>
</review>
<review>
	<rating>1.0</rating>
	<author><![CDATA[A TripAdvisor Contributor]]></author>
	<date>2007-11-23</date>
	<title><![CDATA[&#x201c;The worst service in...&#x201d;]]></title>
	<excerpt><![CDATA[The worst service in town. more]]></excerpt>
	<link><![CDATA[http://www.tripadvisor.com/Restaurant_Review-g255093-d722905-Reviews-Cafe_Bravo-Adelaide_South_Australia.html]]></link>
</review>
<review>
	<rating>4.0</rating>
	<author><![CDATA[A TripAdvisor Contributor]]></author>
	<date>2007-11-21</date>
	<title><![CDATA[&#x201c;Beautiful food & service...&#x201d;]]></title>
	<excerpt><![CDATA[Beautiful food & service was exceptional. more]]></excerpt>
	<link><![CDATA[http://www.tripadvisor.com/Restaurant_Review-g255093-d722905-Reviews-Cafe_Bravo-Adelaide_South_Australia.html]]></link>
</review>
<review>
	<rating>4.0</rating>
	<author><![CDATA[A TripAdvisor Contributor]]></author>
	<date>2007-11-16</date>
	<title><![CDATA[&#x201c;this used to be the old...&#x201d;]]></title>
	<excerpt><![CDATA[this used to be the old classic standby for an easy dinner when our cousins lived in norwood & we wanted somewhere easy more]]></excerpt>
	<link><![CDATA[http://www.tripadvisor.com/Restaurant_Review-g255093-d722905-Reviews-or10-Cafe_Bravo-Adelaide_South_Australia.html]]></link>
</review>
<review>
	<rating>4.0</rating>
	<author><![CDATA[A TripAdvisor Contributor]]></author>
	<date>2007-11-11</date>
	<title><![CDATA[&#x201c;Fantastic! Great...&#x201d;]]></title>
	<excerpt><![CDATA[Fantastic! Great location, great quick food, excellent value, friendly service! more]]></excerpt>
	<link><![CDATA[http://www.tripadvisor.com/Restaurant_Review-g255093-d722905-Reviews-or10-Cafe_Bravo-Adelaide_South_Australia.html]]></link>
</review>
</source>