<source name="Trip Advisor" avg-rating="4.0">
<review>
	<rating>1.0</rating>
	<author><![CDATA[A TripAdvisor Contributor]]></author>
	<date>2008-05-21</date>
	<title><![CDATA[&#x201c;Enjoyed this place back...&#x201d;]]></title>
	<excerpt><![CDATA[Enjoyed this place back in its heyday but gave up going a few years ago. more]]></excerpt>
	<link><![CDATA[http://www.tripadvisor.com/Restaurant_Review-g255093-d723264-Reviews-Caos_Cafe-Adelaide_South_Australia.html]]></link>
</review>
<review>
	<rating>3.0</rating>
	<author><![CDATA[A TripAdvisor Contributor]]></author>
	<date>2008-01-14</date>
	<title><![CDATA[&#x201c;Never eaten here, but...&#x201d;]]></title>
	<excerpt><![CDATA[Never eaten here, but alternative scene friendly! more]]></excerpt>
	<link><![CDATA[http://www.tripadvisor.com/Restaurant_Review-g255093-d723264-Reviews-Caos_Cafe-Adelaide_South_Australia.html]]></link>
</review>
<review>
	<rating>3.0</rating>
	<author><![CDATA[A TripAdvisor Contributor]]></author>
	<date>2008-01-03</date>
	<title><![CDATA[&#x201c;Good for lunch. Not bad...&#x201d;]]></title>
	<excerpt><![CDATA[Good for lunch. Not bad, not wonderful. more]]></excerpt>
	<link><![CDATA[http://www.tripadvisor.com/Restaurant_Review-g255093-d723264-Reviews-Caos_Cafe-Adelaide_South_Australia.html]]></link>
</review>
<review>
	<rating>4.0</rating>
	<author><![CDATA[A TripAdvisor Contributor]]></author>
	<date>2007-11-18</date>
	<title><![CDATA[&#x201c;They do a yummy...&#x201d;]]></title>
	<excerpt><![CDATA[They do a yummy breakfast. Considering it is right next to UniSA it is disappointing that they do not do uni specials more]]></excerpt>
	<link><![CDATA[http://www.tripadvisor.com/Restaurant_Review-g255093-d723264-Reviews-Caos_Cafe-Adelaide_South_Australia.html]]></link>
</review>
</source>