<source name="Trip Advisor" avg-rating="4.0">
<review>
	<rating>1.0</rating>
	<author><![CDATA[cinnamon_pebbles]]></author>
	<date>2008-11-10</date>
	<title><![CDATA[&#x201c;This was my favourite spot, not any more.....&#x201d;]]></title>
	<excerpt><![CDATA[This was one of my favourite spots for breakfast. The service is very below average. The food is okay, nothing special, but waiting over an hour for e]]></excerpt>
	<link><![CDATA[http://www.tripadvisor.com/Restaurant_Review-g255093-d723682-Reviews-Citrus_and_the_Green_Olive_Restaurant-Adelaide_South_Australia.html]]></link>
</review>
<review>
	<rating>1.0</rating>
	<author><![CDATA[A TripAdvisor Contributor]]></author>
	<date>2008-07-21</date>
	<title><![CDATA[&#x201c;Used to be good......but...&#x201d;]]></title>
	<excerpt><![CDATA[Used to be good......but gone to the dogs under the new owners. Way over priced and arrogant staff more]]></excerpt>
	<link><![CDATA[http://www.tripadvisor.com/Restaurant_Review-g255093-d723682-Reviews-Citrus_and_the_Green_Olive_Restaurant-Adelaide_South_Australia.html]]></link>
</review>
<review>
	<rating>4.0</rating>
	<author><![CDATA[A TripAdvisor Contributor]]></author>
	<date>2008-06-13</date>
	<title><![CDATA[&#x201c;Good for a fancy...&#x201d;]]></title>
	<excerpt><![CDATA[Good for a fancy breakfast but the meals are a little overaited more]]></excerpt>
	<link><![CDATA[http://www.tripadvisor.com/Restaurant_Review-g255093-d723682-Reviews-Citrus_and_the_Green_Olive_Restaurant-Adelaide_South_Australia.html]]></link>
</review>
<review>
	<rating>4.0</rating>
	<author><![CDATA[A TripAdvisor Contributor]]></author>
	<date>2008-05-18</date>
	<title><![CDATA[&#x201c;Had one of the best...&#x201d;]]></title>
	<excerpt><![CDATA[Had one of the best gnocchi there! Great wine list. more]]></excerpt>
	<link><![CDATA[http://www.tripadvisor.com/Restaurant_Review-g255093-d723682-Reviews-Citrus_and_the_Green_Olive_Restaurant-Adelaide_South_Australia.html]]></link>
</review>
<review>
	<rating>2.0</rating>
	<author><![CDATA[A TripAdvisor Contributor]]></author>
	<date>2008-04-26</date>
	<title><![CDATA[&#x201c;Breakfast's customer...&#x201d;]]></title>
	<excerpt><![CDATA[Breakfast's customer service was goddamn awful! It took us 1.5 hours for our food to arrive and the waitress was totally clueless! more]]></excerpt>
	<link><![CDATA[http://www.tripadvisor.com/Restaurant_Review-g255093-d723682-Reviews-Citrus_and_the_Green_Olive_Restaurant-Adelaide_South_Australia.html]]></link>
</review>
<review>
	<rating>1.0</rating>
	<author><![CDATA[A TripAdvisor Contributor]]></author>
	<date>2008-04-26</date>
	<title><![CDATA[&#x201c;Don't believe the hype...&#x201d;]]></title>
	<excerpt><![CDATA[Don't believe the hype - the blaze and pretentious wait staff, and unhospitable 2 hour wait for mediocre breakfast will never make me a fool for this ]]></excerpt>
	<link><![CDATA[http://www.tripadvisor.com/Restaurant_Review-g255093-d723682-Reviews-Citrus_and_the_Green_Olive_Restaurant-Adelaide_South_Australia.html]]></link>
</review>
<review>
	<rating>4.0</rating>
	<author><![CDATA[A TripAdvisor Contributor]]></author>
	<date>2008-04-25</date>
	<title><![CDATA[&#x201c;The scene of my marriage...&#x201d;]]></title>
	<excerpt><![CDATA[The scene of my marriage proposal more]]></excerpt>
	<link><![CDATA[http://www.tripadvisor.com/Restaurant_Review-g255093-d723682-Reviews-Citrus_and_the_Green_Olive_Restaurant-Adelaide_South_Australia.html]]></link>
</review>
<review>
	<rating>3.0</rating>
	<author><![CDATA[A TripAdvisor Contributor]]></author>
	<date>2008-03-31</date>
	<title><![CDATA[&#x201c;Often forgotten in...&#x201d;]]></title>
	<excerpt><![CDATA[Often forgotten in Adelaide's restaurant industry, Citrus is very forward thinking, great flavour combinations and well priced. Often not too busy but]]></excerpt>
	<link><![CDATA[http://www.tripadvisor.com/Restaurant_Review-g255093-d723682-Reviews-Citrus_and_the_Green_Olive_Restaurant-Adelaide_South_Australia.html]]></link>
</review>
<review>
	<rating>2.0</rating>
	<author><![CDATA[A TripAdvisor Contributor]]></author>
	<date>2008-02-04</date>
	<title><![CDATA[&#x201c;if you've got an hour to...&#x201d;]]></title>
	<excerpt><![CDATA[if you've got an hour to spare to wait for your coffee then it's worth it for the poached eggs napolitana more]]></excerpt>
	<link><![CDATA[http://www.tripadvisor.com/Restaurant_Review-g255093-d723682-Reviews-Citrus_and_the_Green_Olive_Restaurant-Adelaide_South_Australia.html]]></link>
</review>
<review>
	<rating>5.0</rating>
	<author><![CDATA[A TripAdvisor Contributor]]></author>
	<date>2008-01-20</date>
	<title><![CDATA[&#x201c;Where it's at are far as...&#x201d;]]></title>
	<excerpt><![CDATA[Where it's at are far as Hutt st is concerned more]]></excerpt>
	<link><![CDATA[http://www.tripadvisor.com/Restaurant_Review-g255093-d723682-Reviews-Citrus_and_the_Green_Olive_Restaurant-Adelaide_South_Australia.html]]></link>
</review>
<review>
	<rating>4.0</rating>
	<author><![CDATA[A TripAdvisor Contributor]]></author>
	<date>2007-12-06</date>
	<title><![CDATA[&#x201c;interesting, reliable...&#x201d;]]></title>
	<excerpt><![CDATA[interesting, reliable and yummy in nice location for lazying in the sun over lunch or a quick coffee more]]></excerpt>
	<link><![CDATA[http://www.tripadvisor.com/Restaurant_Review-g255093-d723682-Reviews-or10-Citrus_and_the_Green_Olive_Restaurant-Adelaide_South_Australia.html]]></link>
</review>
<review>
	<rating>2.0</rating>
	<author><![CDATA[A TripAdvisor Contributor]]></author>
	<date>2007-11-23</date>
	<title><![CDATA[&#x201c;Food is good but it took...&#x201d;]]></title>
	<excerpt><![CDATA[Food is good but it took 2 HOURS to get our lunch....a bit excessive I thought. more]]></excerpt>
	<link><![CDATA[http://www.tripadvisor.com/Restaurant_Review-g255093-d723682-Reviews-or10-Citrus_and_the_Green_Olive_Restaurant-Adelaide_South_Australia.html]]></link>
</review>
<review>
	<rating>3.0</rating>
	<author><![CDATA[A TripAdvisor Contributor]]></author>
	<date>2007-11-21</date>
	<title><![CDATA[&#x201c;despite the lousy slow...&#x201d;]]></title>
	<excerpt><![CDATA[despite the lousy slow service, i keep coming back for the pancakes more]]></excerpt>
	<link><![CDATA[http://www.tripadvisor.com/Restaurant_Review-g255093-d723682-Reviews-or10-Citrus_and_the_Green_Olive_Restaurant-Adelaide_South_Australia.html]]></link>
</review>
<review>
	<rating>4.0</rating>
	<author><![CDATA[A TripAdvisor Contributor]]></author>
	<date>2007-11-14</date>
	<title><![CDATA[&#x201c;Best breakfast in...&#x201d;]]></title>
	<excerpt><![CDATA[Best breakfast in Adelaide more]]></excerpt>
	<link><![CDATA[http://www.tripadvisor.com/Restaurant_Review-g255093-d723682-Reviews-or10-Citrus_and_the_Green_Olive_Restaurant-Adelaide_South_Australia.html]]></link>
</review>
</source>