<source name="Trip Advisor" avg-rating="4.0">
<review>
	<rating>5.0</rating>
	<author><![CDATA[A TripAdvisor Contributor]]></author>
	<date>2008-06-29</date>
	<title><![CDATA[&#x201c;Ciaran & I went here on...&#x201d;]]></title>
	<excerpt><![CDATA[Ciaran & I went here on Wednesday 25 June 2008 for our wedding anniversary. We were there for 3 hours and went away totally satisfied. From the get go]]></excerpt>
	<link><![CDATA[http://www.tripadvisor.com/Restaurant_Review-g499714-d724005-Reviews-D_Arry_s_Verandah-McLaren_Vale_South_Australia.html]]></link>
</review>
</source>