<source name="Trip Advisor" avg-rating="4.0">
<review>
	<rating>4.0</rating>
	<author><![CDATA[A TripAdvisor Contributor]]></author>
	<date>2008-09-04</date>
	<title><![CDATA[&#x201c;Chilled atmosphere...&#x201d;]]></title>
	<excerpt><![CDATA[Chilled atmosphere, wonderful desserts for sharing more]]></excerpt>
	<link><![CDATA[http://www.tripadvisor.com/Restaurant_Review-g255093-d724546-Reviews-Elephant_Walk_Cafe-Adelaide_South_Australia.html]]></link>
</review>
<review>
	<rating>4.0</rating>
	<author><![CDATA[A TripAdvisor Contributor]]></author>
	<date>2008-06-17</date>
	<title><![CDATA[&#x201c;just a great atmosphere...&#x201d;]]></title>
	<excerpt><![CDATA[just a great atmosphere really. a place to relax and chill.
the menu is a bit sparse and could do with more variety - just so you're not stuck eating ]]></excerpt>
	<link><![CDATA[http://www.tripadvisor.com/Restaurant_Review-g255093-d724546-Reviews-Elephant_Walk_Cafe-Adelaide_South_Australia.html]]></link>
</review>
<review>
	<rating>5.0</rating>
	<author><![CDATA[A TripAdvisor Contributor]]></author>
	<date>2008-05-27</date>
	<title><![CDATA[&#x201c;One of my favourite...&#x201d;]]></title>
	<excerpt><![CDATA[One of my favourite places in Adelaide more]]></excerpt>
	<link><![CDATA[http://www.tripadvisor.com/Restaurant_Review-g255093-d724546-Reviews-Elephant_Walk_Cafe-Adelaide_South_Australia.html]]></link>
</review>
<review>
	<rating>2.0</rating>
	<author><![CDATA[A TripAdvisor Contributor]]></author>
	<date>2008-05-21</date>
	<title><![CDATA[&#x201c;Worth it for the unique...&#x201d;]]></title>
	<excerpt><![CDATA[Worth it for the unique decor and comfort, not nothing else. more]]></excerpt>
	<link><![CDATA[http://www.tripadvisor.com/Restaurant_Review-g255093-d724546-Reviews-Elephant_Walk_Cafe-Adelaide_South_Australia.html]]></link>
</review>
<review>
	<rating>3.0</rating>
	<author><![CDATA[A TripAdvisor Contributor]]></author>
	<date>2008-04-26</date>
	<title><![CDATA[&#x201c;Busy, the red walls and...&#x201d;]]></title>
	<excerpt><![CDATA[Busy, the red walls and dark lighting can induce headaches, and the menu could do with a little sprucing up. more]]></excerpt>
	<link><![CDATA[http://www.tripadvisor.com/Restaurant_Review-g255093-d724546-Reviews-Elephant_Walk_Cafe-Adelaide_South_Australia.html]]></link>
</review>
<review>
	<rating>2.0</rating>
	<author><![CDATA[A TripAdvisor Contributor]]></author>
	<date>2008-03-31</date>
	<title><![CDATA[&#x201c;food not that good.. and...&#x201d;]]></title>
	<excerpt><![CDATA[food not that good.. and service is bad.. trying to kick u out when my drink was not finished. not much to choose from on the menu. more]]></excerpt>
	<link><![CDATA[http://www.tripadvisor.com/Restaurant_Review-g255093-d724546-Reviews-Elephant_Walk_Cafe-Adelaide_South_Australia.html]]></link>
</review>
<review>
	<rating>3.0</rating>
	<author><![CDATA[A TripAdvisor Contributor]]></author>
	<date>2008-03-31</date>
	<title><![CDATA[&#x201c;some booths are a bit...&#x201d;]]></title>
	<excerpt><![CDATA[some booths are a bit too open and there is no EFTPOS so you need to bring cash. more]]></excerpt>
	<link><![CDATA[http://www.tripadvisor.com/Restaurant_Review-g255093-d724546-Reviews-Elephant_Walk_Cafe-Adelaide_South_Australia.html]]></link>
</review>
<review>
	<rating>5.0</rating>
	<author><![CDATA[A TripAdvisor Contributor]]></author>
	<date>2008-03-21</date>
	<title><![CDATA[&#x201c;Beautiful atmosphere...&#x201d;]]></title>
	<excerpt><![CDATA[Beautiful atmosphere, lovely coffees, best waffles in town more]]></excerpt>
	<link><![CDATA[http://www.tripadvisor.com/Restaurant_Review-g255093-d724546-Reviews-Elephant_Walk_Cafe-Adelaide_South_Australia.html]]></link>
</review>
<review>
	<rating>5.0</rating>
	<author><![CDATA[A TripAdvisor Contributor]]></author>
	<date>2008-03-17</date>
	<title><![CDATA[&#x201c;very romantic&#x201d;]]></title>
	<excerpt><![CDATA[very romantic more]]></excerpt>
	<link><![CDATA[http://www.tripadvisor.com/Restaurant_Review-g255093-d724546-Reviews-Elephant_Walk_Cafe-Adelaide_South_Australia.html]]></link>
</review>
<review>
	<rating>4.0</rating>
	<author><![CDATA[A TripAdvisor Contributor]]></author>
	<date>2008-01-20</date>
	<title><![CDATA[&#x201c;I have loved this place...&#x201d;]]></title>
	<excerpt><![CDATA[I have loved this place since childhood. It's wonderfully quiet and romantic, not so great for groups. more]]></excerpt>
	<link><![CDATA[http://www.tripadvisor.com/Restaurant_Review-g255093-d724546-Reviews-Elephant_Walk_Cafe-Adelaide_South_Australia.html]]></link>
</review>
<review>
	<rating>4.0</rating>
	<author><![CDATA[A TripAdvisor Contributor]]></author>
	<date>2008-01-14</date>
	<title><![CDATA[&#x201c;Nice place for a...&#x201d;]]></title>
	<excerpt><![CDATA[Nice place for a relaxing hot chocolate. more]]></excerpt>
	<link><![CDATA[http://www.tripadvisor.com/Restaurant_Review-g255093-d724546-Reviews-or10-Elephant_Walk_Cafe-Adelaide_South_Australia.html]]></link>
</review>
<review>
	<rating>3.0</rating>
	<author><![CDATA[A TripAdvisor Contributor]]></author>
	<date>2008-01-11</date>
	<title><![CDATA[&#x201c;Champion ambiance&#x201d;]]></title>
	<excerpt><![CDATA[Champion ambiance more]]></excerpt>
	<link><![CDATA[http://www.tripadvisor.com/Restaurant_Review-g255093-d724546-Reviews-or10-Elephant_Walk_Cafe-Adelaide_South_Australia.html]]></link>
</review>
<review>
	<rating>5.0</rating>
	<author><![CDATA[A TripAdvisor Contributor]]></author>
	<date>2008-01-06</date>
	<title><![CDATA[&#x201c;an oldie but a goodie!&#x201d;]]></title>
	<excerpt><![CDATA[an oldie but a goodie! more]]></excerpt>
	<link><![CDATA[http://www.tripadvisor.com/Restaurant_Review-g255093-d724546-Reviews-or10-Elephant_Walk_Cafe-Adelaide_South_Australia.html]]></link>
</review>
<review>
	<rating>4.0</rating>
	<author><![CDATA[A TripAdvisor Contributor]]></author>
	<date>2008-01-04</date>
	<title><![CDATA[&#x201c;cosy booths for coffees...&#x201d;]]></title>
	<excerpt><![CDATA[cosy booths for coffees and deserts more]]></excerpt>
	<link><![CDATA[http://www.tripadvisor.com/Restaurant_Review-g255093-d724546-Reviews-or10-Elephant_Walk_Cafe-Adelaide_South_Australia.html]]></link>
</review>
<review>
	<rating>4.0</rating>
	<author><![CDATA[A TripAdvisor Contributor]]></author>
	<date>2008-01-01</date>
	<title><![CDATA[&#x201c;very nice and secluded...&#x201d;]]></title>
	<excerpt><![CDATA[very nice and secluded romantic place to take yoiur date at the end of the night for somethng sweet more]]></excerpt>
	<link><![CDATA[http://www.tripadvisor.com/Restaurant_Review-g255093-d724546-Reviews-or10-Elephant_Walk_Cafe-Adelaide_South_Australia.html]]></link>
</review>
<review>
	<rating>5.0</rating>
	<author><![CDATA[A TripAdvisor Contributor]]></author>
	<date>2007-12-26</date>
	<title><![CDATA[&#x201c;a bit too expensive for...&#x201d;]]></title>
	<excerpt><![CDATA[a bit too expensive for what it is but the atmosphere more than compensates. more]]></excerpt>
	<link><![CDATA[http://www.tripadvisor.com/Restaurant_Review-g255093-d724546-Reviews-or10-Elephant_Walk_Cafe-Adelaide_South_Australia.html]]></link>
</review>
<review>
	<rating>4.0</rating>
	<author><![CDATA[A TripAdvisor Contributor]]></author>
	<date>2007-12-20</date>
	<title><![CDATA[&#x201c;good for d and m's&#x201d;]]></title>
	<excerpt><![CDATA[good for d and m's more]]></excerpt>
	<link><![CDATA[http://www.tripadvisor.com/Restaurant_Review-g255093-d724546-Reviews-or10-Elephant_Walk_Cafe-Adelaide_South_Australia.html]]></link>
</review>
<review>
	<rating>3.0</rating>
	<author><![CDATA[A TripAdvisor Contributor]]></author>
	<date>2007-12-16</date>
	<title><![CDATA[&#x201c;funky, divey, retro...&#x201d;]]></title>
	<excerpt><![CDATA[funky, divey, retro etc...cute little spot, a little pricey for its worth... more]]></excerpt>
	<link><![CDATA[http://www.tripadvisor.com/Restaurant_Review-g255093-d724546-Reviews-or10-Elephant_Walk_Cafe-Adelaide_South_Australia.html]]></link>
</review>
<review>
	<rating>3.0</rating>
	<author><![CDATA[A TripAdvisor Contributor]]></author>
	<date>2007-12-15</date>
	<title><![CDATA[&#x201c;good ambience, cosy...&#x201d;]]></title>
	<excerpt><![CDATA[good ambience, cosy - never had a meal there - a coffee or after a meal sort of place more]]></excerpt>
	<link><![CDATA[http://www.tripadvisor.com/Restaurant_Review-g255093-d724546-Reviews-or10-Elephant_Walk_Cafe-Adelaide_South_Australia.html]]></link>
</review>
<review>
	<rating>3.0</rating>
	<author><![CDATA[A TripAdvisor Contributor]]></author>
	<date>2007-12-15</date>
	<title><![CDATA[&#x201c;cosy... nice dating place&#x201d;]]></title>
	<excerpt><![CDATA[cosy... nice dating place more]]></excerpt>
	<link><![CDATA[http://www.tripadvisor.com/Restaurant_Review-g255093-d724546-Reviews-or10-Elephant_Walk_Cafe-Adelaide_South_Australia.html]]></link>
</review>
<review>
	<rating>3.0</rating>
	<author><![CDATA[A TripAdvisor Contributor]]></author>
	<date>2007-12-08</date>
	<title><![CDATA[&#x201c;almost as good as spatz...&#x201d;]]></title>
	<excerpt><![CDATA[almost as good as spatz on king william rd! more]]></excerpt>
	<link><![CDATA[http://www.tripadvisor.com/Restaurant_Review-g255093-d724546-Reviews-or20-Elephant_Walk_Cafe-Adelaide_South_Australia.html]]></link>
</review>
<review>
	<rating>5.0</rating>
	<author><![CDATA[A TripAdvisor Contributor]]></author>
	<date>2007-12-07</date>
	<title><![CDATA[&#x201c;sexy kitsch & retro...&#x201d;]]></title>
	<excerpt><![CDATA[sexy kitsch & retro cool! Great place for late night cuppa & caht - or canoodle! Don't forget your spondoolies, they don't take EFTPOS or credit card!]]></excerpt>
	<link><![CDATA[http://www.tripadvisor.com/Restaurant_Review-g255093-d724546-Reviews-or20-Elephant_Walk_Cafe-Adelaide_South_Australia.html]]></link>
</review>
<review>
	<rating>5.0</rating>
	<author><![CDATA[A TripAdvisor Contributor]]></author>
	<date>2007-12-05</date>
	<title><![CDATA[&#x201c;the best atmosphere and...&#x201d;]]></title>
	<excerpt><![CDATA[the best atmosphere and desserts more]]></excerpt>
	<link><![CDATA[http://www.tripadvisor.com/Restaurant_Review-g255093-d724546-Reviews-or20-Elephant_Walk_Cafe-Adelaide_South_Australia.html]]></link>
</review>
<review>
	<rating>4.0</rating>
	<author><![CDATA[A TripAdvisor Contributor]]></author>
	<date>2007-11-28</date>
	<title><![CDATA[&#x201c;perfect way to spend a...&#x201d;]]></title>
	<excerpt><![CDATA[perfect way to spend a nice evening.. mood lighting.. jungle theme and surroundings.. nice deserts and drinks.. WAYY too small though.. no room to mov]]></excerpt>
	<link><![CDATA[http://www.tripadvisor.com/Restaurant_Review-g255093-d724546-Reviews-or20-Elephant_Walk_Cafe-Adelaide_South_Australia.html]]></link>
</review>
<review>
	<rating>5.0</rating>
	<author><![CDATA[A TripAdvisor Contributor]]></author>
	<date>2007-11-27</date>
	<title><![CDATA[&#x201c;I adore this place...&#x201d;]]></title>
	<excerpt><![CDATA[I adore this place, perfect for a cosy chat after a meal out. They make the best coffee and banana waffles more]]></excerpt>
	<link><![CDATA[http://www.tripadvisor.com/Restaurant_Review-g255093-d724546-Reviews-or20-Elephant_Walk_Cafe-Adelaide_South_Australia.html]]></link>
</review>
<review>
	<rating>4.0</rating>
	<author><![CDATA[A TripAdvisor Contributor]]></author>
	<date>2007-11-14</date>
	<title><![CDATA[&#x201c;Awesome atmosphere for a...&#x201d;]]></title>
	<excerpt><![CDATA[Awesome atmosphere for a date more]]></excerpt>
	<link><![CDATA[http://www.tripadvisor.com/Restaurant_Review-g255093-d724546-Reviews-or20-Elephant_Walk_Cafe-Adelaide_South_Australia.html]]></link>
</review>
<review>
	<rating>5.0</rating>
	<author><![CDATA[A TripAdvisor Contributor]]></author>
	<date>2007-11-11</date>
	<title><![CDATA[&#x201c;beautiful place to...&#x201d;]]></title>
	<excerpt><![CDATA[beautiful place to catchup with the girls for coffee xx more]]></excerpt>
	<link><![CDATA[http://www.tripadvisor.com/Restaurant_Review-g255093-d724546-Reviews-or20-Elephant_Walk_Cafe-Adelaide_South_Australia.html]]></link>
</review>
<review>
	<rating>3.0</rating>
	<author><![CDATA[A TripAdvisor Contributor]]></author>
	<date>2007-11-08</date>
	<title><![CDATA[&#x201c;Great desserts. Some...&#x201d;]]></title>
	<excerpt><![CDATA[Great desserts. Some describes it as "cosy", but it's a little cramped for me. more]]></excerpt>
	<link><![CDATA[http://www.tripadvisor.com/Restaurant_Review-g255093-d724546-Reviews-or20-Elephant_Walk_Cafe-Adelaide_South_Australia.html]]></link>
</review>
<review>
	<rating>4.0</rating>
	<author><![CDATA[A TripAdvisor Contributor]]></author>
	<date>2007-11-02</date>
	<title><![CDATA[&#x201c;Superbly cosy atmosphere!&#x201d;]]></title>
	<excerpt><![CDATA[Superbly cosy atmosphere! more]]></excerpt>
	<link><![CDATA[http://www.tripadvisor.com/Restaurant_Review-g255093-d724546-Reviews-or20-Elephant_Walk_Cafe-Adelaide_South_Australia.html]]></link>
</review>
<review>
	<rating>4.0</rating>
	<author><![CDATA[A TripAdvisor Contributor]]></author>
	<date>2007-11-02</date>
	<title><![CDATA[&#x201c;Fantastic desserts!&#x201d;]]></title>
	<excerpt><![CDATA[Fantastic desserts! more]]></excerpt>
	<link><![CDATA[http://www.tripadvisor.com/Restaurant_Review-g255093-d724546-Reviews-or20-Elephant_Walk_Cafe-Adelaide_South_Australia.html]]></link>
</review>
</source>