<source name="Trip Advisor" avg-rating="4.5">
<review>
	<rating>5.0</rating>
	<author><![CDATA[A TripAdvisor Contributor]]></author>
	<date>2008-08-25</date>
	<title><![CDATA[&#x201c;Renowned to be the best...&#x201d;]]></title>
	<excerpt><![CDATA[Renowned to be the best steak restaurant in Adelaide, it took us 18 months since starting Steak Club to finally get here and it was worth the wait. Th]]></excerpt>
	<link><![CDATA[http://www.tripadvisor.com/Restaurant_Review-g255093-d724968-Reviews-Gaucho_s_Argentinian_Restaurant-Adelaide_South_Australia.html]]></link>
</review>
<review>
	<rating>5.0</rating>
	<author><![CDATA[A TripAdvisor Contributor]]></author>
	<date>2008-08-07</date>
	<title><![CDATA[&#x201c;Absolutely Yum!
It has...&#x201d;]]></title>
	<excerpt><![CDATA[Absolutely Yum!
It has this "Porteno" taste!
Che voz que decis! more]]></excerpt>
	<link><![CDATA[http://www.tripadvisor.com/Restaurant_Review-g255093-d724968-Reviews-Gaucho_s_Argentinian_Restaurant-Adelaide_South_Australia.html]]></link>
</review>
<review>
	<rating>5.0</rating>
	<author><![CDATA[A TripAdvisor Contributor]]></author>
	<date>2008-07-14</date>
	<title><![CDATA[&#x201c;Great food. Especially...&#x201d;]]></title>
	<excerpt><![CDATA[Great food. Especially a place for the blokes (feed the man meat!) more]]></excerpt>
	<link><![CDATA[http://www.tripadvisor.com/Restaurant_Review-g255093-d724968-Reviews-Gaucho_s_Argentinian_Restaurant-Adelaide_South_Australia.html]]></link>
</review>
<review>
	<rating>5.0</rating>
	<author><![CDATA[A TripAdvisor Contributor]]></author>
	<date>2008-06-02</date>
	<title><![CDATA[&#x201c;Best dead animal in...&#x201d;]]></title>
	<excerpt><![CDATA[Best dead animal in Adelaide more]]></excerpt>
	<link><![CDATA[http://www.tripadvisor.com/Restaurant_Review-g255093-d724968-Reviews-Gaucho_s_Argentinian_Restaurant-Adelaide_South_Australia.html]]></link>
</review>
<review>
	<rating>3.0</rating>
	<author><![CDATA[A TripAdvisor Contributor]]></author>
	<date>2008-05-21</date>
	<title><![CDATA[&#x201c;Good food, but heavy and...&#x201d;]]></title>
	<excerpt><![CDATA[Good food, but heavy and expensive. more]]></excerpt>
	<link><![CDATA[http://www.tripadvisor.com/Restaurant_Review-g255093-d724968-Reviews-Gaucho_s_Argentinian_Restaurant-Adelaide_South_Australia.html]]></link>
</review>
<review>
	<rating>4.0</rating>
	<author><![CDATA[A TripAdvisor Contributor]]></author>
	<date>2008-05-18</date>
	<title><![CDATA[&#x201c;For 'proper' steaks!&#x201d;]]></title>
	<excerpt><![CDATA[For 'proper' steaks! more]]></excerpt>
	<link><![CDATA[http://www.tripadvisor.com/Restaurant_Review-g255093-d724968-Reviews-Gaucho_s_Argentinian_Restaurant-Adelaide_South_Australia.html]]></link>
</review>
<review>
	<rating>3.0</rating>
	<author><![CDATA[A TripAdvisor Contributor]]></author>
	<date>2008-05-13</date>
	<title><![CDATA[&#x201c;food is good.. service...&#x201d;]]></title>
	<excerpt><![CDATA[food is good.. service is not the best.. but good place to go if u are low in iron.. haha.. meat!!!!! more]]></excerpt>
	<link><![CDATA[http://www.tripadvisor.com/Restaurant_Review-g255093-d724968-Reviews-Gaucho_s_Argentinian_Restaurant-Adelaide_South_Australia.html]]></link>
</review>
<review>
	<rating>3.0</rating>
	<author><![CDATA[A TripAdvisor Contributor]]></author>
	<date>2008-05-05</date>
	<title><![CDATA[&#x201c;Best Steaks...&#x201d;]]></title>
	<excerpt><![CDATA[Best Steaks yummmmmmm..... more]]></excerpt>
	<link><![CDATA[http://www.tripadvisor.com/Restaurant_Review-g255093-d724968-Reviews-Gaucho_s_Argentinian_Restaurant-Adelaide_South_Australia.html]]></link>
</review>
<review>
	<rating>5.0</rating>
	<author><![CDATA[A TripAdvisor Contributor]]></author>
	<date>2008-04-26</date>
	<title><![CDATA[&#x201c;Best steaks in town!&#x201d;]]></title>
	<excerpt><![CDATA[Best steaks in town! more]]></excerpt>
	<link><![CDATA[http://www.tripadvisor.com/Restaurant_Review-g255093-d724968-Reviews-Gaucho_s_Argentinian_Restaurant-Adelaide_South_Australia.html]]></link>
</review>
<review>
	<rating>4.0</rating>
	<author><![CDATA[A TripAdvisor Contributor]]></author>
	<date>2008-04-25</date>
	<title><![CDATA[&#x201c;If you like big slabs of...&#x201d;]]></title>
	<excerpt><![CDATA[If you like big slabs of meat, this is your place! more]]></excerpt>
	<link><![CDATA[http://www.tripadvisor.com/Restaurant_Review-g255093-d724968-Reviews-Gaucho_s_Argentinian_Restaurant-Adelaide_South_Australia.html]]></link>
</review>
<review>
	<rating>3.0</rating>
	<author><![CDATA[A TripAdvisor Contributor]]></author>
	<date>2008-03-31</date>
	<title><![CDATA[&#x201c;Good Wagyu steak with...&#x201d;]]></title>
	<excerpt><![CDATA[Good Wagyu steak with perfect marbling. more]]></excerpt>
	<link><![CDATA[http://www.tripadvisor.com/Restaurant_Review-g255093-d724968-Reviews-or10-Gaucho_s_Argentinian_Restaurant-Adelaide_South_Australia.html]]></link>
</review>
<review>
	<rating>5.0</rating>
	<author><![CDATA[A TripAdvisor Contributor]]></author>
	<date>2008-03-19</date>
	<title><![CDATA[&#x201c;specializing in steak...&#x201d;]]></title>
	<excerpt><![CDATA[specializing in steak this is a mouth watering place..pricey but filling more]]></excerpt>
	<link><![CDATA[http://www.tripadvisor.com/Restaurant_Review-g255093-d724968-Reviews-or10-Gaucho_s_Argentinian_Restaurant-Adelaide_South_Australia.html]]></link>
</review>
<review>
	<rating>4.0</rating>
	<author><![CDATA[A TripAdvisor Contributor]]></author>
	<date>2008-03-13</date>
	<title><![CDATA[&#x201c;Need meat?
Go to...&#x201d;]]></title>
	<excerpt><![CDATA[Need meat?
Go to Gauchos for the fattest & tastiest ever steaks! more]]></excerpt>
	<link><![CDATA[http://www.tripadvisor.com/Restaurant_Review-g255093-d724968-Reviews-or10-Gaucho_s_Argentinian_Restaurant-Adelaide_South_Australia.html]]></link>
</review>
<review>
	<rating>5.0</rating>
	<author><![CDATA[A TripAdvisor Contributor]]></author>
	<date>2008-03-10</date>
	<title><![CDATA[&#x201c;Best steak ever! 1kg...&#x201d;]]></title>
	<excerpt><![CDATA[Best steak ever! 1kg t-bone cooked perfectly! more]]></excerpt>
	<link><![CDATA[http://www.tripadvisor.com/Restaurant_Review-g255093-d724968-Reviews-or10-Gaucho_s_Argentinian_Restaurant-Adelaide_South_Australia.html]]></link>
</review>
<review>
	<rating>3.0</rating>
	<author><![CDATA[A TripAdvisor Contributor]]></author>
	<date>2008-02-26</date>
	<title><![CDATA[&#x201c;Good food but overpriced...&#x201d;]]></title>
	<excerpt><![CDATA[Good food but overpriced for what you get more]]></excerpt>
	<link><![CDATA[http://www.tripadvisor.com/Restaurant_Review-g255093-d724968-Reviews-or10-Gaucho_s_Argentinian_Restaurant-Adelaide_South_Australia.html]]></link>
</review>
<review>
	<rating>3.0</rating>
	<author><![CDATA[A TripAdvisor Contributor]]></author>
	<date>2008-02-23</date>
	<title><![CDATA[&#x201c;03/00. Massive servings...&#x201d;]]></title>
	<excerpt><![CDATA[03/00. Massive servings of delicious grilled meats, covivial atmosphere. more]]></excerpt>
	<link><![CDATA[http://www.tripadvisor.com/Restaurant_Review-g255093-d724968-Reviews-or10-Gaucho_s_Argentinian_Restaurant-Adelaide_South_Australia.html]]></link>
</review>
<review>
	<rating>4.0</rating>
	<author><![CDATA[A TripAdvisor Contributor]]></author>
	<date>2008-02-16</date>
	<title><![CDATA[&#x201c;Fabulous snapper...&#x201d;]]></title>
	<excerpt><![CDATA[Fabulous snapper & Oysters - a delight to dine on Valentines Day xxx more]]></excerpt>
	<link><![CDATA[http://www.tripadvisor.com/Restaurant_Review-g255093-d724968-Reviews-or10-Gaucho_s_Argentinian_Restaurant-Adelaide_South_Australia.html]]></link>
</review>
<review>
	<rating>5.0</rating>
	<author><![CDATA[A TripAdvisor Contributor]]></author>
	<date>2008-02-14</date>
	<title><![CDATA[&#x201c;Best steak I've ever...&#x201d;]]></title>
	<excerpt><![CDATA[Best steak I've ever tasted! And the special sauce.. to die for. mmm! Awesome Oysters Diablo also. more]]></excerpt>
	<link><![CDATA[http://www.tripadvisor.com/Restaurant_Review-g255093-d724968-Reviews-or10-Gaucho_s_Argentinian_Restaurant-Adelaide_South_Australia.html]]></link>
</review>
<review>
	<rating>1.0</rating>
	<author><![CDATA[A TripAdvisor Contributor]]></author>
	<date>2008-01-21</date>
	<title><![CDATA[&#x201c;Expensive.&#x201d;]]></title>
	<excerpt><![CDATA[Expensive. more]]></excerpt>
	<link><![CDATA[http://www.tripadvisor.com/Restaurant_Review-g255093-d724968-Reviews-or10-Gaucho_s_Argentinian_Restaurant-Adelaide_South_Australia.html]]></link>
</review>
<review>
	<rating>5.0</rating>
	<author><![CDATA[A TripAdvisor Contributor]]></author>
	<date>2008-01-15</date>
	<title><![CDATA[&#x201c;Mmmmm...steak by the...&#x201d;]]></title>
	<excerpt><![CDATA[Mmmmm...steak by the foot!!! more]]></excerpt>
	<link><![CDATA[http://www.tripadvisor.com/Restaurant_Review-g255093-d724968-Reviews-or10-Gaucho_s_Argentinian_Restaurant-Adelaide_South_Australia.html]]></link>
</review>
<review>
	<rating>4.0</rating>
	<author><![CDATA[A TripAdvisor Contributor]]></author>
	<date>2008-01-13</date>
	<title><![CDATA[&#x201c;nice and spicy... hmmm&#x201d;]]></title>
	<excerpt><![CDATA[nice and spicy... hmmm more]]></excerpt>
	<link><![CDATA[http://www.tripadvisor.com/Restaurant_Review-g255093-d724968-Reviews-or20-Gaucho_s_Argentinian_Restaurant-Adelaide_South_Australia.html]]></link>
</review>
<review>
	<rating>5.0</rating>
	<author><![CDATA[A TripAdvisor Contributor]]></author>
	<date>2008-01-08</date>
	<title><![CDATA[&#x201c;Great steak&#x201d;]]></title>
	<excerpt><![CDATA[Great steak more]]></excerpt>
	<link><![CDATA[http://www.tripadvisor.com/Restaurant_Review-g255093-d724968-Reviews-or20-Gaucho_s_Argentinian_Restaurant-Adelaide_South_Australia.html]]></link>
</review>
<review>
	<rating>4.0</rating>
	<author><![CDATA[A TripAdvisor Contributor]]></author>
	<date>2008-01-07</date>
	<title><![CDATA[&#x201c;The absolute BEST...&#x201d;]]></title>
	<excerpt><![CDATA[The absolute BEST steaks!!!! more]]></excerpt>
	<link><![CDATA[http://www.tripadvisor.com/Restaurant_Review-g255093-d724968-Reviews-or20-Gaucho_s_Argentinian_Restaurant-Adelaide_South_Australia.html]]></link>
</review>
<review>
	<rating>3.0</rating>
	<author><![CDATA[A TripAdvisor Contributor]]></author>
	<date>2008-01-06</date>
	<title><![CDATA[&#x201c;great stakes but the...&#x201d;]]></title>
	<excerpt><![CDATA[great stakes but the most $$ bread in town more]]></excerpt>
	<link><![CDATA[http://www.tripadvisor.com/Restaurant_Review-g255093-d724968-Reviews-or20-Gaucho_s_Argentinian_Restaurant-Adelaide_South_Australia.html]]></link>
</review>
<review>
	<rating>4.0</rating>
	<author><![CDATA[A TripAdvisor Contributor]]></author>
	<date>2008-01-04</date>
	<title><![CDATA[&#x201c;for a mean steak cooked...&#x201d;]]></title>
	<excerpt><![CDATA[for a mean steak cooked just so more]]></excerpt>
	<link><![CDATA[http://www.tripadvisor.com/Restaurant_Review-g255093-d724968-Reviews-or20-Gaucho_s_Argentinian_Restaurant-Adelaide_South_Australia.html]]></link>
</review>
<review>
	<rating>4.0</rating>
	<author><![CDATA[A TripAdvisor Contributor]]></author>
	<date>2008-01-03</date>
	<title><![CDATA[&#x201c;Lovely, especially for...&#x201d;]]></title>
	<excerpt><![CDATA[Lovely, especially for meatlovers. more]]></excerpt>
	<link><![CDATA[http://www.tripadvisor.com/Restaurant_Review-g255093-d724968-Reviews-or20-Gaucho_s_Argentinian_Restaurant-Adelaide_South_Australia.html]]></link>
</review>
<review>
	<rating>3.0</rating>
	<author><![CDATA[A TripAdvisor Contributor]]></author>
	<date>2008-01-02</date>
	<title><![CDATA[&#x201c;great if you're a meat...&#x201d;]]></title>
	<excerpt><![CDATA[great if you're a meat lover and keen to eat like a caveman. arrg.. more]]></excerpt>
	<link><![CDATA[http://www.tripadvisor.com/Restaurant_Review-g255093-d724968-Reviews-or20-Gaucho_s_Argentinian_Restaurant-Adelaide_South_Australia.html]]></link>
</review>
<review>
	<rating>5.0</rating>
	<author><![CDATA[A TripAdvisor Contributor]]></author>
	<date>2007-12-28</date>
	<title><![CDATA[&#x201c;Mmmmmm, steak&#x201d;]]></title>
	<excerpt><![CDATA[Mmmmmm, steak more]]></excerpt>
	<link><![CDATA[http://www.tripadvisor.com/Restaurant_Review-g255093-d724968-Reviews-or20-Gaucho_s_Argentinian_Restaurant-Adelaide_South_Australia.html]]></link>
</review>
<review>
	<rating>5.0</rating>
	<author><![CDATA[A TripAdvisor Contributor]]></author>
	<date>2007-12-27</date>
	<title><![CDATA[&#x201c;Best steaks and red wine...&#x201d;]]></title>
	<excerpt><![CDATA[Best steaks and red wine in Adelaide. fantastic service more]]></excerpt>
	<link><![CDATA[http://www.tripadvisor.com/Restaurant_Review-g255093-d724968-Reviews-or20-Gaucho_s_Argentinian_Restaurant-Adelaide_South_Australia.html]]></link>
</review>
<review>
	<rating>5.0</rating>
	<author><![CDATA[A TripAdvisor Contributor]]></author>
	<date>2007-12-26</date>
	<title><![CDATA[&#x201c;ah, meat!&#x201d;]]></title>
	<excerpt><![CDATA[ah, meat! more]]></excerpt>
	<link><![CDATA[http://www.tripadvisor.com/Restaurant_Review-g255093-d724968-Reviews-or20-Gaucho_s_Argentinian_Restaurant-Adelaide_South_Australia.html]]></link>
</review>
<review>
	<rating>4.0</rating>
	<author><![CDATA[A TripAdvisor Contributor]]></author>
	<date>2007-12-21</date>
	<title><![CDATA[&#x201c;Great steak, probably...&#x201d;]]></title>
	<excerpt><![CDATA[Great steak, probably best in Adelaide, but you won't need to eat for a week after more]]></excerpt>
	<link><![CDATA[http://www.tripadvisor.com/Restaurant_Review-g255093-d724968-Reviews-or30-Gaucho_s_Argentinian_Restaurant-Adelaide_South_Australia.html]]></link>
</review>
<review>
	<rating>3.0</rating>
	<author><![CDATA[A TripAdvisor Contributor]]></author>
	<date>2007-12-15</date>
	<title><![CDATA[&#x201c;Pricey steaks - had...&#x201d;]]></title>
	<excerpt><![CDATA[Pricey steaks - had mussels there the last time and they were pretty good more]]></excerpt>
	<link><![CDATA[http://www.tripadvisor.com/Restaurant_Review-g255093-d724968-Reviews-or30-Gaucho_s_Argentinian_Restaurant-Adelaide_South_Australia.html]]></link>
</review>
<review>
	<rating>4.0</rating>
	<author><![CDATA[A TripAdvisor Contributor]]></author>
	<date>2007-12-07</date>
	<title><![CDATA[&#x201c;Gaucho's is definitely a...&#x201d;]]></title>
	<excerpt><![CDATA[Gaucho's is definitely a must for me everytime I visit the city of churches. The little Argentinian restaurant has the choicest selction of aged and p]]></excerpt>
	<link><![CDATA[http://www.tripadvisor.com/Restaurant_Review-g255093-d724968-Reviews-or30-Gaucho_s_Argentinian_Restaurant-Adelaide_South_Australia.html]]></link>
</review>
<review>
	<rating>1.0</rating>
	<author><![CDATA[A TripAdvisor Contributor]]></author>
	<date>2007-12-06</date>
	<title><![CDATA[&#x201c;I don't think I like...&#x201d;]]></title>
	<excerpt><![CDATA[I don't think I like Argetenian. I've tried 3 and didn't enjoy any of them. more]]></excerpt>
	<link><![CDATA[http://www.tripadvisor.com/Restaurant_Review-g255093-d724968-Reviews-or30-Gaucho_s_Argentinian_Restaurant-Adelaide_South_Australia.html]]></link>
</review>
<review>
	<rating>3.0</rating>
	<author><![CDATA[A TripAdvisor Contributor]]></author>
	<date>2007-12-06</date>
	<title><![CDATA[&#x201c;Best meat in town! :)&#x201d;]]></title>
	<excerpt><![CDATA[Best meat in town! :) more]]></excerpt>
	<link><![CDATA[http://www.tripadvisor.com/Restaurant_Review-g255093-d724968-Reviews-or30-Gaucho_s_Argentinian_Restaurant-Adelaide_South_Australia.html]]></link>
</review>
<review>
	<rating>4.0</rating>
	<author><![CDATA[A TripAdvisor Contributor]]></author>
	<date>2007-12-05</date>
	<title><![CDATA[&#x201c;It's been awhile since...&#x201d;]]></title>
	<excerpt><![CDATA[It's been awhile since I've dined there, but a great experience... more]]></excerpt>
	<link><![CDATA[http://www.tripadvisor.com/Restaurant_Review-g255093-d724968-Reviews-or30-Gaucho_s_Argentinian_Restaurant-Adelaide_South_Australia.html]]></link>
</review>
<review>
	<rating>4.0</rating>
	<author><![CDATA[A TripAdvisor Contributor]]></author>
	<date>2007-12-04</date>
	<title><![CDATA[&#x201c;This place has the best...&#x201d;]]></title>
	<excerpt><![CDATA[This place has the best steaks I have ever had and a really decent wine menu to go with it. Best place to go for dinner and then head to Escobar next ]]></excerpt>
	<link><![CDATA[http://www.tripadvisor.com/Restaurant_Review-g255093-d724968-Reviews-or30-Gaucho_s_Argentinian_Restaurant-Adelaide_South_Australia.html]]></link>
</review>
<review>
	<rating>5.0</rating>
	<author><![CDATA[A TripAdvisor Contributor]]></author>
	<date>2007-12-01</date>
	<title><![CDATA[&#x201c;Mmmmmm - BBQ'd dead...&#x201d;]]></title>
	<excerpt><![CDATA[Mmmmmm - BBQ'd dead things. more]]></excerpt>
	<link><![CDATA[http://www.tripadvisor.com/Restaurant_Review-g255093-d724968-Reviews-or30-Gaucho_s_Argentinian_Restaurant-Adelaide_South_Australia.html]]></link>
</review>
<review>
	<rating>5.0</rating>
	<author><![CDATA[A TripAdvisor Contributor]]></author>
	<date>2007-11-27</date>
	<title><![CDATA[&#x201c;best ever restaurant&#x201d;]]></title>
	<excerpt><![CDATA[best ever restaurant more]]></excerpt>
	<link><![CDATA[http://www.tripadvisor.com/Restaurant_Review-g255093-d724968-Reviews-or30-Gaucho_s_Argentinian_Restaurant-Adelaide_South_Australia.html]]></link>
</review>
<review>
	<rating>5.0</rating>
	<author><![CDATA[A TripAdvisor Contributor]]></author>
	<date>2007-11-18</date>
	<title><![CDATA[&#x201c;So, so yummy. The...&#x201d;]]></title>
	<excerpt><![CDATA[So, so yummy. The steaks are the biggest I have ever seen more]]></excerpt>
	<link><![CDATA[http://www.tripadvisor.com/Restaurant_Review-g255093-d724968-Reviews-or30-Gaucho_s_Argentinian_Restaurant-Adelaide_South_Australia.html]]></link>
</review>
<review>
	<rating>1.0</rating>
	<author><![CDATA[A TripAdvisor Contributor]]></author>
	<date>2007-11-16</date>
	<title><![CDATA[&#x201c;VERY expensive!&#x201d;]]></title>
	<excerpt><![CDATA[VERY expensive! more]]></excerpt>
	<link><![CDATA[http://www.tripadvisor.com/Restaurant_Review-g255093-d724968-Reviews-or40-Gaucho_s_Argentinian_Restaurant-Adelaide_South_Australia.html]]></link>
</review>
<review>
	<rating>5.0</rating>
	<author><![CDATA[A TripAdvisor Contributor]]></author>
	<date>2007-11-15</date>
	<title><![CDATA[&#x201c;Awesome food and...&#x201d;]]></title>
	<excerpt><![CDATA[Awesome food and service.... more]]></excerpt>
	<link><![CDATA[http://www.tripadvisor.com/Restaurant_Review-g255093-d724968-Reviews-or40-Gaucho_s_Argentinian_Restaurant-Adelaide_South_Australia.html]]></link>
</review>
</source>