<source name="Trip Advisor" avg-rating="4.0">
<review>
	<rating>5.0</rating>
	<author><![CDATA[A TripAdvisor Contributor]]></author>
	<date>2009-01-11</date>
	<title><![CDATA[&#x201c;GREAT PIZZA!!!!!&#x201d;]]></title>
	<excerpt><![CDATA[GREAT PIZZA!!!!! more]]></excerpt>
	<link><![CDATA[http://www.tripadvisor.com/Restaurant_Review-g255093-d775446-Reviews-Good_Life_Modern_Organic_Pizza-Adelaide_South_Australia.html]]></link>
</review>
<review>
	<rating>4.0</rating>
	<author><![CDATA[A TripAdvisor Contributor]]></author>
	<date>2008-07-24</date>
	<title><![CDATA[&#x201c;Had one of my best...&#x201d;]]></title>
	<excerpt><![CDATA[Had one of my best birthday dinner parties here - had the private "stable" room out the back - fits about 14 people, in an old stable-turned-gorgeous ]]></excerpt>
	<link><![CDATA[http://www.tripadvisor.com/Restaurant_Review-g255093-d775446-Reviews-Good_Life_Modern_Organic_Pizza-Adelaide_South_Australia.html]]></link>
</review>
<review>
	<rating>4.0</rating>
	<author><![CDATA[A TripAdvisor Contributor]]></author>
	<date>2008-07-21</date>
	<title><![CDATA[&#x201c;Delicious pizza with...&#x201d;]]></title>
	<excerpt><![CDATA[Delicious pizza with generous acoutrements and a bit up itself in a good way. more]]></excerpt>
	<link><![CDATA[http://www.tripadvisor.com/Restaurant_Review-g255093-d775446-Reviews-Good_Life_Modern_Organic_Pizza-Adelaide_South_Australia.html]]></link>
</review>
<review>
	<rating>5.0</rating>
	<author><![CDATA[A TripAdvisor Contributor]]></author>
	<date>2008-07-21</date>
	<title><![CDATA[&#x201c;Best pizza in Adelaide...&#x201d;]]></title>
	<excerpt><![CDATA[Best pizza in Adelaide. Great friendly staff too. more]]></excerpt>
	<link><![CDATA[http://www.tripadvisor.com/Restaurant_Review-g255093-d775446-Reviews-Good_Life_Modern_Organic_Pizza-Adelaide_South_Australia.html]]></link>
</review>
<review>
	<rating>5.0</rating>
	<author><![CDATA[A TripAdvisor Contributor]]></author>
	<date>2008-07-14</date>
	<title><![CDATA[&#x201c;The only pizzas worth...&#x201d;]]></title>
	<excerpt><![CDATA[The only pizzas worth eating. more]]></excerpt>
	<link><![CDATA[http://www.tripadvisor.com/Restaurant_Review-g255093-d775446-Reviews-Good_Life_Modern_Organic_Pizza-Adelaide_South_Australia.html]]></link>
</review>
<review>
	<rating>3.0</rating>
	<author><![CDATA[A TripAdvisor Contributor]]></author>
	<date>2008-06-22</date>
	<title><![CDATA[&#x201c;Prawns really don't...&#x201d;]]></title>
	<excerpt><![CDATA[Prawns really don't belong on pizza except when they're spencer gulf monster prawns with organic tomato and chilli at Good Life which are To. Die. For]]></excerpt>
	<link><![CDATA[http://www.tripadvisor.com/Restaurant_Review-g255093-d775446-Reviews-Good_Life_Modern_Organic_Pizza-Adelaide_South_Australia.html]]></link>
</review>
<review>
	<rating>5.0</rating>
	<author><![CDATA[A TripAdvisor Contributor]]></author>
	<date>2008-05-18</date>
	<title><![CDATA[&#x201c;Best pizzas in town!&#x201d;]]></title>
	<excerpt><![CDATA[Best pizzas in town! more]]></excerpt>
	<link><![CDATA[http://www.tripadvisor.com/Restaurant_Review-g255093-d775446-Reviews-Good_Life_Modern_Organic_Pizza-Adelaide_South_Australia.html]]></link>
</review>
<review>
	<rating>4.0</rating>
	<author><![CDATA[A TripAdvisor Contributor]]></author>
	<date>2008-05-18</date>
	<title><![CDATA[&#x201c;Great Pizza and...&#x201d;]]></title>
	<excerpt><![CDATA[Great Pizza and Dessert!!! Glenelg has a Gr8 atmosphere more]]></excerpt>
	<link><![CDATA[http://www.tripadvisor.com/Restaurant_Review-g255093-d775446-Reviews-Good_Life_Modern_Organic_Pizza-Adelaide_South_Australia.html]]></link>
</review>
<review>
	<rating>3.0</rating>
	<author><![CDATA[A TripAdvisor Contributor]]></author>
	<date>2008-05-13</date>
	<title><![CDATA[&#x201c;pizza is good.. but way...&#x201d;]]></title>
	<excerpt><![CDATA[pizza is good.. but way over priced more]]></excerpt>
	<link><![CDATA[http://www.tripadvisor.com/Restaurant_Review-g255093-d775446-Reviews-Good_Life_Modern_Organic_Pizza-Adelaide_South_Australia.html]]></link>
</review>
<review>
	<rating>3.0</rating>
	<author><![CDATA[A TripAdvisor Contributor]]></author>
	<date>2008-03-23</date>
	<title><![CDATA[&#x201c;Really nice pizzas but...&#x201d;]]></title>
	<excerpt><![CDATA[Really nice pizzas but I've tried out the whole menu. more]]></excerpt>
	<link><![CDATA[http://www.tripadvisor.com/Restaurant_Review-g255093-d775446-Reviews-Good_Life_Modern_Organic_Pizza-Adelaide_South_Australia.html]]></link>
</review>
<review>
	<rating>5.0</rating>
	<author><![CDATA[A TripAdvisor Contributor]]></author>
	<date>2008-03-22</date>
	<title><![CDATA[&#x201c;I love this pizza...&#x201d;]]></title>
	<excerpt><![CDATA[I love this pizza place... I normally go the Glenelg one... mushroom's pizza it's my favorite! more]]></excerpt>
	<link><![CDATA[http://www.tripadvisor.com/Restaurant_Review-g255093-d775446-Reviews-or10-Good_Life_Modern_Organic_Pizza-Adelaide_South_Australia.html]]></link>
</review>
<review>
	<rating>4.0</rating>
	<author><![CDATA[A TripAdvisor Contributor]]></author>
	<date>2008-03-21</date>
	<title><![CDATA[&#x201c;its all about the...&#x201d;]]></title>
	<excerpt><![CDATA[its all about the mushroom pizza more]]></excerpt>
	<link><![CDATA[http://www.tripadvisor.com/Restaurant_Review-g255093-d775446-Reviews-or10-Good_Life_Modern_Organic_Pizza-Adelaide_South_Australia.html]]></link>
</review>
<review>
	<rating>3.0</rating>
	<author><![CDATA[A TripAdvisor Contributor]]></author>
	<date>2008-03-15</date>
	<title><![CDATA[&#x201c;Pizzas are okay but...&#x201d;]]></title>
	<excerpt><![CDATA[Pizzas are okay but unbelievably pricey. The toppings can be quirky. more]]></excerpt>
	<link><![CDATA[http://www.tripadvisor.com/Restaurant_Review-g255093-d775446-Reviews-or10-Good_Life_Modern_Organic_Pizza-Adelaide_South_Australia.html]]></link>
</review>
<review>
	<rating>2.0</rating>
	<author><![CDATA[A TripAdvisor Contributor]]></author>
	<date>2008-03-14</date>
	<title><![CDATA[&#x201c;So not paying $30 for a...&#x201d;]]></title>
	<excerpt><![CDATA[So not paying $30 for a piddly pizza with little toppings and claiming that the pizza is organic! I mean reallyI should pizza be organic! Taste averag]]></excerpt>
	<link><![CDATA[http://www.tripadvisor.com/Restaurant_Review-g255093-d775446-Reviews-or10-Good_Life_Modern_Organic_Pizza-Adelaide_South_Australia.html]]></link>
</review>
<review>
	<rating>4.0</rating>
	<author><![CDATA[A TripAdvisor Contributor]]></author>
	<date>2008-03-13</date>
	<title><![CDATA[&#x201c;If you're in the city...&#x201d;]]></title>
	<excerpt><![CDATA[If you're in the city & you want pizza - you gotta go to Goodlife... and you'll probably be sharing the place with lots of B-grade celebrities too! mo]]></excerpt>
	<link><![CDATA[http://www.tripadvisor.com/Restaurant_Review-g255093-d775446-Reviews-or10-Good_Life_Modern_Organic_Pizza-Adelaide_South_Australia.html]]></link>
</review>
<review>
	<rating>4.0</rating>
	<author><![CDATA[A TripAdvisor Contributor]]></author>
	<date>2008-02-23</date>
	<title><![CDATA[&#x201c;Best pizza EVER!!!&#x201d;]]></title>
	<excerpt><![CDATA[Best pizza EVER!!! more]]></excerpt>
	<link><![CDATA[http://www.tripadvisor.com/Restaurant_Review-g255093-d775446-Reviews-or10-Good_Life_Modern_Organic_Pizza-Adelaide_South_Australia.html]]></link>
</review>
<review>
	<rating>4.0</rating>
	<author><![CDATA[A TripAdvisor Contributor]]></author>
	<date>2008-01-20</date>
	<title><![CDATA[&#x201c;More rustic and...&#x201d;]]></title>
	<excerpt><![CDATA[More rustic and inclusive than melt but awesome pizza from organic ingredients. Well priced. Good list more]]></excerpt>
	<link><![CDATA[http://www.tripadvisor.com/Restaurant_Review-g255093-d775446-Reviews-or10-Good_Life_Modern_Organic_Pizza-Adelaide_South_Australia.html]]></link>
</review>
<review>
	<rating>3.0</rating>
	<author><![CDATA[A TripAdvisor Contributor]]></author>
	<date>2008-01-06</date>
	<title><![CDATA[&#x201c;Good, if not a little...&#x201d;]]></title>
	<excerpt><![CDATA[Good, if not a little expensive. Unsure how Pizza this oily can be good for you. Tasted great though :-) more]]></excerpt>
	<link><![CDATA[http://www.tripadvisor.com/Restaurant_Review-g255093-d775446-Reviews-or10-Good_Life_Modern_Organic_Pizza-Adelaide_South_Australia.html]]></link>
</review>
<review>
	<rating>4.0</rating>
	<author><![CDATA[A TripAdvisor Contributor]]></author>
	<date>2008-01-04</date>
	<title><![CDATA[&#x201c;excellent pizza but...&#x201d;]]></title>
	<excerpt><![CDATA[excellent pizza but expensive for what it is. more]]></excerpt>
	<link><![CDATA[http://www.tripadvisor.com/Restaurant_Review-g255093-d775446-Reviews-or10-Good_Life_Modern_Organic_Pizza-Adelaide_South_Australia.html]]></link>
</review>
<review>
	<rating>4.0</rating>
	<author><![CDATA[A TripAdvisor Contributor]]></author>
	<date>2007-12-30</date>
	<title><![CDATA[&#x201c;Best pizza ever...&#x201d;]]></title>
	<excerpt><![CDATA[Best pizza ever!!!! Great ingredients, good menu and pleasant atmosphere..Highly recommended more]]></excerpt>
	<link><![CDATA[http://www.tripadvisor.com/Restaurant_Review-g255093-d775446-Reviews-or10-Good_Life_Modern_Organic_Pizza-Adelaide_South_Australia.html]]></link>
</review>
<review>
	<rating>4.0</rating>
	<author><![CDATA[A TripAdvisor Contributor]]></author>
	<date>2007-12-29</date>
	<title><![CDATA[&#x201c;i recommend the little...&#x201d;]]></title>
	<excerpt><![CDATA[i recommend the little stable room out back for a private gathering more]]></excerpt>
	<link><![CDATA[http://www.tripadvisor.com/Restaurant_Review-g255093-d775446-Reviews-or20-Good_Life_Modern_Organic_Pizza-Adelaide_South_Australia.html]]></link>
</review>
<review>
	<rating>4.0</rating>
	<author><![CDATA[A TripAdvisor Contributor]]></author>
	<date>2007-12-26</date>
	<title><![CDATA[&#x201c;Best pizza around! nice...&#x201d;]]></title>
	<excerpt><![CDATA[Best pizza around! nice vibe too.. more]]></excerpt>
	<link><![CDATA[http://www.tripadvisor.com/Restaurant_Review-g255093-d775446-Reviews-or20-Good_Life_Modern_Organic_Pizza-Adelaide_South_Australia.html]]></link>
</review>
<review>
	<rating>4.0</rating>
	<author><![CDATA[A TripAdvisor Contributor]]></author>
	<date>2007-12-26</date>
	<title><![CDATA[&#x201c;fabulous pizzas and they...&#x201d;]]></title>
	<excerpt><![CDATA[fabulous pizzas and they also do a very nice affogato. more]]></excerpt>
	<link><![CDATA[http://www.tripadvisor.com/Restaurant_Review-g255093-d775446-Reviews-or20-Good_Life_Modern_Organic_Pizza-Adelaide_South_Australia.html]]></link>
</review>
<review>
	<rating>3.0</rating>
	<author><![CDATA[A TripAdvisor Contributor]]></author>
	<date>2007-12-24</date>
	<title><![CDATA[&#x201c;Pizza revamp always...&#x201d;]]></title>
	<excerpt><![CDATA[Pizza revamp always refreshing more]]></excerpt>
	<link><![CDATA[http://www.tripadvisor.com/Restaurant_Review-g255093-d775446-Reviews-or20-Good_Life_Modern_Organic_Pizza-Adelaide_South_Australia.html]]></link>
</review>
<review>
	<rating>4.0</rating>
	<author><![CDATA[A TripAdvisor Contributor]]></author>
	<date>2007-12-23</date>
	<title><![CDATA[&#x201c;Offers some great...&#x201d;]]></title>
	<excerpt><![CDATA[Offers some great alternatives to ya traditional pizza. The potato and pumpkin is my personal favourite. more]]></excerpt>
	<link><![CDATA[http://www.tripadvisor.com/Restaurant_Review-g255093-d775446-Reviews-or20-Good_Life_Modern_Organic_Pizza-Adelaide_South_Australia.html]]></link>
</review>
<review>
	<rating>2.0</rating>
	<author><![CDATA[A TripAdvisor Contributor]]></author>
	<date>2007-12-15</date>
	<title><![CDATA[&#x201c;pricey! interesting...&#x201d;]]></title>
	<excerpt><![CDATA[pricey! interesting combinations of pizzas though - ever heard of roasted duck pizza?? more]]></excerpt>
	<link><![CDATA[http://www.tripadvisor.com/Restaurant_Review-g255093-d775446-Reviews-or20-Good_Life_Modern_Organic_Pizza-Adelaide_South_Australia.html]]></link>
</review>
<review>
	<rating>2.0</rating>
	<author><![CDATA[A TripAdvisor Contributor]]></author>
	<date>2007-12-06</date>
	<title><![CDATA[&#x201c;Can't really remember...&#x201d;]]></title>
	<excerpt><![CDATA[Can't really remember except a bit pricey. Must go again to refresh my memory. more]]></excerpt>
	<link><![CDATA[http://www.tripadvisor.com/Restaurant_Review-g255093-d775446-Reviews-or20-Good_Life_Modern_Organic_Pizza-Adelaide_South_Australia.html]]></link>
</review>
<review>
	<rating>3.0</rating>
	<author><![CDATA[A TripAdvisor Contributor]]></author>
	<date>2007-12-04</date>
	<title><![CDATA[&#x201c;When I feel like good...&#x201d;]]></title>
	<excerpt><![CDATA[When I feel like good pizza, then this is the place to go. Bit more priceier but they use fresh ingredients. I love it. more]]></excerpt>
	<link><![CDATA[http://www.tripadvisor.com/Restaurant_Review-g255093-d775446-Reviews-or20-Good_Life_Modern_Organic_Pizza-Adelaide_South_Australia.html]]></link>
</review>
<review>
	<rating>4.0</rating>
	<author><![CDATA[A TripAdvisor Contributor]]></author>
	<date>2007-11-29</date>
	<title><![CDATA[&#x201c;FOod is great but the...&#x201d;]]></title>
	<excerpt><![CDATA[FOod is great but the service is the WORST i've ever had, go to the one in glenelg more]]></excerpt>
	<link><![CDATA[http://www.tripadvisor.com/Restaurant_Review-g255093-d775446-Reviews-or20-Good_Life_Modern_Organic_Pizza-Adelaide_South_Australia.html]]></link>
</review>
<review>
	<rating>5.0</rating>
	<author><![CDATA[A TripAdvisor Contributor]]></author>
	<date>2007-11-24</date>
	<title><![CDATA[&#x201c;can be expensive, food...&#x201d;]]></title>
	<excerpt><![CDATA[can be expensive, food is very nice. Need to book as this place is always busy. They have good Duck Pizza! more]]></excerpt>
	<link><![CDATA[http://www.tripadvisor.com/Restaurant_Review-g255093-d775446-Reviews-or20-Good_Life_Modern_Organic_Pizza-Adelaide_South_Australia.html]]></link>
</review>
<review>
	<rating>4.0</rating>
	<author><![CDATA[A TripAdvisor Contributor]]></author>
	<date>2007-11-23</date>
	<title><![CDATA[&#x201c;Best Pizza ever! Organic...&#x201d;]]></title>
	<excerpt><![CDATA[Best Pizza ever! Organic wine.....fantastic. more]]></excerpt>
	<link><![CDATA[http://www.tripadvisor.com/Restaurant_Review-g255093-d775446-Reviews-or30-Good_Life_Modern_Organic_Pizza-Adelaide_South_Australia.html]]></link>
</review>
<review>
	<rating>5.0</rating>
	<author><![CDATA[A TripAdvisor Contributor]]></author>
	<date>2007-11-22</date>
	<title><![CDATA[&#x201c;I would go as far as to...&#x201d;]]></title>
	<excerpt><![CDATA[I would go as far as to say best pizza in Aus! more]]></excerpt>
	<link><![CDATA[http://www.tripadvisor.com/Restaurant_Review-g255093-d775446-Reviews-or30-Good_Life_Modern_Organic_Pizza-Adelaide_South_Australia.html]]></link>
</review>
<review>
	<rating>5.0</rating>
	<author><![CDATA[A TripAdvisor Contributor]]></author>
	<date>2007-11-21</date>
	<title><![CDATA[&#x201c;Best service I've ever...&#x201d;]]></title>
	<excerpt><![CDATA[Best service I've ever had anywhere, and considering the ingredients are all certified organic the prices are reasonable. more]]></excerpt>
	<link><![CDATA[http://www.tripadvisor.com/Restaurant_Review-g255093-d775446-Reviews-or30-Good_Life_Modern_Organic_Pizza-Adelaide_South_Australia.html]]></link>
</review>
<review>
	<rating>4.0</rating>
	<author><![CDATA[A TripAdvisor Contributor]]></author>
	<date>2007-11-21</date>
	<title><![CDATA[&#x201c;the swiss brown is dreamy&#x201d;]]></title>
	<excerpt><![CDATA[the swiss brown is dreamy more]]></excerpt>
	<link><![CDATA[http://www.tripadvisor.com/Restaurant_Review-g255093-d775446-Reviews-or30-Good_Life_Modern_Organic_Pizza-Adelaide_South_Australia.html]]></link>
</review>
<review>
	<rating>4.0</rating>
	<author><![CDATA[A TripAdvisor Contributor]]></author>
	<date>2007-11-20</date>
	<title><![CDATA[&#x201c;Lovely food, and an...&#x201d;]]></title>
	<excerpt><![CDATA[Lovely food, and an atmosphere to match, friendly staff, but slightly overpriced for pizza. more]]></excerpt>
	<link><![CDATA[http://www.tripadvisor.com/Restaurant_Review-g255093-d775446-Reviews-or30-Good_Life_Modern_Organic_Pizza-Adelaide_South_Australia.html]]></link>
</review>
</source>