<source name="Trip Advisor" avg-rating="4.0">
<review>
	<rating>4.0</rating>
	<author><![CDATA[A TripAdvisor Contributor]]></author>
	<date>2008-08-06</date>
	<title><![CDATA[&#x201c;Having graduated from...&#x201d;]]></title>
	<excerpt><![CDATA[Having graduated from Regency TAFE and moved on to actual chefing, You must understand that this is a student restaurant and rotates students every fo]]></excerpt>
	<link><![CDATA[http://www.tripadvisor.com/Restaurant_Review-g255093-d725255-Reviews-Graduates_Restaurant-Adelaide_South_Australia.html]]></link>
</review>
<review>
	<rating>4.0</rating>
	<author><![CDATA[A TripAdvisor Contributor]]></author>
	<date>2008-07-18</date>
	<title><![CDATA[&#x201c;Best gnocchi I have ever...&#x201d;]]></title>
	<excerpt><![CDATA[Best gnocchi I have ever had. more]]></excerpt>
	<link><![CDATA[http://www.tripadvisor.com/Restaurant_Review-g255093-d725255-Reviews-Graduates_Restaurant-Adelaide_South_Australia.html]]></link>
</review>
<review>
	<rating>2.0</rating>
	<author><![CDATA[A TripAdvisor Contributor]]></author>
	<date>2008-03-31</date>
	<title><![CDATA[&#x201c;i am a chef and knows...&#x201d;]]></title>
	<excerpt><![CDATA[i am a chef and knows what it is like. but i have to say the last 2 times i went back to try.. i was disappointed. my steamed veg was yellow.. and foo]]></excerpt>
	<link><![CDATA[http://www.tripadvisor.com/Restaurant_Review-g255093-d725255-Reviews-Graduates_Restaurant-Adelaide_South_Australia.html]]></link>
</review>
<review>
	<rating>3.0</rating>
	<author><![CDATA[A TripAdvisor Contributor]]></author>
	<date>2008-03-31</date>
	<title><![CDATA[&#x201c;Good food, restaurant...&#x201d;]]></title>
	<excerpt><![CDATA[Good food, restaurant quality, good service, expect to have extensive language difficulties with Asian foreign exchange students. The ambience is rela]]></excerpt>
	<link><![CDATA[http://www.tripadvisor.com/Restaurant_Review-g255093-d725255-Reviews-Graduates_Restaurant-Adelaide_South_Australia.html]]></link>
</review>
</source>