<source name="Trip Advisor" avg-rating="4.0">
<review>
	<rating>1.0</rating>
	<author><![CDATA[A TripAdvisor Contributor]]></author>
	<date>2008-05-13</date>
	<title><![CDATA[&#x201c;thats is one of the...&#x201d;]]></title>
	<excerpt><![CDATA[thats is one of the worst restaurant i have been to ..
food was gross... more]]></excerpt>
	<link><![CDATA[http://www.tripadvisor.com/Restaurant_Review-g255093-d725335-Reviews-Halong_Vietnamese_Restaurant-Adelaide_South_Australia.html]]></link>
</review>
</source>