<source name="Trip Advisor" avg-rating="4.5">
<review>
	<rating>5.0</rating>
	<author><![CDATA[A TripAdvisor Contributor]]></author>
	<date>2008-08-30</date>
	<title><![CDATA[&#x201c;Best Indian in Adelaide...&#x201d;]]></title>
	<excerpt><![CDATA[Best Indian in Adelaide. Beef Vindaloo is the best. more]]></excerpt>
	<link><![CDATA[http://www.tripadvisor.com/Restaurant_Review-g255093-d725956-Reviews-Jasmin_Indian_Restaurant-Adelaide_South_Australia.html]]></link>
</review>
<review>
	<rating>5.0</rating>
	<author><![CDATA[A TripAdvisor Contributor]]></author>
	<date>2008-08-05</date>
	<title><![CDATA[&#x201c;Best cheese naan in town&#x201d;]]></title>
	<excerpt><![CDATA[Best cheese naan in town more]]></excerpt>
	<link><![CDATA[http://www.tripadvisor.com/Restaurant_Review-g255093-d725956-Reviews-Jasmin_Indian_Restaurant-Adelaide_South_Australia.html]]></link>
</review>
<review>
	<rating>4.0</rating>
	<author><![CDATA[A TripAdvisor Contributor]]></author>
	<date>2008-06-18</date>
	<title><![CDATA[&#x201c;really great atmosphere...&#x201d;]]></title>
	<excerpt><![CDATA[really great atmosphere and lighting- it has a way that is secluded yet makes u feel connected with everyone else dining around you. the butter chicke]]></excerpt>
	<link><![CDATA[http://www.tripadvisor.com/Restaurant_Review-g255093-d725956-Reviews-Jasmin_Indian_Restaurant-Adelaide_South_Australia.html]]></link>
</review>
<review>
	<rating>5.0</rating>
	<author><![CDATA[A TripAdvisor Contributor]]></author>
	<date>2008-06-02</date>
	<title><![CDATA[&#x201c;Best Indian in Adelaide&#x201d;]]></title>
	<excerpt><![CDATA[Best Indian in Adelaide more]]></excerpt>
	<link><![CDATA[http://www.tripadvisor.com/Restaurant_Review-g255093-d725956-Reviews-Jasmin_Indian_Restaurant-Adelaide_South_Australia.html]]></link>
</review>
<review>
	<rating>5.0</rating>
	<author><![CDATA[A TripAdvisor Contributor]]></author>
	<date>2008-05-27</date>
	<title><![CDATA[&#x201c;Just say 'feed me' and...&#x201d;]]></title>
	<excerpt><![CDATA[Just say 'feed me' and you wont be dissppointed!! more]]></excerpt>
	<link><![CDATA[http://www.tripadvisor.com/Restaurant_Review-g255093-d725956-Reviews-Jasmin_Indian_Restaurant-Adelaide_South_Australia.html]]></link>
</review>
<review>
	<rating>4.0</rating>
	<author><![CDATA[A TripAdvisor Contributor]]></author>
	<date>2008-05-21</date>
	<title><![CDATA[&#x201c;5-star Indian dining...&#x201d;]]></title>
	<excerpt><![CDATA[5-star Indian dining. Exceptional decor, comfort and staff, however the food, while very very nice, is no better than other, cheaper Indian restaurant]]></excerpt>
	<link><![CDATA[http://www.tripadvisor.com/Restaurant_Review-g255093-d725956-Reviews-Jasmin_Indian_Restaurant-Adelaide_South_Australia.html]]></link>
</review>
<review>
	<rating>5.0</rating>
	<author><![CDATA[A TripAdvisor Contributor]]></author>
	<date>2008-04-26</date>
	<title><![CDATA[&#x201c;Flawless service and...&#x201d;]]></title>
	<excerpt><![CDATA[Flawless service and delicious food! Best Indian in town! more]]></excerpt>
	<link><![CDATA[http://www.tripadvisor.com/Restaurant_Review-g255093-d725956-Reviews-Jasmin_Indian_Restaurant-Adelaide_South_Australia.html]]></link>
</review>
<review>
	<rating>4.0</rating>
	<author><![CDATA[A TripAdvisor Contributor]]></author>
	<date>2008-04-09</date>
	<title><![CDATA[&#x201c;Expensive but good food...&#x201d;]]></title>
	<excerpt><![CDATA[Expensive but good food. I still prefer Raj on Taj or Beyond India. more]]></excerpt>
	<link><![CDATA[http://www.tripadvisor.com/Restaurant_Review-g255093-d725956-Reviews-Jasmin_Indian_Restaurant-Adelaide_South_Australia.html]]></link>
</review>
<review>
	<rating>4.0</rating>
	<author><![CDATA[A TripAdvisor Contributor]]></author>
	<date>2008-03-13</date>
	<title><![CDATA[&#x201c;Adelaide's oldest & best...&#x201d;]]></title>
	<excerpt><![CDATA[Adelaide's oldest & best Indian restaurant. You can always rely on Jasmin for quality meal & service. more]]></excerpt>
	<link><![CDATA[http://www.tripadvisor.com/Restaurant_Review-g255093-d725956-Reviews-Jasmin_Indian_Restaurant-Adelaide_South_Australia.html]]></link>
</review>
<review>
	<rating>5.0</rating>
	<author><![CDATA[A TripAdvisor Contributor]]></author>
	<date>2008-02-14</date>
	<title><![CDATA[&#x201c;One of the best indians...&#x201d;]]></title>
	<excerpt><![CDATA[One of the best indians restaurants I've been too. Luv to go again. more]]></excerpt>
	<link><![CDATA[http://www.tripadvisor.com/Restaurant_Review-g255093-d725956-Reviews-Jasmin_Indian_Restaurant-Adelaide_South_Australia.html]]></link>
</review>
<review>
	<rating>4.0</rating>
	<author><![CDATA[A TripAdvisor Contributor]]></author>
	<date>2008-02-05</date>
	<title><![CDATA[&#x201c;elegant, fancy...&#x201d;]]></title>
	<excerpt><![CDATA[elegant, fancy environment; good service, good Indian food, hmmm, just sometimes a little bit greasy more]]></excerpt>
	<link><![CDATA[http://www.tripadvisor.com/Restaurant_Review-g255093-d725956-Reviews-or10-Jasmin_Indian_Restaurant-Adelaide_South_Australia.html]]></link>
</review>
<review>
	<rating>5.0</rating>
	<author><![CDATA[A TripAdvisor Contributor]]></author>
	<date>2008-02-04</date>
	<title><![CDATA[&#x201c;Best Indian in Adelaide!&#x201d;]]></title>
	<excerpt><![CDATA[Best Indian in Adelaide! more]]></excerpt>
	<link><![CDATA[http://www.tripadvisor.com/Restaurant_Review-g255093-d725956-Reviews-or10-Jasmin_Indian_Restaurant-Adelaide_South_Australia.html]]></link>
</review>
<review>
	<rating>5.0</rating>
	<author><![CDATA[A TripAdvisor Contributor]]></author>
	<date>2008-01-25</date>
	<title><![CDATA[&#x201c;exellent&#x201d;]]></title>
	<excerpt><![CDATA[exellent more]]></excerpt>
	<link><![CDATA[http://www.tripadvisor.com/Restaurant_Review-g255093-d725956-Reviews-or10-Jasmin_Indian_Restaurant-Adelaide_South_Australia.html]]></link>
</review>
<review>
	<rating>4.0</rating>
	<author><![CDATA[A TripAdvisor Contributor]]></author>
	<date>2008-01-14</date>
	<title><![CDATA[&#x201c;Great Indian food, but...&#x201d;]]></title>
	<excerpt><![CDATA[Great Indian food, but then again, Adelaide isn't exactly short of great Indian restaruants! more]]></excerpt>
	<link><![CDATA[http://www.tripadvisor.com/Restaurant_Review-g255093-d725956-Reviews-or10-Jasmin_Indian_Restaurant-Adelaide_South_Australia.html]]></link>
</review>
<review>
	<rating>3.0</rating>
	<author><![CDATA[A TripAdvisor Contributor]]></author>
	<date>2008-01-13</date>
	<title><![CDATA[&#x201c;good indian food at sky...&#x201d;]]></title>
	<excerpt><![CDATA[good indian food at sky high prices.... more]]></excerpt>
	<link><![CDATA[http://www.tripadvisor.com/Restaurant_Review-g255093-d725956-Reviews-or10-Jasmin_Indian_Restaurant-Adelaide_South_Australia.html]]></link>
</review>
<review>
	<rating>4.0</rating>
	<author><![CDATA[A TripAdvisor Contributor]]></author>
	<date>2008-01-07</date>
	<title><![CDATA[&#x201c;If you love indian food...&#x201d;]]></title>
	<excerpt><![CDATA[If you love indian food and great food to share with friends, this is fantastic more]]></excerpt>
	<link><![CDATA[http://www.tripadvisor.com/Restaurant_Review-g255093-d725956-Reviews-or10-Jasmin_Indian_Restaurant-Adelaide_South_Australia.html]]></link>
</review>
<review>
	<rating>5.0</rating>
	<author><![CDATA[A TripAdvisor Contributor]]></author>
	<date>2008-01-04</date>
	<title><![CDATA[&#x201c;Our favourite restaurant...&#x201d;]]></title>
	<excerpt><![CDATA[Our favourite restaurant of all time. We only go out about once a year - so when we do, we always go to the place that we know we'll love..! more]]></excerpt>
	<link><![CDATA[http://www.tripadvisor.com/Restaurant_Review-g255093-d725956-Reviews-or10-Jasmin_Indian_Restaurant-Adelaide_South_Australia.html]]></link>
</review>
<review>
	<rating>4.0</rating>
	<author><![CDATA[A TripAdvisor Contributor]]></author>
	<date>2008-01-03</date>
	<title><![CDATA[&#x201c;Great sevice, tasty, oh...&#x201d;]]></title>
	<excerpt><![CDATA[Great sevice, tasty, oh so tasty food. more]]></excerpt>
	<link><![CDATA[http://www.tripadvisor.com/Restaurant_Review-g255093-d725956-Reviews-or10-Jasmin_Indian_Restaurant-Adelaide_South_Australia.html]]></link>
</review>
<review>
	<rating>5.0</rating>
	<author><![CDATA[A TripAdvisor Contributor]]></author>
	<date>2007-12-30</date>
	<title><![CDATA[&#x201c;Great food and Great...&#x201d;]]></title>
	<excerpt><![CDATA[Great food and Great Service. Price reasonable for quality and service more]]></excerpt>
	<link><![CDATA[http://www.tripadvisor.com/Restaurant_Review-g255093-d725956-Reviews-or10-Jasmin_Indian_Restaurant-Adelaide_South_Australia.html]]></link>
</review>
<review>
	<rating>2.0</rating>
	<author><![CDATA[A TripAdvisor Contributor]]></author>
	<date>2007-12-29</date>
	<title><![CDATA[&#x201c;Not as great as was...&#x201d;]]></title>
	<excerpt><![CDATA[Not as great as was talked up to be. Indian Delights Pultney, MUCH better more]]></excerpt>
	<link><![CDATA[http://www.tripadvisor.com/Restaurant_Review-g255093-d725956-Reviews-or10-Jasmin_Indian_Restaurant-Adelaide_South_Australia.html]]></link>
</review>
<review>
	<rating>5.0</rating>
	<author><![CDATA[A TripAdvisor Contributor]]></author>
	<date>2007-12-28</date>
	<title><![CDATA[&#x201c;My favourite Indian...&#x201d;]]></title>
	<excerpt><![CDATA[My favourite Indian restaurant. Food: The menu reads simple traditional Indian food but once it arrives, your tastebuds are in for a treat. May not be]]></excerpt>
	<link><![CDATA[http://www.tripadvisor.com/Restaurant_Review-g255093-d725956-Reviews-or20-Jasmin_Indian_Restaurant-Adelaide_South_Australia.html]]></link>
</review>
<review>
	<rating>5.0</rating>
	<author><![CDATA[A TripAdvisor Contributor]]></author>
	<date>2007-12-25</date>
	<title><![CDATA[&#x201c;Pretty good too&#x201d;]]></title>
	<excerpt><![CDATA[Pretty good too more]]></excerpt>
	<link><![CDATA[http://www.tripadvisor.com/Restaurant_Review-g255093-d725956-Reviews-or20-Jasmin_Indian_Restaurant-Adelaide_South_Australia.html]]></link>
</review>
<review>
	<rating>4.0</rating>
	<author><![CDATA[A TripAdvisor Contributor]]></author>
	<date>2007-12-23</date>
	<title><![CDATA[&#x201c;Best Indian in Adelaide&#x201d;]]></title>
	<excerpt><![CDATA[Best Indian in Adelaide more]]></excerpt>
	<link><![CDATA[http://www.tripadvisor.com/Restaurant_Review-g255093-d725956-Reviews-or20-Jasmin_Indian_Restaurant-Adelaide_South_Australia.html]]></link>
</review>
<review>
	<rating>4.0</rating>
	<author><![CDATA[A TripAdvisor Contributor]]></author>
	<date>2007-12-19</date>
	<title><![CDATA[&#x201c;Very nice food and...&#x201d;]]></title>
	<excerpt><![CDATA[Very nice food and service more]]></excerpt>
	<link><![CDATA[http://www.tripadvisor.com/Restaurant_Review-g255093-d725956-Reviews-or20-Jasmin_Indian_Restaurant-Adelaide_South_Australia.html]]></link>
</review>
<review>
	<rating>5.0</rating>
	<author><![CDATA[A TripAdvisor Contributor]]></author>
	<date>2007-12-01</date>
	<title><![CDATA[&#x201c;Love this place, great...&#x201d;]]></title>
	<excerpt><![CDATA[Love this place, great hot beef vindaloo and an insane chicken tindaloo (stomach problems for 3 days) although it tasted good. more]]></excerpt>
	<link><![CDATA[http://www.tripadvisor.com/Restaurant_Review-g255093-d725956-Reviews-or20-Jasmin_Indian_Restaurant-Adelaide_South_Australia.html]]></link>
</review>
<review>
	<rating>4.0</rating>
	<author><![CDATA[A TripAdvisor Contributor]]></author>
	<date>2007-11-30</date>
	<title><![CDATA[&#x201c;Nice place, and good...&#x201d;]]></title>
	<excerpt><![CDATA[Nice place, and good food, but no where near a great curry. more]]></excerpt>
	<link><![CDATA[http://www.tripadvisor.com/Restaurant_Review-g255093-d725956-Reviews-or20-Jasmin_Indian_Restaurant-Adelaide_South_Australia.html]]></link>
</review>
<review>
	<rating>3.0</rating>
	<author><![CDATA[A TripAdvisor Contributor]]></author>
	<date>2007-11-25</date>
	<title><![CDATA[&#x201c;Nice setting, but the...&#x201d;]]></title>
	<excerpt><![CDATA[Nice setting, but the food doesn't live up to its reputation. It's not bad, it's just not that good either--certainly compared to what you'd get at mo]]></excerpt>
	<link><![CDATA[http://www.tripadvisor.com/Restaurant_Review-g255093-d725956-Reviews-or20-Jasmin_Indian_Restaurant-Adelaide_South_Australia.html]]></link>
</review>
<review>
	<rating>4.0</rating>
	<author><![CDATA[A TripAdvisor Contributor]]></author>
	<date>2007-11-21</date>
	<title><![CDATA[&#x201c;Great food favoured by...&#x201d;]]></title>
	<excerpt><![CDATA[Great food favoured by touring cricket teams. Try the tindalooo if you dare! more]]></excerpt>
	<link><![CDATA[http://www.tripadvisor.com/Restaurant_Review-g255093-d725956-Reviews-or20-Jasmin_Indian_Restaurant-Adelaide_South_Australia.html]]></link>
</review>
<review>
	<rating>5.0</rating>
	<author><![CDATA[A TripAdvisor Contributor]]></author>
	<date>2007-11-14</date>
	<title><![CDATA[&#x201c;The Jasmine in Hindmarsh...&#x201d;]]></title>
	<excerpt><![CDATA[The Jasmine in Hindmarsh Square is a great Indian with an atmosphere of comfort and good-natured friendliness. This is without a doubt the best Indian]]></excerpt>
	<link><![CDATA[http://www.tripadvisor.com/Restaurant_Review-g255093-d725956-Reviews-or20-Jasmin_Indian_Restaurant-Adelaide_South_Australia.html]]></link>
</review>
<review>
	<rating>5.0</rating>
	<author><![CDATA[A TripAdvisor Contributor]]></author>
	<date>2007-11-14</date>
	<title><![CDATA[&#x201c;#1 Indian in Adelaide...&#x201d;]]></title>
	<excerpt><![CDATA[#1 Indian in Adelaide and right next to work - excellent more]]></excerpt>
	<link><![CDATA[http://www.tripadvisor.com/Restaurant_Review-g255093-d725956-Reviews-or20-Jasmin_Indian_Restaurant-Adelaide_South_Australia.html]]></link>
</review>
<review>
	<rating>3.0</rating>
	<author><![CDATA[A TripAdvisor Contributor]]></author>
	<date>2007-11-02</date>
	<title><![CDATA[&#x201c;Not bad. Very popular...&#x201d;]]></title>
	<excerpt><![CDATA[Not bad. Very popular but pricey. more]]></excerpt>
	<link><![CDATA[http://www.tripadvisor.com/Restaurant_Review-g255093-d725956-Reviews-or30-Jasmin_Indian_Restaurant-Adelaide_South_Australia.html]]></link>
</review>
<review>
	<rating>4.0</rating>
	<author><![CDATA[A TripAdvisor Contributor]]></author>
	<date>2007-10-22</date>
	<title><![CDATA[&#x201c;awesome&#x201d;]]></title>
	<excerpt><![CDATA[awesome more]]></excerpt>
	<link><![CDATA[http://www.tripadvisor.com/Restaurant_Review-g255093-d725956-Reviews-or30-Jasmin_Indian_Restaurant-Adelaide_South_Australia.html]]></link>
</review>
</source>