<source name="Trip Advisor" avg-rating="4.0">
<review>
	<rating>1.0</rating>
	<author><![CDATA[A TripAdvisor Contributor]]></author>
	<date>2008-10-28</date>
	<title><![CDATA[&#x201c;Made a booking for 20...&#x201d;]]></title>
	<excerpt><![CDATA[Made a booking for 20 people for a celebration and specifically booked downstairs as there were guests with mobility limitations. When we arrived on t]]></excerpt>
	<link><![CDATA[http://www.tripadvisor.com/Restaurant_Review-g255093-d726154-Reviews-Jolleys_Boathouse_Restaurant-Adelaide_South_Australia.html]]></link>
</review>
<review>
	<rating>4.0</rating>
	<author><![CDATA[A TripAdvisor Contributor]]></author>
	<date>2008-07-21</date>
	<title><![CDATA[&#x201c;Great place for...&#x201d;]]></title>
	<excerpt><![CDATA[Great place for lunch........ more]]></excerpt>
	<link><![CDATA[http://www.tripadvisor.com/Restaurant_Review-g255093-d726154-Reviews-Jolleys_Boathouse_Restaurant-Adelaide_South_Australia.html]]></link>
</review>
<review>
	<rating>2.0</rating>
	<author><![CDATA[A TripAdvisor Contributor]]></author>
	<date>2008-06-20</date>
	<title><![CDATA[&#x201c;last time i went the...&#x201d;]]></title>
	<excerpt><![CDATA[last time i went the staff were.... well not that intelligent more]]></excerpt>
	<link><![CDATA[http://www.tripadvisor.com/Restaurant_Review-g255093-d726154-Reviews-Jolleys_Boathouse_Restaurant-Adelaide_South_Australia.html]]></link>
</review>
<review>
	<rating>4.0</rating>
	<author><![CDATA[A TripAdvisor Contributor]]></author>
	<date>2008-06-15</date>
	<title><![CDATA[&#x201c;Love the dessert...&#x201d;]]></title>
	<excerpt><![CDATA[Love the dessert ..............................
Beautiful view more]]></excerpt>
	<link><![CDATA[http://www.tripadvisor.com/Restaurant_Review-g255093-d726154-Reviews-Jolleys_Boathouse_Restaurant-Adelaide_South_Australia.html]]></link>
</review>
<review>
	<rating>4.0</rating>
	<author><![CDATA[A TripAdvisor Contributor]]></author>
	<date>2008-05-25</date>
	<title><![CDATA[&#x201c;03/08, Slightly rustic...&#x201d;]]></title>
	<excerpt><![CDATA[03/08, Slightly rustic but perfect for a lazy lunch on a sunny day, nice food and wine. more]]></excerpt>
	<link><![CDATA[http://www.tripadvisor.com/Restaurant_Review-g255093-d726154-Reviews-Jolleys_Boathouse_Restaurant-Adelaide_South_Australia.html]]></link>
</review>
<review>
	<rating>5.0</rating>
	<author><![CDATA[A TripAdvisor Contributor]]></author>
	<date>2008-05-15</date>
	<title><![CDATA[&#x201c;Bloody marvellous.&#x201d;]]></title>
	<excerpt><![CDATA[Bloody marvellous. more]]></excerpt>
	<link><![CDATA[http://www.tripadvisor.com/Restaurant_Review-g255093-d726154-Reviews-Jolleys_Boathouse_Restaurant-Adelaide_South_Australia.html]]></link>
</review>
</source>