<source name="Trip Advisor" avg-rating="4.5">
<review>
	<rating>4.0</rating>
	<author><![CDATA[A TripAdvisor Contributor]]></author>
	<date>2008-06-17</date>
	<title><![CDATA[&#x201c;Expensive, but authentic...&#x201d;]]></title>
	<excerpt><![CDATA[Expensive, but authentic French food. Service can be very slow. more]]></excerpt>
	<link><![CDATA[http://www.tripadvisor.com/Restaurant_Review-g255093-d789818-Reviews-La_Guillotine_Restaurant-Adelaide_South_Australia.html]]></link>
</review>
<review>
	<rating>3.0</rating>
	<author><![CDATA[A TripAdvisor Contributor]]></author>
	<date>2008-03-10</date>
	<title><![CDATA[&#x201c;Good, nothing special...&#x201d;]]></title>
	<excerpt><![CDATA[Good, nothing special though more]]></excerpt>
	<link><![CDATA[http://www.tripadvisor.com/Restaurant_Review-g255093-d789818-Reviews-La_Guillotine_Restaurant-Adelaide_South_Australia.html]]></link>
</review>
<review>
	<rating>4.0</rating>
	<author><![CDATA[A TripAdvisor Contributor]]></author>
	<date>2008-01-15</date>
	<title><![CDATA[&#x201c;nice&#x201d;]]></title>
	<excerpt><![CDATA[nice more]]></excerpt>
	<link><![CDATA[http://www.tripadvisor.com/Restaurant_Review-g255093-d789818-Reviews-La_Guillotine_Restaurant-Adelaide_South_Australia.html]]></link>
</review>
<review>
	<rating>4.0</rating>
	<author><![CDATA[A TripAdvisor Contributor]]></author>
	<date>2008-01-04</date>
	<title><![CDATA[&#x201c;1st date with now-hubby...&#x201d;]]></title>
	<excerpt><![CDATA[1st date with now-hubby 11 yrs ago, still a favourite more]]></excerpt>
	<link><![CDATA[http://www.tripadvisor.com/Restaurant_Review-g255093-d789818-Reviews-La_Guillotine_Restaurant-Adelaide_South_Australia.html]]></link>
</review>
<review>
	<rating>3.0</rating>
	<author><![CDATA[A TripAdvisor Contributor]]></author>
	<date>2007-12-16</date>
	<title><![CDATA[&#x201c;love the garlic snails!&#x201d;]]></title>
	<excerpt><![CDATA[love the garlic snails! more]]></excerpt>
	<link><![CDATA[http://www.tripadvisor.com/Restaurant_Review-g255093-d789818-Reviews-La_Guillotine_Restaurant-Adelaide_South_Australia.html]]></link>
</review>
</source>