<source name="Trip Advisor" avg-rating="4.0">
<review>
	<rating>3.0</rating>
	<author><![CDATA[A TripAdvisor Contributor]]></author>
	<date>2009-01-11</date>
	<title><![CDATA[&#x201c;Went here for a lunch...&#x201d;]]></title>
	<excerpt><![CDATA[Went here for a lunch. Good food at a price in a small portion. Excellent service. more]]></excerpt>
	<link><![CDATA[http://www.tripadvisor.com/Restaurant_Review-g255093-d726832-Reviews-Lenzerheide_Restaurant-Adelaide_South_Australia.html]]></link>
</review>
<review>
	<rating>4.0</rating>
	<author><![CDATA[A TripAdvisor Contributor]]></author>
	<date>2008-07-16</date>
	<title><![CDATA[&#x201c;Expensive but oh so very...&#x201d;]]></title>
	<excerpt><![CDATA[Expensive but oh so very special more]]></excerpt>
	<link><![CDATA[http://www.tripadvisor.com/Restaurant_Review-g255093-d726832-Reviews-Lenzerheide_Restaurant-Adelaide_South_Australia.html]]></link>
</review>
<review>
	<rating>5.0</rating>
	<author><![CDATA[A TripAdvisor Contributor]]></author>
	<date>2008-06-15</date>
	<title><![CDATA[&#x201c;Best dinning experience...&#x201d;]]></title>
	<excerpt><![CDATA[Best dinning experience in Adelaide.
Superb food & service. more]]></excerpt>
	<link><![CDATA[http://www.tripadvisor.com/Restaurant_Review-g255093-d726832-Reviews-Lenzerheide_Restaurant-Adelaide_South_Australia.html]]></link>
</review>
<review>
	<rating>4.0</rating>
	<author><![CDATA[A TripAdvisor Contributor]]></author>
	<date>2008-05-25</date>
	<title><![CDATA[&#x201c;07/07, Great for a...&#x201d;]]></title>
	<excerpt><![CDATA[07/07, Great for a special birthday dinner, very nice layout, good service, great European food. more]]></excerpt>
	<link><![CDATA[http://www.tripadvisor.com/Restaurant_Review-g255093-d726832-Reviews-Lenzerheide_Restaurant-Adelaide_South_Australia.html]]></link>
</review>
<review>
	<rating>4.0</rating>
	<author><![CDATA[A TripAdvisor Contributor]]></author>
	<date>2008-05-19</date>
	<title><![CDATA[&#x201c;Yummy!&#x201d;]]></title>
	<excerpt><![CDATA[Yummy! more]]></excerpt>
	<link><![CDATA[http://www.tripadvisor.com/Restaurant_Review-g255093-d726832-Reviews-Lenzerheide_Restaurant-Adelaide_South_Australia.html]]></link>
</review>
<review>
	<rating>4.0</rating>
	<author><![CDATA[A TripAdvisor Contributor]]></author>
	<date>2008-05-18</date>
	<title><![CDATA[&#x201c;Service is great... have...&#x201d;]]></title>
	<excerpt><![CDATA[Service is great... have tasted better swiss food. more]]></excerpt>
	<link><![CDATA[http://www.tripadvisor.com/Restaurant_Review-g255093-d726832-Reviews-Lenzerheide_Restaurant-Adelaide_South_Australia.html]]></link>
</review>
<review>
	<rating>5.0</rating>
	<author><![CDATA[RobBurnside]]></author>
	<date>2008-05-13</date>
	<title><![CDATA[&#x201c;Best in Town&#x201d;]]></title>
	<excerpt><![CDATA[Always great. World class.!
Went last night for my anniversary and they remembered my name. Much better than Alphutte and the new chef has improved th]]></excerpt>
	<link><![CDATA[http://www.tripadvisor.com/Restaurant_Review-g255093-d726832-Reviews-Lenzerheide_Restaurant-Adelaide_South_Australia.html]]></link>
</review>
<review>
	<rating>5.0</rating>
	<author><![CDATA[A TripAdvisor Contributor]]></author>
	<date>2008-03-14</date>
	<title><![CDATA[&#x201c;Fantastic service and...&#x201d;]]></title>
	<excerpt><![CDATA[Fantastic service and food, they make you feel as if you are the only people in the restaurant.. One thing did damper my evening but that wasnt the aw]]></excerpt>
	<link><![CDATA[http://www.tripadvisor.com/Restaurant_Review-g255093-d726832-Reviews-Lenzerheide_Restaurant-Adelaide_South_Australia.html]]></link>
</review>
<review>
	<rating>5.0</rating>
	<author><![CDATA[A TripAdvisor Contributor]]></author>
	<date>2008-03-13</date>
	<title><![CDATA[&#x201c;Brilliant, very friendly...&#x201d;]]></title>
	<excerpt><![CDATA[Brilliant, very friendly waiters even when you are severley under dressed more]]></excerpt>
	<link><![CDATA[http://www.tripadvisor.com/Restaurant_Review-g255093-d726832-Reviews-Lenzerheide_Restaurant-Adelaide_South_Australia.html]]></link>
</review>
<review>
	<rating>4.0</rating>
	<author><![CDATA[A TripAdvisor Contributor]]></author>
	<date>2008-01-14</date>
	<title><![CDATA[&#x201c;Love the food, service...&#x201d;]]></title>
	<excerpt><![CDATA[Love the food, service was good. more]]></excerpt>
	<link><![CDATA[http://www.tripadvisor.com/Restaurant_Review-g255093-d726832-Reviews-Lenzerheide_Restaurant-Adelaide_South_Australia.html]]></link>
</review>
<review>
	<rating>5.0</rating>
	<author><![CDATA[A TripAdvisor Contributor]]></author>
	<date>2008-01-06</date>
	<title><![CDATA[&#x201c;Love It&#x201d;]]></title>
	<excerpt><![CDATA[Love It more]]></excerpt>
	<link><![CDATA[http://www.tripadvisor.com/Restaurant_Review-g255093-d726832-Reviews-or10-Lenzerheide_Restaurant-Adelaide_South_Australia.html]]></link>
</review>
<review>
	<rating>5.0</rating>
	<author><![CDATA[A TripAdvisor Contributor]]></author>
	<date>2008-01-05</date>
	<title><![CDATA[&#x201c;One of the best dining...&#x201d;]]></title>
	<excerpt><![CDATA[One of the best dining experiences you will have.Food superb and not enough can be said about the service. more]]></excerpt>
	<link><![CDATA[http://www.tripadvisor.com/Restaurant_Review-g255093-d726832-Reviews-or10-Lenzerheide_Restaurant-Adelaide_South_Australia.html]]></link>
</review>
<review>
	<rating>5.0</rating>
	<author><![CDATA[A TripAdvisor Contributor]]></author>
	<date>2008-01-01</date>
	<title><![CDATA[&#x201c;Luuuuuurve it!&#x201d;]]></title>
	<excerpt><![CDATA[Luuuuuurve it! more]]></excerpt>
	<link><![CDATA[http://www.tripadvisor.com/Restaurant_Review-g255093-d726832-Reviews-or10-Lenzerheide_Restaurant-Adelaide_South_Australia.html]]></link>
</review>
<review>
	<rating>4.0</rating>
	<author><![CDATA[A TripAdvisor Contributor]]></author>
	<date>2007-12-28</date>
	<title><![CDATA[&#x201c;Good food but no real...&#x201d;]]></title>
	<excerpt><![CDATA[Good food but no real atmosphere. Leo at Alphutte has a better chef more]]></excerpt>
	<link><![CDATA[http://www.tripadvisor.com/Restaurant_Review-g255093-d726832-Reviews-or10-Lenzerheide_Restaurant-Adelaide_South_Australia.html]]></link>
</review>
<review>
	<rating>5.0</rating>
	<author><![CDATA[A TripAdvisor Contributor]]></author>
	<date>2007-12-16</date>
	<title><![CDATA[&#x201c;Possibly my favorite...&#x201d;]]></title>
	<excerpt><![CDATA[Possibly my favorite resturant in Adelaide more]]></excerpt>
	<link><![CDATA[http://www.tripadvisor.com/Restaurant_Review-g255093-d726832-Reviews-or10-Lenzerheide_Restaurant-Adelaide_South_Australia.html]]></link>
</review>
<review>
	<rating>5.0</rating>
	<author><![CDATA[A TripAdvisor Contributor]]></author>
	<date>2007-12-05</date>
	<title><![CDATA[&#x201c;Best restaurant in...&#x201d;]]></title>
	<excerpt><![CDATA[Best restaurant in Adelaide I've had the pleasure of dining in! Great and very fond memories! more]]></excerpt>
	<link><![CDATA[http://www.tripadvisor.com/Restaurant_Review-g255093-d726832-Reviews-or10-Lenzerheide_Restaurant-Adelaide_South_Australia.html]]></link>
</review>
<review>
	<rating>5.0</rating>
	<author><![CDATA[A TripAdvisor Contributor]]></author>
	<date>2007-12-04</date>
	<title><![CDATA[&#x201c;I am never disappointed...&#x201d;]]></title>
	<excerpt><![CDATA[I am never disappointed when I go to Lenzerheide. Their service is excellent with the right amount of attention and the food is always beautifully pre]]></excerpt>
	<link><![CDATA[http://www.tripadvisor.com/Restaurant_Review-g255093-d726832-Reviews-or10-Lenzerheide_Restaurant-Adelaide_South_Australia.html]]></link>
</review>
<review>
	<rating>4.0</rating>
	<author><![CDATA[A TripAdvisor Contributor]]></author>
	<date>2007-11-17</date>
	<title><![CDATA[&#x201c;A lovely place for a...&#x201d;]]></title>
	<excerpt><![CDATA[A lovely place for a special occasion, fabulous food, service and decor. more]]></excerpt>
	<link><![CDATA[http://www.tripadvisor.com/Restaurant_Review-g255093-d726832-Reviews-or10-Lenzerheide_Restaurant-Adelaide_South_Australia.html]]></link>
</review>
<review>
	<rating>5.0</rating>
	<author><![CDATA[A TripAdvisor Contributor]]></author>
	<date>2007-11-02</date>
	<title><![CDATA[&#x201c;Sumptuous food and...&#x201d;]]></title>
	<excerpt><![CDATA[Sumptuous food and excellent service more]]></excerpt>
	<link><![CDATA[http://www.tripadvisor.com/Restaurant_Review-g255093-d726832-Reviews-or10-Lenzerheide_Restaurant-Adelaide_South_Australia.html]]></link>
</review>
<review>
	<rating>5.0</rating>
	<author><![CDATA[A TripAdvisor Contributor]]></author>
	<date>2007-11-02</date>
	<title><![CDATA[&#x201c;Great Food and service...&#x201d;]]></title>
	<excerpt><![CDATA[Great Food and service. Fine dining so expect the price to match. more]]></excerpt>
	<link><![CDATA[http://www.tripadvisor.com/Restaurant_Review-g255093-d726832-Reviews-or10-Lenzerheide_Restaurant-Adelaide_South_Australia.html]]></link>
</review>
<review>
	<rating>5.0</rating>
	<author><![CDATA[A TripAdvisor Contributor]]></author>
	<date>2007-10-31</date>
	<title><![CDATA[&#x201c;This is my favourite...&#x201d;]]></title>
	<excerpt><![CDATA[This is my favourite restaurant in Adelaide! more]]></excerpt>
	<link><![CDATA[http://www.tripadvisor.com/Restaurant_Review-g255093-d726832-Reviews-or20-Lenzerheide_Restaurant-Adelaide_South_Australia.html]]></link>
</review>
</source>