<source name="Trip Advisor" avg-rating="4.0">
<review>
	<rating>2.0</rating>
	<author><![CDATA[A TripAdvisor Contributor]]></author>
	<date>2008-06-02</date>
	<title><![CDATA[&#x201c;Strange person running...&#x201d;]]></title>
	<excerpt><![CDATA[Strange person running the joint very weird more]]></excerpt>
	<link><![CDATA[http://www.tripadvisor.com/Restaurant_Review-g255093-d726865-Reviews-Lipson_Cafe-Adelaide_South_Australia.html]]></link>
</review>
<review>
	<rating>3.0</rating>
	<author><![CDATA[A TripAdvisor Contributor]]></author>
	<date>2008-02-18</date>
	<title><![CDATA[&#x201c;Coffees were great and...&#x201d;]]></title>
	<excerpt><![CDATA[Coffees were great and huge! Service was very ordinary but overall a great value brekkie. more]]></excerpt>
	<link><![CDATA[http://www.tripadvisor.com/Restaurant_Review-g255093-d726865-Reviews-Lipson_Cafe-Adelaide_South_Australia.html]]></link>
</review>
</source>