<source name="Trip Advisor" avg-rating="4.0">
<review>
	<rating>3.0</rating>
	<author><![CDATA[A TripAdvisor Contributor]]></author>
	<date>2009-02-14</date>
	<title><![CDATA[&#x201c;Bill proposed to me...&#x201d;]]></title>
	<excerpt><![CDATA[Bill proposed to me here, so everything else seems a blur compared to that life-changing moment! :) Very nice/classy atmosphere and city light views. ]]></excerpt>
	<link><![CDATA[http://www.tripadvisor.com/Restaurant_Review-g255093-d726969-Reviews-Magill_Estate_Restaurant-Adelaide_South_Australia.html]]></link>
</review>
</source>