<source name="Trip Advisor" avg-rating="4.5">
<review>
	<rating>4.0</rating>
	<author><![CDATA[A TripAdvisor Contributor]]></author>
	<date>2007-12-26</date>
	<title><![CDATA[&#x201c;nice lunch spot, if a...&#x201d;]]></title>
	<excerpt><![CDATA[nice lunch spot, if a tad noisy. more]]></excerpt>
	<link><![CDATA[http://www.tripadvisor.com/Restaurant_Review-g255093-d727036-Reviews-Manna_Cafe-Adelaide_South_Australia.html]]></link>
</review>
<review>
	<rating>2.0</rating>
	<author><![CDATA[A TripAdvisor Contributor]]></author>
	<date>2007-12-06</date>
	<title><![CDATA[&#x201c;It's ok.&#x201d;]]></title>
	<excerpt><![CDATA[It's ok. more]]></excerpt>
	<link><![CDATA[http://www.tripadvisor.com/Restaurant_Review-g255093-d727036-Reviews-Manna_Cafe-Adelaide_South_Australia.html]]></link>
</review>
</source>