<source name="Trip Advisor" avg-rating="4.0">
<review>
	<rating>4.0</rating>
	<author><![CDATA[A TripAdvisor Contributor]]></author>
	<date>2008-01-15</date>
	<title><![CDATA[&#x201c;The food took ages, but...&#x201d;]]></title>
	<excerpt><![CDATA[The food took ages, but was really good! It was a really cute place too more]]></excerpt>
	<link><![CDATA[http://www.tripadvisor.com/Restaurant_Review-g499714-d727068-Reviews-Market_190-McLaren_Vale_South_Australia.html]]></link>
</review>
<review>
	<rating>2.0</rating>
	<author><![CDATA[A TripAdvisor Contributor]]></author>
	<date>2007-11-28</date>
	<title><![CDATA[&#x201c;Good foccaccias, but not...&#x201d;]]></title>
	<excerpt><![CDATA[Good foccaccias, but not as good as it used to be when Justin ran it. more]]></excerpt>
	<link><![CDATA[http://www.tripadvisor.com/Restaurant_Review-g499714-d727068-Reviews-Market_190-McLaren_Vale_South_Australia.html]]></link>
</review>
</source>