<source name="Trip Advisor" avg-rating="4.0">
<review>
	<rating>4.0</rating>
	<author><![CDATA[A TripAdvisor Contributor]]></author>
	<date>2008-08-30</date>
	<title><![CDATA[&#x201c;Never fails to serve...&#x201d;]]></title>
	<excerpt><![CDATA[Never fails to serve fantastic cafe food with a lmiddle eastern flavour more]]></excerpt>
	<link><![CDATA[http://www.tripadvisor.com/Restaurant_Review-g255093-d727322-Reviews-Najjars_Cafe-Adelaide_South_Australia.html]]></link>
</review>
<review>
	<rating>3.0</rating>
	<author><![CDATA[A TripAdvisor Contributor]]></author>
	<date>2008-03-10</date>
	<title><![CDATA[&#x201c;Haven't been for ages...&#x201d;]]></title>
	<excerpt><![CDATA[Haven't been for ages, but was always pretty good more]]></excerpt>
	<link><![CDATA[http://www.tripadvisor.com/Restaurant_Review-g255093-d727322-Reviews-Najjars_Cafe-Adelaide_South_Australia.html]]></link>
</review>
<review>
	<rating>5.0</rating>
	<author><![CDATA[A TripAdvisor Contributor]]></author>
	<date>2008-01-07</date>
	<title><![CDATA[&#x201c;Eclectic & lovely food...&#x201d;]]></title>
	<excerpt><![CDATA[Eclectic & lovely food & atmosphere more]]></excerpt>
	<link><![CDATA[http://www.tripadvisor.com/Restaurant_Review-g255093-d727322-Reviews-Najjars_Cafe-Adelaide_South_Australia.html]]></link>
</review>
<review>
	<rating>3.0</rating>
	<author><![CDATA[A TripAdvisor Contributor]]></author>
	<date>2007-12-31</date>
	<title><![CDATA[&#x201c;I remember it as one of...&#x201d;]]></title>
	<excerpt><![CDATA[I remember it as one of the first cafes in North Adelaide... Opened 15 or so years ago. more]]></excerpt>
	<link><![CDATA[http://www.tripadvisor.com/Restaurant_Review-g255093-d727322-Reviews-Najjars_Cafe-Adelaide_South_Australia.html]]></link>
</review>
<review>
	<rating>1.0</rating>
	<author><![CDATA[A TripAdvisor Contributor]]></author>
	<date>2007-12-16</date>
	<title><![CDATA[&#x201c;sooo boring!&#x201d;]]></title>
	<excerpt><![CDATA[sooo boring! more]]></excerpt>
	<link><![CDATA[http://www.tripadvisor.com/Restaurant_Review-g255093-d727322-Reviews-Najjars_Cafe-Adelaide_South_Australia.html]]></link>
</review>
<review>
	<rating>3.0</rating>
	<author><![CDATA[A TripAdvisor Contributor]]></author>
	<date>2007-12-16</date>
	<title><![CDATA[&#x201c;Great cafe-style food at...&#x201d;]]></title>
	<excerpt><![CDATA[Great cafe-style food at reasonable prices. more]]></excerpt>
	<link><![CDATA[http://www.tripadvisor.com/Restaurant_Review-g255093-d727322-Reviews-Najjars_Cafe-Adelaide_South_Australia.html]]></link>
</review>
<review>
	<rating>2.0</rating>
	<author><![CDATA[A TripAdvisor Contributor]]></author>
	<date>2007-11-27</date>
	<title><![CDATA[&#x201c;Used to be my favourite...&#x201d;]]></title>
	<excerpt><![CDATA[Used to be my favourite cafe in O'Connell St, but was disappointed with the quality of the food last time I went more]]></excerpt>
	<link><![CDATA[http://www.tripadvisor.com/Restaurant_Review-g255093-d727322-Reviews-Najjars_Cafe-Adelaide_South_Australia.html]]></link>
</review>
<review>
	<rating>3.0</rating>
	<author><![CDATA[A TripAdvisor Contributor]]></author>
	<date>2007-11-26</date>
	<title><![CDATA[&#x201c;Fairly standard cafe...&#x201d;]]></title>
	<excerpt><![CDATA[Fairly standard cafe fare. more]]></excerpt>
	<link><![CDATA[http://www.tripadvisor.com/Restaurant_Review-g255093-d727322-Reviews-Najjars_Cafe-Adelaide_South_Australia.html]]></link>
</review>
</source>