<source name="Trip Advisor" avg-rating="4.5">
<review>
	<rating>5.0</rating>
	<author><![CDATA[A TripAdvisor Contributor]]></author>
	<date>2008-03-31</date>
	<title><![CDATA[&#x201c;Fantastic - a real shame...&#x201d;]]></title>
	<excerpt><![CDATA[Fantastic - a real shame it closed down more]]></excerpt>
	<link><![CDATA[http://www.tripadvisor.com/Restaurant_Review-g255093-d727338-Reviews-Nanyeta_s_Gypsy_Taverne-Adelaide_South_Australia.html]]></link>
</review>
<review>
	<rating>4.0</rating>
	<author><![CDATA[A TripAdvisor Contributor]]></author>
	<date>2007-12-16</date>
	<title><![CDATA[&#x201c;this place was great...&#x201d;]]></title>
	<excerpt><![CDATA[this place was great, but has since closed. more]]></excerpt>
	<link><![CDATA[http://www.tripadvisor.com/Restaurant_Review-g255093-d727338-Reviews-Nanyeta_s_Gypsy_Taverne-Adelaide_South_Australia.html]]></link>
</review>
</source>