<source name="Trip Advisor" avg-rating="4.0">
<review>
	<rating>4.0</rating>
	<author><![CDATA[Yerac]]></author>
	<date>2008-07-15</date>
	<title><![CDATA[&#x201c;Good spot, wrong address&#x201d;]]></title>
	<excerpt><![CDATA[This cafe is located in Croydon which is north east of the city, about 5 Kms. It is very casual with a good selection of fresh and simple food. Breakf]]></excerpt>
	<link><![CDATA[http://www.tripadvisor.com/Restaurant_Review-g255093-d727831-Reviews-Queen_Street_Cafe-Adelaide_South_Australia.html]]></link>
</review>
</source>