<source name="Trip Advisor" avg-rating="4.5">
<review>
	<rating>3.0</rating>
	<author><![CDATA[A TripAdvisor Contributor]]></author>
	<date>2009-02-13</date>
	<title><![CDATA[&#x201c;First Lebanese Food for...&#x201d;]]></title>
	<excerpt><![CDATA[First Lebanese Food for me, not sure what to make of it. We had the banquet and they were nice in a subtle way. I would say go for the meat dishes. mo]]></excerpt>
	<link><![CDATA[http://www.tripadvisor.com/Restaurant_Review-g255093-d727833-Reviews-Quiet_Waters-Adelaide_South_Australia.html]]></link>
</review>
<review>
	<rating>3.0</rating>
	<author><![CDATA[A TripAdvisor Contributor]]></author>
	<date>2008-06-15</date>
	<title><![CDATA[&#x201c;Relaxed, good prices...&#x201d;]]></title>
	<excerpt><![CDATA[Relaxed, good prices, kinda dodgy but in the best posssible way. more]]></excerpt>
	<link><![CDATA[http://www.tripadvisor.com/Restaurant_Review-g255093-d727833-Reviews-Quiet_Waters-Adelaide_South_Australia.html]]></link>
</review>
<review>
	<rating>5.0</rating>
	<author><![CDATA[A TripAdvisor Contributor]]></author>
	<date>2008-03-14</date>
	<title><![CDATA[&#x201c;ahh.. one of the reasons...&#x201d;]]></title>
	<excerpt><![CDATA[ahh.. one of the reasons i like being here more]]></excerpt>
	<link><![CDATA[http://www.tripadvisor.com/Restaurant_Review-g255093-d727833-Reviews-Quiet_Waters-Adelaide_South_Australia.html]]></link>
</review>
<review>
	<rating>3.0</rating>
	<author><![CDATA[A TripAdvisor Contributor]]></author>
	<date>2008-03-13</date>
	<title><![CDATA[&#x201c;Very nice lebanese food...&#x201d;]]></title>
	<excerpt><![CDATA[Very nice lebanese food, huge banquets, unfortunately smoke from upstairs can waft in and ruin the experience more]]></excerpt>
	<link><![CDATA[http://www.tripadvisor.com/Restaurant_Review-g255093-d727833-Reviews-Quiet_Waters-Adelaide_South_Australia.html]]></link>
</review>
<review>
	<rating>5.0</rating>
	<author><![CDATA[A TripAdvisor Contributor]]></author>
	<date>2008-03-10</date>
	<title><![CDATA[&#x201c;Best middle eastern...&#x201d;]]></title>
	<excerpt><![CDATA[Best middle eastern place in Adelaide, kinda dodgy though more]]></excerpt>
	<link><![CDATA[http://www.tripadvisor.com/Restaurant_Review-g255093-d727833-Reviews-Quiet_Waters-Adelaide_South_Australia.html]]></link>
</review>
<review>
	<rating>4.0</rating>
	<author><![CDATA[A TripAdvisor Contributor]]></author>
	<date>2007-11-21</date>
	<title><![CDATA[&#x201c;good food, relaxed...&#x201d;]]></title>
	<excerpt><![CDATA[good food, relaxed atmosphere, BYO with cheap corkage, belly dancing - what more do you need? more]]></excerpt>
	<link><![CDATA[http://www.tripadvisor.com/Restaurant_Review-g255093-d727833-Reviews-Quiet_Waters-Adelaide_South_Australia.html]]></link>
</review>
<review>
	<rating>4.0</rating>
	<author><![CDATA[A TripAdvisor Contributor]]></author>
	<date>2007-11-18</date>
	<title><![CDATA[&#x201c;Yum & so cheap!!&#x201d;]]></title>
	<excerpt><![CDATA[Yum & so cheap!! more]]></excerpt>
	<link><![CDATA[http://www.tripadvisor.com/Restaurant_Review-g255093-d727833-Reviews-Quiet_Waters-Adelaide_South_Australia.html]]></link>
</review>
<review>
	<rating>5.0</rating>
	<author><![CDATA[A TripAdvisor Contributor]]></author>
	<date>2007-11-18</date>
	<title><![CDATA[&#x201c;Great food, great...&#x201d;]]></title>
	<excerpt><![CDATA[Great food, great atmosphere, LOVE the belly dancers! more]]></excerpt>
	<link><![CDATA[http://www.tripadvisor.com/Restaurant_Review-g255093-d727833-Reviews-Quiet_Waters-Adelaide_South_Australia.html]]></link>
</review>
<review>
	<rating>4.0</rating>
	<author><![CDATA[A TripAdvisor Contributor]]></author>
	<date>2007-10-22</date>
	<title><![CDATA[&#x201c;ah, the serenity...&#x201d;]]></title>
	<excerpt><![CDATA[ah, the serenity... more]]></excerpt>
	<link><![CDATA[http://www.tripadvisor.com/Restaurant_Review-g255093-d727833-Reviews-Quiet_Waters-Adelaide_South_Australia.html]]></link>
</review>
</source>