<source name="Trip Advisor" avg-rating="4.0">
<review>
	<rating>5.0</rating>
	<author><![CDATA[A TripAdvisor Contributor]]></author>
	<date>2008-04-23</date>
	<title><![CDATA[&#x201c;In a word, magnificent...&#x201d;]]></title>
	<excerpt><![CDATA[In a word, magnificent. Wonderful old inn, especially with the wood stove roaring in winter. The food is simply stunning, drawing on the wonderful loc]]></excerpt>
	<link><![CDATA[http://www.tripadvisor.com/Restaurant_Review-g499714-d728129-Reviews-Salopian_Inn-McLaren_Vale_South_Australia.html]]></link>
</review>
</source>