<source name="Trip Advisor" avg-rating="4.5">
<review>
	<rating>5.0</rating>
	<author><![CDATA[A TripAdvisor Contributor]]></author>
	<date>2008-01-06</date>
	<title><![CDATA[&#x201c;Fantastic Restaurant...&#x201d;]]></title>
	<excerpt><![CDATA[Fantastic Restaurant, great steaks and impressive wine!! Excellent service and natural surroundings. Highly recommended! more]]></excerpt>
	<link><![CDATA[http://www.tripadvisor.com/Restaurant_Review-g495008-d728134-Reviews-Salter_s_Restaurant-Angaston_Barossa_Valley_South_Australia.html]]></link>
</review>
</source>