<source name="Trip Advisor" avg-rating="4.5">
<review>
	<rating>5.0</rating>
	<author><![CDATA[Smedles]]></author>
	<date>2009-01-15</date>
	<title><![CDATA[&#x201c;Spectacular&#x201d;]]></title>
	<excerpt><![CDATA[Dining at the Shiki was such an extraordinary experience. Having the food being cooked and flamed in front of you was spectacular. The service on the ]]></excerpt>
	<link><![CDATA[http://www.tripadvisor.com/Restaurant_Review-g255093-d728282-Reviews-Shiki_Hyatt_Regency-Adelaide_South_Australia.html]]></link>
</review>
<review>
	<rating>5.0</rating>
	<author><![CDATA[A TripAdvisor Contributor]]></author>
	<date>2008-06-23</date>
	<title><![CDATA[&#x201c;oh yum what a lovely...&#x201d;]]></title>
	<excerpt><![CDATA[oh yum what a lovely experience! more]]></excerpt>
	<link><![CDATA[http://www.tripadvisor.com/Restaurant_Review-g255093-d728282-Reviews-Shiki_Hyatt_Regency-Adelaide_South_Australia.html]]></link>
</review>
<review>
	<rating>4.0</rating>
	<author><![CDATA[A TripAdvisor Contributor]]></author>
	<date>2008-06-01</date>
	<title><![CDATA[&#x201c;Alomost 5 stars - a...&#x201d;]]></title>
	<excerpt><![CDATA[Alomost 5 stars - a genuine Japanese experience - 1 of the best in Adelaide A+++ more]]></excerpt>
	<link><![CDATA[http://www.tripadvisor.com/Restaurant_Review-g255093-d728282-Reviews-Shiki_Hyatt_Regency-Adelaide_South_Australia.html]]></link>
</review>
<review>
	<rating>3.0</rating>
	<author><![CDATA[A TripAdvisor Contributor]]></author>
	<date>2008-03-31</date>
	<title><![CDATA[&#x201c;over priced. u only...&#x201d;]]></title>
	<excerpt><![CDATA[over priced. u only paying for the show (chef cooking in front of u) food not worth it more]]></excerpt>
	<link><![CDATA[http://www.tripadvisor.com/Restaurant_Review-g255093-d728282-Reviews-Shiki_Hyatt_Regency-Adelaide_South_Australia.html]]></link>
</review>
<review>
	<rating>4.0</rating>
	<author><![CDATA[A TripAdvisor Contributor]]></author>
	<date>2008-03-14</date>
	<title><![CDATA[&#x201c;Fantastic Japanese food...&#x201d;]]></title>
	<excerpt><![CDATA[Fantastic Japanese food. Great for a special occassion. Always go for Anniversary. Not Cheap tho. more]]></excerpt>
	<link><![CDATA[http://www.tripadvisor.com/Restaurant_Review-g255093-d728282-Reviews-Shiki_Hyatt_Regency-Adelaide_South_Australia.html]]></link>
</review>
<review>
	<rating>5.0</rating>
	<author><![CDATA[A TripAdvisor Contributor]]></author>
	<date>2008-03-13</date>
	<title><![CDATA[&#x201c;~~JUST LOVE THE HYATT...&#x201d;]]></title>
	<excerpt><![CDATA[~~JUST LOVE THE HYATT~~ FOOD more]]></excerpt>
	<link><![CDATA[http://www.tripadvisor.com/Restaurant_Review-g255093-d728282-Reviews-Shiki_Hyatt_Regency-Adelaide_South_Australia.html]]></link>
</review>
<review>
	<rating>5.0</rating>
	<author><![CDATA[A TripAdvisor Contributor]]></author>
	<date>2008-03-10</date>
	<title><![CDATA[&#x201c;Absolutely fantastic...&#x201d;]]></title>
	<excerpt><![CDATA[Absolutely fantastic, pricey, but well worth it! more]]></excerpt>
	<link><![CDATA[http://www.tripadvisor.com/Restaurant_Review-g255093-d728282-Reviews-Shiki_Hyatt_Regency-Adelaide_South_Australia.html]]></link>
</review>
<review>
	<rating>5.0</rating>
	<author><![CDATA[A TripAdvisor Contributor]]></author>
	<date>2008-02-04</date>
	<title><![CDATA[&#x201c;This is the absolutely...&#x201d;]]></title>
	<excerpt><![CDATA[This is the absolutely best Restaurant in SA. My very favourite of all time! more]]></excerpt>
	<link><![CDATA[http://www.tripadvisor.com/Restaurant_Review-g255093-d728282-Reviews-Shiki_Hyatt_Regency-Adelaide_South_Australia.html]]></link>
</review>
<review>
	<rating>4.0</rating>
	<author><![CDATA[A TripAdvisor Contributor]]></author>
	<date>2008-02-02</date>
	<title><![CDATA[&#x201c;Good food, great service&#x201d;]]></title>
	<excerpt><![CDATA[Good food, great service more]]></excerpt>
	<link><![CDATA[http://www.tripadvisor.com/Restaurant_Review-g255093-d728282-Reviews-Shiki_Hyatt_Regency-Adelaide_South_Australia.html]]></link>
</review>
<review>
	<rating>5.0</rating>
	<author><![CDATA[A TripAdvisor Contributor]]></author>
	<date>2007-12-30</date>
	<title><![CDATA[&#x201c;Really delicious...&#x201d;]]></title>
	<excerpt><![CDATA[Really delicious Teppanyaki, with excellent service more]]></excerpt>
	<link><![CDATA[http://www.tripadvisor.com/Restaurant_Review-g255093-d728282-Reviews-Shiki_Hyatt_Regency-Adelaide_South_Australia.html]]></link>
</review>
<review>
	<rating>5.0</rating>
	<author><![CDATA[A TripAdvisor Contributor]]></author>
	<date>2007-11-23</date>
	<title><![CDATA[&#x201c;Great japanese&#x201d;]]></title>
	<excerpt><![CDATA[Great japanese more]]></excerpt>
	<link><![CDATA[http://www.tripadvisor.com/Restaurant_Review-g255093-d728282-Reviews-or10-Shiki_Hyatt_Regency-Adelaide_South_Australia.html]]></link>
</review>
<review>
	<rating>5.0</rating>
	<author><![CDATA[A TripAdvisor Contributor]]></author>
	<date>2007-11-23</date>
	<title><![CDATA[&#x201c;The best service and...&#x201d;]]></title>
	<excerpt><![CDATA[The best service and food ever at a Japanese restaurant - my ALL time favourite. more]]></excerpt>
	<link><![CDATA[http://www.tripadvisor.com/Restaurant_Review-g255093-d728282-Reviews-or10-Shiki_Hyatt_Regency-Adelaide_South_Australia.html]]></link>
</review>
<review>
	<rating>5.0</rating>
	<author><![CDATA[A TripAdvisor Contributor]]></author>
	<date>2007-11-13</date>
	<title><![CDATA[&#x201c;Awesome... if you can...&#x201d;]]></title>
	<excerpt><![CDATA[Awesome... if you can afford $75 a head! more]]></excerpt>
	<link><![CDATA[http://www.tripadvisor.com/Restaurant_Review-g255093-d728282-Reviews-or10-Shiki_Hyatt_Regency-Adelaide_South_Australia.html]]></link>
</review>
<review>
	<rating>4.0</rating>
	<author><![CDATA[A TripAdvisor Contributor]]></author>
	<date>2007-11-01</date>
	<title><![CDATA[&#x201c;bloody expensive but...&#x201d;]]></title>
	<excerpt><![CDATA[bloody expensive but well worth it...food great and the experience of this style of dining was out of this world. more]]></excerpt>
	<link><![CDATA[http://www.tripadvisor.com/Restaurant_Review-g255093-d728282-Reviews-or10-Shiki_Hyatt_Regency-Adelaide_South_Australia.html]]></link>
</review>
<review>
	<rating>3.0</rating>
	<author><![CDATA[A TripAdvisor Contributor]]></author>
	<date>2007-10-22</date>
	<title><![CDATA[&#x201c;great spot&#x201d;]]></title>
	<excerpt><![CDATA[great spot more]]></excerpt>
	<link><![CDATA[http://www.tripadvisor.com/Restaurant_Review-g255093-d728282-Reviews-or10-Shiki_Hyatt_Regency-Adelaide_South_Australia.html]]></link>
</review>
</source>