<source name="Trip Advisor" avg-rating="4.5">
<review>
	<rating>2.0</rating>
	<author><![CDATA[A TripAdvisor Contributor]]></author>
	<date>2008-05-25</date>
	<title><![CDATA[&#x201c;.... there are better...&#x201d;]]></title>
	<excerpt><![CDATA[.... there are better places to go for sushi in Adelaide. more]]></excerpt>
	<link><![CDATA[http://www.tripadvisor.com/Restaurant_Review-g255093-d728488-Reviews-Sumo_Station-Adelaide_South_Australia.html]]></link>
</review>
<review>
	<rating>2.0</rating>
	<author><![CDATA[A TripAdvisor Contributor]]></author>
	<date>2008-05-13</date>
	<title><![CDATA[&#x201c;flavours are not...&#x201d;]]></title>
	<excerpt><![CDATA[flavours are not traditional.. but its ok if u dont know much about japanese food. and its expensive too. more]]></excerpt>
	<link><![CDATA[http://www.tripadvisor.com/Restaurant_Review-g255093-d728488-Reviews-Sumo_Station-Adelaide_South_Australia.html]]></link>
</review>
<review>
	<rating>2.0</rating>
	<author><![CDATA[A TripAdvisor Contributor]]></author>
	<date>2008-04-26</date>
	<title><![CDATA[&#x201c;Japanese for the...&#x201d;]]></title>
	<excerpt><![CDATA[Japanese for the uninitiated. Try once and move on up! more]]></excerpt>
	<link><![CDATA[http://www.tripadvisor.com/Restaurant_Review-g255093-d728488-Reviews-Sumo_Station-Adelaide_South_Australia.html]]></link>
</review>
<review>
	<rating>5.0</rating>
	<author><![CDATA[A TripAdvisor Contributor]]></author>
	<date>2008-03-13</date>
	<title><![CDATA[&#x201c;GREAT FOOD IF YOU CAN...&#x201d;]]></title>
	<excerpt><![CDATA[GREAT FOOD IF YOU CAN STOP THE TRAIN IN TIME !!! more]]></excerpt>
	<link><![CDATA[http://www.tripadvisor.com/Restaurant_Review-g255093-d728488-Reviews-Sumo_Station-Adelaide_South_Australia.html]]></link>
</review>
<review>
	<rating>4.0</rating>
	<author><![CDATA[A TripAdvisor Contributor]]></author>
	<date>2008-02-05</date>
	<title><![CDATA[&#x201c;Love it! Great takeaway...&#x201d;]]></title>
	<excerpt><![CDATA[Love it! Great takeaway Restaurant! Sushi & Tempura Prawns are divine! more]]></excerpt>
	<link><![CDATA[http://www.tripadvisor.com/Restaurant_Review-g255093-d728488-Reviews-Sumo_Station-Adelaide_South_Australia.html]]></link>
</review>
<review>
	<rating>2.0</rating>
	<author><![CDATA[A TripAdvisor Contributor]]></author>
	<date>2008-01-02</date>
	<title><![CDATA[&#x201c;fun but pricey&#x201d;]]></title>
	<excerpt><![CDATA[fun but pricey more]]></excerpt>
	<link><![CDATA[http://www.tripadvisor.com/Restaurant_Review-g255093-d728488-Reviews-Sumo_Station-Adelaide_South_Australia.html]]></link>
</review>
<review>
	<rating>3.0</rating>
	<author><![CDATA[A TripAdvisor Contributor]]></author>
	<date>2007-12-16</date>
	<title><![CDATA[&#x201c;hmmm sushi&#x201d;]]></title>
	<excerpt><![CDATA[hmmm sushi more]]></excerpt>
	<link><![CDATA[http://www.tripadvisor.com/Restaurant_Review-g255093-d728488-Reviews-Sumo_Station-Adelaide_South_Australia.html]]></link>
</review>
</source>