<source name="Trip Advisor" avg-rating="4.0">
<review>
	<rating>4.0</rating>
	<author><![CDATA[A TripAdvisor Contributor]]></author>
	<date>2008-08-25</date>
	<title><![CDATA[&#x201c;Great food...very formal...&#x201d;]]></title>
	<excerpt><![CDATA[Great food...very formal in appearance but found the clientelle to be casually dressed. Didn't quite match but a great menu. more]]></excerpt>
	<link><![CDATA[http://www.tripadvisor.com/Restaurant_Review-g255093-d728605-Reviews-Tandoori_Oven-Adelaide_South_Australia.html]]></link>
</review>
<review>
	<rating>1.0</rating>
	<author><![CDATA[A TripAdvisor Contributor]]></author>
	<date>2008-07-24</date>
	<title><![CDATA[&#x201c;Did I miss something? It...&#x201d;]]></title>
	<excerpt><![CDATA[Did I miss something? It took an unreasonably long time for our meals to come out, the bug tail curry was watery (like "just add water" packet mix wit]]></excerpt>
	<link><![CDATA[http://www.tripadvisor.com/Restaurant_Review-g255093-d728605-Reviews-Tandoori_Oven-Adelaide_South_Australia.html]]></link>
</review>
<review>
	<rating>5.0</rating>
	<author><![CDATA[A TripAdvisor Contributor]]></author>
	<date>2008-07-21</date>
	<title><![CDATA[&#x201c;VOTED BEST INDIAN...&#x201d;]]></title>
	<excerpt><![CDATA[VOTED BEST INDIAN RESTAURANT IN AUSTRALIA, several years in a row. I swear I'm not related ;) more]]></excerpt>
	<link><![CDATA[http://www.tripadvisor.com/Restaurant_Review-g255093-d728605-Reviews-Tandoori_Oven-Adelaide_South_Australia.html]]></link>
</review>
<review>
	<rating>5.0</rating>
	<author><![CDATA[A TripAdvisor Contributor]]></author>
	<date>2008-06-18</date>
	<title><![CDATA[&#x201c;i had the selection of 3...&#x201d;]]></title>
	<excerpt><![CDATA[i had the selection of 3 curries, the chicken tikka, a serve of rice and some cheese naan all for $27! and it was really really good. so filling but s]]></excerpt>
	<link><![CDATA[http://www.tripadvisor.com/Restaurant_Review-g255093-d728605-Reviews-Tandoori_Oven-Adelaide_South_Australia.html]]></link>
</review>
<review>
	<rating>4.0</rating>
	<author><![CDATA[A TripAdvisor Contributor]]></author>
	<date>2008-04-25</date>
	<title><![CDATA[&#x201c;An old favourite&#x201d;]]></title>
	<excerpt><![CDATA[An old favourite more]]></excerpt>
	<link><![CDATA[http://www.tripadvisor.com/Restaurant_Review-g255093-d728605-Reviews-Tandoori_Oven-Adelaide_South_Australia.html]]></link>
</review>
<review>
	<rating>5.0</rating>
	<author><![CDATA[A TripAdvisor Contributor]]></author>
	<date>2008-03-13</date>
	<title><![CDATA[&#x201c;THE TANDOORI PRAWNS 10/10&#x201d;]]></title>
	<excerpt><![CDATA[THE TANDOORI PRAWNS 10/10 more]]></excerpt>
	<link><![CDATA[http://www.tripadvisor.com/Restaurant_Review-g255093-d728605-Reviews-Tandoori_Oven-Adelaide_South_Australia.html]]></link>
</review>
<review>
	<rating>4.0</rating>
	<author><![CDATA[A TripAdvisor Contributor]]></author>
	<date>2008-02-14</date>
	<title><![CDATA[&#x201c;Gorgeous Indian...&#x201d;]]></title>
	<excerpt><![CDATA[Gorgeous Indian - expensive tho! more]]></excerpt>
	<link><![CDATA[http://www.tripadvisor.com/Restaurant_Review-g255093-d728605-Reviews-Tandoori_Oven-Adelaide_South_Australia.html]]></link>
</review>
<review>
	<rating>4.0</rating>
	<author><![CDATA[A TripAdvisor Contributor]]></author>
	<date>2008-02-01</date>
	<title><![CDATA[&#x201c;Yum! Really delicious...&#x201d;]]></title>
	<excerpt><![CDATA[Yum! Really delicious Indian food more]]></excerpt>
	<link><![CDATA[http://www.tripadvisor.com/Restaurant_Review-g255093-d728605-Reviews-Tandoori_Oven-Adelaide_South_Australia.html]]></link>
</review>
<review>
	<rating>4.0</rating>
	<author><![CDATA[A TripAdvisor Contributor]]></author>
	<date>2008-01-09</date>
	<title><![CDATA[&#x201c;Flavourful indian...&#x201d;]]></title>
	<excerpt><![CDATA[Flavourful indian dishes, sophisticated presentation and a good list of wines by the glass. Regulars have been faithful for years to this restaurant. ]]></excerpt>
	<link><![CDATA[http://www.tripadvisor.com/Restaurant_Review-g255093-d728605-Reviews-Tandoori_Oven-Adelaide_South_Australia.html]]></link>
</review>
<review>
	<rating>4.0</rating>
	<author><![CDATA[A TripAdvisor Contributor]]></author>
	<date>2007-12-28</date>
	<title><![CDATA[&#x201c;Probably the best Indian...&#x201d;]]></title>
	<excerpt><![CDATA[Probably the best Indian in Adelaide but a little overpriced more]]></excerpt>
	<link><![CDATA[http://www.tripadvisor.com/Restaurant_Review-g255093-d728605-Reviews-Tandoori_Oven-Adelaide_South_Australia.html]]></link>
</review>
<review>
	<rating>5.0</rating>
	<author><![CDATA[A TripAdvisor Contributor]]></author>
	<date>2007-12-09</date>
	<title><![CDATA[&#x201c;The best indian food in...&#x201d;]]></title>
	<excerpt><![CDATA[The best indian food in Adelaide! more]]></excerpt>
	<link><![CDATA[http://www.tripadvisor.com/Restaurant_Review-g255093-d728605-Reviews-or10-Tandoori_Oven-Adelaide_South_Australia.html]]></link>
</review>
<review>
	<rating>4.0</rating>
	<author><![CDATA[A TripAdvisor Contributor]]></author>
	<date>2007-11-28</date>
	<title><![CDATA[&#x201c;Great service.
Good...&#x201d;]]></title>
	<excerpt><![CDATA[Great service.
Good quality.
Small quantities. more]]></excerpt>
	<link><![CDATA[http://www.tripadvisor.com/Restaurant_Review-g255093-d728605-Reviews-or10-Tandoori_Oven-Adelaide_South_Australia.html]]></link>
</review>
<review>
	<rating>5.0</rating>
	<author><![CDATA[A TripAdvisor Contributor]]></author>
	<date>2007-11-23</date>
	<title><![CDATA[&#x201c;Awesome food! Great...&#x201d;]]></title>
	<excerpt><![CDATA[Awesome food! Great service! Nice atmosphere. Probably my favorite restaurant in Adelaide, and one of my favorites anywhere! more]]></excerpt>
	<link><![CDATA[http://www.tripadvisor.com/Restaurant_Review-g255093-d728605-Reviews-or10-Tandoori_Oven-Adelaide_South_Australia.html]]></link>
</review>
<review>
	<rating>3.0</rating>
	<author><![CDATA[A TripAdvisor Contributor]]></author>
	<date>2007-11-23</date>
	<title><![CDATA[&#x201c;Great food and service...&#x201d;]]></title>
	<excerpt><![CDATA[Great food and service but the noise level is unbearable. more]]></excerpt>
	<link><![CDATA[http://www.tripadvisor.com/Restaurant_Review-g255093-d728605-Reviews-or10-Tandoori_Oven-Adelaide_South_Australia.html]]></link>
</review>
<review>
	<rating>3.0</rating>
	<author><![CDATA[A TripAdvisor Contributor]]></author>
	<date>2007-11-21</date>
	<title><![CDATA[&#x201c;yummy!!&#x201d;]]></title>
	<excerpt><![CDATA[yummy!! more]]></excerpt>
	<link><![CDATA[http://www.tripadvisor.com/Restaurant_Review-g255093-d728605-Reviews-or10-Tandoori_Oven-Adelaide_South_Australia.html]]></link>
</review>
<review>
	<rating>4.0</rating>
	<author><![CDATA[A TripAdvisor Contributor]]></author>
	<date>2007-11-12</date>
	<title><![CDATA[&#x201c;very good Indian, if a...&#x201d;]]></title>
	<excerpt><![CDATA[very good Indian, if a bit pricey more]]></excerpt>
	<link><![CDATA[http://www.tripadvisor.com/Restaurant_Review-g255093-d728605-Reviews-or10-Tandoori_Oven-Adelaide_South_Australia.html]]></link>
</review>
</source>