<source name="Trip Advisor" avg-rating="4.0">
<review>
	<rating>1.0</rating>
	<author><![CDATA[tasteyflav]]></author>
	<date>2009-02-21</date>
	<title><![CDATA[&#x201c;Never Again&#x201d;]]></title>
	<excerpt><![CDATA[My boy friend and I were very excited to attend T.B.B.C. The excitement we felt soon faded to disappointment... On arrival they had lost our booking a]]></excerpt>
	<link><![CDATA[http://www.tripadvisor.com/Restaurant_Review-g255093-d789706-Reviews-Bombay_Bicycle_Club-Adelaide_South_Australia.html]]></link>
</review>
<review>
	<rating>1.0</rating>
	<author><![CDATA[A TripAdvisor Contributor]]></author>
	<date>2008-08-25</date>
	<title><![CDATA[&#x201c;Steak Club attended BBC...&#x201d;]]></title>
	<excerpt><![CDATA[Steak Club attended BBC and hated it. The staff were rude and slow, the steak wasn't cooked as we asked and several believe they got a case of food po]]></excerpt>
	<link><![CDATA[http://www.tripadvisor.com/Restaurant_Review-g255093-d789706-Reviews-Bombay_Bicycle_Club-Adelaide_South_Australia.html]]></link>
</review>
<review>
	<rating>2.0</rating>
	<author><![CDATA[A TripAdvisor Contributor]]></author>
	<date>2008-07-18</date>
	<title><![CDATA[&#x201c;It's ok, I've had better...&#x201d;]]></title>
	<excerpt><![CDATA[It's ok, I've had better Indian. Good atmosphere though. more]]></excerpt>
	<link><![CDATA[http://www.tripadvisor.com/Restaurant_Review-g255093-d789706-Reviews-Bombay_Bicycle_Club-Adelaide_South_Australia.html]]></link>
</review>
<review>
	<rating>4.0</rating>
	<author><![CDATA[A TripAdvisor Contributor]]></author>
	<date>2008-06-06</date>
	<title><![CDATA[&#x201c;Outstanding design and...&#x201d;]]></title>
	<excerpt><![CDATA[Outstanding design and decor. Good food, average service. If you can't get into the main restaurant, try the Tikka Bar menu. Very good. more]]></excerpt>
	<link><![CDATA[http://www.tripadvisor.com/Restaurant_Review-g255093-d789706-Reviews-Bombay_Bicycle_Club-Adelaide_South_Australia.html]]></link>
</review>
<review>
	<rating>4.0</rating>
	<author><![CDATA[A TripAdvisor Contributor]]></author>
	<date>2008-06-05</date>
	<title><![CDATA[&#x201c;Like this place. Weird&#x201d;]]></title>
	<excerpt><![CDATA[Like this place. Weird more]]></excerpt>
	<link><![CDATA[http://www.tripadvisor.com/Restaurant_Review-g255093-d789706-Reviews-Bombay_Bicycle_Club-Adelaide_South_Australia.html]]></link>
</review>
<review>
	<rating>3.0</rating>
	<author><![CDATA[A TripAdvisor Contributor]]></author>
	<date>2008-05-18</date>
	<title><![CDATA[&#x201c;can get bit noisy...&#x201d;]]></title>
	<excerpt><![CDATA[can get bit noisy upstairs, if you're not in the private room/area. more]]></excerpt>
	<link><![CDATA[http://www.tripadvisor.com/Restaurant_Review-g255093-d789706-Reviews-Bombay_Bicycle_Club-Adelaide_South_Australia.html]]></link>
</review>
<review>
	<rating>4.0</rating>
	<author><![CDATA[A TripAdvisor Contributor]]></author>
	<date>2008-05-16</date>
	<title><![CDATA[&#x201c;probably one of the...&#x201d;]]></title>
	<excerpt><![CDATA[probably one of the better curries in Adelaide, excellent building and service more]]></excerpt>
	<link><![CDATA[http://www.tripadvisor.com/Restaurant_Review-g255093-d789706-Reviews-Bombay_Bicycle_Club-Adelaide_South_Australia.html]]></link>
</review>
<review>
	<rating>5.0</rating>
	<author><![CDATA[A TripAdvisor Contributor]]></author>
	<date>2008-04-11</date>
	<title><![CDATA[&#x201c;awesome meal & service...&#x201d;]]></title>
	<excerpt><![CDATA[awesome meal & service, fantastic atmosphere more]]></excerpt>
	<link><![CDATA[http://www.tripadvisor.com/Restaurant_Review-g255093-d789706-Reviews-Bombay_Bicycle_Club-Adelaide_South_Australia.html]]></link>
</review>
<review>
	<rating>4.0</rating>
	<author><![CDATA[A TripAdvisor Contributor]]></author>
	<date>2008-03-24</date>
	<title><![CDATA[&#x201c;Nice restaurant and good...&#x201d;]]></title>
	<excerpt><![CDATA[Nice restaurant and good indian food! more]]></excerpt>
	<link><![CDATA[http://www.tripadvisor.com/Restaurant_Review-g255093-d789706-Reviews-Bombay_Bicycle_Club-Adelaide_South_Australia.html]]></link>
</review>
<review>
	<rating>4.0</rating>
	<author><![CDATA[A TripAdvisor Contributor]]></author>
	<date>2008-03-14</date>
	<title><![CDATA[&#x201c;awesome place.. great...&#x201d;]]></title>
	<excerpt><![CDATA[awesome place.. great atmosphere.. food was good too.. its fun and its not too out there for your average joe more]]></excerpt>
	<link><![CDATA[http://www.tripadvisor.com/Restaurant_Review-g255093-d789706-Reviews-Bombay_Bicycle_Club-Adelaide_South_Australia.html]]></link>
</review>
<review>
	<rating>4.0</rating>
	<author><![CDATA[A TripAdvisor Contributor]]></author>
	<date>2008-03-13</date>
	<title><![CDATA[&#x201c;Very nice themed...&#x201d;]]></title>
	<excerpt><![CDATA[Very nice themed restaurant, food is great was not too adventurous on the night so i went for the vindaloo not the rikki tikki tavi tindaloo which qui]]></excerpt>
	<link><![CDATA[http://www.tripadvisor.com/Restaurant_Review-g255093-d789706-Reviews-or10-Bombay_Bicycle_Club-Adelaide_South_Australia.html]]></link>
</review>
<review>
	<rating>5.0</rating>
	<author><![CDATA[A TripAdvisor Contributor]]></author>
	<date>2008-03-13</date>
	<title><![CDATA[&#x201c;EXCELLENT MENU. ( MUST...&#x201d;]]></title>
	<excerpt><![CDATA[EXCELLENT MENU. ( MUST CHECK OUT THE LOO'S 0 Shhhhhh more]]></excerpt>
	<link><![CDATA[http://www.tripadvisor.com/Restaurant_Review-g255093-d789706-Reviews-or10-Bombay_Bicycle_Club-Adelaide_South_Australia.html]]></link>
</review>
<review>
	<rating>4.0</rating>
	<author><![CDATA[A TripAdvisor Contributor]]></author>
	<date>2008-03-10</date>
	<title><![CDATA[&#x201c;Great food&#x201d;]]></title>
	<excerpt><![CDATA[Great food more]]></excerpt>
	<link><![CDATA[http://www.tripadvisor.com/Restaurant_Review-g255093-d789706-Reviews-or10-Bombay_Bicycle_Club-Adelaide_South_Australia.html]]></link>
</review>
</source>