<source name="Trip Advisor" avg-rating="4.5">
<review>
	<rating>3.0</rating>
	<author><![CDATA[A TripAdvisor Contributor]]></author>
	<date>2008-09-02</date>
	<title><![CDATA[&#x201c;Great Indian...&#x201d;]]></title>
	<excerpt><![CDATA[Great Indian Cusine....... more]]></excerpt>
	<link><![CDATA[http://www.tripadvisor.com/Restaurant_Review-g255093-d724232-Reviews-Dhaba_at_the_Spice_Kitchen-Adelaide_South_Australia.html]]></link>
</review>
<review>
	<rating>3.0</rating>
	<author><![CDATA[A TripAdvisor Contributor]]></author>
	<date>2008-08-25</date>
	<title><![CDATA[&#x201c;Good prices food equates...&#x201d;]]></title>
	<excerpt><![CDATA[Good prices food equates the price though...very handy location but... more]]></excerpt>
	<link><![CDATA[http://www.tripadvisor.com/Restaurant_Review-g255093-d724232-Reviews-Dhaba_at_the_Spice_Kitchen-Adelaide_South_Australia.html]]></link>
</review>
<review>
	<rating>4.0</rating>
	<author><![CDATA[A TripAdvisor Contributor]]></author>
	<date>2008-06-16</date>
	<title><![CDATA[&#x201c;gret curry&#x201d;]]></title>
	<excerpt><![CDATA[gret curry more]]></excerpt>
	<link><![CDATA[http://www.tripadvisor.com/Restaurant_Review-g255093-d724232-Reviews-Dhaba_at_the_Spice_Kitchen-Adelaide_South_Australia.html]]></link>
</review>
<review>
	<rating>2.0</rating>
	<author><![CDATA[A TripAdvisor Contributor]]></author>
	<date>2008-05-13</date>
	<title><![CDATA[&#x201c;over priced.. and the...&#x201d;]]></title>
	<excerpt><![CDATA[over priced.. and the restaurant was so stuffy that we had to go and get fresh air all the time more]]></excerpt>
	<link><![CDATA[http://www.tripadvisor.com/Restaurant_Review-g255093-d724232-Reviews-Dhaba_at_the_Spice_Kitchen-Adelaide_South_Australia.html]]></link>
</review>
<review>
	<rating>4.0</rating>
	<author><![CDATA[A TripAdvisor Contributor]]></author>
	<date>2008-04-25</date>
	<title><![CDATA[&#x201c;I haven't eaten in the...&#x201d;]]></title>
	<excerpt><![CDATA[I haven't eaten in the restaurant, but this place does the best Indian take out by far more]]></excerpt>
	<link><![CDATA[http://www.tripadvisor.com/Restaurant_Review-g255093-d724232-Reviews-Dhaba_at_the_Spice_Kitchen-Adelaide_South_Australia.html]]></link>
</review>
<review>
	<rating>4.0</rating>
	<author><![CDATA[A TripAdvisor Contributor]]></author>
	<date>2008-04-23</date>
	<title><![CDATA[&#x201c;Must be the best Indian...&#x201d;]]></title>
	<excerpt><![CDATA[Must be the best Indian around. The food is genuinely creative and interesting. Best curries I've ever had. If there was an option, I'd give it 4 and ]]></excerpt>
	<link><![CDATA[http://www.tripadvisor.com/Restaurant_Review-g255093-d724232-Reviews-Dhaba_at_the_Spice_Kitchen-Adelaide_South_Australia.html]]></link>
</review>
<review>
	<rating>5.0</rating>
	<author><![CDATA[A TripAdvisor Contributor]]></author>
	<date>2008-01-06</date>
	<title><![CDATA[&#x201c;Five stars, absolutely...&#x201d;]]></title>
	<excerpt><![CDATA[Five stars, absolutely awesome food. MUST VISIT!!! more]]></excerpt>
	<link><![CDATA[http://www.tripadvisor.com/Restaurant_Review-g255093-d724232-Reviews-Dhaba_at_the_Spice_Kitchen-Adelaide_South_Australia.html]]></link>
</review>
<review>
	<rating>3.0</rating>
	<author><![CDATA[A TripAdvisor Contributor]]></author>
	<date>2007-12-07</date>
	<title><![CDATA[&#x201c;This is a favourite...&#x201d;]]></title>
	<excerpt><![CDATA[This is a favourite because the take-away is fast and the roti fab. But will say the curries are somewhat inconsistent - sometimes great and sometimes]]></excerpt>
	<link><![CDATA[http://www.tripadvisor.com/Restaurant_Review-g255093-d724232-Reviews-Dhaba_at_the_Spice_Kitchen-Adelaide_South_Australia.html]]></link>
</review>
<review>
	<rating>5.0</rating>
	<author><![CDATA[A TripAdvisor Contributor]]></author>
	<date>2007-11-28</date>
	<title><![CDATA[&#x201c;food is AMAZING...&#x201d;]]></title>
	<excerpt><![CDATA[food is AMAZING.. service is lovely.. prices are reasonable... the daal is unrivaled in south australia more]]></excerpt>
	<link><![CDATA[http://www.tripadvisor.com/Restaurant_Review-g255093-d724232-Reviews-Dhaba_at_the_Spice_Kitchen-Adelaide_South_Australia.html]]></link>
</review>
<review>
	<rating>5.0</rating>
	<author><![CDATA[A TripAdvisor Contributor]]></author>
	<date>2007-11-26</date>
	<title><![CDATA[&#x201c;Absolutely love it...&#x201d;]]></title>
	<excerpt><![CDATA[Absolutely love it - creative and interesting, fresh spices and curries, something for everyone. Try the take away if the eat-in prices scare you. mor]]></excerpt>
	<link><![CDATA[http://www.tripadvisor.com/Restaurant_Review-g255093-d724232-Reviews-Dhaba_at_the_Spice_Kitchen-Adelaide_South_Australia.html]]></link>
</review>
<review>
	<rating>4.0</rating>
	<author><![CDATA[A TripAdvisor Contributor]]></author>
	<date>2007-11-20</date>
	<title><![CDATA[&#x201c;awsome variety of...&#x201d;]]></title>
	<excerpt><![CDATA[awsome variety of curries and tandoors. quite expensive to eat in so get the same amount and quality take away for a fraction of the price. vindaloo i]]></excerpt>
	<link><![CDATA[http://www.tripadvisor.com/Restaurant_Review-g255093-d724232-Reviews-or10-Dhaba_at_the_Spice_Kitchen-Adelaide_South_Australia.html]]></link>
</review>
</source>