<source name="Trip Advisor" avg-rating="4.0">
<review>
	<rating>5.0</rating>
	<author><![CDATA[Citikitty]]></author>
	<date>2009-02-28</date>
	<title><![CDATA[&#x201c;Outstanding restaurant&#x201d;]]></title>
	<excerpt><![CDATA[This place is consistently excellent. On a recent trip to Adelaide, I made a special effort to make sure I could again having been there a couple of y]]></excerpt>
	<link><![CDATA[http://www.tripadvisor.com/Restaurant_Review-g255343-d727900-Reviews-Red_Ochre-North_Adelaide_South_Australia.html]]></link>
</review>
<review>
	<rating>5.0</rating>
	<author><![CDATA[A TripAdvisor Contributor]]></author>
	<date>2008-08-11</date>
	<title><![CDATA[&#x201c;Absolutely faultless...&#x201d;]]></title>
	<excerpt><![CDATA[Absolutely faultless. Wonderful view. Impeccable service. Good wine list. But the food was truly stupendous. Imaginative and creative (not just in the]]></excerpt>
	<link><![CDATA[http://www.tripadvisor.com/Restaurant_Review-g255343-d727900-Reviews-Red_Ochre-North_Adelaide_South_Australia.html]]></link>
</review>
<review>
	<rating>3.0</rating>
	<author><![CDATA[A TripAdvisor Contributor]]></author>
	<date>2008-07-23</date>
	<title><![CDATA[&#x201c;Beautiful place and very...&#x201d;]]></title>
	<excerpt><![CDATA[Beautiful place and very well known. A bit far fetched for dinner anytime. Maybe a Birthday or special occassion as it is a bit pricey. Food ok, bit a]]></excerpt>
	<link><![CDATA[http://www.tripadvisor.com/Restaurant_Review-g255343-d727900-Reviews-Red_Ochre-North_Adelaide_South_Australia.html]]></link>
</review>
<review>
	<rating>3.0</rating>
	<author><![CDATA[A TripAdvisor Contributor]]></author>
	<date>2008-06-02</date>
	<title><![CDATA[&#x201c;Ok if you want to eat...&#x201d;]]></title>
	<excerpt><![CDATA[Ok if you want to eat the coat of arms. Nice location more]]></excerpt>
	<link><![CDATA[http://www.tripadvisor.com/Restaurant_Review-g255343-d727900-Reviews-Red_Ochre-North_Adelaide_South_Australia.html]]></link>
</review>
<review>
	<rating>5.0</rating>
	<author><![CDATA[A TripAdvisor Contributor]]></author>
	<date>2008-04-26</date>
	<title><![CDATA[&#x201c;Yummy duck and...&#x201d;]]></title>
	<excerpt><![CDATA[Yummy duck and impeccable service. more]]></excerpt>
	<link><![CDATA[http://www.tripadvisor.com/Restaurant_Review-g255343-d727900-Reviews-Red_Ochre-North_Adelaide_South_Australia.html]]></link>
</review>
<review>
	<rating>5.0</rating>
	<author><![CDATA[A TripAdvisor Contributor]]></author>
	<date>2008-03-24</date>
	<title><![CDATA[&#x201c;Food is really good and...&#x201d;]]></title>
	<excerpt><![CDATA[Food is really good and the view is amazing! Very romantic! more]]></excerpt>
	<link><![CDATA[http://www.tripadvisor.com/Restaurant_Review-g255343-d727900-Reviews-Red_Ochre-North_Adelaide_South_Australia.html]]></link>
</review>
<review>
	<rating>4.0</rating>
	<author><![CDATA[A TripAdvisor Contributor]]></author>
	<date>2008-03-23</date>
	<title><![CDATA[&#x201c;Great Location and...&#x201d;]]></title>
	<excerpt><![CDATA[Great Location and fantastic food. A good romantic spot! more]]></excerpt>
	<link><![CDATA[http://www.tripadvisor.com/Restaurant_Review-g255343-d727900-Reviews-Red_Ochre-North_Adelaide_South_Australia.html]]></link>
</review>
<review>
	<rating>4.0</rating>
	<author><![CDATA[A TripAdvisor Contributor]]></author>
	<date>2008-03-10</date>
	<title><![CDATA[&#x201c;Went there ages ago, was...&#x201d;]]></title>
	<excerpt><![CDATA[Went there ages ago, was great then, but could've changed more]]></excerpt>
	<link><![CDATA[http://www.tripadvisor.com/Restaurant_Review-g255343-d727900-Reviews-Red_Ochre-North_Adelaide_South_Australia.html]]></link>
</review>
<review>
	<rating>5.0</rating>
	<author><![CDATA[A TripAdvisor Contributor]]></author>
	<date>2008-01-15</date>
	<title><![CDATA[&#x201c;YUMMMY!!!! esp the...&#x201d;]]></title>
	<excerpt><![CDATA[YUMMMY!!!! esp the indigenous oz influences more]]></excerpt>
	<link><![CDATA[http://www.tripadvisor.com/Restaurant_Review-g255343-d727900-Reviews-Red_Ochre-North_Adelaide_South_Australia.html]]></link>
</review>
<review>
	<rating>4.0</rating>
	<author><![CDATA[A TripAdvisor Contributor]]></author>
	<date>2007-12-21</date>
	<title><![CDATA[&#x201c;Fantastic food. Pity...&#x201d;]]></title>
	<excerpt><![CDATA[Fantastic food. Pity they aren't open for lunch though more]]></excerpt>
	<link><![CDATA[http://www.tripadvisor.com/Restaurant_Review-g255343-d727900-Reviews-Red_Ochre-North_Adelaide_South_Australia.html]]></link>
</review>
<review>
	<rating>4.0</rating>
	<author><![CDATA[A TripAdvisor Contributor]]></author>
	<date>2007-11-21</date>
	<title><![CDATA[&#x201c;Great food with bonus...&#x201d;]]></title>
	<excerpt><![CDATA[Great food with bonus novelty value (bush tucker) for visiting friends! more]]></excerpt>
	<link><![CDATA[http://www.tripadvisor.com/Restaurant_Review-g255343-d727900-Reviews-or10-Red_Ochre-North_Adelaide_South_Australia.html]]></link>
</review>
<review>
	<rating>4.0</rating>
	<author><![CDATA[A TripAdvisor Contributor]]></author>
	<date>2007-11-19</date>
	<title><![CDATA[&#x201c;Romantic, classy.&#x201d;]]></title>
	<excerpt><![CDATA[Romantic, classy. more]]></excerpt>
	<link><![CDATA[http://www.tripadvisor.com/Restaurant_Review-g255343-d727900-Reviews-or10-Red_Ochre-North_Adelaide_South_Australia.html]]></link>
</review>
<review>
	<rating>5.0</rating>
	<author><![CDATA[A TripAdvisor Contributor]]></author>
	<date>2007-11-14</date>
	<title><![CDATA[&#x201c;The Red Ochre has a...&#x201d;]]></title>
	<excerpt><![CDATA[The Red Ochre has a wonderful atmosphere. Situated on the banks of the River Torrens the Red Ochre is a wonderful place to eat for anyone looking for ]]></excerpt>
	<link><![CDATA[http://www.tripadvisor.com/Restaurant_Review-g255343-d727900-Reviews-or10-Red_Ochre-North_Adelaide_South_Australia.html]]></link>
</review>
<review>
	<rating>4.0</rating>
	<author><![CDATA[A TripAdvisor Contributor]]></author>
	<date>2007-11-02</date>
	<title><![CDATA[&#x201c;Views of Torrens river...&#x201d;]]></title>
	<excerpt><![CDATA[Views of Torrens river. If you ever want to try some "Aussie" icons - Roo and Emus on the menu. more]]></excerpt>
	<link><![CDATA[http://www.tripadvisor.com/Restaurant_Review-g255343-d727900-Reviews-or10-Red_Ochre-North_Adelaide_South_Australia.html]]></link>
</review>
</source>