<source name="Trip Advisor" avg-rating="4.5">
<review>
	<rating>5.0</rating>
	<author><![CDATA[A TripAdvisor Contributor]]></author>
	<date>2008-03-13</date>
	<title><![CDATA[&#x201c;GREAT WINES !!!&#x201d;]]></title>
	<excerpt><![CDATA[GREAT WINES !!! more]]></excerpt>
	<link><![CDATA[http://www.tripadvisor.com/Restaurant_Review-g255093-d784181-Reviews-Universal_Wine_Bar-Adelaide_South_Australia.html]]></link>
</review>
<review>
	<rating>4.0</rating>
	<author><![CDATA[A TripAdvisor Contributor]]></author>
	<date>2007-12-29</date>
	<title><![CDATA[&#x201c;very tasty platters&#x201d;]]></title>
	<excerpt><![CDATA[very tasty platters more]]></excerpt>
	<link><![CDATA[http://www.tripadvisor.com/Restaurant_Review-g255093-d784181-Reviews-Universal_Wine_Bar-Adelaide_South_Australia.html]]></link>
</review>
<review>
	<rating>5.0</rating>
	<author><![CDATA[A TripAdvisor Contributor]]></author>
	<date>2007-11-21</date>
	<title><![CDATA[&#x201c;The food is exquisite...&#x201d;]]></title>
	<excerpt><![CDATA[The food is exquisite, the staff treat you like royalty and it's definately value for money - the atmosphere is fantastic and you're always made to fe]]></excerpt>
	<link><![CDATA[http://www.tripadvisor.com/Restaurant_Review-g255093-d784181-Reviews-Universal_Wine_Bar-Adelaide_South_Australia.html]]></link>
</review>
<review>
	<rating>5.0</rating>
	<author><![CDATA[backpackerMilano]]></author>
	<date>2008-05-10</date>
	<title><![CDATA[&#x201c;ottimo ristorante&#x201d;]]></title>
	<excerpt><![CDATA[ottima cucina, ampia scelta di vini... staf cordiale e preparato e... Vito Romano che sa meglio di chiunque altro cosa... more]]></excerpt>
	<link><![CDATA[http://www.tripadvisor.com/Restaurant_Review-g255093-d784181-Reviews-Universal_Wine_Bar-Adelaide_South_Australia.html]]></link>
</review>
</source>