<source name="Trip Advisor" avg-rating="4.5">
<review>
	<rating>2.0</rating>
	<author><![CDATA[cabsavie]]></author>
	<date>2009-01-05</date>
	<title><![CDATA[&#x201c;Credit card surcharging&#x201d;]]></title>
	<excerpt><![CDATA[Average food and service, made all the worse by surcharging to use a credit card to pay for an already expensive meal more]]></excerpt>
	<link><![CDATA[http://www.tripadvisor.com/Restaurant_Review-g495008-d729144-Reviews-Vintner_s_Bar_and_Grill-Angaston_Barossa_Valley_South_Australia.html]]></link>
</review>
<review>
	<rating>5.0</rating>
	<author><![CDATA[A TripAdvisor Contributor]]></author>
	<date>2008-01-21</date>
	<title><![CDATA[&#x201c;Good food. Try the...&#x201d;]]></title>
	<excerpt><![CDATA[Good food. Try the chips. outstanding. more]]></excerpt>
	<link><![CDATA[http://www.tripadvisor.com/Restaurant_Review-g495008-d729144-Reviews-Vintner_s_Bar_and_Grill-Angaston_Barossa_Valley_South_Australia.html]]></link>
</review>
</source>