<source name="Trip Advisor" avg-rating="4.5">
<review>
	<rating>3.0</rating>
	<author><![CDATA[A TripAdvisor Contributor]]></author>
	<date>2009-01-16</date>
	<title><![CDATA[&#x201c;can't go wrong with...&#x201d;]]></title>
	<excerpt><![CDATA[can't go wrong with cheap eats more]]></excerpt>
	<link><![CDATA[http://www.tripadvisor.com/Restaurant_Review-g255093-d729279-Reviews-Ying_Chow-Adelaide_South_Australia.html]]></link>
</review>
<review>
	<rating>5.0</rating>
	<author><![CDATA[A TripAdvisor Contributor]]></author>
	<date>2008-12-28</date>
	<title><![CDATA[&#x201c;Consistently the best&#x201d;]]></title>
	<excerpt><![CDATA[Consistently the best more]]></excerpt>
	<link><![CDATA[http://www.tripadvisor.com/Restaurant_Review-g255093-d729279-Reviews-Ying_Chow-Adelaide_South_Australia.html]]></link>
</review>
<review>
	<rating>5.0</rating>
	<author><![CDATA[A TripAdvisor Contributor]]></author>
	<date>2008-07-31</date>
	<title><![CDATA[&#x201c;a cozy little restaurant...&#x201d;]]></title>
	<excerpt><![CDATA[a cozy little restaurant serving 1st quality menu.. more]]></excerpt>
	<link><![CDATA[http://www.tripadvisor.com/Restaurant_Review-g255093-d729279-Reviews-Ying_Chow-Adelaide_South_Australia.html]]></link>
</review>
<review>
	<rating>5.0</rating>
	<author><![CDATA[A TripAdvisor Contributor]]></author>
	<date>2008-06-23</date>
	<title><![CDATA[&#x201c;mmm nice chinese. Doing...&#x201d;]]></title>
	<excerpt><![CDATA[mmm nice chinese. Doing take away here is not a good idea though - they only start your order when you turn up to collect it! more]]></excerpt>
	<link><![CDATA[http://www.tripadvisor.com/Restaurant_Review-g255093-d729279-Reviews-Ying_Chow-Adelaide_South_Australia.html]]></link>
</review>
<review>
	<rating>4.0</rating>
	<author><![CDATA[A TripAdvisor Contributor]]></author>
	<date>2008-06-20</date>
	<title><![CDATA[&#x201c;Always noisy. Always...&#x201d;]]></title>
	<excerpt><![CDATA[Always noisy. Always Fantastic :) more]]></excerpt>
	<link><![CDATA[http://www.tripadvisor.com/Restaurant_Review-g255093-d729279-Reviews-Ying_Chow-Adelaide_South_Australia.html]]></link>
</review>
<review>
	<rating>1.0</rating>
	<author><![CDATA[A TripAdvisor Contributor]]></author>
	<date>2008-06-18</date>
	<title><![CDATA[&#x201c;meh. kinda too dirty for...&#x201d;]]></title>
	<excerpt><![CDATA[meh. kinda too dirty for me. the food is alright but nothing flashy. could do with a deco revamp more]]></excerpt>
	<link><![CDATA[http://www.tripadvisor.com/Restaurant_Review-g255093-d729279-Reviews-Ying_Chow-Adelaide_South_Australia.html]]></link>
</review>
<review>
	<rating>3.0</rating>
	<author><![CDATA[A TripAdvisor Contributor]]></author>
	<date>2008-05-23</date>
	<title><![CDATA[&#x201c;One of the only places...&#x201d;]]></title>
	<excerpt><![CDATA[One of the only places open late in Adelaide.
Great salt and pepper tofu more]]></excerpt>
	<link><![CDATA[http://www.tripadvisor.com/Restaurant_Review-g255093-d729279-Reviews-Ying_Chow-Adelaide_South_Australia.html]]></link>
</review>
<review>
	<rating>4.0</rating>
	<author><![CDATA[A TripAdvisor Contributor]]></author>
	<date>2008-05-18</date>
	<title><![CDATA[&#x201c;Good, fast and cheap...&#x201d;]]></title>
	<excerpt><![CDATA[Good, fast and cheap Chinese - if you're not after atmosphere and frills! more]]></excerpt>
	<link><![CDATA[http://www.tripadvisor.com/Restaurant_Review-g255093-d729279-Reviews-Ying_Chow-Adelaide_South_Australia.html]]></link>
</review>
<review>
	<rating>1.0</rating>
	<author><![CDATA[A TripAdvisor Contributor]]></author>
	<date>2008-03-31</date>
	<title><![CDATA[&#x201c;bad service and aussie...&#x201d;]]></title>
	<excerpt><![CDATA[bad service and aussie chinese food. more]]></excerpt>
	<link><![CDATA[http://www.tripadvisor.com/Restaurant_Review-g255093-d729279-Reviews-Ying_Chow-Adelaide_South_Australia.html]]></link>
</review>
<review>
	<rating>4.0</rating>
	<author><![CDATA[A TripAdvisor Contributor]]></author>
	<date>2008-03-31</date>
	<title><![CDATA[&#x201c;Another Adelaide...&#x201d;]]></title>
	<excerpt><![CDATA[Another Adelaide institution, noisy, busy, but good quality food. Expect to have English difficulty with some staff, but try the Kongee with century e]]></excerpt>
	<link><![CDATA[http://www.tripadvisor.com/Restaurant_Review-g255093-d729279-Reviews-Ying_Chow-Adelaide_South_Australia.html]]></link>
</review>
<review>
	<rating>4.0</rating>
	<author><![CDATA[A TripAdvisor Contributor]]></author>
	<date>2008-03-21</date>
	<title><![CDATA[&#x201c;always a favourite&#x201d;]]></title>
	<excerpt><![CDATA[always a favourite more]]></excerpt>
	<link><![CDATA[http://www.tripadvisor.com/Restaurant_Review-g255093-d729279-Reviews-or10-Ying_Chow-Adelaide_South_Australia.html]]></link>
</review>
<review>
	<rating>2.0</rating>
	<author><![CDATA[A TripAdvisor Contributor]]></author>
	<date>2008-03-10</date>
	<title><![CDATA[&#x201c;east taste is better&#x201d;]]></title>
	<excerpt><![CDATA[east taste is better more]]></excerpt>
	<link><![CDATA[http://www.tripadvisor.com/Restaurant_Review-g255093-d729279-Reviews-or10-Ying_Chow-Adelaide_South_Australia.html]]></link>
</review>
<review>
	<rating>5.0</rating>
	<author><![CDATA[A TripAdvisor Contributor]]></author>
	<date>2008-02-26</date>
	<title><![CDATA[&#x201c;Cheap and tasty, fast...&#x201d;]]></title>
	<excerpt><![CDATA[Cheap and tasty, fast and friendly more]]></excerpt>
	<link><![CDATA[http://www.tripadvisor.com/Restaurant_Review-g255093-d729279-Reviews-or10-Ying_Chow-Adelaide_South_Australia.html]]></link>
</review>
<review>
	<rating>4.0</rating>
	<author><![CDATA[A TripAdvisor Contributor]]></author>
	<date>2008-02-19</date>
	<title><![CDATA[&#x201c;great food, good...&#x201d;]]></title>
	<excerpt><![CDATA[great food, good service...a keeper more]]></excerpt>
	<link><![CDATA[http://www.tripadvisor.com/Restaurant_Review-g255093-d729279-Reviews-or10-Ying_Chow-Adelaide_South_Australia.html]]></link>
</review>
<review>
	<rating>4.0</rating>
	<author><![CDATA[A TripAdvisor Contributor]]></author>
	<date>2008-02-18</date>
	<title><![CDATA[&#x201c;Great for a cheap, late...&#x201d;]]></title>
	<excerpt><![CDATA[Great for a cheap, late night hit of fairly authentic Chinese food. Fast, efficient and no-nonsense service with a menu that will intrigue and satisfy]]></excerpt>
	<link><![CDATA[http://www.tripadvisor.com/Restaurant_Review-g255093-d729279-Reviews-or10-Ying_Chow-Adelaide_South_Australia.html]]></link>
</review>
<review>
	<rating>5.0</rating>
	<author><![CDATA[A TripAdvisor Contributor]]></author>
	<date>2008-02-04</date>
	<title><![CDATA[&#x201c;BBC is the best.&#x201d;]]></title>
	<excerpt><![CDATA[BBC is the best. more]]></excerpt>
	<link><![CDATA[http://www.tripadvisor.com/Restaurant_Review-g255093-d729279-Reviews-or10-Ying_Chow-Adelaide_South_Australia.html]]></link>
</review>
<review>
	<rating>3.0</rating>
	<author><![CDATA[A TripAdvisor Contributor]]></author>
	<date>2008-02-04</date>
	<title><![CDATA[&#x201c;Great Chinese, although...&#x201d;]]></title>
	<excerpt><![CDATA[Great Chinese, although the service could do with a boost these days... more]]></excerpt>
	<link><![CDATA[http://www.tripadvisor.com/Restaurant_Review-g255093-d729279-Reviews-or10-Ying_Chow-Adelaide_South_Australia.html]]></link>
</review>
<review>
	<rating>5.0</rating>
	<author><![CDATA[A TripAdvisor Contributor]]></author>
	<date>2008-02-01</date>
	<title><![CDATA[&#x201c;E-Shand chicken and...&#x201d;]]></title>
	<excerpt><![CDATA[E-Shand chicken and seasonal veges and crocadile stirfry more]]></excerpt>
	<link><![CDATA[http://www.tripadvisor.com/Restaurant_Review-g255093-d729279-Reviews-or10-Ying_Chow-Adelaide_South_Australia.html]]></link>
</review>
<review>
	<rating>4.0</rating>
	<author><![CDATA[A TripAdvisor Contributor]]></author>
	<date>2008-01-11</date>
	<title><![CDATA[&#x201c;Great food!&#x201d;]]></title>
	<excerpt><![CDATA[Great food! more]]></excerpt>
	<link><![CDATA[http://www.tripadvisor.com/Restaurant_Review-g255093-d729279-Reviews-or10-Ying_Chow-Adelaide_South_Australia.html]]></link>
</review>
<review>
	<rating>4.0</rating>
	<author><![CDATA[A TripAdvisor Contributor]]></author>
	<date>2008-01-01</date>
	<title><![CDATA[&#x201c;amazing food at a pretty...&#x201d;]]></title>
	<excerpt><![CDATA[amazing food at a pretty decent price but make sure you book. more]]></excerpt>
	<link><![CDATA[http://www.tripadvisor.com/Restaurant_Review-g255093-d729279-Reviews-or10-Ying_Chow-Adelaide_South_Australia.html]]></link>
</review>
<review>
	<rating>5.0</rating>
	<author><![CDATA[A TripAdvisor Contributor]]></author>
	<date>2007-12-30</date>
	<title><![CDATA[&#x201c;The best take-away&#x201d;]]></title>
	<excerpt><![CDATA[The best take-away more]]></excerpt>
	<link><![CDATA[http://www.tripadvisor.com/Restaurant_Review-g255093-d729279-Reviews-or20-Ying_Chow-Adelaide_South_Australia.html]]></link>
</review>
<review>
	<rating>3.0</rating>
	<author><![CDATA[A TripAdvisor Contributor]]></author>
	<date>2007-12-29</date>
	<title><![CDATA[&#x201c;good cheap eats&#x201d;]]></title>
	<excerpt><![CDATA[good cheap eats more]]></excerpt>
	<link><![CDATA[http://www.tripadvisor.com/Restaurant_Review-g255093-d729279-Reviews-or20-Ying_Chow-Adelaide_South_Australia.html]]></link>
</review>
<review>
	<rating>3.0</rating>
	<author><![CDATA[A TripAdvisor Contributor]]></author>
	<date>2007-12-18</date>
	<title><![CDATA[&#x201c;The food was quite...&#x201d;]]></title>
	<excerpt><![CDATA[The food was quite impressive and presented hot and efficiently. Reminder when booking to ensure staff take your booking seriously. In my experience a]]></excerpt>
	<link><![CDATA[http://www.tripadvisor.com/Restaurant_Review-g255093-d729279-Reviews-or20-Ying_Chow-Adelaide_South_Australia.html]]></link>
</review>
<review>
	<rating>4.0</rating>
	<author><![CDATA[A TripAdvisor Contributor]]></author>
	<date>2007-12-16</date>
	<title><![CDATA[&#x201c;cheap and ultra tasty...&#x201d;]]></title>
	<excerpt><![CDATA[cheap and ultra tasty eats! more]]></excerpt>
	<link><![CDATA[http://www.tripadvisor.com/Restaurant_Review-g255093-d729279-Reviews-or20-Ying_Chow-Adelaide_South_Australia.html]]></link>
</review>
<review>
	<rating>5.0</rating>
	<author><![CDATA[A TripAdvisor Contributor]]></author>
	<date>2007-12-15</date>
	<title><![CDATA[&#x201c;pork and scallion...&#x201d;]]></title>
	<excerpt><![CDATA[pork and scallion casserole yum!!! more]]></excerpt>
	<link><![CDATA[http://www.tripadvisor.com/Restaurant_Review-g255093-d729279-Reviews-or20-Ying_Chow-Adelaide_South_Australia.html]]></link>
</review>
<review>
	<rating>5.0</rating>
	<author><![CDATA[A TripAdvisor Contributor]]></author>
	<date>2007-12-10</date>
	<title><![CDATA[&#x201c;Yummy deep fried...&#x201d;]]></title>
	<excerpt><![CDATA[Yummy deep fried shredded beef, e-shand chicken and broad beans with grannys bean curd and chinese chutney. more]]></excerpt>
	<link><![CDATA[http://www.tripadvisor.com/Restaurant_Review-g255093-d729279-Reviews-or20-Ying_Chow-Adelaide_South_Australia.html]]></link>
</review>
<review>
	<rating>5.0</rating>
	<author><![CDATA[A TripAdvisor Contributor]]></author>
	<date>2007-12-07</date>
	<title><![CDATA[&#x201c;hands down best chinese...&#x201d;]]></title>
	<excerpt><![CDATA[hands down best chinese food in SA. more]]></excerpt>
	<link><![CDATA[http://www.tripadvisor.com/Restaurant_Review-g255093-d729279-Reviews-or20-Ying_Chow-Adelaide_South_Australia.html]]></link>
</review>
<review>
	<rating>5.0</rating>
	<author><![CDATA[A TripAdvisor Contributor]]></author>
	<date>2007-12-04</date>
	<title><![CDATA[&#x201c;This is the restaurant...&#x201d;]]></title>
	<excerpt><![CDATA[This is the restaurant where a majority of the chefs from some of Adelaides best restaurants go to eat when they feel like Chinese. The BBC and the E-]]></excerpt>
	<link><![CDATA[http://www.tripadvisor.com/Restaurant_Review-g255093-d729279-Reviews-or20-Ying_Chow-Adelaide_South_Australia.html]]></link>
</review>
<review>
	<rating>5.0</rating>
	<author><![CDATA[A TripAdvisor Contributor]]></author>
	<date>2007-12-04</date>
	<title><![CDATA[&#x201c;Great place for find...&#x201d;]]></title>
	<excerpt><![CDATA[Great place for find best dining with casual atmosphere, most of them Chinese food more]]></excerpt>
	<link><![CDATA[http://www.tripadvisor.com/Restaurant_Review-g255093-d729279-Reviews-or20-Ying_Chow-Adelaide_South_Australia.html]]></link>
</review>
<review>
	<rating>5.0</rating>
	<author><![CDATA[A TripAdvisor Contributor]]></author>
	<date>2007-12-02</date>
	<title><![CDATA[&#x201c;Best damn food on Gouger...&#x201d;]]></title>
	<excerpt><![CDATA[Best damn food on Gouger street. The S&P Tofu, the eshan eggplant, the shallot pancakes, BBC, Long Beans & Chili.... its all so nice! more]]></excerpt>
	<link><![CDATA[http://www.tripadvisor.com/Restaurant_Review-g255093-d729279-Reviews-or20-Ying_Chow-Adelaide_South_Australia.html]]></link>
</review>
<review>
	<rating>4.0</rating>
	<author><![CDATA[A TripAdvisor Contributor]]></author>
	<date>2007-11-27</date>
	<title><![CDATA[&#x201c;tastiest chinese food...&#x201d;]]></title>
	<excerpt><![CDATA[tastiest chinese food ever more]]></excerpt>
	<link><![CDATA[http://www.tripadvisor.com/Restaurant_Review-g255093-d729279-Reviews-or30-Ying_Chow-Adelaide_South_Australia.html]]></link>
</review>
<review>
	<rating>4.0</rating>
	<author><![CDATA[A TripAdvisor Contributor]]></author>
	<date>2007-11-27</date>
	<title><![CDATA[&#x201c;Great food - cheap...&#x201d;]]></title>
	<excerpt><![CDATA[Great food - cheap. Though not somewhere you go for a quiet meal more]]></excerpt>
	<link><![CDATA[http://www.tripadvisor.com/Restaurant_Review-g255093-d729279-Reviews-or30-Ying_Chow-Adelaide_South_Australia.html]]></link>
</review>
<review>
	<rating>5.0</rating>
	<author><![CDATA[A TripAdvisor Contributor]]></author>
	<date>2007-11-20</date>
	<title><![CDATA[&#x201c;Friendly service...&#x201d;]]></title>
	<excerpt><![CDATA[Friendly service, fantastic food & so, so cheap! more]]></excerpt>
	<link><![CDATA[http://www.tripadvisor.com/Restaurant_Review-g255093-d729279-Reviews-or30-Ying_Chow-Adelaide_South_Australia.html]]></link>
</review>
<review>
	<rating>5.0</rating>
	<author><![CDATA[A TripAdvisor Contributor]]></author>
	<date>2007-11-18</date>
	<title><![CDATA[&#x201c;YUM and cheap! Friendly...&#x201d;]]></title>
	<excerpt><![CDATA[YUM and cheap! Friendly staff and fun atmosphere. All crammed in but that is fun! more]]></excerpt>
	<link><![CDATA[http://www.tripadvisor.com/Restaurant_Review-g255093-d729279-Reviews-or30-Ying_Chow-Adelaide_South_Australia.html]]></link>
</review>
<review>
	<rating>4.0</rating>
	<author><![CDATA[A TripAdvisor Contributor]]></author>
	<date>2007-11-15</date>
	<title><![CDATA[&#x201c;Great food and good...&#x201d;]]></title>
	<excerpt><![CDATA[Great food and good value... make sure you book!! more]]></excerpt>
	<link><![CDATA[http://www.tripadvisor.com/Restaurant_Review-g255093-d729279-Reviews-or30-Ying_Chow-Adelaide_South_Australia.html]]></link>
</review>
<review>
	<rating>5.0</rating>
	<author><![CDATA[A TripAdvisor Contributor]]></author>
	<date>2007-11-12</date>
	<title><![CDATA[&#x201c;CANT GET ENOUGH OF IT&#x201d;]]></title>
	<excerpt><![CDATA[CANT GET ENOUGH OF IT more]]></excerpt>
	<link><![CDATA[http://www.tripadvisor.com/Restaurant_Review-g255093-d729279-Reviews-or30-Ying_Chow-Adelaide_South_Australia.html]]></link>
</review>
<review>
	<rating>4.0</rating>
	<author><![CDATA[A TripAdvisor Contributor]]></author>
	<date>2007-11-04</date>
	<title><![CDATA[&#x201c;cheap and yum! better...&#x201d;]]></title>
	<excerpt><![CDATA[cheap and yum! better with more people so u can try several dishes. more]]></excerpt>
	<link><![CDATA[http://www.tripadvisor.com/Restaurant_Review-g255093-d729279-Reviews-or30-Ying_Chow-Adelaide_South_Australia.html]]></link>
</review>
<review>
	<rating>3.0</rating>
	<author><![CDATA[A TripAdvisor Contributor]]></author>
	<date>2007-11-02</date>
	<title><![CDATA[&#x201c;Very popular casual...&#x201d;]]></title>
	<excerpt><![CDATA[Very popular casual eating. Good food. always crowded. more]]></excerpt>
	<link><![CDATA[http://www.tripadvisor.com/Restaurant_Review-g255093-d729279-Reviews-or30-Ying_Chow-Adelaide_South_Australia.html]]></link>
</review>
<review>
	<rating>4.0</rating>
	<author><![CDATA[A TripAdvisor Contributor]]></author>
	<date>2007-10-22</date>
	<title><![CDATA[&#x201c;good for late night feed&#x201d;]]></title>
	<excerpt><![CDATA[good for late night feed more]]></excerpt>
	<link><![CDATA[http://www.tripadvisor.com/Restaurant_Review-g255093-d729279-Reviews-or30-Ying_Chow-Adelaide_South_Australia.html]]></link>
</review>
</source>