<source name="Trip Advisor" avg-rating="4.0">
<review>
	<rating>4.0</rating>
	<author><![CDATA[A TripAdvisor Contributor]]></author>
	<date>2009-01-24</date>
	<title><![CDATA[&#x201c;Fantastic Food, Great...&#x201d;]]></title>
	<excerpt><![CDATA[Fantastic Food, Great Service, Good Price more]]></excerpt>
	<link><![CDATA[http://www.tripadvisor.com/Restaurant_Review-g255093-d729310-Reviews-Zapata_Mexican_Restaurant-Adelaide_South_Australia.html]]></link>
</review>
<review>
	<rating>3.0</rating>
	<author><![CDATA[A TripAdvisor Contributor]]></author>
	<date>2008-09-02</date>
	<title><![CDATA[&#x201c;Good Mexican food...&#x201d;]]></title>
	<excerpt><![CDATA[Good Mexican food & Service more]]></excerpt>
	<link><![CDATA[http://www.tripadvisor.com/Restaurant_Review-g255093-d729310-Reviews-Zapata_Mexican_Restaurant-Adelaide_South_Australia.html]]></link>
</review>
<review>
	<rating>4.0</rating>
	<author><![CDATA[A TripAdvisor Contributor]]></author>
	<date>2008-02-14</date>
	<title><![CDATA[&#x201c;Yummy food - not many...&#x201d;]]></title>
	<excerpt><![CDATA[Yummy food - not many good mexican places around, quite slow service tho more]]></excerpt>
	<link><![CDATA[http://www.tripadvisor.com/Restaurant_Review-g255093-d729310-Reviews-Zapata_Mexican_Restaurant-Adelaide_South_Australia.html]]></link>
</review>
<review>
	<rating>2.0</rating>
	<author><![CDATA[A TripAdvisor Contributor]]></author>
	<date>2008-01-04</date>
	<title><![CDATA[&#x201c;nice food, overpriced...&#x201d;]]></title>
	<excerpt><![CDATA[nice food, overpriced, still cant find a good mexican restaurant in adelaide more]]></excerpt>
	<link><![CDATA[http://www.tripadvisor.com/Restaurant_Review-g255093-d729310-Reviews-Zapata_Mexican_Restaurant-Adelaide_South_Australia.html]]></link>
</review>
<review>
	<rating>3.0</rating>
	<author><![CDATA[A TripAdvisor Contributor]]></author>
	<date>2007-12-28</date>
	<title><![CDATA[&#x201c;Best Mexican in Adelaide&#x201d;]]></title>
	<excerpt><![CDATA[Best Mexican in Adelaide more]]></excerpt>
	<link><![CDATA[http://www.tripadvisor.com/Restaurant_Review-g255093-d729310-Reviews-Zapata_Mexican_Restaurant-Adelaide_South_Australia.html]]></link>
</review>
<review>
	<rating>4.0</rating>
	<author><![CDATA[A TripAdvisor Contributor]]></author>
	<date>2007-12-06</date>
	<title><![CDATA[&#x201c;Enjoyed the desserts&#x201d;]]></title>
	<excerpt><![CDATA[Enjoyed the desserts more]]></excerpt>
	<link><![CDATA[http://www.tripadvisor.com/Restaurant_Review-g255093-d729310-Reviews-Zapata_Mexican_Restaurant-Adelaide_South_Australia.html]]></link>
</review>
<review>
	<rating>2.0</rating>
	<author><![CDATA[A TripAdvisor Contributor]]></author>
	<date>2007-12-06</date>
	<title><![CDATA[&#x201c;Its Ok&#x201d;]]></title>
	<excerpt><![CDATA[Its Ok more]]></excerpt>
	<link><![CDATA[http://www.tripadvisor.com/Restaurant_Review-g255093-d729310-Reviews-Zapata_Mexican_Restaurant-Adelaide_South_Australia.html]]></link>
</review>
<review>
	<rating>2.0</rating>
	<author><![CDATA[A TripAdvisor Contributor]]></author>
	<date>2007-11-27</date>
	<title><![CDATA[&#x201c;Food's ok, but I prefer...&#x201d;]]></title>
	<excerpt><![CDATA[Food's ok, but I prefer Montazuma's down the road. They make better sangria too. more]]></excerpt>
	<link><![CDATA[http://www.tripadvisor.com/Restaurant_Review-g255093-d729310-Reviews-Zapata_Mexican_Restaurant-Adelaide_South_Australia.html]]></link>
</review>
<review>
	<rating>4.0</rating>
	<author><![CDATA[A TripAdvisor Contributor]]></author>
	<date>2007-11-12</date>
	<title><![CDATA[&#x201c;Havent found a better...&#x201d;]]></title>
	<excerpt><![CDATA[Havent found a better Mexican Restaurant more]]></excerpt>
	<link><![CDATA[http://www.tripadvisor.com/Restaurant_Review-g255093-d729310-Reviews-Zapata_Mexican_Restaurant-Adelaide_South_Australia.html]]></link>
</review>
</source>