<source name="Trip Advisor" avg-rating="4.0">
<review>
	<rating>4.0</rating>
	<author><![CDATA[A TripAdvisor Contributor]]></author>
	<date>2008-07-24</date>
	<title><![CDATA[&#x201c;Nice place for the after...&#x201d;]]></title>
	<excerpt><![CDATA[Nice place for the after work drink. more]]></excerpt>
	<link><![CDATA[http://www.tripadvisor.com/Restaurant_Review-g190454-d694350-Reviews-Cuadro-Vienna.html]]></link>
</review>
<review>
	<rating>5.0</rating>
	<author><![CDATA[A TripAdvisor Contributor]]></author>
	<date>2008-03-26</date>
	<title><![CDATA[&#x201c;delicious sandwiches...&#x201d;]]></title>
	<excerpt><![CDATA[delicious sandwiches & burgers more]]></excerpt>
	<link><![CDATA[http://www.tripadvisor.com/Restaurant_Review-g190454-d694350-Reviews-Cuadro-Vienna.html]]></link>
</review>
<review>
	<rating>3.0</rating>
	<author><![CDATA[KarlPVienna]]></author>
	<date>2009-01-13</date>
	<title><![CDATA[&#x201c;Nettes Ambiente, bei den...&#x201d;]]></title>
	<excerpt><![CDATA[Nettes Ambiente, bei den Speisen empfehlen sich Vorsicht und gesunder Menschenverstand more]]></excerpt>
	<link><![CDATA[http://www.tripadvisor.com/Restaurant_Review-g190454-d694350-Reviews-Cuadro-Vienna.html]]></link>
</review>
<review>
	<rating>4.0</rating>
	<author><![CDATA[A TripAdvisor Contributor]]></author>
	<date>2008-07-11</date>
	<title><![CDATA[&#x201c;schner innenhof&#x201d;]]></title>
	<excerpt><![CDATA[schner innenhof more]]></excerpt>
	<link><![CDATA[http://www.tripadvisor.com/Restaurant_Review-g190454-d694350-Reviews-Cuadro-Vienna.html]]></link>
</review>
</source>