<source name="Trip Advisor" avg-rating="4.5">
<review>
	<rating>5.0</rating>
	<author><![CDATA[RestlessinIndy]]></author>
	<date>2009-01-25</date>
	<title><![CDATA[Highly recommended]]></title>
	<excerpt><![CDATA[This is excellent hotel with you a few minor points that should be improved. The best things are:
- Rooms are very modern and spacious, fitting with t]]></excerpt>
	<link><![CDATA[http://www.tripadvisor.com/Hotel_Review-g190454-d607878-Reviews-DO_CO_Hotel-Vienna.html]]></link>
</review>
<review>
	<rating>5.0</rating>
	<author><![CDATA[Sars007]]></author>
	<date>2009-01-19</date>
	<title><![CDATA[Fantastic Place]]></title>
	<excerpt><![CDATA[I stayed at Do &amp; Co for 2 nights with my husband in a City View room which was fantastic. The hotel is very well thought out - you dont even need ]]></excerpt>
	<link><![CDATA[http://www.tripadvisor.com/Hotel_Review-g190454-d607878-Reviews-DO_CO_Hotel-Vienna.html]]></link>
</review>
<review>
	<rating>3.0</rating>
	<author><![CDATA[TravellerCY]]></author>
	<date>2009-01-04</date>
	<title><![CDATA[Expected More]]></title>
	<excerpt><![CDATA[For a 4 Star Hotel with the prices of a 5 Star Hotel in the very centre of Vienna, I would expect more. Nicely designed, perfectly located is lacking ]]></excerpt>
	<link><![CDATA[http://www.tripadvisor.com/Hotel_Review-g190454-d607878-Reviews-DO_CO_Hotel-Vienna.html]]></link>
</review>
<review>
	<rating>5.0</rating>
	<author><![CDATA[Kate133]]></author>
	<date>2009-01-01</date>
	<title><![CDATA[Excellent stay...]]></title>
	<excerpt><![CDATA[Excellent stay at DO &amp; CO Vienna... Great location w/in walking distance of major sites. Very comfortable rooms. Fun bar and very nice restaurant ]]></excerpt>
	<link><![CDATA[http://www.tripadvisor.com/Hotel_Review-g190454-d607878-Reviews-DO_CO_Hotel-Vienna.html]]></link>
</review>
<review>
	<rating>4.0</rating>
	<author><![CDATA[hmomrp]]></author>
	<date>2008-12-21</date>
	<title><![CDATA[Modern Design and excellent location]]></title>
	<excerpt><![CDATA[DO &amp; CO is located in the center of Vienna, facing St. Stephen&rsquo;s Cathedral. Extravagant accommodations with stylishly furnished, bathrooms o]]></excerpt>
	<link><![CDATA[http://www.tripadvisor.com/Hotel_Review-g190454-d607878-Reviews-DO_CO_Hotel-Vienna.html]]></link>
</review>
<review>
	<rating>5.0</rating>
	<author><![CDATA[Prokop62]]></author>
	<date>2008-10-02</date>
	<title><![CDATA[SImply Cool & Great]]></title>
	<excerpt><![CDATA[All said by fellow reviewers ... just to confirm ... Superb in all apsects of a city hotel ... great staff, breakfast A+ ok, location is probably best]]></excerpt>
	<link><![CDATA[http://www.tripadvisor.com/Hotel_Review-g190454-d607878-Reviews-DO_CO_Hotel-Vienna.html]]></link>
</review>
<review>
	<rating>5.0</rating>
	<author><![CDATA[ChloeAthens]]></author>
	<date>2008-09-12</date>
	<title><![CDATA[Truly A 5 Star]]></title>
	<excerpt><![CDATA[The DO &amp; CO hotel, is situated in the heart of Vienna. It doesn't get anymore central than this. You can look down from your room, onto the street]]></excerpt>
	<link><![CDATA[http://www.tripadvisor.com/Hotel_Review-g190454-d607878-Reviews-DO_CO_Hotel-Vienna.html]]></link>
</review>
<review>
	<rating>5.0</rating>
	<author><![CDATA[issyboo]]></author>
	<date>2008-08-27</date>
	<title><![CDATA[A really different experience]]></title>
	<excerpt><![CDATA[We booked the hotel for our anniversary as we were married in Austria. I thought the hotel would be difficult to find as other reviews have said. I ca]]></excerpt>
	<link><![CDATA[http://www.tripadvisor.com/Hotel_Review-g190454-d607878-Reviews-DO_CO_Hotel-Vienna.html]]></link>
</review>
<review>
	<rating>4.0</rating>
	<author><![CDATA[beatrice35]]></author>
	<date>2008-08-23</date>
	<title><![CDATA[loved Do&CO]]></title>
	<excerpt><![CDATA[Amazing hotel, location and service. Previous reviews complained about the breakfast included with the rate, but I found it quite good.
The negatives ]]></excerpt>
	<link><![CDATA[http://www.tripadvisor.com/Hotel_Review-g190454-d607878-Reviews-DO_CO_Hotel-Vienna.html]]></link>
</review>
<review>
	<rating>5.0</rating>
	<author><![CDATA[markush4t]]></author>
	<date>2008-07-04</date>
	<title><![CDATA[Neat, classy, modern]]></title>
	<excerpt><![CDATA[The hotel is situated at the probably most astonishing place in Vienna, directly next to St. Stephan's Cathedral. The pedestrian area is full of live,]]></excerpt>
	<link><![CDATA[http://www.tripadvisor.com/Hotel_Review-g190454-d607878-Reviews-DO_CO_Hotel-Vienna.html]]></link>
</review>
<review>
	<rating>5.0</rating>
	<author><![CDATA[Kosmische]]></author>
	<date>2008-05-12</date>
	<title><![CDATA[What a Great Hotel]]></title>
	<excerpt><![CDATA[This hotel, which faces onto Vienna's cathedral, Stefansdom, is slapbang in the middle of the innere Stadt which makes just about everything you'd wan]]></excerpt>
	<link><![CDATA[http://www.tripadvisor.com/Hotel_Review-g190454-d607878-Reviews-or10-DO_CO_Hotel-Vienna.html#REVIEWS]]></link>
</review>
<review>
	<rating>5.0</rating>
	<author><![CDATA[Lemniot]]></author>
	<date>2008-03-18</date>
	<title><![CDATA[Absolutely sensational hotel]]></title>
	<excerpt><![CDATA[Where to begin?
Up to now my favourite European hotels would have probably been the Urban in Madrid or Manchester's Lowry with the more old fashioned ]]></excerpt>
	<link><![CDATA[http://www.tripadvisor.com/Hotel_Review-g190454-d607878-Reviews-or10-DO_CO_Hotel-Vienna.html#REVIEWS]]></link>
</review>
<review>
	<rating>5.0</rating>
	<author><![CDATA[Addison_texasWendyw]]></author>
	<date>2007-11-16</date>
	<title><![CDATA[Loved the DO&CO]]></title>
	<excerpt><![CDATA[After staying in fancy, antique boutique hotels for two weeks, it was a refreshing change of atmosphere staying at the Do&amp;Co. The staff was extrem]]></excerpt>
	<link><![CDATA[http://www.tripadvisor.com/Hotel_Review-g190454-d607878-Reviews-or10-DO_CO_Hotel-Vienna.html#REVIEWS]]></link>
</review>
<review>
	<rating>5.0</rating>
	<author><![CDATA[Montcalm]]></author>
	<date>2007-09-16</date>
	<title><![CDATA[Wonderful location and hotel]]></title>
	<excerpt><![CDATA[We recently stayed at the DO &amp; CO for four nights and found it to be excellent in almost all respects. The location, although a bit difficult to g]]></excerpt>
	<link><![CDATA[http://www.tripadvisor.com/Hotel_Review-g190454-d607878-Reviews-or10-DO_CO_Hotel-Vienna.html#REVIEWS]]></link>
</review>
<review>
	<rating>5.0</rating>
	<author><![CDATA[gryphus]]></author>
	<date>2007-08-24</date>
	<title><![CDATA[Designhotel done right]]></title>
	<excerpt><![CDATA[Enjoyed everything about this hotel. Great location for sightseeing.
Nice bar and restaurant.
Room was very cozy and the design was fresh. Try and get]]></excerpt>
	<link><![CDATA[http://www.tripadvisor.com/Hotel_Review-g190454-d607878-Reviews-or10-DO_CO_Hotel-Vienna.html#REVIEWS]]></link>
</review>
<review>
	<rating>4.0</rating>
	<author><![CDATA[MHWK]]></author>
	<date>2007-08-21</date>
	<title><![CDATA[Great location, nice design, pricey]]></title>
	<excerpt><![CDATA[The Do &amp; Co Hotel Vienna is located right in the center of the city, which makes it a great starting point for sightseeing. While this is definite]]></excerpt>
	<link><![CDATA[http://www.tripadvisor.com/Hotel_Review-g190454-d607878-Reviews-or10-DO_CO_Hotel-Vienna.html#REVIEWS]]></link>
</review>
<review>
	<rating>5.0</rating>
	<author><![CDATA[Oakland-traveler]]></author>
	<date>2007-07-24</date>
	<title><![CDATA[delightful unusual hotel in Vienna's Innere Stadt (inner city)]]></title>
	<excerpt><![CDATA[We had a great time at the DO&amp;CO hotel in central Vienna. It is perfectly located (overlooking Stephansplatz and the St. Stephans cathedral, right]]></excerpt>
	<link><![CDATA[http://www.tripadvisor.com/Hotel_Review-g190454-d607878-Reviews-or10-DO_CO_Hotel-Vienna.html#REVIEWS]]></link>
</review>
<review>
	<rating>5.0</rating>
	<author><![CDATA[cramerproduction]]></author>
	<date>2007-07-03</date>
	<title><![CDATA[Best Hotel in Vienna]]></title>
	<excerpt><![CDATA[Best hotel in vienna hands down. This hotel truly had the workings of any 5 star hotel . The service was just right, the staff seemed to anticipate my]]></excerpt>
	<link><![CDATA[http://www.tripadvisor.com/Hotel_Review-g190454-d607878-Reviews-or10-DO_CO_Hotel-Vienna.html#REVIEWS]]></link>
</review>
<review>
	<rating>2.0</rating>
	<author><![CDATA[traveluster]]></author>
	<date>2007-06-06</date>
	<title><![CDATA[Poor Service. Too pretentious. Good location.]]></title>
	<excerpt><![CDATA[This is a pretentious, expensive hotel located in the main square in Vienna. The square is crowded with street entertainers, artists, musicians and to]]></excerpt>
	<link><![CDATA[http://www.tripadvisor.com/Hotel_Review-g190454-d607878-Reviews-or10-DO_CO_Hotel-Vienna.html#REVIEWS]]></link>
</review>
<review>
	<rating>5.0</rating>
	<author><![CDATA[steve62]]></author>
	<date>2007-05-13</date>
	<title><![CDATA[Design snobs welcome]]></title>
	<excerpt><![CDATA[+
location,style,comfort,staff,views
-
parking, we couldn't figure out exactly how to get there as the front door is on a pedestrian mall
we felt the ]]></excerpt>
	<link><![CDATA[http://www.tripadvisor.com/Hotel_Review-g190454-d607878-Reviews-or10-DO_CO_Hotel-Vienna.html#REVIEWS]]></link>
</review>
<review>
	<rating>3.0</rating>
	<author><![CDATA[ritac]]></author>
	<date>2007-04-27</date>
	<title><![CDATA[guest v visitor]]></title>
	<excerpt><![CDATA[The entrance to the hotel foyer is by lift from ground floor.This is also the entrance to their bar and restaurant. every time we got out of the lift ]]></excerpt>
	<link><![CDATA[http://www.tripadvisor.com/Hotel_Review-g190454-d607878-Reviews-or20-DO_CO_Hotel-Vienna.html#REVIEWS]]></link>
</review>
<review>
	<rating>5.0</rating>
	<author><![CDATA[SimonSingapore]]></author>
	<date>2007-02-19</date>
	<title><![CDATA[Fantastic!]]></title>
	<excerpt><![CDATA[This is a fantastic hotel. It's location is superb, you can't get be more central than the Haas House opposite St Stephen's. The reception is on the 6]]></excerpt>
	<link><![CDATA[http://www.tripadvisor.com/Hotel_Review-g190454-d607878-Reviews-or20-DO_CO_Hotel-Vienna.html#REVIEWS]]></link>
</review>
<review>
	<rating>5.0</rating>
	<author><![CDATA[Sarah-Martin]]></author>
	<date>2007-02-19</date>
	<title><![CDATA[Great Hotel slap bang in the centre]]></title>
	<excerpt><![CDATA[The Do &amp; Co is in a somewhat controversial modern building right on Stephansplatz, facing the cathedral and just 20 yards from the subway. It is m]]></excerpt>
	<link><![CDATA[http://www.tripadvisor.com/Hotel_Review-g190454-d607878-Reviews-or20-DO_CO_Hotel-Vienna.html#REVIEWS]]></link>
</review>
<review>
	<rating>4.0</rating>
	<author><![CDATA[100years]]></author>
	<date>2007-02-05</date>
	<title><![CDATA[Very Modern Designer Hotel]]></title>
	<excerpt><![CDATA[We stayed in this hotel for a short city break at the end of January. The hotel reception is located on the 6th floor beside the Onyx bar, with the ro]]></excerpt>
	<link><![CDATA[http://www.tripadvisor.com/Hotel_Review-g190454-d607878-Reviews-or20-DO_CO_Hotel-Vienna.html#REVIEWS]]></link>
</review>
<review>
	<rating>5.0</rating>
	<author><![CDATA[Markus789]]></author>
	<date>2007-01-23</date>
	<title><![CDATA[Fantastic Hotel in the center of Vienna]]></title>
	<excerpt><![CDATA[We had such a great time at this unique hotel. the situation is perfect for visiting museums and do some shopping. the Service was so helpful, the roo]]></excerpt>
	<link><![CDATA[http://www.tripadvisor.com/Hotel_Review-g190454-d607878-Reviews-or20-DO_CO_Hotel-Vienna.html#REVIEWS]]></link>
</review>
<review>
	<rating>5.0</rating>
	<author><![CDATA[Alexandra59]]></author>
	<date>2007-01-21</date>
	<title><![CDATA[Really an Excellent Hotel]]></title>
	<excerpt><![CDATA[Hi,
I have booked my trip through the hotel website (---) and I stayed there for 5 days. The hotel is situated directly vis a vis the St. Stephan&rsqu]]></excerpt>
	<link><![CDATA[http://www.tripadvisor.com/Hotel_Review-g190454-d607878-Reviews-or20-DO_CO_Hotel-Vienna.html#REVIEWS]]></link>
</review>
<review>
	<rating>5.0</rating>
	<author><![CDATA[Princess_Denise]]></author>
	<date>2006-12-04</date>
	<title><![CDATA[Chic and Trendy]]></title>
	<excerpt><![CDATA[This is one of the best hotels in Europe I have stayed in. The location, for a tourist, is incredible - you can't be any more central. It is an up-mar]]></excerpt>
	<link><![CDATA[http://www.tripadvisor.com/Hotel_Review-g190454-d607878-Reviews-or20-DO_CO_Hotel-Vienna.html#REVIEWS]]></link>
</review>
<review>
	<rating>5.0</rating>
	<author><![CDATA[toolworker]]></author>
	<date>2006-07-05</date>
	<title><![CDATA[Location, Location ... and Style!]]></title>
	<excerpt><![CDATA[This really is the perfect hotel for a tourist visit to Vienna! Neither the location, service or level of comfort can be improved upon.
The reviewer b]]></excerpt>
	<link><![CDATA[http://www.tripadvisor.com/Hotel_Review-g190454-d607878-Reviews-or20-DO_CO_Hotel-Vienna.html#REVIEWS]]></link>
</review>
<review>
	<rating>5.0</rating>
	<author><![CDATA[PrudenceIIsland]]></author>
	<date>2006-04-28</date>
	<title><![CDATA[Fantastic new hotel in Stephansplatz]]></title>
	<excerpt><![CDATA[We stayed at this new hotel the week it opened. There were a few minor techno glitches given the newness of it all but the experience was fantastic. F]]></excerpt>
	<link><![CDATA[http://www.tripadvisor.com/Hotel_Review-g190454-d607878-Reviews-or20-DO_CO_Hotel-Vienna.html#REVIEWS]]></link>
</review>
<review>
	<rating>5.0</rating>
	<author><![CDATA[miliasabrina]]></author>
	<date>2008-09-27</date>
	<title><![CDATA[Bellissimo hotel]]></title>
	<excerpt><![CDATA[L' Hotel &egrave; a dir poco stupendo, &egrave; sicuramente un albergo di lusso con tutte le comodit&agrave; e un design...
more]]></excerpt>
	<link><![CDATA[http://www.tripadvisor.com/Hotel_Review-g190454-d607878-Reviews-or20-DO_CO_Hotel-Vienna.html#REVIEWS]]></link>
</review>
<review>
	<rating>4.0</rating>
	<author><![CDATA[Hamburg22765]]></author>
	<date>2008-09-06</date>
	<title><![CDATA[Klares Design im sonst eher traditionellen Wien]]></title>
	<excerpt><![CDATA[Wir waren mit Freunden Ende August 2008 f&uuml;r ein Wochenende im DO &amp; Co. Sch&ouml;nes, klares Design (au&szlig;ergew&ouml;hnliche B&auml;der), ]]></excerpt>
	<link><![CDATA[http://www.tripadvisor.com/Hotel_Review-g190454-d607878-Reviews-or30-DO_CO_Hotel-Vienna.html#REVIEWS]]></link>
</review>
<review>
	<rating>5.0</rating>
	<author><![CDATA[NürnbergSusanne]]></author>
	<date>2007-08-06</date>
	<title><![CDATA[absolute spitze]]></title>
	<excerpt><![CDATA[das do &amp; co in wien ist nicht zu &uuml;bertreffen!
beste lage, beste aussicht, sehr geschmackvolle und ruhige zimmer. das...
more]]></excerpt>
	<link><![CDATA[http://www.tripadvisor.com/Hotel_Review-g190454-d607878-Reviews-or30-DO_CO_Hotel-Vienna.html#REVIEWS]]></link>
</review>
</source>