<source name="Trip Advisor" avg-rating="4.5">
<review>
	<rating>5.0</rating>
	<author><![CDATA[max_uvarov]]></author>
	<date>2009-02-23</date>
	<title><![CDATA[&#x201c;Wonderfull experience&#x201d;]]></title>
	<excerpt><![CDATA[Donauturm is situated quite far from the City centre and most of its sights. So there're no tourists' crowds.
Nevertheless you must make a booking to ]]></excerpt>
	<link><![CDATA[http://www.tripadvisor.com/Attraction_Review-g190454-d1020091-Reviews-Donauturm-Vienna.html]]></link>
</review>
<review>
	<rating>5.0</rating>
	<author><![CDATA[Marty212]]></author>
	<date>2008-03-13</date>
	<title><![CDATA[&#x201c;Bellissima!!!!!&#x201d;]]></title>
	<excerpt><![CDATA[E' una torre alta circa 50 piani dalla quale si pu ammirare tutta la citt di Vienna... vi consiglio di... more]]></excerpt>
	<link><![CDATA[http://www.tripadvisor.com/Attraction_Review-g190454-d1020091-Reviews-Donauturm-Vienna.html]]></link>
</review>
</source>