<source name="Trip Advisor" avg-rating="4.5">
<review>
	<rating>5.0</rating>
	<author><![CDATA[tomba2]]></author>
	<date>2009-01-26</date>
	<title><![CDATA[&#x201c;atmosphere and food of Vienna&#x201d;]]></title>
	<excerpt><![CDATA[During the past 5 years we have spent several wonderful evenings
enjoying well cooked, imaginative, delicious food whilst listening to
Rudolf play the]]></excerpt>
	<link><![CDATA[http://www.tripadvisor.com/Restaurant_Review-g190454-d1011415-Reviews-Griechenbeisl-Vienna.html]]></link>
</review>
<review>
	<rating>4.0</rating>
	<author><![CDATA[aliwoollacott]]></author>
	<date>2008-10-09</date>
	<title><![CDATA[&#x201c;Favourite in Vienna&#x201d;]]></title>
	<excerpt><![CDATA[This fantastic very old restaurant is situated very close to Post Hotel and is in Vienna old town.
It has many nooks and crannies for diners. There is]]></excerpt>
	<link><![CDATA[http://www.tripadvisor.com/Restaurant_Review-g190454-d1011415-Reviews-Griechenbeisl-Vienna.html]]></link>
</review>
<review>
	<rating>3.0</rating>
	<author><![CDATA[A TripAdvisor Contributor]]></author>
	<date>2008-08-31</date>
	<title><![CDATA[&#x201c;Very old, very touristy.&#x201d;]]></title>
	<excerpt><![CDATA[Very old, very touristy. more]]></excerpt>
	<link><![CDATA[http://www.tripadvisor.com/Restaurant_Review-g190454-d1011415-Reviews-Griechenbeisl-Vienna.html]]></link>
</review>
<review>
	<rating>5.0</rating>
	<author><![CDATA[A TripAdvisor Contributor]]></author>
	<date>2008-04-20</date>
	<title><![CDATA[&#x201c;Obwohl nicht billig...&#x201d;]]></title>
	<excerpt><![CDATA[Obwohl nicht billig, aber die Atmosphre ist bezaubernd und das Essen himmlisch! more]]></excerpt>
	<link><![CDATA[http://www.tripadvisor.com/Restaurant_Review-g190454-d1011415-Reviews-Griechenbeisl-Vienna.html]]></link>
</review>
</source>