<source name="Trip Advisor" avg-rating="4.5">
<review>
	<rating>3.0</rating>
	<author><![CDATA[A TripAdvisor Contributor]]></author>
	<date>2008-08-31</date>
	<title><![CDATA[&#x201c;All kinds of goulash...&#x201d;]]></title>
	<excerpt><![CDATA[All kinds of goulash, quite touristy but good food. more]]></excerpt>
	<link><![CDATA[http://www.tripadvisor.com/Restaurant_Review-g190454-d1074666-Reviews-Gulaschmuseum-Vienna.html]]></link>
</review>
<review>
	<rating>4.0</rating>
	<author><![CDATA[Charleston_WVMike]]></author>
	<date>2008-06-07</date>
	<title><![CDATA[&#x201c;Goulash galore!&#x201d;]]></title>
	<excerpt><![CDATA[The Goulash Museum serves about 20 different kinds of goulash. Each person in my group of four ordered a different dish; we "taste-tested" each other']]></excerpt>
	<link><![CDATA[http://www.tripadvisor.com/Restaurant_Review-g190454-d1074666-Reviews-Gulaschmuseum-Vienna.html]]></link>
</review>
</source>