<source name="Trip Advisor" avg-rating="4.5">
<review>
	<rating>5.0</rating>
	<author><![CDATA[Heyerette]]></author>
	<date>2009-03-08</date>
	<title><![CDATA[&#x201c;Highly recommend for Asian take away (city centre branch)&#x201d;]]></title>
	<excerpt><![CDATA[Kiang has 2 or 3 branches in Vienna, but their branch off Rotenturmstrasse in the Old Town also comes with "Take a Kiang" - 3 lunch options every MON-]]></excerpt>
	<link><![CDATA[http://www.tripadvisor.com/Restaurant_Review-g190454-d694448-Reviews-Kiang_Noodles-Vienna.html]]></link>
</review>
<review>
	<rating>3.0</rating>
	<author><![CDATA[A TripAdvisor Contributor]]></author>
	<date>2007-12-21</date>
	<title><![CDATA[&#x201c;good ramen soups&#x201d;]]></title>
	<excerpt><![CDATA[good ramen soups more]]></excerpt>
	<link><![CDATA[http://www.tripadvisor.com/Restaurant_Review-g190454-d694448-Reviews-Kiang_Noodles-Vienna.html]]></link>
</review>
</source>