<source name="Trip Advisor" avg-rating="4.5">
<review>
	<rating>5.0</rating>
	<author><![CDATA[jgalis]]></author>
	<date>2008-10-21</date>
	<title><![CDATA[&#x201c;great place!&#x201d;]]></title>
	<excerpt><![CDATA[Only had one night in Vienna on a quick trip, but wandered into the Krah Krah and had a great time! Great beer, good food, great atmosphere!! Learned ]]></excerpt>
	<link><![CDATA[http://www.tripadvisor.com/Restaurant_Review-g190454-d1047395-Reviews-Krah_Krah-Vienna.html]]></link>
</review>
<review>
	<rating>3.0</rating>
	<author><![CDATA[KarlPVienna]]></author>
	<date>2009-01-13</date>
	<title><![CDATA[&#x201c;Eine Geburtssttten der...&#x201d;]]></title>
	<excerpt><![CDATA[Eine Geburtssttten der Wiener Beiselszene more]]></excerpt>
	<link><![CDATA[http://www.tripadvisor.com/Restaurant_Review-g190454-d1047395-Reviews-Krah_Krah-Vienna.html]]></link>
</review>
<review>
	<rating>2.0</rating>
	<author><![CDATA[heona]]></author>
	<date>2008-10-24</date>
	<title><![CDATA[&#x201c;etwas spilunkenhaft&#x201d;]]></title>
	<excerpt><![CDATA[etwas spilunkenhaft more]]></excerpt>
	<link><![CDATA[http://www.tripadvisor.com/Restaurant_Review-g190454-d1047395-Reviews-Krah_Krah-Vienna.html]]></link>
</review>
<review>
	<rating>4.0</rating>
	<author><![CDATA[A TripAdvisor Contributor]]></author>
	<date>2008-06-20</date>
	<title><![CDATA[&#x201c;Den Steirischen...&#x201d;]]></title>
	<excerpt><![CDATA[Den Steirischen Backhendlsalat mit Kernl knnt ich drei Mal hintereinander essen. Spitzen Bier. more]]></excerpt>
	<link><![CDATA[http://www.tripadvisor.com/Restaurant_Review-g190454-d1047395-Reviews-Krah_Krah-Vienna.html]]></link>
</review>
<review>
	<rating>5.0</rating>
	<author><![CDATA[A TripAdvisor Contributor]]></author>
	<date>2008-04-17</date>
	<title><![CDATA[&#x201c;Das erste Bierlokal im...&#x201d;]]></title>
	<excerpt><![CDATA[Das erste Bierlokal im Bermudadreieck - "ua-gmiadlich" more]]></excerpt>
	<link><![CDATA[http://www.tripadvisor.com/Restaurant_Review-g190454-d1047395-Reviews-Krah_Krah-Vienna.html]]></link>
</review>
</source>