<source name="Trip Advisor" avg-rating="4.0">
<review>
	<rating>4.0</rating>
	<author><![CDATA[A TripAdvisor Contributor]]></author>
	<date>2008-08-23</date>
	<title><![CDATA[&#x201c;Very good 'Crossover...&#x201d;]]></title>
	<excerpt><![CDATA[Very good 'Crossover' cuisine, starting with Steaks to burritos, you will find it there. Very nice vine card. Good atmosphere. Kitchen is open until m]]></excerpt>
	<link><![CDATA[http://www.tripadvisor.com/Restaurant_Review-g190454-d691926-Reviews-Livingstone-Vienna.html]]></link>
</review>
<review>
	<rating>4.0</rating>
	<author><![CDATA[A TripAdvisor Contributor]]></author>
	<date>2008-06-03</date>
	<title><![CDATA[&#x201c;Especially the bar&#x201d;]]></title>
	<excerpt><![CDATA[Especially the bar more]]></excerpt>
	<link><![CDATA[http://www.tripadvisor.com/Restaurant_Review-g190454-d691926-Reviews-Livingstone-Vienna.html]]></link>
</review>
<review>
	<rating>3.0</rating>
	<author><![CDATA[A TripAdvisor Contributor]]></author>
	<date>2008-02-15</date>
	<title><![CDATA[&#x201c;the restaurant itself...&#x201d;]]></title>
	<excerpt><![CDATA[the restaurant itself was ok but the steaks were horrible - for all the kobe-beef hooha, steaks were just not nice. apparently burgers are allright in]]></excerpt>
	<link><![CDATA[http://www.tripadvisor.com/Restaurant_Review-g190454-d691926-Reviews-Livingstone-Vienna.html]]></link>
</review>
<review>
	<rating>5.0</rating>
	<author><![CDATA[A TripAdvisor Contributor]]></author>
	<date>2008-01-05</date>
	<title><![CDATA[&#x201c;Only been once so it we...&#x201d;]]></title>
	<excerpt><![CDATA[Only been once so it we could have been lucky but the food was truly excellent. I will definitely go again more]]></excerpt>
	<link><![CDATA[http://www.tripadvisor.com/Restaurant_Review-g190454-d691926-Reviews-Livingstone-Vienna.html]]></link>
</review>
<review>
	<rating>5.0</rating>
	<author><![CDATA[A TripAdvisor Contributor]]></author>
	<date>2008-05-25</date>
	<title><![CDATA[&#x201c;Gttliches Essen!Mmmmhhh&#x201d;]]></title>
	<excerpt><![CDATA[Gttliches Essen!Mmmmhhh more]]></excerpt>
	<link><![CDATA[http://www.tripadvisor.com/Restaurant_Review-g190454-d691926-Reviews-Livingstone-Vienna.html]]></link>
</review>
</source>