<source name="Trip Advisor" avg-rating="4.0">
<review>
	<rating>5.0</rating>
	<author><![CDATA[A TripAdvisor Contributor]]></author>
	<date>2009-02-09</date>
	<title><![CDATA[&#x201c;Great food, fantastic...&#x201d;]]></title>
	<excerpt><![CDATA[Great food, fantastic place! more]]></excerpt>
	<link><![CDATA[http://www.tripadvisor.com/Restaurant_Review-g190454-d788356-Reviews-Motto-Vienna.html]]></link>
</review>
<review>
	<rating>4.0</rating>
	<author><![CDATA[Suabo]]></author>
	<date>2008-11-18</date>
	<title><![CDATA[&#x201c;Wonderful decoration...&#x201d;]]></title>
	<excerpt><![CDATA[Wonderful decoration. Food is even better! more]]></excerpt>
	<link><![CDATA[http://www.tripadvisor.com/Restaurant_Review-g190454-d788356-Reviews-Motto-Vienna.html]]></link>
</review>
<review>
	<rating>4.0</rating>
	<author><![CDATA[A TripAdvisor Contributor]]></author>
	<date>2008-08-04</date>
	<title><![CDATA[&#x201c;best beef-tartare ever...&#x201d;]]></title>
	<excerpt><![CDATA[best beef-tartare ever eaten more]]></excerpt>
	<link><![CDATA[http://www.tripadvisor.com/Restaurant_Review-g190454-d788356-Reviews-Motto-Vienna.html]]></link>
</review>
<review>
	<rating>5.0</rating>
	<author><![CDATA[A TripAdvisor Contributor]]></author>
	<date>2008-06-20</date>
	<title><![CDATA[&#x201c;You will hardly find it...&#x201d;]]></title>
	<excerpt><![CDATA[You will hardly find it unless you know how it looks from outside... more]]></excerpt>
	<link><![CDATA[http://www.tripadvisor.com/Restaurant_Review-g190454-d788356-Reviews-Motto-Vienna.html]]></link>
</review>
<review>
	<rating>4.0</rating>
	<author><![CDATA[A TripAdvisor Contributor]]></author>
	<date>2008-05-21</date>
	<title><![CDATA[&#x201c;good meals, stylish...&#x201d;]]></title>
	<excerpt><![CDATA[good meals, stylish people! more]]></excerpt>
	<link><![CDATA[http://www.tripadvisor.com/Restaurant_Review-g190454-d788356-Reviews-Motto-Vienna.html]]></link>
</review>
<review>
	<rating>4.0</rating>
	<author><![CDATA[A TripAdvisor Contributor]]></author>
	<date>2008-04-14</date>
	<title><![CDATA[&#x201c;all time fave in good...&#x201d;]]></title>
	<excerpt><![CDATA[all time fave in good ole Vienna.... more]]></excerpt>
	<link><![CDATA[http://www.tripadvisor.com/Restaurant_Review-g190454-d788356-Reviews-Motto-Vienna.html]]></link>
</review>
<review>
	<rating>4.0</rating>
	<author><![CDATA[A TripAdvisor Contributor]]></author>
	<date>2008-04-03</date>
	<title><![CDATA[&#x201c;Excellent food...&#x201d;]]></title>
	<excerpt><![CDATA[Excellent food, confusing toilets (maze of glass) more]]></excerpt>
	<link><![CDATA[http://www.tripadvisor.com/Restaurant_Review-g190454-d788356-Reviews-Motto-Vienna.html]]></link>
</review>
<review>
	<rating>5.0</rating>
	<author><![CDATA[A TripAdvisor Contributor]]></author>
	<date>2008-03-31</date>
	<title><![CDATA[&#x201c;Always best choice&#x201d;]]></title>
	<excerpt><![CDATA[Always best choice more]]></excerpt>
	<link><![CDATA[http://www.tripadvisor.com/Restaurant_Review-g190454-d788356-Reviews-Motto-Vienna.html]]></link>
</review>
<review>
	<rating>3.0</rating>
	<author><![CDATA[A TripAdvisor Contributor]]></author>
	<date>2008-03-19</date>
	<title><![CDATA[&#x201c;Great food, decent...&#x201d;]]></title>
	<excerpt><![CDATA[Great food, decent service... more]]></excerpt>
	<link><![CDATA[http://www.tripadvisor.com/Restaurant_Review-g190454-d788356-Reviews-Motto-Vienna.html]]></link>
</review>
<review>
	<rating>4.0</rating>
	<author><![CDATA[A TripAdvisor Contributor]]></author>
	<date>2008-03-11</date>
	<title><![CDATA[&#x201c;it's only cult! lots of...&#x201d;]]></title>
	<excerpt><![CDATA[it's only cult! lots of artist are there after there work and for chilling. more]]></excerpt>
	<link><![CDATA[http://www.tripadvisor.com/Restaurant_Review-g190454-d788356-Reviews-Motto-Vienna.html]]></link>
</review>
<review>
	<rating>5.0</rating>
	<author><![CDATA[A TripAdvisor Contributor]]></author>
	<date>2008-02-20</date>
	<title><![CDATA[&#x201c;good food, good cocktails&#x201d;]]></title>
	<excerpt><![CDATA[good food, good cocktails more]]></excerpt>
	<link><![CDATA[http://www.tripadvisor.com/Restaurant_Review-g190454-d788356-Reviews-or10-Motto-Vienna.html]]></link>
</review>
<review>
	<rating>4.0</rating>
	<author><![CDATA[A TripAdvisor Contributor]]></author>
	<date>2008-02-11</date>
	<title><![CDATA[&#x201c;good quality, posh...&#x201d;]]></title>
	<excerpt><![CDATA[good quality, posh atmosphere, gays serving, VIPs visiting often more]]></excerpt>
	<link><![CDATA[http://www.tripadvisor.com/Restaurant_Review-g190454-d788356-Reviews-or10-Motto-Vienna.html]]></link>
</review>
<review>
	<rating>3.0</rating>
	<author><![CDATA[A TripAdvisor Contributor]]></author>
	<date>2008-01-06</date>
	<title><![CDATA[&#x201c;motto catering ... dont...&#x201d;]]></title>
	<excerpt><![CDATA[motto catering ... dont eat it more]]></excerpt>
	<link><![CDATA[http://www.tripadvisor.com/Restaurant_Review-g190454-d788356-Reviews-or10-Motto-Vienna.html]]></link>
</review>
<review>
	<rating>5.0</rating>
	<author><![CDATA[A TripAdvisor Contributor]]></author>
	<date>2007-12-19</date>
	<title><![CDATA[&#x201c;Hip location, fine place...&#x201d;]]></title>
	<excerpt><![CDATA[Hip location, fine place for dining with cocktails or having a drink with friends. Local celebrities around several times more]]></excerpt>
	<link><![CDATA[http://www.tripadvisor.com/Restaurant_Review-g190454-d788356-Reviews-or10-Motto-Vienna.html]]></link>
</review>
<review>
	<rating>4.0</rating>
	<author><![CDATA[A TripAdvisor Contributor]]></author>
	<date>2007-12-18</date>
	<title><![CDATA[&#x201c;One of my favorite...&#x201d;]]></title>
	<excerpt><![CDATA[One of my favorite restaurants. Great food, good service, young, chique and funky. Great bar with fantastic cocktails and good music. more]]></excerpt>
	<link><![CDATA[http://www.tripadvisor.com/Restaurant_Review-g190454-d788356-Reviews-or10-Motto-Vienna.html]]></link>
</review>
<review>
	<rating>5.0</rating>
	<author><![CDATA[A TripAdvisor Contributor]]></author>
	<date>2007-12-15</date>
	<title><![CDATA[&#x201c;Best place to be/eat in...&#x201d;]]></title>
	<excerpt><![CDATA[Best place to be/eat in Vienna. more]]></excerpt>
	<link><![CDATA[http://www.tripadvisor.com/Restaurant_Review-g190454-d788356-Reviews-or10-Motto-Vienna.html]]></link>
</review>
<review>
	<rating>4.0</rating>
	<author><![CDATA[A TripAdvisor Contributor]]></author>
	<date>2007-12-12</date>
	<title><![CDATA[&#x201c;good food, nice place&#x201d;]]></title>
	<excerpt><![CDATA[good food, nice place more]]></excerpt>
	<link><![CDATA[http://www.tripadvisor.com/Restaurant_Review-g190454-d788356-Reviews-or10-Motto-Vienna.html]]></link>
</review>
<review>
	<rating>5.0</rating>
	<author><![CDATA[A TripAdvisor Contributor]]></author>
	<date>2007-12-10</date>
	<title><![CDATA[&#x201c;glitzer, glamour...&#x201d;]]></title>
	<excerpt><![CDATA[glitzer, glamour, schinkenfleckerl :) more]]></excerpt>
	<link><![CDATA[http://www.tripadvisor.com/Restaurant_Review-g190454-d788356-Reviews-or10-Motto-Vienna.html]]></link>
</review>
<review>
	<rating>5.0</rating>
	<author><![CDATA[A TripAdvisor Contributor]]></author>
	<date>2007-12-03</date>
	<title><![CDATA[&#x201c;an excellent restaurant...&#x201d;]]></title>
	<excerpt><![CDATA[an excellent restaurant with great cocktails & moderate prices more]]></excerpt>
	<link><![CDATA[http://www.tripadvisor.com/Restaurant_Review-g190454-d788356-Reviews-or10-Motto-Vienna.html]]></link>
</review>
<review>
	<rating>5.0</rating>
	<author><![CDATA[A TripAdvisor Contributor]]></author>
	<date>2007-12-01</date>
	<title><![CDATA[&#x201c;Great food, great...&#x201d;]]></title>
	<excerpt><![CDATA[Great food, great location, great cocktails. Definitely a place to visit. more]]></excerpt>
	<link><![CDATA[http://www.tripadvisor.com/Restaurant_Review-g190454-d788356-Reviews-or10-Motto-Vienna.html]]></link>
</review>
<review>
	<rating>5.0</rating>
	<author><![CDATA[A TripAdvisor Contributor]]></author>
	<date>2007-11-30</date>
	<title><![CDATA[&#x201c;Excellent food/kitchen...&#x201d;]]></title>
	<excerpt><![CDATA[Excellent food/kitchen, fine wines, stylish ambience, friendly and anxious staff, good music (sometimes a _bit_ too loud, but that's just part of the ]]></excerpt>
	<link><![CDATA[http://www.tripadvisor.com/Restaurant_Review-g190454-d788356-Reviews-or20-Motto-Vienna.html]]></link>
</review>
<review>
	<rating>4.0</rating>
	<author><![CDATA[KarlPVienna]]></author>
	<date>2009-01-13</date>
	<title><![CDATA[&#x201c;Mittlerweile sehr feines...&#x201d;]]></title>
	<excerpt><![CDATA[Mittlerweile sehr feines Essen und gelegentlich schrilles Publikum more]]></excerpt>
	<link><![CDATA[http://www.tripadvisor.com/Restaurant_Review-g190454-d788356-Reviews-or20-Motto-Vienna.html]]></link>
</review>
<review>
	<rating>4.0</rating>
	<author><![CDATA[A TripAdvisor Contributor]]></author>
	<date>2008-05-25</date>
	<title><![CDATA[&#x201c;Immer ein...&#x201d;]]></title>
	<excerpt><![CDATA[Immer ein Klassiker!!!Beef Tartare nicht zu vergessen.... more]]></excerpt>
	<link><![CDATA[http://www.tripadvisor.com/Restaurant_Review-g190454-d788356-Reviews-or20-Motto-Vienna.html]]></link>
</review>
<review>
	<rating>2.0</rating>
	<author><![CDATA[A TripAdvisor Contributor]]></author>
	<date>2008-02-14</date>
	<title><![CDATA[&#x201c;Auch wenns ein...&#x201d;]]></title>
	<excerpt><![CDATA[Auch wenns ein Szenelokal ist... Mini Portionen, hohe Preise. more]]></excerpt>
	<link><![CDATA[http://www.tripadvisor.com/Restaurant_Review-g190454-d788356-Reviews-or20-Motto-Vienna.html]]></link>
</review>
<review>
	<rating>5.0</rating>
	<author><![CDATA[A TripAdvisor Contributor]]></author>
	<date>2008-02-04</date>
	<title><![CDATA[&#x201c;Der beste Gastronom der...&#x201d;]]></title>
	<excerpt><![CDATA[Der beste Gastronom der Stadt und sein Flagschiff. Das Motto ist Szene und auch ohne Falco hoch wie nie. more]]></excerpt>
	<link><![CDATA[http://www.tripadvisor.com/Restaurant_Review-g190454-d788356-Reviews-or20-Motto-Vienna.html]]></link>
</review>
</source>