<source name="Trip Advisor" avg-rating="4.0">
<review>
	<rating>5.0</rating>
	<author><![CDATA[A TripAdvisor Contributor]]></author>
	<date>2008-09-14</date>
	<title><![CDATA[&#x201c;top food, top service.&#x201d;]]></title>
	<excerpt><![CDATA[top food, top service. more]]></excerpt>
	<link><![CDATA[http://www.tripadvisor.com/Restaurant_Review-g190454-d787946-Reviews-Nells-Vienna.html]]></link>
</review>
<review>
	<rating>3.0</rating>
	<author><![CDATA[A TripAdvisor Contributor]]></author>
	<date>2008-02-24</date>
	<title><![CDATA[&#x201c;overpriced. ideal for...&#x201d;]]></title>
	<excerpt><![CDATA[overpriced. ideal for families. service could be better more]]></excerpt>
	<link><![CDATA[http://www.tripadvisor.com/Restaurant_Review-g190454-d787946-Reviews-Nells-Vienna.html]]></link>
</review>
<review>
	<rating>3.0</rating>
	<author><![CDATA[A TripAdvisor Contributor]]></author>
	<date>2008-02-04</date>
	<title><![CDATA[&#x201c;Wer die Wimmers sucht...&#x201d;]]></title>
	<excerpt><![CDATA[Wer die Wimmers sucht solte da vorbei schauen... more]]></excerpt>
	<link><![CDATA[http://www.tripadvisor.com/Restaurant_Review-g190454-d787946-Reviews-Nells-Vienna.html]]></link>
</review>
<review>
	<rating>3.0</rating>
	<author><![CDATA[A TripAdvisor Contributor]]></author>
	<date>2007-12-15</date>
	<title><![CDATA[&#x201c;ja, ganz okay.&#x201d;]]></title>
	<excerpt><![CDATA[ja, ganz okay. more]]></excerpt>
	<link><![CDATA[http://www.tripadvisor.com/Restaurant_Review-g190454-d787946-Reviews-Nells-Vienna.html]]></link>
</review>
</source>