<source name="Trip Advisor" avg-rating="4.5">
<review>
	<rating>4.0</rating>
	<author><![CDATA[kennego]]></author>
	<date>2009-03-05</date>
	<title><![CDATA[&#x201c;Looking for a taste of Austria on your trip - try Plachutta&#x201d;]]></title>
	<excerpt><![CDATA[Overall I thoroughly liked Plachutta.
It's smart, busy, well patronised by locals and has an extensive menu. We went for the Tafelspitz and enjoyed it]]></excerpt>
	<link><![CDATA[http://www.tripadvisor.com/Restaurant_Review-g190454-d694560-Reviews-Plachutta-Vienna.html]]></link>
</review>
<review>
	<rating>5.0</rating>
	<author><![CDATA[A TripAdvisor Contributor]]></author>
	<date>2009-01-24</date>
	<title><![CDATA[&#x201c;great beaf dishes...&#x201d;]]></title>
	<excerpt><![CDATA[great beaf dishes /elegant atmosphere / ocassionally just too many waiters... more]]></excerpt>
	<link><![CDATA[http://www.tripadvisor.com/Restaurant_Review-g190454-d694560-Reviews-Plachutta-Vienna.html]]></link>
</review>
<review>
	<rating>5.0</rating>
	<author><![CDATA[DKasvis]]></author>
	<date>2008-12-26</date>
	<title><![CDATA[&#x201c;Tufelspitz at it's best!!!&#x201d;]]></title>
	<excerpt><![CDATA[If you ever go to Wien, do yourself a favor and reserve a table at Plachutta's, to taste the amazing boiled beef, tufelspitz. more]]></excerpt>
	<link><![CDATA[http://www.tripadvisor.com/Restaurant_Review-g190454-d694560-Reviews-Plachutta-Vienna.html]]></link>
</review>
<review>
	<rating>4.0</rating>
	<author><![CDATA[Suabo]]></author>
	<date>2008-12-15</date>
	<title><![CDATA[&#x201c;Efficient and friendly...&#x201d;]]></title>
	<excerpt><![CDATA[Efficient and friendly service. Excellent traditional austrian food in a warm and lively frame. The Wiener Schnitzel was fantastic... no so much for t]]></excerpt>
	<link><![CDATA[http://www.tripadvisor.com/Restaurant_Review-g190454-d694560-Reviews-Plachutta-Vienna.html]]></link>
</review>
<review>
	<rating>2.0</rating>
	<author><![CDATA[indigoscarf]]></author>
	<date>2008-11-08</date>
	<title><![CDATA[&#x201c;Smelly, noisy and overrated.&#x201d;]]></title>
	<excerpt><![CDATA[Went there Saturday for lunch on a rainy November day. The place was jam-packed but we had a reservation which came in handy. The welcome was average,]]></excerpt>
	<link><![CDATA[http://www.tripadvisor.com/Restaurant_Review-g190454-d694560-Reviews-Plachutta-Vienna.html]]></link>
</review>
<review>
	<rating>3.0</rating>
	<author><![CDATA[A TripAdvisor Contributor]]></author>
	<date>2008-10-04</date>
	<title><![CDATA[&#x201c;Not bad (iv tried both...&#x201d;]]></title>
	<excerpt><![CDATA[Not bad (iv tried both the one in the 13th district and the one in the city centre). Food isnt bad, bad I still think both restaurants are somewhat ov]]></excerpt>
	<link><![CDATA[http://www.tripadvisor.com/Restaurant_Review-g190454-d694560-Reviews-Plachutta-Vienna.html]]></link>
</review>
<review>
	<rating>4.0</rating>
	<author><![CDATA[Micmac12]]></author>
	<date>2008-09-05</date>
	<title><![CDATA[&#x201c;Lived up to the hype&#x201d;]]></title>
	<excerpt><![CDATA[If it's your first time there, you must try the Taflespitz. You can get it for two, which is tons of food. The whole protocol around the meal is almos]]></excerpt>
	<link><![CDATA[http://www.tripadvisor.com/Restaurant_Review-g190454-d694560-Reviews-Plachutta-Vienna.html]]></link>
</review>
<review>
	<rating>3.0</rating>
	<author><![CDATA[A TripAdvisor Contributor]]></author>
	<date>2008-08-23</date>
	<title><![CDATA[&#x201c;The first out of 3...&#x201d;]]></title>
	<excerpt><![CDATA[The first out of 3 Plachuttas it is the one with the most 'elite' flair - expect good to excellent service and exquisite Viennise cuisine ... but not ]]></excerpt>
	<link><![CDATA[http://www.tripadvisor.com/Restaurant_Review-g190454-d694560-Reviews-Plachutta-Vienna.html]]></link>
</review>
<review>
	<rating>4.0</rating>
	<author><![CDATA[A TripAdvisor Contributor]]></author>
	<date>2008-07-15</date>
	<title><![CDATA[&#x201c;Famous for its beef...&#x201d;]]></title>
	<excerpt><![CDATA[Famous for its beef - only for its beef... ;-) more]]></excerpt>
	<link><![CDATA[http://www.tripadvisor.com/Restaurant_Review-g190454-d694560-Reviews-Plachutta-Vienna.html]]></link>
</review>
<review>
	<rating>5.0</rating>
	<author><![CDATA[A TripAdvisor Contributor]]></author>
	<date>2008-07-09</date>
	<title><![CDATA[&#x201c;Famous! Beef is...&#x201d;]]></title>
	<excerpt><![CDATA[Famous! Beef is excellent, wine too. Very crowded the evening. Must book a table. more]]></excerpt>
	<link><![CDATA[http://www.tripadvisor.com/Restaurant_Review-g190454-d694560-Reviews-Plachutta-Vienna.html]]></link>
</review>
<review>
	<rating>4.0</rating>
	<author><![CDATA[A TripAdvisor Contributor]]></author>
	<date>2008-06-09</date>
	<title><![CDATA[&#x201c;A must for Vienna...&#x201d;]]></title>
	<excerpt><![CDATA[A must for Vienna conoisseurs - I love not only the star entry (Taflespitz), but also what comes with it: broth, sauces, etc. One recommendation: go t]]></excerpt>
	<link><![CDATA[http://www.tripadvisor.com/Restaurant_Review-g190454-d694560-Reviews-or10-Plachutta-Vienna.html]]></link>
</review>
<review>
	<rating>4.0</rating>
	<author><![CDATA[Izzy1025]]></author>
	<date>2008-06-01</date>
	<title><![CDATA[&#x201c;The best place for traditional boiled beef&#x201d;]]></title>
	<excerpt><![CDATA[If you're going to have boiled beef at a nice Vienna restaurant, this is the place to go. The boiled beef and accompanying side dishes were all delici]]></excerpt>
	<link><![CDATA[http://www.tripadvisor.com/Restaurant_Review-g190454-d694560-Reviews-or10-Plachutta-Vienna.html]]></link>
</review>
<review>
	<rating>5.0</rating>
	<author><![CDATA[A TripAdvisor Contributor]]></author>
	<date>2008-06-01</date>
	<title><![CDATA[&#x201c;Best Beef in Town! 1st...&#x201d;]]></title>
	<excerpt><![CDATA[Best Beef in Town! 1st Class Service makes you feel like a Royal. more]]></excerpt>
	<link><![CDATA[http://www.tripadvisor.com/Restaurant_Review-g190454-d694560-Reviews-or10-Plachutta-Vienna.html]]></link>
</review>
<review>
	<rating>4.0</rating>
	<author><![CDATA[A TripAdvisor Contributor]]></author>
	<date>2008-05-15</date>
	<title><![CDATA[&#x201c;the service is getting...&#x201d;]]></title>
	<excerpt><![CDATA[the service is getting worse. this place is good for business people and tourists. more]]></excerpt>
	<link><![CDATA[http://www.tripadvisor.com/Restaurant_Review-g190454-d694560-Reviews-or10-Plachutta-Vienna.html]]></link>
</review>
<review>
	<rating>5.0</rating>
	<author><![CDATA[A TripAdvisor Contributor]]></author>
	<date>2008-05-13</date>
	<title><![CDATA[&#x201c;excellent Tafelspitz...&#x201d;]]></title>
	<excerpt><![CDATA[excellent Tafelspitz, excellent service, (older) kid-friendly, bustling, busy more]]></excerpt>
	<link><![CDATA[http://www.tripadvisor.com/Restaurant_Review-g190454-d694560-Reviews-or10-Plachutta-Vienna.html]]></link>
</review>
<review>
	<rating>4.0</rating>
	<author><![CDATA[A TripAdvisor Contributor]]></author>
	<date>2008-04-06</date>
	<title><![CDATA[&#x201c;Excellent "Tafelspitz"&#x201d;]]></title>
	<excerpt><![CDATA[Excellent "Tafelspitz" more]]></excerpt>
	<link><![CDATA[http://www.tripadvisor.com/Restaurant_Review-g190454-d694560-Reviews-or10-Plachutta-Vienna.html]]></link>
</review>
<review>
	<rating>5.0</rating>
	<author><![CDATA[A TripAdvisor Contributor]]></author>
	<date>2008-03-11</date>
	<title><![CDATA[&#x201c;If u like beef, here u...&#x201d;]]></title>
	<excerpt><![CDATA[If u like beef, here u get the BEST cooked beef ever! called: TAFELSPITZ more]]></excerpt>
	<link><![CDATA[http://www.tripadvisor.com/Restaurant_Review-g190454-d694560-Reviews-or10-Plachutta-Vienna.html]]></link>
</review>
<review>
	<rating>4.0</rating>
	<author><![CDATA[A TripAdvisor Contributor]]></author>
	<date>2008-02-26</date>
	<title><![CDATA[&#x201c;The best place to eat...&#x201d;]]></title>
	<excerpt><![CDATA[The best place to eat beef Austrian style. more]]></excerpt>
	<link><![CDATA[http://www.tripadvisor.com/Restaurant_Review-g190454-d694560-Reviews-or10-Plachutta-Vienna.html]]></link>
</review>
<review>
	<rating>5.0</rating>
	<author><![CDATA[A TripAdvisor Contributor]]></author>
	<date>2008-01-19</date>
	<title><![CDATA[&#x201c;Teragon butter steak...&#x201d;]]></title>
	<excerpt><![CDATA[Teragon butter steak! with roesti more]]></excerpt>
	<link><![CDATA[http://www.tripadvisor.com/Restaurant_Review-g190454-d694560-Reviews-or10-Plachutta-Vienna.html]]></link>
</review>
<review>
	<rating>5.0</rating>
	<author><![CDATA[A TripAdvisor Contributor]]></author>
	<date>2008-01-04</date>
	<title><![CDATA[&#x201c;Spitze! you can enjoy...&#x201d;]]></title>
	<excerpt><![CDATA[Spitze! you can enjoy typical Austrain cuisine :) more]]></excerpt>
	<link><![CDATA[http://www.tripadvisor.com/Restaurant_Review-g190454-d694560-Reviews-or10-Plachutta-Vienna.html]]></link>
</review>
<review>
	<rating>5.0</rating>
	<author><![CDATA[A TripAdvisor Contributor]]></author>
	<date>2008-01-03</date>
	<title><![CDATA[&#x201c;excellent! My favorite...&#x201d;]]></title>
	<excerpt><![CDATA[excellent! My favorite in Vienna more]]></excerpt>
	<link><![CDATA[http://www.tripadvisor.com/Restaurant_Review-g190454-d694560-Reviews-or20-Plachutta-Vienna.html]]></link>
</review>
<review>
	<rating>5.0</rating>
	<author><![CDATA[A TripAdvisor Contributor]]></author>
	<date>2007-12-26</date>
	<title><![CDATA[&#x201c;GREAT!!! Its a REALLY...&#x201d;]]></title>
	<excerpt><![CDATA[GREAT!!! Its a REALLY expensive restaurant, so you should go there just for an important event or something like that. the meals they offer are trad]]></excerpt>
	<link><![CDATA[http://www.tripadvisor.com/Restaurant_Review-g190454-d694560-Reviews-or20-Plachutta-Vienna.html]]></link>
</review>
<review>
	<rating>4.0</rating>
	<author><![CDATA[A TripAdvisor Contributor]]></author>
	<date>2007-12-19</date>
	<title><![CDATA[&#x201c;Classical Austrian...&#x201d;]]></title>
	<excerpt><![CDATA[Classical Austrian restaurant, beef at its best. Famous, therefore crowded with tourists throughout the day and evening more]]></excerpt>
	<link><![CDATA[http://www.tripadvisor.com/Restaurant_Review-g190454-d694560-Reviews-or20-Plachutta-Vienna.html]]></link>
</review>
<review>
	<rating>5.0</rating>
	<author><![CDATA[A TripAdvisor Contributor]]></author>
	<date>2007-12-18</date>
	<title><![CDATA[&#x201c;Fantastic for genuine...&#x201d;]]></title>
	<excerpt><![CDATA[Fantastic for genuine Austrian food. Go there for Tafelspitz, one of the best you can get in Vienna. Excellent Service. I can only recommend that plac]]></excerpt>
	<link><![CDATA[http://www.tripadvisor.com/Restaurant_Review-g190454-d694560-Reviews-or20-Plachutta-Vienna.html]]></link>
</review>
<review>
	<rating>3.0</rating>
	<author><![CDATA[A TripAdvisor Contributor]]></author>
	<date>2007-12-16</date>
	<title><![CDATA[&#x201c;Traditional Austria...&#x201d;]]></title>
	<excerpt><![CDATA[Traditional Austria kitchen... Good for business talks.. more]]></excerpt>
	<link><![CDATA[http://www.tripadvisor.com/Restaurant_Review-g190454-d694560-Reviews-or20-Plachutta-Vienna.html]]></link>
</review>
<review>
	<rating>4.0</rating>
	<author><![CDATA[A TripAdvisor Contributor]]></author>
	<date>2007-12-10</date>
	<title><![CDATA[&#x201c;very good kitchen&#x201d;]]></title>
	<excerpt><![CDATA[very good kitchen more]]></excerpt>
	<link><![CDATA[http://www.tripadvisor.com/Restaurant_Review-g190454-d694560-Reviews-or20-Plachutta-Vienna.html]]></link>
</review>
<review>
	<rating>5.0</rating>
	<author><![CDATA[A TripAdvisor Contributor]]></author>
	<date>2007-12-05</date>
	<title><![CDATA[&#x201c;Tarragon. Butter. Steak.&#x201d;]]></title>
	<excerpt><![CDATA[Tarragon. Butter. Steak. more]]></excerpt>
	<link><![CDATA[http://www.tripadvisor.com/Restaurant_Review-g190454-d694560-Reviews-or20-Plachutta-Vienna.html]]></link>
</review>
<review>
	<rating>5.0</rating>
	<author><![CDATA[A TripAdvisor Contributor]]></author>
	<date>2007-11-27</date>
	<title><![CDATA[&#x201c;Went there twice within...&#x201d;]]></title>
	<excerpt><![CDATA[Went there twice within 2 days, one of the best braised beef and soups I've tasted. One of the forces pulling me back to Vienna one day. more]]></excerpt>
	<link><![CDATA[http://www.tripadvisor.com/Restaurant_Review-g190454-d694560-Reviews-or20-Plachutta-Vienna.html]]></link>
</review>
<review>
	<rating>4.0</rating>
	<author><![CDATA[A TripAdvisor Contributor]]></author>
	<date>2007-11-27</date>
	<title><![CDATA[&#x201c;traditional. good to...&#x201d;]]></title>
	<excerpt><![CDATA[traditional. good to visit with business friends. more]]></excerpt>
	<link><![CDATA[http://www.tripadvisor.com/Restaurant_Review-g190454-d694560-Reviews-or20-Plachutta-Vienna.html]]></link>
</review>
<review>
	<rating>5.0</rating>
	<author><![CDATA[A TripAdvisor Contributor]]></author>
	<date>2007-11-19</date>
	<title><![CDATA[&#x201c;One of my favorites in...&#x201d;]]></title>
	<excerpt><![CDATA[One of my favorites in Vienna....The best Tafelspitz I have ever had. I certainly miss it. I used to go there with my friends Gunter and Denise...miss]]></excerpt>
	<link><![CDATA[http://www.tripadvisor.com/Restaurant_Review-g190454-d694560-Reviews-or20-Plachutta-Vienna.html]]></link>
</review>
<review>
	<rating>5.0</rating>
	<author><![CDATA[KarlPVienna]]></author>
	<date>2009-01-13</date>
	<title><![CDATA[&#x201c;Ich empfehle ganz...&#x201d;]]></title>
	<excerpt><![CDATA[Ich empfehle ganz dringend Tafelstck und Fritattensuppe und hinterher Schoko-Mousse, und der Tag hat einen Hhepunkt. more]]></excerpt>
	<link><![CDATA[http://www.tripadvisor.com/Restaurant_Review-g190454-d694560-Reviews-or30-Plachutta-Vienna.html]]></link>
</review>
<review>
	<rating>4.0</rating>
	<author><![CDATA[farmaclo]]></author>
	<date>2008-12-18</date>
	<title><![CDATA[&#x201c;un ottimo bollito&#x201d;]]></title>
	<excerpt><![CDATA[sono stata a vienna al ristorante plachutta e devo ammettere che non avrei mai pensato di mangiare un bollito cos... more]]></excerpt>
	<link><![CDATA[http://www.tripadvisor.com/Restaurant_Review-g190454-d694560-Reviews-or30-Plachutta-Vienna.html]]></link>
</review>
<review>
	<rating>5.0</rating>
	<author><![CDATA[roliTrieste]]></author>
	<date>2008-10-30</date>
	<title><![CDATA[&#x201c;Plachutta, vicino a Shonbrunn&#x201d;]]></title>
	<excerpt><![CDATA[Ristorante veramente piacevole; ottimo e cordiale servizio, cucina notevole more]]></excerpt>
	<link><![CDATA[http://www.tripadvisor.com/Restaurant_Review-g190454-d694560-Reviews-or30-Plachutta-Vienna.html]]></link>
</review>
<review>
	<rating>4.0</rating>
	<author><![CDATA[SisiSpain]]></author>
	<date>2008-09-04</date>
	<title><![CDATA[&#x201c;Fantastico para conocer cocina vienesa autntica&#x201d;]]></title>
	<excerpt><![CDATA[Una magnifica velada. Estuvimos cinco personas y probamos las especialidades. Especialmente bueno y original el tafelspitz. Te ponen la carne... more]]></excerpt>
	<link><![CDATA[http://www.tripadvisor.com/Restaurant_Review-g190454-d694560-Reviews-or30-Plachutta-Vienna.html]]></link>
</review>
<review>
	<rating>4.0</rating>
	<author><![CDATA[A TripAdvisor Contributor]]></author>
	<date>2008-08-03</date>
	<title><![CDATA[&#x201c;der klassiker der...&#x201d;]]></title>
	<excerpt><![CDATA[der klassiker der sterreichischen kche more]]></excerpt>
	<link><![CDATA[http://www.tripadvisor.com/Restaurant_Review-g190454-d694560-Reviews-or30-Plachutta-Vienna.html]]></link>
</review>
<review>
	<rating>5.0</rating>
	<author><![CDATA[egon_77]]></author>
	<date>2008-06-09</date>
	<title><![CDATA[&#x201c;Ottimi bolliti&#x201d;]]></title>
	<excerpt><![CDATA[Di ristoranti a Vienna ce ne sono tre (Wollzeile, Hietzinger e Nussdort).
Noi siamo andati al Plachutta Wollzeile, zona centrale,... more]]></excerpt>
	<link><![CDATA[http://www.tripadvisor.com/Restaurant_Review-g190454-d694560-Reviews-or30-Plachutta-Vienna.html]]></link>
</review>
<review>
	<rating>4.0</rating>
	<author><![CDATA[A TripAdvisor Contributor]]></author>
	<date>2008-02-04</date>
	<title><![CDATA[&#x201c;Fr Touristen ein Muss...&#x201d;]]></title>
	<excerpt><![CDATA[Fr Touristen ein Muss um richtigen Tafelspitz zu essen. more]]></excerpt>
	<link><![CDATA[http://www.tripadvisor.com/Restaurant_Review-g190454-d694560-Reviews-or30-Plachutta-Vienna.html]]></link>
</review>
<review>
	<rating>5.0</rating>
	<author><![CDATA[A TripAdvisor Contributor]]></author>
	<date>2008-01-23</date>
	<title><![CDATA[&#x201c;Sehr, sehr gute Kche...&#x201d;]]></title>
	<excerpt><![CDATA[Sehr, sehr gute Kche, einfach kstlich, aber dafr muss man auch etwas tiefer in die Tasche greifen!!! more]]></excerpt>
	<link><![CDATA[http://www.tripadvisor.com/Restaurant_Review-g190454-d694560-Reviews-or30-Plachutta-Vienna.html]]></link>
</review>
<review>
	<rating>1.0</rating>
	<author><![CDATA[A TripAdvisor Contributor]]></author>
	<date>2007-12-10</date>
	<title><![CDATA[&#x201c;Unkreativ; zaehes Fleisch&#x201d;]]></title>
	<excerpt><![CDATA[Unkreativ; zaehes Fleisch more]]></excerpt>
	<link><![CDATA[http://www.tripadvisor.com/Restaurant_Review-g190454-d694560-Reviews-or30-Plachutta-Vienna.html]]></link>
</review>
</source>