<source name="Trip Advisor" avg-rating="4.5">
<review>
	<rating>4.0</rating>
	<author><![CDATA[A TripAdvisor Contributor]]></author>
	<date>2008-06-09</date>
	<title><![CDATA[&#x201c;Vietnam cuisine in a...&#x201d;]]></title>
	<excerpt><![CDATA[Vietnam cuisine in a sleek, trendy athmosphere. wide restaurant. No problem to take the kids along here more]]></excerpt>
	<link><![CDATA[http://www.tripadvisor.com/Restaurant_Review-g190454-d790422-Reviews-Ra_mien-Vienna.html]]></link>
</review>
<review>
	<rating>5.0</rating>
	<author><![CDATA[A TripAdvisor Contributor]]></author>
	<date>2008-05-20</date>
	<title><![CDATA[&#x201c;everythings fine! hot...&#x201d;]]></title>
	<excerpt><![CDATA[everythings fine! hot tip! more]]></excerpt>
	<link><![CDATA[http://www.tripadvisor.com/Restaurant_Review-g190454-d790422-Reviews-Ra_mien-Vienna.html]]></link>
</review>
<review>
	<rating>3.0</rating>
	<author><![CDATA[A TripAdvisor Contributor]]></author>
	<date>2008-02-24</date>
	<title><![CDATA[&#x201c;very popular. club in...&#x201d;]]></title>
	<excerpt><![CDATA[very popular. club in the basement. service alright more]]></excerpt>
	<link><![CDATA[http://www.tripadvisor.com/Restaurant_Review-g190454-d790422-Reviews-Ra_mien-Vienna.html]]></link>
</review>
<review>
	<rating>3.0</rating>
	<author><![CDATA[A TripAdvisor Contributor]]></author>
	<date>2008-01-23</date>
	<title><![CDATA[&#x201c;good curries, crowded&#x201d;]]></title>
	<excerpt><![CDATA[good curries, crowded more]]></excerpt>
	<link><![CDATA[http://www.tripadvisor.com/Restaurant_Review-g190454-d790422-Reviews-Ra_mien-Vienna.html]]></link>
</review>
<review>
	<rating>4.0</rating>
	<author><![CDATA[A TripAdvisor Contributor]]></author>
	<date>2008-01-06</date>
	<title><![CDATA[&#x201c;nice, crowded, i dont...&#x201d;]]></title>
	<excerpt><![CDATA[nice, crowded, i dont like the interior more]]></excerpt>
	<link><![CDATA[http://www.tripadvisor.com/Restaurant_Review-g190454-d790422-Reviews-Ra_mien-Vienna.html]]></link>
</review>
<review>
	<rating>5.0</rating>
	<author><![CDATA[A TripAdvisor Contributor]]></author>
	<date>2008-01-04</date>
	<title><![CDATA[&#x201c;for a lunch&#x201d;]]></title>
	<excerpt><![CDATA[for a lunch more]]></excerpt>
	<link><![CDATA[http://www.tripadvisor.com/Restaurant_Review-g190454-d790422-Reviews-Ra_mien-Vienna.html]]></link>
</review>
<review>
	<rating>5.0</rating>
	<author><![CDATA[A TripAdvisor Contributor]]></author>
	<date>2007-12-15</date>
	<title><![CDATA[&#x201c;I loved it! fantastic...&#x201d;]]></title>
	<excerpt><![CDATA[I loved it! fantastic food & nice and friendly people!!! more]]></excerpt>
	<link><![CDATA[http://www.tripadvisor.com/Restaurant_Review-g190454-d790422-Reviews-Ra_mien-Vienna.html]]></link>
</review>
<review>
	<rating>5.0</rating>
	<author><![CDATA[A TripAdvisor Contributor]]></author>
	<date>2007-11-29</date>
	<title><![CDATA[&#x201c;ra'mien food is just...&#x201d;]]></title>
	<excerpt><![CDATA[ra'mien food is just great. with all those asian herbages and spices. yummy! and it's a very nice and friendly place, too. relaxing. more]]></excerpt>
	<link><![CDATA[http://www.tripadvisor.com/Restaurant_Review-g190454-d790422-Reviews-Ra_mien-Vienna.html]]></link>
</review>
<review>
	<rating>3.0</rating>
	<author><![CDATA[A TripAdvisor Contributor]]></author>
	<date>2009-01-24</date>
	<title><![CDATA[&#x201c;stylish, wrzig und gut.&#x201d;]]></title>
	<excerpt><![CDATA[stylish, wrzig und gut. more]]></excerpt>
	<link><![CDATA[http://www.tripadvisor.com/Restaurant_Review-g190454-d790422-Reviews-Ra_mien-Vienna.html]]></link>
</review>
<review>
	<rating>4.0</rating>
	<author><![CDATA[A TripAdvisor Contributor]]></author>
	<date>2008-06-20</date>
	<title><![CDATA[&#x201c;Meiner Frau zuliebe 4...&#x201d;]]></title>
	<excerpt><![CDATA[Meiner Frau zuliebe 4 Sterne. Sie steht drauf... more]]></excerpt>
	<link><![CDATA[http://www.tripadvisor.com/Restaurant_Review-g190454-d790422-Reviews-Ra_mien-Vienna.html]]></link>
</review>
<review>
	<rating>3.0</rating>
	<author><![CDATA[A TripAdvisor Contributor]]></author>
	<date>2008-02-14</date>
	<title><![CDATA[&#x201c;gute Ramen, gehobenere...&#x201d;]]></title>
	<excerpt><![CDATA[gute Ramen, gehobenere Preise more]]></excerpt>
	<link><![CDATA[http://www.tripadvisor.com/Restaurant_Review-g190454-d790422-Reviews-or10-Ra_mien-Vienna.html]]></link>
</review>
<review>
	<rating>3.0</rating>
	<author><![CDATA[A TripAdvisor Contributor]]></author>
	<date>2008-02-04</date>
	<title><![CDATA[&#x201c;Super Nuddelgerichte...&#x201d;]]></title>
	<excerpt><![CDATA[Super Nuddelgerichte. Nuddeln in Suppe, selbstgemachte dicke Nudeln. Herrlich. Den Rest kenn ich dort gar nicht, da man an diesen... more]]></excerpt>
	<link><![CDATA[http://www.tripadvisor.com/Restaurant_Review-g190454-d790422-Reviews-or10-Ra_mien-Vienna.html]]></link>
</review>
<review>
	<rating>5.0</rating>
	<author><![CDATA[A TripAdvisor Contributor]]></author>
	<date>2007-12-03</date>
	<title><![CDATA[&#x201c;ein absolutes MUSS wenn...&#x201d;]]></title>
	<excerpt><![CDATA[ein absolutes MUSS wenn man Asiatische Kche liebt more]]></excerpt>
	<link><![CDATA[http://www.tripadvisor.com/Restaurant_Review-g190454-d790422-Reviews-or10-Ra_mien-Vienna.html]]></link>
</review>
</source>