<source name="Trip Advisor" avg-rating="4.5">
<review>
	<rating>1.0</rating>
	<author><![CDATA[Veski]]></author>
	<date>2009-01-14</date>
	<title><![CDATA[&#x201c;Dinner Disaster in Drei Husaren&#x201d;]]></title>
	<excerpt><![CDATA[As travelling gourmands and oenophiles I and my fiance always try to find the best local cuisine. Drei Husaren, regardless its reputation was an all]]></excerpt>
	<link><![CDATA[http://www.tripadvisor.com/Restaurant_Review-g190454-d691831-Reviews-Drei_Husaren-Vienna.html]]></link>
</review>
<review>
	<rating>5.0</rating>
	<author><![CDATA[CarinaIndia]]></author>
	<date>2008-12-31</date>
	<title><![CDATA[&#x201c;Gourmet Delight in Vienna&#x201d;]]></title>
	<excerpt><![CDATA[My husband, for my birthday, surprised me with a visit to Vienna. The first evening was spent at the Opera seeing "La Traviata" followed the next even]]></excerpt>
	<link><![CDATA[http://www.tripadvisor.com/Restaurant_Review-g190454-d691831-Reviews-Drei_Husaren-Vienna.html]]></link>
</review>
<review>
	<rating>1.0</rating>
	<author><![CDATA[flynnb]]></author>
	<date>2008-12-28</date>
	<title><![CDATA[&#x201c;Overpriced and overrated!!&#x201d;]]></title>
	<excerpt><![CDATA[Ridiculously overpriced restaurant, very poor selection of starters and mains, rude service. On arrival we were left standing in the entrance for 10 m]]></excerpt>
	<link><![CDATA[http://www.tripadvisor.com/Restaurant_Review-g190454-d691831-Reviews-Drei_Husaren-Vienna.html]]></link>
</review>
<review>
	<rating>1.0</rating>
	<author><![CDATA[LG2009]]></author>
	<date>2008-11-25</date>
	<title><![CDATA[&#x201c;Not impressed&#x201d;]]></title>
	<excerpt><![CDATA[Service was terrible, we sat for 15 minutes on arrival with butter and no bread, with menus but no wine list. Until we asked for the wine list and bre]]></excerpt>
	<link><![CDATA[http://www.tripadvisor.com/Restaurant_Review-g190454-d691831-Reviews-Drei_Husaren-Vienna.html]]></link>
</review>
<review>
	<rating>4.0</rating>
	<author><![CDATA[A TripAdvisor Contributor]]></author>
	<date>2008-11-06</date>
	<title><![CDATA[&#x201c;Old Vienna Style, great...&#x201d;]]></title>
	<excerpt><![CDATA[Old Vienna Style, great food, but
rather expensive more]]></excerpt>
	<link><![CDATA[http://www.tripadvisor.com/Restaurant_Review-g190454-d691831-Reviews-Drei_Husaren-Vienna.html]]></link>
</review>
<review>
	<rating>4.0</rating>
	<author><![CDATA[A TripAdvisor Contributor]]></author>
	<date>2007-11-30</date>
	<title><![CDATA[&#x201c;elegant, classic.&#x201d;]]></title>
	<excerpt><![CDATA[elegant, classic. more]]></excerpt>
	<link><![CDATA[http://www.tripadvisor.com/Restaurant_Review-g190454-d691831-Reviews-Drei_Husaren-Vienna.html]]></link>
</review>
<review>
	<rating>5.0</rating>
	<author><![CDATA[A TripAdvisor Contributor]]></author>
	<date>2008-05-10</date>
	<title><![CDATA[&#x201c;Lo recomiendo&#x201d;]]></title>
	<excerpt><![CDATA[Lo recomiendo more]]></excerpt>
	<link><![CDATA[http://www.tripadvisor.com/Restaurant_Review-g190454-d691831-Reviews-Drei_Husaren-Vienna.html]]></link>
</review>
<review>
	<rating>3.0</rating>
	<author><![CDATA[A TripAdvisor Contributor]]></author>
	<date>2008-02-20</date>
	<title><![CDATA[&#x201c;Etwas fr alte Leute!&#x201d;]]></title>
	<excerpt><![CDATA[Etwas fr alte Leute! more]]></excerpt>
	<link><![CDATA[http://www.tripadvisor.com/Restaurant_Review-g190454-d691831-Reviews-Drei_Husaren-Vienna.html]]></link>
</review>
<review>
	<rating>2.0</rating>
	<author><![CDATA[A TripAdvisor Contributor]]></author>
	<date>2008-01-15</date>
	<title><![CDATA[&#x201c;sehr enttuschend, die...&#x201d;]]></title>
	<excerpt><![CDATA[sehr enttuschend, die vorspeisenwagerln sind auf 1 1/2 geschrumpft, das fleisch war zh, das dessert war prima (sonst berhaupt keinen... more]]></excerpt>
	<link><![CDATA[http://www.tripadvisor.com/Restaurant_Review-g190454-d691831-Reviews-Drei_Husaren-Vienna.html]]></link>
</review>
</source>