<source name="Trip Advisor" avg-rating="4.0">
<review>
	<rating>4.0</rating>
	<author><![CDATA[A TripAdvisor Contributor]]></author>
	<date>2009-02-09</date>
	<title><![CDATA[&#x201c;A very good sample what...&#x201d;]]></title>
	<excerpt><![CDATA[A very good sample what turk food can be. Always crowded, always good. more]]></excerpt>
	<link><![CDATA[http://www.tripadvisor.com/Restaurant_Review-g190454-d799627-Reviews-Kent-Vienna.html]]></link>
</review>
<review>
	<rating>5.0</rating>
	<author><![CDATA[A TripAdvisor Contributor]]></author>
	<date>2008-08-11</date>
	<title><![CDATA[&#x201c;Cheap, yet good food...&#x201d;]]></title>
	<excerpt><![CDATA[Cheap, yet good food - beautiful garden, friendly service. Highly recommended! kembe orbas is to die for! :) more]]></excerpt>
	<link><![CDATA[http://www.tripadvisor.com/Restaurant_Review-g190454-d799627-Reviews-Kent-Vienna.html]]></link>
</review>
<review>
	<rating>3.0</rating>
	<author><![CDATA[A TripAdvisor Contributor]]></author>
	<date>2008-04-29</date>
	<title><![CDATA[&#x201c;not bad turkish food...&#x201d;]]></title>
	<excerpt><![CDATA[not bad turkish food considering no good turkish cooks are avaliable in austira more]]></excerpt>
	<link><![CDATA[http://www.tripadvisor.com/Restaurant_Review-g190454-d799627-Reviews-Kent-Vienna.html]]></link>
</review>
<review>
	<rating>5.0</rating>
	<author><![CDATA[A TripAdvisor Contributor]]></author>
	<date>2008-03-19</date>
	<title><![CDATA[&#x201c;if you really want to...&#x201d;]]></title>
	<excerpt><![CDATA[if you really want to eat well at an incredibly reasonable price and you are not bothered that it looks like a communist mensa - here is the answer mo]]></excerpt>
	<link><![CDATA[http://www.tripadvisor.com/Restaurant_Review-g190454-d799627-Reviews-Kent-Vienna.html]]></link>
</review>
<review>
	<rating>3.0</rating>
	<author><![CDATA[A TripAdvisor Contributor]]></author>
	<date>2008-01-23</date>
	<title><![CDATA[&#x201c;the place to go for...&#x201d;]]></title>
	<excerpt><![CDATA[the place to go for turkish food (preferably in summer, nice garden) more]]></excerpt>
	<link><![CDATA[http://www.tripadvisor.com/Restaurant_Review-g190454-d799627-Reviews-Kent-Vienna.html]]></link>
</review>
<review>
	<rating>4.0</rating>
	<author><![CDATA[A TripAdvisor Contributor]]></author>
	<date>2007-12-18</date>
	<title><![CDATA[&#x201c;cheap and good&#x201d;]]></title>
	<excerpt><![CDATA[cheap and good more]]></excerpt>
	<link><![CDATA[http://www.tripadvisor.com/Restaurant_Review-g190454-d799627-Reviews-Kent-Vienna.html]]></link>
</review>
<review>
	<rating>5.0</rating>
	<author><![CDATA[A TripAdvisor Contributor]]></author>
	<date>2008-01-15</date>
	<title><![CDATA[&#x201c;preise stimmen, ambiente...&#x201d;]]></title>
	<excerpt><![CDATA[preise stimmen, ambiente stimmt, essen hervorragend more]]></excerpt>
	<link><![CDATA[http://www.tripadvisor.com/Restaurant_Review-g190454-d799627-Reviews-Kent-Vienna.html]]></link>
</review>
</source>