<source name="Trip Advisor" avg-rating="4.0">
<review>
	<rating>3.0</rating>
	<author><![CDATA[A TripAdvisor Contributor]]></author>
	<date>2009-01-09</date>
	<title><![CDATA[&#x201c;great for breakfast!&#x201d;]]></title>
	<excerpt><![CDATA[great for breakfast! more]]></excerpt>
	<link><![CDATA[http://www.tripadvisor.com/Restaurant_Review-g190454-d786903-Reviews-Rochus-Vienna.html]]></link>
</review>
<review>
	<rating>5.0</rating>
	<author><![CDATA[A TripAdvisor Contributor]]></author>
	<date>2008-07-05</date>
	<title><![CDATA[&#x201c;great food , great...&#x201d;]]></title>
	<excerpt><![CDATA[great food , great location more]]></excerpt>
	<link><![CDATA[http://www.tripadvisor.com/Restaurant_Review-g190454-d786903-Reviews-Rochus-Vienna.html]]></link>
</review>
<review>
	<rating>5.0</rating>
	<author><![CDATA[A TripAdvisor Contributor]]></author>
	<date>2008-05-25</date>
	<title><![CDATA[&#x201c;Best breakfast in town.&#x201d;]]></title>
	<excerpt><![CDATA[Best breakfast in town. more]]></excerpt>
	<link><![CDATA[http://www.tripadvisor.com/Restaurant_Review-g190454-d786903-Reviews-Rochus-Vienna.html]]></link>
</review>
<review>
	<rating>4.0</rating>
	<author><![CDATA[A TripAdvisor Contributor]]></author>
	<date>2008-05-21</date>
	<title><![CDATA[&#x201c;stylish cafe and...&#x201d;]]></title>
	<excerpt><![CDATA[stylish cafe and restaurant, where u can eat fine and have a nice sit in... more]]></excerpt>
	<link><![CDATA[http://www.tripadvisor.com/Restaurant_Review-g190454-d786903-Reviews-Rochus-Vienna.html]]></link>
</review>
<review>
	<rating>4.0</rating>
	<author><![CDATA[A TripAdvisor Contributor]]></author>
	<date>2008-04-11</date>
	<title><![CDATA[&#x201c;great athmosphaere to...&#x201d;]]></title>
	<excerpt><![CDATA[great athmosphaere to enjoy evening more]]></excerpt>
	<link><![CDATA[http://www.tripadvisor.com/Restaurant_Review-g190454-d786903-Reviews-Rochus-Vienna.html]]></link>
</review>
<review>
	<rating>4.0</rating>
	<author><![CDATA[A TripAdvisor Contributor]]></author>
	<date>2008-03-27</date>
	<title><![CDATA[&#x201c;Best breakfast in town...&#x201d;]]></title>
	<excerpt><![CDATA[Best breakfast in town, beautiful people, great food - I miss living next to it! more]]></excerpt>
	<link><![CDATA[http://www.tripadvisor.com/Restaurant_Review-g190454-d786903-Reviews-Rochus-Vienna.html]]></link>
</review>
<review>
	<rating>4.0</rating>
	<author><![CDATA[A TripAdvisor Contributor]]></author>
	<date>2008-03-26</date>
	<title><![CDATA[&#x201c;good food and great...&#x201d;]]></title>
	<excerpt><![CDATA[good food and great atmosphere more]]></excerpt>
	<link><![CDATA[http://www.tripadvisor.com/Restaurant_Review-g190454-d786903-Reviews-Rochus-Vienna.html]]></link>
</review>
<review>
	<rating>5.0</rating>
	<author><![CDATA[A TripAdvisor Contributor]]></author>
	<date>2008-01-23</date>
	<title><![CDATA[&#x201c;its a very cool and...&#x201d;]]></title>
	<excerpt><![CDATA[its a very cool and friendly place more]]></excerpt>
	<link><![CDATA[http://www.tripadvisor.com/Restaurant_Review-g190454-d786903-Reviews-Rochus-Vienna.html]]></link>
</review>
<review>
	<rating>2.0</rating>
	<author><![CDATA[A TripAdvisor Contributor]]></author>
	<date>2007-12-27</date>
	<title><![CDATA[&#x201c;good breakfast.
nice to...&#x201d;]]></title>
	<excerpt><![CDATA[good breakfast.
nice to spend a lazy afternoon.
the service could be better. more]]></excerpt>
	<link><![CDATA[http://www.tripadvisor.com/Restaurant_Review-g190454-d786903-Reviews-Rochus-Vienna.html]]></link>
</review>
<review>
	<rating>1.0</rating>
	<author><![CDATA[bitkeeper]]></author>
	<date>2009-01-10</date>
	<title><![CDATA[&#x201c;Unfreundlich und teuer&#x201d;]]></title>
	<excerpt><![CDATA[Personal ist schlichtweg immer unfreundlich und schlecht; Preise sind selbst fr Wien stark berhoeht; Location ist zwar gut - vor... more]]></excerpt>
	<link><![CDATA[http://www.tripadvisor.com/Restaurant_Review-g190454-d786903-Reviews-Rochus-Vienna.html]]></link>
</review>
<review>
	<rating>4.0</rating>
	<author><![CDATA[A TripAdvisor Contributor]]></author>
	<date>2008-08-03</date>
	<title><![CDATA[&#x201c;einer der besten pltze...&#x201d;]]></title>
	<excerpt><![CDATA[einer der besten pltze fr ein ausgedehntes frhstck in einem stylischen ambiente mit jungem publikum more]]></excerpt>
	<link><![CDATA[http://www.tripadvisor.com/Restaurant_Review-g190454-d786903-Reviews-or10-Rochus-Vienna.html]]></link>
</review>
<review>
	<rating>2.0</rating>
	<author><![CDATA[A TripAdvisor Contributor]]></author>
	<date>2008-02-04</date>
	<title><![CDATA[&#x201c;Kein Katerfrhstck hier...&#x201d;]]></title>
	<excerpt><![CDATA[Kein Katerfrhstck hier mglich, da die Karte unglaublich anstrengend ist... more]]></excerpt>
	<link><![CDATA[http://www.tripadvisor.com/Restaurant_Review-g190454-d786903-Reviews-or10-Rochus-Vienna.html]]></link>
</review>
</source>