<source name="Trip Advisor" avg-rating="4.0">
<review>
	<rating>5.0</rating>
	<author><![CDATA[A TripAdvisor Contributor]]></author>
	<date>2008-08-31</date>
	<title><![CDATA[&#x201c;Wonderful Sunday brunch!&#x201d;]]></title>
	<excerpt><![CDATA[Wonderful Sunday brunch! more]]></excerpt>
	<link><![CDATA[http://www.tripadvisor.com/Restaurant_Review-g190454-d814855-Reviews-Salzberg-Vienna.html]]></link>
</review>
<review>
	<rating>4.0</rating>
	<author><![CDATA[A TripAdvisor Contributor]]></author>
	<date>2008-08-04</date>
	<title><![CDATA[&#x201c;good brunch&#x201d;]]></title>
	<excerpt><![CDATA[good brunch more]]></excerpt>
	<link><![CDATA[http://www.tripadvisor.com/Restaurant_Review-g190454-d814855-Reviews-Salzberg-Vienna.html]]></link>
</review>
<review>
	<rating>3.0</rating>
	<author><![CDATA[A TripAdvisor Contributor]]></author>
	<date>2008-01-04</date>
	<title><![CDATA[&#x201c;the food is good but...&#x201d;]]></title>
	<excerpt><![CDATA[the food is good but imho it has a lack of ambience except the bar area which is nice. more]]></excerpt>
	<link><![CDATA[http://www.tripadvisor.com/Restaurant_Review-g190454-d814855-Reviews-Salzberg-Vienna.html]]></link>
</review>
<review>
	<rating>4.0</rating>
	<author><![CDATA[A TripAdvisor Contributor]]></author>
	<date>2008-07-15</date>
	<title><![CDATA[&#x201c;"klein und fein...&#x201d;]]></title>
	<excerpt><![CDATA["klein und fein- leckerer bersichtlicher Brunch" more]]></excerpt>
	<link><![CDATA[http://www.tripadvisor.com/Restaurant_Review-g190454-d814855-Reviews-Salzberg-Vienna.html]]></link>
</review>
</source>