<source name="Trip Advisor" avg-rating="4.5">
<review>
	<rating>4.0</rating>
	<author><![CDATA[A TripAdvisor Contributor]]></author>
	<date>2008-06-26</date>
	<title><![CDATA[&#x201c;Classical music which...&#x201d;]]></title>
	<excerpt><![CDATA[Classical music which tends to get extremely loud the later it gets, a favorite among Vienna's gay community, but open to all and sundry more]]></excerpt>
	<link><![CDATA[http://www.tripadvisor.com/Restaurant_Review-g190454-d714208-Reviews-Santo_Spirito-Vienna.html]]></link>
</review>
<review>
	<rating>4.0</rating>
	<author><![CDATA[A TripAdvisor Contributor]]></author>
	<date>2008-02-24</date>
	<title><![CDATA[&#x201c;familiar atmosphere...&#x201d;]]></title>
	<excerpt><![CDATA[familiar atmosphere. nice little venue, hidden in the city. good choice for wine and small dishes. classical music played more]]></excerpt>
	<link><![CDATA[http://www.tripadvisor.com/Restaurant_Review-g190454-d714208-Reviews-Santo_Spirito-Vienna.html]]></link>
</review>
<review>
	<rating>3.0</rating>
	<author><![CDATA[A TripAdvisor Contributor]]></author>
	<date>2007-12-11</date>
	<title><![CDATA[&#x201c;originell&#x201d;]]></title>
	<excerpt><![CDATA[originell more]]></excerpt>
	<link><![CDATA[http://www.tripadvisor.com/Restaurant_Review-g190454-d714208-Reviews-Santo_Spirito-Vienna.html]]></link>
</review>
<review>
	<rating>4.0</rating>
	<author><![CDATA[A TripAdvisor Contributor]]></author>
	<date>2007-11-07</date>
	<title><![CDATA[&#x201c;Small, cozy bar with...&#x201d;]]></title>
	<excerpt><![CDATA[Small, cozy bar with classical music at unusually loud decibal levels! Quality wines and snacks, somewhat expensive but the faithful clientel doesn't ]]></excerpt>
	<link><![CDATA[http://www.tripadvisor.com/Restaurant_Review-g190454-d714208-Reviews-Santo_Spirito-Vienna.html]]></link>
</review>
</source>