<source name="Trip Advisor" avg-rating="4.0">
<review>
	<rating>5.0</rating>
	<author><![CDATA[Lisl81]]></author>
	<date>2008-09-01</date>
	<title><![CDATA[&#x201c;very good!&#x201d;]]></title>
	<excerpt><![CDATA[This is one of the best restaurants I have ever been to. The service was good. The location is nice (not at all touristy but still in a lovely old str]]></excerpt>
	<link><![CDATA[http://www.tripadvisor.com/Restaurant_Review-g190454-d714215-Reviews-Schnattl-Vienna.html]]></link>
</review>
<review>
	<rating>4.0</rating>
	<author><![CDATA[A TripAdvisor Contributor]]></author>
	<date>2008-07-19</date>
	<title><![CDATA[&#x201c;Never disappointing.&#x201d;]]></title>
	<excerpt><![CDATA[Never disappointing. more]]></excerpt>
	<link><![CDATA[http://www.tripadvisor.com/Restaurant_Review-g190454-d714215-Reviews-Schnattl-Vienna.html]]></link>
</review>
<review>
	<rating>5.0</rating>
	<author><![CDATA[A TripAdvisor Contributor]]></author>
	<date>2008-05-19</date>
	<title><![CDATA[&#x201c;One of the best...&#x201d;]]></title>
	<excerpt><![CDATA[One of the best restaurants in Vienna. Always worth its money (as long as it's somebody else's money). more]]></excerpt>
	<link><![CDATA[http://www.tripadvisor.com/Restaurant_Review-g190454-d714215-Reviews-Schnattl-Vienna.html]]></link>
</review>
<review>
	<rating>4.0</rating>
	<author><![CDATA[KarlPVienna]]></author>
	<date>2009-01-13</date>
	<title><![CDATA[&#x201c;Klassisches Wiener Essen&#x201d;]]></title>
	<excerpt><![CDATA[Klassisches Wiener Essen more]]></excerpt>
	<link><![CDATA[http://www.tripadvisor.com/Restaurant_Review-g190454-d714215-Reviews-Schnattl-Vienna.html]]></link>
</review>
</source>