<source name="Trip Advisor" avg-rating="0.0">
<review>
	<rating>5.0</rating>
	<author><![CDATA[Abu_Flip]]></author>
	<date>2009-03-18</date>
	<title><![CDATA[&#x201c;cannot be desribed....&#x201d;]]></title>
	<excerpt><![CDATA[cannot be desribed.... more]]></excerpt>
	<link><![CDATA[http://www.tripadvisor.com/Restaurant_Review-g190454-d714226-Reviews-Steirereck-Vienna.html]]></link>
</review>
<review>
	<rating>2.0</rating>
	<author><![CDATA[commishTampaBay]]></author>
	<date>2009-02-21</date>
	<title><![CDATA[&#x201c;Restaurant and food are beautiful but expensive and tasteless&#x201d;]]></title>
	<excerpt><![CDATA[We have traveled all over the world and have eaten at many fine restaurants. We used Travel Advisor's advice and were very disappointed during our Dec]]></excerpt>
	<link><![CDATA[http://www.tripadvisor.com/Restaurant_Review-g190454-d714226-Reviews-Steirereck-Vienna.html]]></link>
</review>
<review>
	<rating>5.0</rating>
	<author><![CDATA[Maldivian2007]]></author>
	<date>2008-05-27</date>
	<title><![CDATA[&#x201c;Absolutely fantastic&#x201d;]]></title>
	<excerpt><![CDATA[I won't go into too much details to avoid dampening of others' experience or raising too much expectations, but briefly, it is fantastic. It definitel]]></excerpt>
	<link><![CDATA[http://www.tripadvisor.com/Restaurant_Review-g190454-d714226-Reviews-Steirereck-Vienna.html]]></link>
</review>
<review>
	<rating>5.0</rating>
	<author><![CDATA[Jo_Wicky]]></author>
	<date>2008-01-02</date>
	<title><![CDATA[&#x201c;A superb dining experience - worth every penny&#x201d;]]></title>
	<excerpt><![CDATA[We recently went to Vienna for our wedding anniversary. As it was also just before Christmas it was a perfect destination to have a weekend away and e]]></excerpt>
	<link><![CDATA[http://www.tripadvisor.com/Restaurant_Review-g190454-d714226-Reviews-Steirereck-Vienna.html]]></link>
</review>
<review>
	<rating>5.0</rating>
	<author><![CDATA[cocchi59]]></author>
	<date>2008-09-29</date>
	<title><![CDATA[&#x201c;Molto apprezzabile&#x201d;]]></title>
	<excerpt><![CDATA[Ambiente elegante, decisamente formale. Arredamento di classe e design (consiglio una vista alla toilette... davvero divertente). Venendo ai piatti: c]]></excerpt>
	<link><![CDATA[http://www.tripadvisor.com/Restaurant_Review-g190454-d714226-Reviews-Steirereck-Vienna.html]]></link>
</review>
</source>