<source name="Trip Advisor" avg-rating="4.0">
<review>
	<rating>5.0</rating>
	<author><![CDATA[A TripAdvisor Contributor]]></author>
	<date>2009-01-22</date>
	<title><![CDATA[&#x201c;Modern interpretation of...&#x201d;]]></title>
	<excerpt><![CDATA[Modern interpretation of a classical Viennese Beisl - great food! more]]></excerpt>
	<link><![CDATA[http://www.tripadvisor.com/Restaurant_Review-g190454-d941590-Reviews-Steman-Vienna.html]]></link>
</review>
<review>
	<rating>5.0</rating>
	<author><![CDATA[whynotyourrealname]]></author>
	<date>2008-11-12</date>
	<title><![CDATA[&#x201c;Good Austrian Food&#x201d;]]></title>
	<excerpt><![CDATA[We tried to eat here one evening, but it was full, then tried again on a Saturday to find it closed (only open weekdays). Finally, one lunchtime, we w]]></excerpt>
	<link><![CDATA[http://www.tripadvisor.com/Restaurant_Review-g190454-d941590-Reviews-Steman-Vienna.html]]></link>
</review>
<review>
	<rating>5.0</rating>
	<author><![CDATA[A TripAdvisor Contributor]]></author>
	<date>2008-01-11</date>
	<title><![CDATA[&#x201c;Bei STEfan und MANfred...&#x201d;]]></title>
	<excerpt><![CDATA[Bei STEfan und MANfred findet man noch das gepflegte Wiener Beisl indem man Wiener Kche wie zu Omas Zeiten erleben... more]]></excerpt>
	<link><![CDATA[http://www.tripadvisor.com/Restaurant_Review-g190454-d941590-Reviews-Steman-Vienna.html]]></link>
</review>
</source>