<source name="Trip Advisor" avg-rating="4.5">
<review>
	<rating>1.0</rating>
	<author><![CDATA[A TripAdvisor Contributor]]></author>
	<date>2009-02-17</date>
	<title><![CDATA[&#x201c;Leider eine total...&#x201d;]]></title>
	<excerpt><![CDATA[Leider eine total Enttuschung.... schlechter service, essen kalt... Preis/ Leistung unmglich! more]]></excerpt>
	<link><![CDATA[http://www.tripadvisor.com/Restaurant_Review-g190454-d694482-Reviews-Osterreicher_im_MAK-Vienna.html]]></link>
</review>
<review>
	<rating>3.0</rating>
	<author><![CDATA[A TripAdvisor Contributor]]></author>
	<date>2009-02-10</date>
	<title><![CDATA[&#x201c;noble, restaurant. Just...&#x201d;]]></title>
	<excerpt><![CDATA[noble, restaurant. Just for lunch too expensive more]]></excerpt>
	<link><![CDATA[http://www.tripadvisor.com/Restaurant_Review-g190454-d694482-Reviews-Osterreicher_im_MAK-Vienna.html]]></link>
</review>
<review>
	<rating>3.0</rating>
	<author><![CDATA[A TripAdvisor Contributor]]></author>
	<date>2008-08-19</date>
	<title><![CDATA[&#x201c;good austrian food...&#x201d;]]></title>
	<excerpt><![CDATA[good austrian food, medium to high prices more]]></excerpt>
	<link><![CDATA[http://www.tripadvisor.com/Restaurant_Review-g190454-d694482-Reviews-Osterreicher_im_MAK-Vienna.html]]></link>
</review>
<review>
	<rating>5.0</rating>
	<author><![CDATA[GraemeVienna]]></author>
	<date>2008-06-25</date>
	<title><![CDATA[&#x201c;Cool, stylish, excellent local food&#x201d;]]></title>
	<excerpt><![CDATA[The setting is stylish and cool yet relaxed. The food is very Austrian but with a very modern and light twist. You can lunch very well here for less t]]></excerpt>
	<link><![CDATA[http://www.tripadvisor.com/Restaurant_Review-g190454-d694482-Reviews-Osterreicher_im_MAK-Vienna.html]]></link>
</review>
<review>
	<rating>3.0</rating>
	<author><![CDATA[A TripAdvisor Contributor]]></author>
	<date>2008-06-20</date>
	<title><![CDATA[&#x201c;Too expensive for this...&#x201d;]]></title>
	<excerpt><![CDATA[Too expensive for this very simple food... BUT nice atmosphere more]]></excerpt>
	<link><![CDATA[http://www.tripadvisor.com/Restaurant_Review-g190454-d694482-Reviews-Osterreicher_im_MAK-Vienna.html]]></link>
</review>
<review>
	<rating>4.0</rating>
	<author><![CDATA[A TripAdvisor Contributor]]></author>
	<date>2008-05-29</date>
	<title><![CDATA[&#x201c;The sterreicher im...&#x201d;]]></title>
	<excerpt><![CDATA[The sterreicher im MAK is a rather new restaurant/bar in the Vienna museum of applied arts. Mr. Helmut sterreicher, an famous, award-winning]]></excerpt>
	<link><![CDATA[http://www.tripadvisor.com/Restaurant_Review-g190454-d694482-Reviews-Osterreicher_im_MAK-Vienna.html]]></link>
</review>
<review>
	<rating>2.0</rating>
	<author><![CDATA[A TripAdvisor Contributor]]></author>
	<date>2008-05-19</date>
	<title><![CDATA[&#x201c;Highly overrated!&#x201d;]]></title>
	<excerpt><![CDATA[Highly overrated! more]]></excerpt>
	<link><![CDATA[http://www.tripadvisor.com/Restaurant_Review-g190454-d694482-Reviews-Osterreicher_im_MAK-Vienna.html]]></link>
</review>
<review>
	<rating>3.0</rating>
	<author><![CDATA[Serrano_33]]></author>
	<date>2008-05-19</date>
	<title><![CDATA[&#x201c;Half good / Half not&#x201d;]]></title>
	<excerpt><![CDATA[For having been tagged as an inexpensive option to savour authentic Austrian cuisine in a modern set-up we have not experienced good-value for money. ]]></excerpt>
	<link><![CDATA[http://www.tripadvisor.com/Restaurant_Review-g190454-d694482-Reviews-Osterreicher_im_MAK-Vienna.html]]></link>
</review>
<review>
	<rating>5.0</rating>
	<author><![CDATA[A TripAdvisor Contributor]]></author>
	<date>2008-03-27</date>
	<title><![CDATA[&#x201c;austrian cuisine, quite...&#x201d;]]></title>
	<excerpt><![CDATA[austrian cuisine, quite expensive, tasty food, a good service more]]></excerpt>
	<link><![CDATA[http://www.tripadvisor.com/Restaurant_Review-g190454-d694482-Reviews-Osterreicher_im_MAK-Vienna.html]]></link>
</review>
<review>
	<rating>4.0</rating>
	<author><![CDATA[A TripAdvisor Contributor]]></author>
	<date>2008-03-26</date>
	<title><![CDATA[&#x201c;good food!&#x201d;]]></title>
	<excerpt><![CDATA[good food! more]]></excerpt>
	<link><![CDATA[http://www.tripadvisor.com/Restaurant_Review-g190454-d694482-Reviews-Osterreicher_im_MAK-Vienna.html]]></link>
</review>
<review>
	<rating>3.0</rating>
	<author><![CDATA[A TripAdvisor Contributor]]></author>
	<date>2008-02-24</date>
	<title><![CDATA[&#x201c;cold atmosphere...&#x201d;]]></title>
	<excerpt><![CDATA[cold atmosphere, standard service. no surprises on the menu more]]></excerpt>
	<link><![CDATA[http://www.tripadvisor.com/Restaurant_Review-g190454-d694482-Reviews-or10-Osterreicher_im_MAK-Vienna.html]]></link>
</review>
<review>
	<rating>3.0</rating>
	<author><![CDATA[A TripAdvisor Contributor]]></author>
	<date>2008-01-06</date>
	<title><![CDATA[&#x201c;sometimes good...&#x201d;]]></title>
	<excerpt><![CDATA[sometimes good, sometimes bad, dont sit in the main hall, try to get a table in the private room next to it more]]></excerpt>
	<link><![CDATA[http://www.tripadvisor.com/Restaurant_Review-g190454-d694482-Reviews-or10-Osterreicher_im_MAK-Vienna.html]]></link>
</review>
<review>
	<rating>5.0</rating>
	<author><![CDATA[A TripAdvisor Contributor]]></author>
	<date>2008-01-04</date>
	<title><![CDATA[&#x201c;Very stylish...&#x201d;]]></title>
	<excerpt><![CDATA[Very stylish, traditional to "Hauben" cuisine more]]></excerpt>
	<link><![CDATA[http://www.tripadvisor.com/Restaurant_Review-g190454-d694482-Reviews-or10-Osterreicher_im_MAK-Vienna.html]]></link>
</review>
<review>
	<rating>5.0</rating>
	<author><![CDATA[A TripAdvisor Contributor]]></author>
	<date>2007-11-29</date>
	<title><![CDATA[&#x201c;Excellent (& moderate...&#x201d;]]></title>
	<excerpt><![CDATA[Excellent (& moderate prices!) more]]></excerpt>
	<link><![CDATA[http://www.tripadvisor.com/Restaurant_Review-g190454-d694482-Reviews-or10-Osterreicher_im_MAK-Vienna.html]]></link>
</review>
<review>
	<rating>4.0</rating>
	<author><![CDATA[A TripAdvisor Contributor]]></author>
	<date>2007-11-19</date>
	<title><![CDATA[&#x201c;Went there once with my...&#x201d;]]></title>
	<excerpt><![CDATA[Went there once with my friend Denise - we enjoyed ourselvesvery much. The food is excellent and the atmosphere, especially out in the garden is peace]]></excerpt>
	<link><![CDATA[http://www.tripadvisor.com/Restaurant_Review-g190454-d694482-Reviews-or10-Osterreicher_im_MAK-Vienna.html]]></link>
</review>
<review>
	<rating>4.0</rating>
	<author><![CDATA[KarlPVienna]]></author>
	<date>2009-01-13</date>
	<title><![CDATA[&#x201c;Es gibt Situationen, an...&#x201d;]]></title>
	<excerpt><![CDATA[Es gibt Situationen, an denen entkommt man dem  im MAK nicht more]]></excerpt>
	<link><![CDATA[http://www.tripadvisor.com/Restaurant_Review-g190454-d694482-Reviews-or10-Osterreicher_im_MAK-Vienna.html]]></link>
</review>
<review>
	<rating>4.0</rating>
	<author><![CDATA[A TripAdvisor Contributor]]></author>
	<date>2008-01-22</date>
	<title><![CDATA[&#x201c;gut, recht gnstig, und...&#x201d;]]></title>
	<excerpt><![CDATA[gut, recht gnstig, und feine location. more]]></excerpt>
	<link><![CDATA[http://www.tripadvisor.com/Restaurant_Review-g190454-d694482-Reviews-or10-Osterreicher_im_MAK-Vienna.html]]></link>
</review>
<review>
	<rating>2.0</rating>
	<author><![CDATA[A TripAdvisor Contributor]]></author>
	<date>2007-12-17</date>
	<title><![CDATA[&#x201c;coole location, kche...&#x201d;]]></title>
	<excerpt><![CDATA[coole location, kche mal besser, mal schlechter und eher berteuert more]]></excerpt>
	<link><![CDATA[http://www.tripadvisor.com/Restaurant_Review-g190454-d694482-Reviews-or10-Osterreicher_im_MAK-Vienna.html]]></link>
</review>
<review>
	<rating>1.0</rating>
	<author><![CDATA[A TripAdvisor Contributor]]></author>
	<date>2007-12-04</date>
	<title><![CDATA[&#x201c;Selten so lieblos...&#x201d;]]></title>
	<excerpt><![CDATA[Selten so lieblos gegessen, schlechtes Service more]]></excerpt>
	<link><![CDATA[http://www.tripadvisor.com/Restaurant_Review-g190454-d694482-Reviews-or10-Osterreicher_im_MAK-Vienna.html]]></link>
</review>
</source>