<source name="Trip Advisor" avg-rating="4.0">
<review>
	<rating>5.0</rating>
	<author><![CDATA[CmdrBozo]]></author>
	<date>2008-10-14</date>
	<title><![CDATA[&#x201c;A Wonderful Vienna Experience&#x201d;]]></title>
	<excerpt><![CDATA[Great food, but don't go without a reservation! more]]></excerpt>
	<link><![CDATA[http://www.tripadvisor.com/Restaurant_Review-g190454-d714229-Reviews-Stomach-Vienna.html]]></link>
</review>
<review>
	<rating>5.0</rating>
	<author><![CDATA[A TripAdvisor Contributor]]></author>
	<date>2008-08-16</date>
	<title><![CDATA[&#x201c;The food is amazing!&#x201d;]]></title>
	<excerpt><![CDATA[The food is amazing! more]]></excerpt>
	<link><![CDATA[http://www.tripadvisor.com/Restaurant_Review-g190454-d714229-Reviews-Stomach-Vienna.html]]></link>
</review>
<review>
	<rating>5.0</rating>
	<author><![CDATA[A TripAdvisor Contributor]]></author>
	<date>2008-05-04</date>
	<title><![CDATA[&#x201c;Nicest place in Vienna...&#x201d;]]></title>
	<excerpt><![CDATA[Nicest place in Vienna to go as a tourist. Small and cosy, more exopensive but not crazy, Austrian food, not too fancy but really good! more]]></excerpt>
	<link><![CDATA[http://www.tripadvisor.com/Restaurant_Review-g190454-d714229-Reviews-Stomach-Vienna.html]]></link>
</review>
<review>
	<rating>4.0</rating>
	<author><![CDATA[A TripAdvisor Contributor]]></author>
	<date>2008-02-21</date>
	<title><![CDATA[&#x201c;Very Good&#x201d;]]></title>
	<excerpt><![CDATA[Very Good more]]></excerpt>
	<link><![CDATA[http://www.tripadvisor.com/Restaurant_Review-g190454-d714229-Reviews-Stomach-Vienna.html]]></link>
</review>
<review>
	<rating>3.0</rating>
	<author><![CDATA[A TripAdvisor Contributor]]></author>
	<date>2008-02-16</date>
	<title><![CDATA[&#x201c;Very fine cuisine. Menu...&#x201d;]]></title>
	<excerpt><![CDATA[Very fine cuisine. Menu Card changes every week. more]]></excerpt>
	<link><![CDATA[http://www.tripadvisor.com/Restaurant_Review-g190454-d714229-Reviews-Stomach-Vienna.html]]></link>
</review>
<review>
	<rating>4.0</rating>
	<author><![CDATA[A TripAdvisor Contributor]]></author>
	<date>2008-05-26</date>
	<title><![CDATA[&#x201c;Gute, neu definierte...&#x201d;]]></title>
	<excerpt><![CDATA[Gute, neu definierte, steirische bis sterreichische, Kche. Entspannter, sehr freundlicher Service und entsprechend gute, solide handwerklich korre]]></excerpt>
	<link><![CDATA[http://www.tripadvisor.com/Restaurant_Review-g190454-d714229-Reviews-Stomach-Vienna.html]]></link>
</review>
</source>