<source name="Trip Advisor" avg-rating="4.5">
<review>
	<rating>4.0</rating>
	<author><![CDATA[Heyerette]]></author>
	<date>2009-03-08</date>
	<title><![CDATA[&#x201c;the unpronounceable, good rolls&#x201d;]]></title>
	<excerpt><![CDATA[The name is of Czech/Bohemian origin and the joke that no-one (German speaking, at least) really knows how to pronounce it correctly.
Their base is in]]></excerpt>
	<link><![CDATA[http://www.tripadvisor.com/Restaurant_Review-g190454-d714240-Reviews-Trzesniewski-Vienna.html]]></link>
</review>
<review>
	<rating>5.0</rating>
	<author><![CDATA[A TripAdvisor Contributor]]></author>
	<date>2008-06-17</date>
	<title><![CDATA[&#x201c;Good little sandwitches...&#x201d;]]></title>
	<excerpt><![CDATA[Good little sandwitches great as a pit stop when shopping... My favorite: Gurken mit Ei more]]></excerpt>
	<link><![CDATA[http://www.tripadvisor.com/Restaurant_Review-g190454-d714240-Reviews-Trzesniewski-Vienna.html]]></link>
</review>
<review>
	<rating>5.0</rating>
	<author><![CDATA[A TripAdvisor Contributor]]></author>
	<date>2008-06-06</date>
	<title><![CDATA[&#x201c;the best small...&#x201d;]]></title>
	<excerpt><![CDATA[the best small sendwiches worldwide.
you eat it with pfiff more]]></excerpt>
	<link><![CDATA[http://www.tripadvisor.com/Restaurant_Review-g190454-d714240-Reviews-Trzesniewski-Vienna.html]]></link>
</review>
<review>
	<rating>5.0</rating>
	<author><![CDATA[A TripAdvisor Contributor]]></author>
	<date>2008-05-21</date>
	<title><![CDATA[&#x201c;if u want to have small...&#x201d;]]></title>
	<excerpt><![CDATA[if u want to have small breds with all kinds of spreads and a "pfiff" - 0,2 liter beer... really fine! it`s kind of the first fastfood in vienna... mo]]></excerpt>
	<link><![CDATA[http://www.tripadvisor.com/Restaurant_Review-g190454-d714240-Reviews-Trzesniewski-Vienna.html]]></link>
</review>
<review>
	<rating>4.0</rating>
	<author><![CDATA[A TripAdvisor Contributor]]></author>
	<date>2008-05-19</date>
	<title><![CDATA[&#x201c;Famous for its tiny...&#x201d;]]></title>
	<excerpt><![CDATA[Famous for its tiny delicious sandwiches - I always end up eating far too many of them! more]]></excerpt>
	<link><![CDATA[http://www.tripadvisor.com/Restaurant_Review-g190454-d714240-Reviews-Trzesniewski-Vienna.html]]></link>
</review>
<review>
	<rating>4.0</rating>
	<author><![CDATA[A TripAdvisor Contributor]]></author>
	<date>2008-01-04</date>
	<title><![CDATA[&#x201c;good tartines :)&#x201d;]]></title>
	<excerpt><![CDATA[good tartines :) more]]></excerpt>
	<link><![CDATA[http://www.tripadvisor.com/Restaurant_Review-g190454-d714240-Reviews-Trzesniewski-Vienna.html]]></link>
</review>
<review>
	<rating>4.0</rating>
	<author><![CDATA[A TripAdvisor Contributor]]></author>
	<date>2007-12-17</date>
	<title><![CDATA[&#x201c;yummie&#x201d;]]></title>
	<excerpt><![CDATA[yummie more]]></excerpt>
	<link><![CDATA[http://www.tripadvisor.com/Restaurant_Review-g190454-d714240-Reviews-Trzesniewski-Vienna.html]]></link>
</review>
<review>
	<rating>5.0</rating>
	<author><![CDATA[A TripAdvisor Contributor]]></author>
	<date>2007-11-29</date>
	<title><![CDATA[&#x201c;Sweet little sandwiches...&#x201d;]]></title>
	<excerpt><![CDATA[Sweet little sandwiches and beer make for a perfect pit stop. more]]></excerpt>
	<link><![CDATA[http://www.tripadvisor.com/Restaurant_Review-g190454-d714240-Reviews-Trzesniewski-Vienna.html]]></link>
</review>
<review>
	<rating>3.0</rating>
	<author><![CDATA[A TripAdvisor Contributor]]></author>
	<date>2007-11-12</date>
	<title><![CDATA[&#x201c;delicious bread baps...&#x201d;]]></title>
	<excerpt><![CDATA[delicious bread baps with various toppings of your choice more]]></excerpt>
	<link><![CDATA[http://www.tripadvisor.com/Restaurant_Review-g190454-d714240-Reviews-Trzesniewski-Vienna.html]]></link>
</review>
<review>
	<rating>5.0</rating>
	<author><![CDATA[KarlPVienna]]></author>
	<date>2009-01-13</date>
	<title><![CDATA[&#x201c;Das beste Fast Food der...&#x201d;]]></title>
	<excerpt><![CDATA[Das beste Fast Food der Welt! more]]></excerpt>
	<link><![CDATA[http://www.tripadvisor.com/Restaurant_Review-g190454-d714240-Reviews-Trzesniewski-Vienna.html]]></link>
</review>
<review>
	<rating>4.0</rating>
	<author><![CDATA[evademarseille]]></author>
	<date>2008-11-14</date>
	<title><![CDATA[&#x201c;Immuable&#x201d;]]></title>
	<excerpt><![CDATA[Cet endroit n'a pas chang depuis mon enfance dans les annes 1950. Toujours les mmes, dlicieux petits canaps, le "pfiff"... more]]></excerpt>
	<link><![CDATA[http://www.tripadvisor.com/Restaurant_Review-g190454-d714240-Reviews-or10-Trzesniewski-Vienna.html]]></link>
</review>
<review>
	<rating>5.0</rating>
	<author><![CDATA[A TripAdvisor Contributor]]></author>
	<date>2008-10-28</date>
	<title><![CDATA[&#x201c;wundervolle kleine...&#x201d;]]></title>
	<excerpt><![CDATA[wundervolle kleine Schwarzbrote mit super verschiedenen Aufstrichen more]]></excerpt>
	<link><![CDATA[http://www.tripadvisor.com/Restaurant_Review-g190454-d714240-Reviews-or10-Trzesniewski-Vienna.html]]></link>
</review>
</source>