<source name="Trip Advisor" avg-rating="4.5">
<review>
	<rating>5.0</rating>
	<author><![CDATA[SLV_9]]></author>
	<date>2009-02-19</date>
	<title><![CDATA[&#x201c;I am still craving it...&#x201d;]]></title>
	<excerpt><![CDATA[Probably the best restaurant I have had the pleasure of finding. The food is fresh, made to order....if you love healthy, flavorful food - this is you]]></excerpt>
	<link><![CDATA[http://www.tripadvisor.com/Restaurant_Review-g190454-d794331-Reviews-Vapiano-Vienna.html]]></link>
</review>
<review>
	<rating>5.0</rating>
	<author><![CDATA[A TripAdvisor Contributor]]></author>
	<date>2009-01-09</date>
	<title><![CDATA[&#x201c;great food there! you...&#x201d;]]></title>
	<excerpt><![CDATA[great food there! you can watch them how preparing all the ingredients you chose! yammi! and not so expencive! more]]></excerpt>
	<link><![CDATA[http://www.tripadvisor.com/Restaurant_Review-g190454-d794331-Reviews-Vapiano-Vienna.html]]></link>
</review>
<review>
	<rating>4.0</rating>
	<author><![CDATA[hiltuz69]]></author>
	<date>2008-12-17</date>
	<title><![CDATA[&#x201c;Nice concept and tasty food!&#x201d;]]></title>
	<excerpt><![CDATA[I really enjoyed the system, there. A very good application of self service! They give you a chip-card when you first go in, where everything you purc]]></excerpt>
	<link><![CDATA[http://www.tripadvisor.com/Restaurant_Review-g190454-d794331-Reviews-Vapiano-Vienna.html]]></link>
</review>
<review>
	<rating>5.0</rating>
	<author><![CDATA[A TripAdvisor Contributor]]></author>
	<date>2008-08-22</date>
	<title><![CDATA[&#x201c;Nice atmosphere and very...&#x201d;]]></title>
	<excerpt><![CDATA[Nice atmosphere and very good wine ;-)
try the ros one! more]]></excerpt>
	<link><![CDATA[http://www.tripadvisor.com/Restaurant_Review-g190454-d794331-Reviews-Vapiano-Vienna.html]]></link>
</review>
<review>
	<rating>5.0</rating>
	<author><![CDATA[A TripAdvisor Contributor]]></author>
	<date>2008-06-20</date>
	<title><![CDATA[&#x201c;best pizza in the...&#x201d;]]></title>
	<excerpt><![CDATA[best pizza in the city!!!very nice atmospher more]]></excerpt>
	<link><![CDATA[http://www.tripadvisor.com/Restaurant_Review-g190454-d794331-Reviews-Vapiano-Vienna.html]]></link>
</review>
<review>
	<rating>3.0</rating>
	<author><![CDATA[A TripAdvisor Contributor]]></author>
	<date>2008-03-26</date>
	<title><![CDATA[&#x201c;great restaurant for a...&#x201d;]]></title>
	<excerpt><![CDATA[great restaurant for a short lunch break more]]></excerpt>
	<link><![CDATA[http://www.tripadvisor.com/Restaurant_Review-g190454-d794331-Reviews-Vapiano-Vienna.html]]></link>
</review>
<review>
	<rating>3.0</rating>
	<author><![CDATA[A TripAdvisor Contributor]]></author>
	<date>2008-03-14</date>
	<title><![CDATA[&#x201c;Italian noodle and pizza...&#x201d;]]></title>
	<excerpt><![CDATA[Italian noodle and pizza fast food restaurant - jelly bears includet! more]]></excerpt>
	<link><![CDATA[http://www.tripadvisor.com/Restaurant_Review-g190454-d794331-Reviews-Vapiano-Vienna.html]]></link>
</review>
<review>
	<rating>4.0</rating>
	<author><![CDATA[A TripAdvisor Contributor]]></author>
	<date>2008-03-14</date>
	<title><![CDATA[&#x201c;Great pasta dish!&#x201d;]]></title>
	<excerpt><![CDATA[Great pasta dish! more]]></excerpt>
	<link><![CDATA[http://www.tripadvisor.com/Restaurant_Review-g190454-d794331-Reviews-Vapiano-Vienna.html]]></link>
</review>
<review>
	<rating>2.0</rating>
	<author><![CDATA[A TripAdvisor Contributor]]></author>
	<date>2008-02-24</date>
	<title><![CDATA[&#x201c;located in a former...&#x201d;]]></title>
	<excerpt><![CDATA[located in a former internet cafe. do it yourself service. food ok but absolutely nothing special. paying by cards given at the entrance
not suitable ]]></excerpt>
	<link><![CDATA[http://www.tripadvisor.com/Restaurant_Review-g190454-d794331-Reviews-Vapiano-Vienna.html]]></link>
</review>
<review>
	<rating>3.0</rating>
	<author><![CDATA[A TripAdvisor Contributor]]></author>
	<date>2008-01-23</date>
	<title><![CDATA[&#x201c;italian food chain, good...&#x201d;]]></title>
	<excerpt><![CDATA[italian food chain, good for lunch breaks more]]></excerpt>
	<link><![CDATA[http://www.tripadvisor.com/Restaurant_Review-g190454-d794331-Reviews-Vapiano-Vienna.html]]></link>
</review>
<review>
	<rating>3.0</rating>
	<author><![CDATA[A TripAdvisor Contributor]]></author>
	<date>2008-01-06</date>
	<title><![CDATA[&#x201c;ok, fast & very...&#x201d;]]></title>
	<excerpt><![CDATA[ok, fast & very unspectacular meal more]]></excerpt>
	<link><![CDATA[http://www.tripadvisor.com/Restaurant_Review-g190454-d794331-Reviews-or10-Vapiano-Vienna.html]]></link>
</review>
<review>
	<rating>5.0</rating>
	<author><![CDATA[A TripAdvisor Contributor]]></author>
	<date>2007-12-18</date>
	<title><![CDATA[&#x201c;I cannot say how much I...&#x201d;]]></title>
	<excerpt><![CDATA[I cannot say how much I love this restaurant - best noodles in town more]]></excerpt>
	<link><![CDATA[http://www.tripadvisor.com/Restaurant_Review-g190454-d794331-Reviews-or10-Vapiano-Vienna.html]]></link>
</review>
<review>
	<rating>5.0</rating>
	<author><![CDATA[A TripAdvisor Contributor]]></author>
	<date>2007-12-01</date>
	<title><![CDATA[&#x201c;interesting concept...&#x201d;]]></title>
	<excerpt><![CDATA[interesting concept, great Italian food and wine more]]></excerpt>
	<link><![CDATA[http://www.tripadvisor.com/Restaurant_Review-g190454-d794331-Reviews-or10-Vapiano-Vienna.html]]></link>
</review>
<review>
	<rating>3.0</rating>
	<author><![CDATA[A TripAdvisor Contributor]]></author>
	<date>2008-04-24</date>
	<title><![CDATA[&#x201c;sehr gutes essen...&#x201d;]]></title>
	<excerpt><![CDATA[sehr gutes essen, interessante atmosphre more]]></excerpt>
	<link><![CDATA[http://www.tripadvisor.com/Restaurant_Review-g190454-d794331-Reviews-or10-Vapiano-Vienna.html]]></link>
</review>
<review>
	<rating>5.0</rating>
	<author><![CDATA[A TripAdvisor Contributor]]></author>
	<date>2007-12-14</date>
	<title><![CDATA[&#x201c;absolut fabulouse! trs...&#x201d;]]></title>
	<excerpt><![CDATA[absolut fabulouse! trs adorable!!! go there and find out! more]]></excerpt>
	<link><![CDATA[http://www.tripadvisor.com/Restaurant_Review-g190454-d794331-Reviews-or10-Vapiano-Vienna.html]]></link>
</review>
</source>