<source name="Trip Advisor" avg-rating="4.0">
<review>
	<rating>4.0</rating>
	<author><![CDATA[alexkorf]]></author>
	<date>2009-01-20</date>
	<title><![CDATA[&#x201c;Quirky but nice&#x201d;]]></title>
	<excerpt><![CDATA[Old unrestored villa in one of the most atmospheric districts of Vienna. Lovely garden, excellent views. Shame about the food, which is all about vari]]></excerpt>
	<link><![CDATA[http://www.tripadvisor.com/Restaurant_Review-g190454-d714243-Reviews-Villa_Aurora-Vienna.html]]></link>
</review>
<review>
	<rating>4.0</rating>
	<author><![CDATA[A TripAdvisor Contributor]]></author>
	<date>2008-06-03</date>
	<title><![CDATA[&#x201c;nice outdoors place...&#x201d;]]></title>
	<excerpt><![CDATA[nice outdoors place, great view. food basic more]]></excerpt>
	<link><![CDATA[http://www.tripadvisor.com/Restaurant_Review-g190454-d714243-Reviews-Villa_Aurora-Vienna.html]]></link>
</review>
<review>
	<rating>5.0</rating>
	<author><![CDATA[A TripAdvisor Contributor]]></author>
	<date>2008-06-03</date>
	<title><![CDATA[&#x201c;the lovliest garden to...&#x201d;]]></title>
	<excerpt><![CDATA[the lovliest garden to sit outside with an incredible view over vienna.
a classic. more]]></excerpt>
	<link><![CDATA[http://www.tripadvisor.com/Restaurant_Review-g190454-d714243-Reviews-Villa_Aurora-Vienna.html]]></link>
</review>
<review>
	<rating>5.0</rating>
	<author><![CDATA[A TripAdvisor Contributor]]></author>
	<date>2008-01-04</date>
	<title><![CDATA[&#x201c;In summer&#x201d;]]></title>
	<excerpt><![CDATA[In summer more]]></excerpt>
	<link><![CDATA[http://www.tripadvisor.com/Restaurant_Review-g190454-d714243-Reviews-Villa_Aurora-Vienna.html]]></link>
</review>
<review>
	<rating>4.0</rating>
	<author><![CDATA[A TripAdvisor Contributor]]></author>
	<date>2007-12-04</date>
	<title><![CDATA[&#x201c;Romantic!&#x201d;]]></title>
	<excerpt><![CDATA[Romantic! more]]></excerpt>
	<link><![CDATA[http://www.tripadvisor.com/Restaurant_Review-g190454-d714243-Reviews-Villa_Aurora-Vienna.html]]></link>
</review>
<review>
	<rating>4.0</rating>
	<author><![CDATA[A TripAdvisor Contributor]]></author>
	<date>2007-11-17</date>
	<title><![CDATA[&#x201c;summer-time&#x201d;]]></title>
	<excerpt><![CDATA[summer-time more]]></excerpt>
	<link><![CDATA[http://www.tripadvisor.com/Restaurant_Review-g190454-d714243-Reviews-Villa_Aurora-Vienna.html]]></link>
</review>
<review>
	<rating>5.0</rating>
	<author><![CDATA[A TripAdvisor Contributor]]></author>
	<date>2007-11-14</date>
	<title><![CDATA[&#x201c;Breakfast on the weekend...&#x201d;]]></title>
	<excerpt><![CDATA[Breakfast on the weekend in summer is fantastic.
All types of filled Schnitzel make a lazy afternoon in the garden of Villa Aurora perfect. more]]></excerpt>
	<link><![CDATA[http://www.tripadvisor.com/Restaurant_Review-g190454-d714243-Reviews-Villa_Aurora-Vienna.html]]></link>
</review>
<review>
	<rating>4.0</rating>
	<author><![CDATA[A TripAdvisor Contributor]]></author>
	<date>2008-04-20</date>
	<title><![CDATA[&#x201c;Gute Sachen, nette...&#x201d;]]></title>
	<excerpt><![CDATA[Gute Sachen, nette Umgebung, vor allem wenn man draussen sitzen kann, aber nicht billig! more]]></excerpt>
	<link><![CDATA[http://www.tripadvisor.com/Restaurant_Review-g190454-d714243-Reviews-Villa_Aurora-Vienna.html]]></link>
</review>
<review>
	<rating>5.0</rating>
	<author><![CDATA[A TripAdvisor Contributor]]></author>
	<date>2007-12-17</date>
	<title><![CDATA[&#x201c;super schnitzel, leckere...&#x201d;]]></title>
	<excerpt><![CDATA[super schnitzel, leckere nachspeisen, tolle aussicht und schn urig more]]></excerpt>
	<link><![CDATA[http://www.tripadvisor.com/Restaurant_Review-g190454-d714243-Reviews-Villa_Aurora-Vienna.html]]></link>
</review>
<review>
	<rating>4.0</rating>
	<author><![CDATA[A TripAdvisor Contributor]]></author>
	<date>2007-12-15</date>
	<title><![CDATA[&#x201c;grandioser ausblick...&#x201d;]]></title>
	<excerpt><![CDATA[grandioser ausblick, allein das ist die punktezahl wert :) more]]></excerpt>
	<link><![CDATA[http://www.tripadvisor.com/Restaurant_Review-g190454-d714243-Reviews-Villa_Aurora-Vienna.html]]></link>
</review>
<review>
	<rating>4.0</rating>
	<author><![CDATA[A TripAdvisor Contributor]]></author>
	<date>2007-12-11</date>
	<title><![CDATA[&#x201c;Buenisimo...&#x201d;]]></title>
	<excerpt><![CDATA[Buenisimo... more]]></excerpt>
	<link><![CDATA[http://www.tripadvisor.com/Restaurant_Review-g190454-d714243-Reviews-or10-Villa_Aurora-Vienna.html]]></link>
</review>
<review>
	<rating>2.0</rating>
	<author><![CDATA[A TripAdvisor Contributor]]></author>
	<date>2007-12-03</date>
	<title><![CDATA[&#x201c;typische Altwiener Kche...&#x201d;]]></title>
	<excerpt><![CDATA[typische Altwiener Kche wo die Sonntagsausflgler die Studenten treffen more]]></excerpt>
	<link><![CDATA[http://www.tripadvisor.com/Restaurant_Review-g190454-d714243-Reviews-or10-Villa_Aurora-Vienna.html]]></link>
</review>
<review>
	<rating>4.0</rating>
	<author><![CDATA[A TripAdvisor Contributor]]></author>
	<date>2007-11-23</date>
	<title><![CDATA[&#x201c;super nett, vor allem im...&#x201d;]]></title>
	<excerpt><![CDATA[super nett, vor allem im sommer more]]></excerpt>
	<link><![CDATA[http://www.tripadvisor.com/Restaurant_Review-g190454-d714243-Reviews-or10-Villa_Aurora-Vienna.html]]></link>
</review>
</source>