<source name="Trip Advisor" avg-rating="4.0">
<review>
	<rating>5.0</rating>
	<author><![CDATA[A TripAdvisor Contributor]]></author>
	<date>2008-08-31</date>
	<title><![CDATA[&#x201c;Schnitzel paradise.&#x201d;]]></title>
	<excerpt><![CDATA[Schnitzel paradise. more]]></excerpt>
	<link><![CDATA[http://www.tripadvisor.com/Restaurant_Review-g190454-d941719-Reviews-Zu_den_2_Lieserln-Vienna.html]]></link>
</review>
<review>
	<rating>5.0</rating>
	<author><![CDATA[A TripAdvisor Contributor]]></author>
	<date>2008-07-30</date>
	<title><![CDATA[&#x201c;Top place if you can sit...&#x201d;]]></title>
	<excerpt><![CDATA[Top place if you can sit outside. more]]></excerpt>
	<link><![CDATA[http://www.tripadvisor.com/Restaurant_Review-g190454-d941719-Reviews-Zu_den_2_Lieserln-Vienna.html]]></link>
</review>
<review>
	<rating>3.0</rating>
	<author><![CDATA[A TripAdvisor Contributor]]></author>
	<date>2008-07-09</date>
	<title><![CDATA[&#x201c;huuuuge wiener schnitzel...&#x201d;]]></title>
	<excerpt><![CDATA[huuuuge wiener schnitzel for a great price. nice to sit outdoor,under the shady trees. more]]></excerpt>
	<link><![CDATA[http://www.tripadvisor.com/Restaurant_Review-g190454-d941719-Reviews-Zu_den_2_Lieserln-Vienna.html]]></link>
</review>
<review>
	<rating>3.0</rating>
	<author><![CDATA[A TripAdvisor Contributor]]></author>
	<date>2008-04-05</date>
	<title><![CDATA[&#x201c;worse than i expected...&#x201d;]]></title>
	<excerpt><![CDATA[worse than i expected, but nice service more]]></excerpt>
	<link><![CDATA[http://www.tripadvisor.com/Restaurant_Review-g190454-d941719-Reviews-Zu_den_2_Lieserln-Vienna.html]]></link>
</review>
<review>
	<rating>4.0</rating>
	<author><![CDATA[A TripAdvisor Contributor]]></author>
	<date>2008-03-01</date>
	<title><![CDATA[&#x201c;probably the best and...&#x201d;]]></title>
	<excerpt><![CDATA[probably the best and biggest Wiener Schnitzel in town and good old traditional austrian plates for fair prices. more]]></excerpt>
	<link><![CDATA[http://www.tripadvisor.com/Restaurant_Review-g190454-d941719-Reviews-Zu_den_2_Lieserln-Vienna.html]]></link>
</review>
<review>
	<rating>3.0</rating>
	<author><![CDATA[A TripAdvisor Contributor]]></author>
	<date>2008-02-03</date>
	<title><![CDATA[&#x201c;Definitely the best...&#x201d;]]></title>
	<excerpt><![CDATA[Definitely the best Schnitzels in Vienna!!! more]]></excerpt>
	<link><![CDATA[http://www.tripadvisor.com/Restaurant_Review-g190454-d941719-Reviews-Zu_den_2_Lieserln-Vienna.html]]></link>
</review>
<review>
	<rating>5.0</rating>
	<author><![CDATA[A TripAdvisor Contributor]]></author>
	<date>2008-01-11</date>
	<title><![CDATA[&#x201c;best place to eat a...&#x201d;]]></title>
	<excerpt><![CDATA[best place to eat a schnitzel, very funny waiter more]]></excerpt>
	<link><![CDATA[http://www.tripadvisor.com/Restaurant_Review-g190454-d941719-Reviews-Zu_den_2_Lieserln-Vienna.html]]></link>
</review>
<review>
	<rating>5.0</rating>
	<author><![CDATA[A TripAdvisor Contributor]]></author>
	<date>2008-01-22</date>
	<title><![CDATA[&#x201c;weltklasse!&#x201d;]]></title>
	<excerpt><![CDATA[weltklasse! more]]></excerpt>
	<link><![CDATA[http://www.tripadvisor.com/Restaurant_Review-g190454-d941719-Reviews-Zu_den_2_Lieserln-Vienna.html]]></link>
</review>
</source>