<source name="Trip Advisor" avg-rating="4.0">
<review>
	<rating>5.0</rating>
	<author><![CDATA[sidripley]]></author>
	<date>2009-02-25</date>
	<title><![CDATA[&#x201c;what a treat.&#x201d;]]></title>
	<excerpt><![CDATA[beautiful beyond our expectations. great menu with a few good choices for my vegetarian partner (hard to do in BA sometimes). Courteous and subtle sta]]></excerpt>
	<link><![CDATA[http://www.tripadvisor.com/Restaurant_Review-g312740-d1205957-Reviews-647_Dinner_Club-Capital_Federal_District.html]]></link>
</review>
<review>
	<rating>5.0</rating>
	<author><![CDATA[massyman]]></author>
	<date>2008-11-27</date>
	<title><![CDATA[&#x201c;Best Restaurant in BA...Yes it is!&#x201d;]]></title>
	<excerpt><![CDATA[We would have to agree with the title of "Best Restaurant in BA" for 647. We went recently as our final meal of the holiday after hearing many good th]]></excerpt>
	<link><![CDATA[http://www.tripadvisor.com/Restaurant_Review-g312740-d1205957-Reviews-647_Dinner_Club-Capital_Federal_District.html]]></link>
</review>
<review>
	<rating>5.0</rating>
	<author><![CDATA[jenningslondon]]></author>
	<date>2008-11-10</date>
	<title><![CDATA[&#x201c;The Best Restaurant in Buenos Aires&#x201d;]]></title>
	<excerpt><![CDATA[We discovered this restaurant through Conde Naste Traveller's
Hot List 2008. It was featured as one the the best new restaurants of 2008 in the world.]]></excerpt>
	<link><![CDATA[http://www.tripadvisor.com/Restaurant_Review-g312740-d1205957-Reviews-647_Dinner_Club-Capital_Federal_District.html]]></link>
</review>
</source>