<source name="Trip Advisor" avg-rating="4.0">
<review>
	<rating>1.0</rating>
	<author><![CDATA[hynesie]]></author>
	<date>2009-03-09</date>
	<title><![CDATA[&#x201c;vile tourist trap&#x201d;]]></title>
	<excerpt><![CDATA[Avoid at all costs. BA has heaps of great restaurants and nightclubs. This place does a SUPER crap job at both. more]]></excerpt>
	<link><![CDATA[http://www.tripadvisor.com/Restaurant_Review-g312741-d1083983-Reviews-Asia_de_Cuba-Buenos_Aires_Capital_Federal_District.html]]></link>
</review>
<review>
	<rating>1.0</rating>
	<author><![CDATA[dpaumi]]></author>
	<date>2008-10-31</date>
	<title><![CDATA[&#x201c;Huge disappointment in an otherwise awesome trip!&#x201d;]]></title>
	<excerpt><![CDATA[This was absolutely our worst dining experience during our one week stay in Buenos Aires. Although I heard that this was not related to the Asia de Cu]]></excerpt>
	<link><![CDATA[http://www.tripadvisor.com/Restaurant_Review-g312741-d1083983-Reviews-Asia_de_Cuba-Buenos_Aires_Capital_Federal_District.html]]></link>
</review>
<review>
	<rating>1.0</rating>
	<author><![CDATA[NicolasB_BA]]></author>
	<date>2008-09-03</date>
	<title><![CDATA[&#x201c;I didnt like it a all...&#x201d;]]></title>
	<excerpt><![CDATA[I didnt like it a all... food isn't good, very expensive, very luod.. and yes full of beautiful people. more]]></excerpt>
	<link><![CDATA[http://www.tripadvisor.com/Restaurant_Review-g312741-d1083983-Reviews-Asia_de_Cuba-Buenos_Aires_Capital_Federal_District.html]]></link>
</review>
<review>
	<rating>1.0</rating>
	<author><![CDATA[MichaelSMunich]]></author>
	<date>2008-08-26</date>
	<title><![CDATA[&#x201c;Oh wow. What a mistake...&#x201d;]]></title>
	<excerpt><![CDATA[Oh wow. What a mistake it was to go there. Blindsighted by the Asia de Cube at Mondrians in L.A. we picked this place next to Hilton in BsAs for our f]]></excerpt>
	<link><![CDATA[http://www.tripadvisor.com/Restaurant_Review-g312741-d1083983-Reviews-Asia_de_Cuba-Buenos_Aires_Capital_Federal_District.html]]></link>
</review>
</source>