<source name="Trip Advisor" avg-rating="4.0">
<review>
	<rating>5.0</rating>
	<author><![CDATA[halankar]]></author>
	<date>2009-03-05</date>
	<title><![CDATA[&#x201c;lonely planet hit the nail on the head!&#x201d;]]></title>
	<excerpt><![CDATA[We used the Lonely Planet Buenos Aires guide to help us in picking stores and restaurants. While LP really missed the stores (all were over priced and]]></excerpt>
	<link><![CDATA[http://www.tripadvisor.com/Restaurant_Review-g312741-d983363-Reviews-Bar_Uriarte-Buenos_Aires_Capital_Federal_District.html]]></link>
</review>
<review>
	<rating>2.0</rating>
	<author><![CDATA[cabindweller73]]></author>
	<date>2009-01-21</date>
	<title><![CDATA[&#x201c;Must love salt&#x201d;]]></title>
	<excerpt><![CDATA[On the plus side: the cocktails are great, the decor is stylish but casual, the service is fast and friendly (with better-than-average English speakin]]></excerpt>
	<link><![CDATA[http://www.tripadvisor.com/Restaurant_Review-g312741-d983363-Reviews-Bar_Uriarte-Buenos_Aires_Capital_Federal_District.html]]></link>
</review>
<review>
	<rating>5.0</rating>
	<author><![CDATA[Argentina1982]]></author>
	<date>2009-01-20</date>
	<title><![CDATA[&#x201c;YUM!&#x201d;]]></title>
	<excerpt><![CDATA[I LOVED this restaurant.
I personally found there are many underwhelming and disappointing restaurants in BA, but this one was fabulous. my second fav]]></excerpt>
	<link><![CDATA[http://www.tripadvisor.com/Restaurant_Review-g312741-d983363-Reviews-Bar_Uriarte-Buenos_Aires_Capital_Federal_District.html]]></link>
</review>
<review>
	<rating>5.0</rating>
	<author><![CDATA[pc_dallas]]></author>
	<date>2009-01-07</date>
	<title><![CDATA[&#x201c;Excellent in every aspect!&#x201d;]]></title>
	<excerpt><![CDATA[Food is wonderful here... great variety of steak, seafood, pasta, pizza... and everything we had was delicious! The steak was the best we had in Argen]]></excerpt>
	<link><![CDATA[http://www.tripadvisor.com/Restaurant_Review-g312741-d983363-Reviews-Bar_Uriarte-Buenos_Aires_Capital_Federal_District.html]]></link>
</review>
<review>
	<rating>4.0</rating>
	<author><![CDATA[TheTravelingGirl]]></author>
	<date>2008-09-30</date>
	<title><![CDATA[&#x201c;loved it.&#x201d;]]></title>
	<excerpt><![CDATA[trendy atmosphere, excellent wait staff. Food was terrific, wine even better. this was our "lets just grab a bite somewhere local and chill out dinner]]></excerpt>
	<link><![CDATA[http://www.tripadvisor.com/Restaurant_Review-g312741-d983363-Reviews-Bar_Uriarte-Buenos_Aires_Capital_Federal_District.html]]></link>
</review>
<review>
	<rating>5.0</rating>
	<author><![CDATA[KK]]></author>
	<date>2008-09-02</date>
	<title><![CDATA[&#x201c;Cool atmosphere & great food&#x201d;]]></title>
	<excerpt><![CDATA[This is a very cool restaurant in Palermo Soho. It has a very trendy decor with white curtains. They have a very long bar with couches and low chairs ]]></excerpt>
	<link><![CDATA[http://www.tripadvisor.com/Restaurant_Review-g312741-d983363-Reviews-Bar_Uriarte-Buenos_Aires_Capital_Federal_District.html]]></link>
</review>
<review>
	<rating>4.0</rating>
	<author><![CDATA[sundogg99]]></author>
	<date>2008-07-31</date>
	<title><![CDATA[&#x201c;Trendy, but with substance to back it up&#x201d;]]></title>
	<excerpt><![CDATA[We dined twice at Bar Uriarte, with similarly satisfactory experiences both times.
We loved the delicious buratta (ultra-fresh mozzarella) and mushroo]]></excerpt>
	<link><![CDATA[http://www.tripadvisor.com/Restaurant_Review-g312741-d983363-Reviews-Bar_Uriarte-Buenos_Aires_Capital_Federal_District.html]]></link>
</review>
<review>
	<rating>3.0</rating>
	<author><![CDATA[AlaskanTraveller]]></author>
	<date>2008-06-06</date>
	<title><![CDATA[&#x201c;Okay&#x201d;]]></title>
	<excerpt><![CDATA[Industrial feel behind a locked door. We went late and stayed later. The food was nondescript, a typical steak, salad, and wine. A lot has gone in to ]]></excerpt>
	<link><![CDATA[http://www.tripadvisor.com/Restaurant_Review-g312741-d983363-Reviews-Bar_Uriarte-Buenos_Aires_Capital_Federal_District.html]]></link>
</review>
<review>
	<rating>5.0</rating>
	<author><![CDATA[allovertheworld1977]]></author>
	<date>2008-05-09</date>
	<title><![CDATA[&#x201c;Very cool atmosphere&#x201d;]]></title>
	<excerpt><![CDATA[I loved this place. The food was ok, but the atmosphere was really nice, and everything very cheap (well that's almost everywhere in argentina) more]]></excerpt>
	<link><![CDATA[http://www.tripadvisor.com/Restaurant_Review-g312741-d983363-Reviews-Bar_Uriarte-Buenos_Aires_Capital_Federal_District.html]]></link>
</review>
</source>