<source name="Trip Advisor" avg-rating="4.0">
<review>
	<rating>4.0</rating>
	<author><![CDATA[burnzy64]]></author>
	<date>2008-07-11</date>
	<title><![CDATA[&#x201c;Nice family restaurant&#x201d;]]></title>
	<excerpt><![CDATA[Visited Bice with a grandmother, aunt, daughter-in-law and 13-year-old grandson (who had -other than Canada- never traveled outside of the USA before)]]></excerpt>
	<link><![CDATA[http://www.tripadvisor.com/Restaurant_Review-g312741-d1066221-Reviews-Bice-Buenos_Aires_Capital_Federal_District.html]]></link>
</review>
<review>
	<rating>3.0</rating>
	<author><![CDATA[A TripAdvisor Contributor]]></author>
	<date>2008-08-22</date>
	<title><![CDATA[&#x201c;Esta bueno para almorzar...&#x201d;]]></title>
	<excerpt><![CDATA[Esta bueno para almorzar en un break del trabajo! more]]></excerpt>
	<link><![CDATA[http://www.tripadvisor.com/Restaurant_Review-g312741-d1066221-Reviews-Bice-Buenos_Aires_Capital_Federal_District.html]]></link>
</review>
</source>