<source name="Trip Advisor" avg-rating="4.5">
<review>
	<rating>5.0</rating>
	<author><![CDATA[Argentina1982]]></author>
	<date>2009-01-20</date>
	<title><![CDATA[&#x201c;Delicious!&#x201d;]]></title>
	<excerpt><![CDATA[I'm not sure which restaurant the other reviewers went to, but it cant be the same one. I went with my boyfriend in December to BIO and we had such a ]]></excerpt>
	<link><![CDATA[http://www.tripadvisor.com/Restaurant_Review-g312741-d1066222-Reviews-Bio-Buenos_Aires_Capital_Federal_District.html]]></link>
</review>
<review>
	<rating>2.0</rating>
	<author><![CDATA[A TripAdvisor Contributor]]></author>
	<date>2008-07-15</date>
	<title><![CDATA[&#x201c;Un poco extrema la...&#x201d;]]></title>
	<excerpt><![CDATA[Un poco extrema la postura naturista. El risotto estaba pasado. Bu. more]]></excerpt>
	<link><![CDATA[http://www.tripadvisor.com/Restaurant_Review-g312741-d1066222-Reviews-Bio-Buenos_Aires_Capital_Federal_District.html]]></link>
</review>
<review>
	<rating>3.0</rating>
	<author><![CDATA[A TripAdvisor Contributor]]></author>
	<date>2008-07-14</date>
	<title><![CDATA[&#x201c;Ni fu ni fa, prefiero...&#x201d;]]></title>
	<excerpt><![CDATA[Ni fu ni fa, prefiero Alma Zen more]]></excerpt>
	<link><![CDATA[http://www.tripadvisor.com/Restaurant_Review-g312741-d1066222-Reviews-Bio-Buenos_Aires_Capital_Federal_District.html]]></link>
</review>
</source>