<source name="Trip Advisor" avg-rating="3.5">
<review>
	<rating>4.0</rating>
	<author><![CDATA[photoguy66degrees]]></author>
	<date>2008-12-29</date>
	<title><![CDATA[&#x201c;Good Food, Caters To Locals&#x201d;]]></title>
	<excerpt><![CDATA[As my final meal on a seven week odyssey around South America, I had lunch at Broccolino with twelve fellow travelers on November 10, 2008. The restau]]></excerpt>
	<link><![CDATA[http://www.tripadvisor.com/Restaurant_Review-g312741-d1083992-Reviews-Broccolino-Buenos_Aires_Capital_Federal_District.html]]></link>
</review>
<review>
	<rating>1.0</rating>
	<author><![CDATA[sanpedro13]]></author>
	<date>2008-12-03</date>
	<title><![CDATA[&#x201c;Microwaved??&#x201d;]]></title>
	<excerpt><![CDATA[Nasty nasty nasty microwaved, tasteless pasta. Avoid at all costs. Saw many half empty plates in there. I wish I walked out of there. more]]></excerpt>
	<link><![CDATA[http://www.tripadvisor.com/Restaurant_Review-g312741-d1083992-Reviews-Broccolino-Buenos_Aires_Capital_Federal_District.html]]></link>
</review>
<review>
	<rating>4.0</rating>
	<author><![CDATA[アルゼンチン好き]]></author>
	<date>2008-09-03</date>
	<title><![CDATA[&#x201c;&#x201d;]]></title>
	<excerpt><![CDATA[
]]></excerpt>
	<link><![CDATA[http://www.tripadvisor.com/Restaurant_Review-g312741-d1083992-Reviews-Broccolino-Buenos_Aires_Capital_Federal_District.html]]></link>
</review>
</source>