<source name="Trip Advisor" avg-rating="4.0">
<review>
	<rating>5.0</rating>
	<author><![CDATA[jwcde]]></author>
	<date>2009-02-28</date>
	<title><![CDATA[&#x201c;Best Steaks in Argentina&#x201d;]]></title>
	<excerpt><![CDATA[All tips pointed to Cabana Las Lilas - the 1.000 Place to see before you die, people we met on the ferry to Colonia del Sacramento, different guides..]]></excerpt>
	<link><![CDATA[http://www.tripadvisor.com/Restaurant_Review-g312741-d874900-Reviews-Cabana_Las_Lilas-Buenos_Aires_Capital_Federal_District.html]]></link>
</review>
<review>
	<rating>2.0</rating>
	<author><![CDATA[Gaucho100K]]></author>
	<date>2009-02-13</date>
	<title><![CDATA[&#x201c;overpriced tourist trap&#x201d;]]></title>
	<excerpt><![CDATA[Perhaps the best example of how to sleep on past laurels. Once a model restaurant (when it first opened), Cabaa Las Lilas has now become a grossly o]]></excerpt>
	<link><![CDATA[http://www.tripadvisor.com/Restaurant_Review-g312741-d874900-Reviews-Cabana_Las_Lilas-Buenos_Aires_Capital_Federal_District.html]]></link>
</review>
<review>
	<rating>5.0</rating>
	<author><![CDATA[christiansommer]]></author>
	<date>2009-02-11</date>
	<title><![CDATA[&#x201c;Best Steaks in Town, if not country&#x201d;]]></title>
	<excerpt><![CDATA[This institution is a littly pricey for Argentinian standards, but worth every cent... you can't get better steaks anywhere in the world! Try the Las ]]></excerpt>
	<link><![CDATA[http://www.tripadvisor.com/Restaurant_Review-g312741-d874900-Reviews-Cabana_Las_Lilas-Buenos_Aires_Capital_Federal_District.html]]></link>
</review>
<review>
	<rating>1.0</rating>
	<author><![CDATA[rodrigt]]></author>
	<date>2009-02-02</date>
	<title><![CDATA[&#x201c;Grossly overrated!&#x201d;]]></title>
	<excerpt><![CDATA[I grant a one-star (terrible) rating because of the great discrepancy of reality Vs statements in the common tourist guides, arguably one of the be]]></excerpt>
	<link><![CDATA[http://www.tripadvisor.com/Restaurant_Review-g312741-d874900-Reviews-Cabana_Las_Lilas-Buenos_Aires_Capital_Federal_District.html]]></link>
</review>
<review>
	<rating>5.0</rating>
	<author><![CDATA[cabindweller73]]></author>
	<date>2009-01-30</date>
	<title><![CDATA[&#x201c;Expensive and worth every penny&#x201d;]]></title>
	<excerpt><![CDATA[Do not believe the nay-sayers! Cabana Las Lilas, while expensive, is definitely worth every penny. You must try the lomo (filet mignon) which is outst]]></excerpt>
	<link><![CDATA[http://www.tripadvisor.com/Restaurant_Review-g312741-d874900-Reviews-Cabana_Las_Lilas-Buenos_Aires_Capital_Federal_District.html]]></link>
</review>
<review>
	<rating>5.0</rating>
	<author><![CDATA[jmw69]]></author>
	<date>2009-01-22</date>
	<title><![CDATA[&#x201c;My favorite meat ever&#x201d;]]></title>
	<excerpt><![CDATA[Best "ojo de bife" in all BA , we eat beef almost every day for 15 days , best beef ever .
Definitively the most expensive place we went , more than 5]]></excerpt>
	<link><![CDATA[http://www.tripadvisor.com/Restaurant_Review-g312741-d874900-Reviews-Cabana_Las_Lilas-Buenos_Aires_Capital_Federal_District.html]]></link>
</review>
<review>
	<rating>5.0</rating>
	<author><![CDATA[jvb1128]]></author>
	<date>2009-01-20</date>
	<title><![CDATA[&#x201c;Outstanding Restaurant&#x201d;]]></title>
	<excerpt><![CDATA[Had a choice of many restaurants and ultimately decided on Cabana Las Lilas. Absolutely loved it! Great service, the best beef we had in Buenos Aires ]]></excerpt>
	<link><![CDATA[http://www.tripadvisor.com/Restaurant_Review-g312741-d874900-Reviews-Cabana_Las_Lilas-Buenos_Aires_Capital_Federal_District.html]]></link>
</review>
<review>
	<rating>2.0</rating>
	<author><![CDATA[Flyu2themoon]]></author>
	<date>2009-01-19</date>
	<title><![CDATA[&#x201c;Average Quality at Outrageous Prices&#x201d;]]></title>
	<excerpt><![CDATA[I visited Buenos AIres a few weeks ago and dined at various parrilladas and steakhouses. I love my beef, having been born and raised in Argentina. Don]]></excerpt>
	<link><![CDATA[http://www.tripadvisor.com/Restaurant_Review-g312741-d874900-Reviews-Cabana_Las_Lilas-Buenos_Aires_Capital_Federal_District.html]]></link>
</review>
<review>
	<rating>5.0</rating>
	<author><![CDATA[Charlie Sierra]]></author>
	<date>2009-01-15</date>
	<title><![CDATA[&#x201c;The place for beef.&#x201d;]]></title>
	<excerpt><![CDATA[We tried this highly rated restaurant because of its place in the 1000 Places to See book and the recommendation of our hotel in Buenos Aires. We were]]></excerpt>
	<link><![CDATA[http://www.tripadvisor.com/Restaurant_Review-g312741-d874900-Reviews-Cabana_Las_Lilas-Buenos_Aires_Capital_Federal_District.html]]></link>
</review>
<review>
	<rating>2.0</rating>
	<author><![CDATA[xshane]]></author>
	<date>2009-01-13</date>
	<title><![CDATA[&#x201c;Overpriced Tourist Hub&#x201d;]]></title>
	<excerpt><![CDATA[The restaurant is very expensive and full of tourist. We were very disappointed by the quality of the meat. The sweetbread was alright, but the baby b]]></excerpt>
	<link><![CDATA[http://www.tripadvisor.com/Restaurant_Review-g312741-d874900-Reviews-Cabana_Las_Lilas-Buenos_Aires_Capital_Federal_District.html]]></link>
</review>
<review>
	<rating>2.0</rating>
	<author><![CDATA[Eduardocm]]></author>
	<date>2009-01-11</date>
	<title><![CDATA[&#x201c;Nothing spectacular&#x201d;]]></title>
	<excerpt><![CDATA[It is a typical place for tourists.
You pay much more than other place in city and this does not mean that you get any extra in terms of food or servi]]></excerpt>
	<link><![CDATA[http://www.tripadvisor.com/Restaurant_Review-g312741-d874900-Reviews-or10-Cabana_Las_Lilas-Buenos_Aires_Capital_Federal_District.html]]></link>
</review>
<review>
	<rating>5.0</rating>
	<author><![CDATA[ornella52]]></author>
	<date>2009-01-07</date>
	<title><![CDATA[&#x201c;the best restaurant in Bs As&#x201d;]]></title>
	<excerpt><![CDATA[After reading your review and by strong recomendation of several friends, we had a wonderful dinner there. Great ambiance, beautiful view, exquisite f]]></excerpt>
	<link><![CDATA[http://www.tripadvisor.com/Restaurant_Review-g312741-d874900-Reviews-or10-Cabana_Las_Lilas-Buenos_Aires_Capital_Federal_District.html]]></link>
</review>
<review>
	<rating>5.0</rating>
	<author><![CDATA[mindoslu]]></author>
	<date>2009-01-06</date>
	<title><![CDATA[&#x201c;good steak, good service in BA&#x201d;]]></title>
	<excerpt><![CDATA[We dined at Cabana Las Lilas on our first night in Buenos Aires. It was recommended by the Hilton concierge, so we were sceptic about it. It was a wal]]></excerpt>
	<link><![CDATA[http://www.tripadvisor.com/Restaurant_Review-g312741-d874900-Reviews-or10-Cabana_Las_Lilas-Buenos_Aires_Capital_Federal_District.html]]></link>
</review>
<review>
	<rating>4.0</rating>
	<author><![CDATA[A TripAdvisor Contributor]]></author>
	<date>2008-12-17</date>
	<title><![CDATA[&#x201c;Beef, beef and more...&#x201d;]]></title>
	<excerpt><![CDATA[Beef, beef and more delicious beef! more]]></excerpt>
	<link><![CDATA[http://www.tripadvisor.com/Restaurant_Review-g312741-d874900-Reviews-or10-Cabana_Las_Lilas-Buenos_Aires_Capital_Federal_District.html]]></link>
</review>
<review>
	<rating>4.0</rating>
	<author><![CDATA[A TripAdvisor Contributor]]></author>
	<date>2008-12-04</date>
	<title><![CDATA[&#x201c;It's not just excellent...&#x201d;]]></title>
	<excerpt><![CDATA[It's not just excellent food... it's an experience... worth going if you can afford it. It definitely represents Argentine dining in an upscale level.]]></excerpt>
	<link><![CDATA[http://www.tripadvisor.com/Restaurant_Review-g312741-d874900-Reviews-or10-Cabana_Las_Lilas-Buenos_Aires_Capital_Federal_District.html]]></link>
</review>
<review>
	<rating>2.0</rating>
	<author><![CDATA[Dutchguy71]]></author>
	<date>2008-11-30</date>
	<title><![CDATA[&#x201c;Expected much better restaurant&#x201d;]]></title>
	<excerpt><![CDATA[We arrived, were brought to our table. The waiter gave the menucards, brought antipasta and bread, asked 3 minutes later what we wanted to eat. Within]]></excerpt>
	<link><![CDATA[http://www.tripadvisor.com/Restaurant_Review-g312741-d874900-Reviews-or10-Cabana_Las_Lilas-Buenos_Aires_Capital_Federal_District.html]]></link>
</review>
<review>
	<rating>4.0</rating>
	<author><![CDATA[Nerzie]]></author>
	<date>2008-11-19</date>
	<title><![CDATA[&#x201c;Great Service&#x201d;]]></title>
	<excerpt><![CDATA[Great service! We must have had 7 or so people serving us. I enjoyed the service more than the food. The grappa drink after the meal was an unexpected]]></excerpt>
	<link><![CDATA[http://www.tripadvisor.com/Restaurant_Review-g312741-d874900-Reviews-or10-Cabana_Las_Lilas-Buenos_Aires_Capital_Federal_District.html]]></link>
</review>
<review>
	<rating>5.0</rating>
	<author><![CDATA[brewersfriend]]></author>
	<date>2008-11-14</date>
	<title><![CDATA[&#x201c;Wish all my steaks tasted like this!&#x201d;]]></title>
	<excerpt><![CDATA[Great food,great service, great wine - it may be a little pricey but it's worth it.
Next time I return to BA I'll be back to 'Cabana' more]]></excerpt>
	<link><![CDATA[http://www.tripadvisor.com/Restaurant_Review-g312741-d874900-Reviews-or10-Cabana_Las_Lilas-Buenos_Aires_Capital_Federal_District.html]]></link>
</review>
<review>
	<rating>3.0</rating>
	<author><![CDATA[A TripAdvisor Contributor]]></author>
	<date>2008-10-19</date>
	<title><![CDATA[&#x201c;good but too expensive&#x201d;]]></title>
	<excerpt><![CDATA[good but too expensive more]]></excerpt>
	<link><![CDATA[http://www.tripadvisor.com/Restaurant_Review-g312741-d874900-Reviews-or10-Cabana_Las_Lilas-Buenos_Aires_Capital_Federal_District.html]]></link>
</review>
<review>
	<rating>3.0</rating>
	<author><![CDATA[A TripAdvisor Contributor]]></author>
	<date>2008-09-28</date>
	<title><![CDATA[&#x201c;Not bad for tourists...&#x201d;]]></title>
	<excerpt><![CDATA[Not bad for tourists, but overpriced and more of a theme park than a good restaurant now. more]]></excerpt>
	<link><![CDATA[http://www.tripadvisor.com/Restaurant_Review-g312741-d874900-Reviews-or10-Cabana_Las_Lilas-Buenos_Aires_Capital_Federal_District.html]]></link>
</review>
<review>
	<rating>5.0</rating>
	<author><![CDATA[A TripAdvisor Contributor]]></author>
	<date>2008-09-22</date>
	<title><![CDATA[&#x201c;Great Baby Beef!&#x201d;]]></title>
	<excerpt><![CDATA[Great Baby Beef! more]]></excerpt>
	<link><![CDATA[http://www.tripadvisor.com/Restaurant_Review-g312741-d874900-Reviews-or20-Cabana_Las_Lilas-Buenos_Aires_Capital_Federal_District.html]]></link>
</review>
<review>
	<rating>3.0</rating>
	<author><![CDATA[KK]]></author>
	<date>2008-09-02</date>
	<title><![CDATA[&#x201c;Expensive but food is just average&#x201d;]]></title>
	<excerpt><![CDATA[We heard that this restaurant was supposed to be wonderful but we thought the steak was just average.
The restaurant had a nice atmosphere, an extensi]]></excerpt>
	<link><![CDATA[http://www.tripadvisor.com/Restaurant_Review-g312741-d874900-Reviews-or20-Cabana_Las_Lilas-Buenos_Aires_Capital_Federal_District.html]]></link>
</review>
<review>
	<rating>5.0</rating>
	<author><![CDATA[A TripAdvisor Contributor]]></author>
	<date>2008-08-18</date>
	<title><![CDATA[&#x201c;Best steak in Buenos...&#x201d;]]></title>
	<excerpt><![CDATA[Best steak in Buenos Aires! more]]></excerpt>
	<link><![CDATA[http://www.tripadvisor.com/Restaurant_Review-g312741-d874900-Reviews-or20-Cabana_Las_Lilas-Buenos_Aires_Capital_Federal_District.html]]></link>
</review>
<review>
	<rating>5.0</rating>
	<author><![CDATA[dcbec]]></author>
	<date>2008-07-10</date>
	<title><![CDATA[&#x201c;Fantastic&#x201d;]]></title>
	<excerpt><![CDATA[My husband and I ate here twice on our visit to B.A. I've seen some of the reviews saying it's overpriced and it's true it's expensive - especially wh]]></excerpt>
	<link><![CDATA[http://www.tripadvisor.com/Restaurant_Review-g312741-d874900-Reviews-or20-Cabana_Las_Lilas-Buenos_Aires_Capital_Federal_District.html]]></link>
</review>
<review>
	<rating>1.0</rating>
	<author><![CDATA[lukenstein]]></author>
	<date>2008-06-04</date>
	<title><![CDATA[&#x201c;Ripoff deluxe&#x201d;]]></title>
	<excerpt><![CDATA[This is the most overpriced restaurant in Buenos Aires and probably in Argentina, period. Slow, rude service. Ridiculous prices. A $6.50 table charge.]]></excerpt>
	<link><![CDATA[http://www.tripadvisor.com/Restaurant_Review-g312741-d874900-Reviews-or20-Cabana_Las_Lilas-Buenos_Aires_Capital_Federal_District.html]]></link>
</review>
<review>
	<rating>5.0</rating>
	<author><![CDATA[A TripAdvisor Contributor]]></author>
	<date>2008-05-30</date>
	<title><![CDATA[&#x201c;This is my favourite...&#x201d;]]></title>
	<excerpt><![CDATA[This is my favourite restaurant in all the world. Great appetizers, great steak, seafood, and bar. The winelist is wonderful and features the best mal]]></excerpt>
	<link><![CDATA[http://www.tripadvisor.com/Restaurant_Review-g312741-d874900-Reviews-or20-Cabana_Las_Lilas-Buenos_Aires_Capital_Federal_District.html]]></link>
</review>
<review>
	<rating>3.0</rating>
	<author><![CDATA[ANLUIS]]></author>
	<date>2009-01-26</date>
	<title><![CDATA[&#x201c;Restaurant Las Lilas en buenos Aires...cuidado, solo cancelen lo que pidan&#x201d;]]></title>
	<excerpt><![CDATA[Fui al restuaran Las Lilas o Cabaas Las Lilas en Puerto Madero de Buenos Aires. Acogedor restaurant, servicio de mesoneros... more]]></excerpt>
	<link><![CDATA[http://www.tripadvisor.com/Restaurant_Review-g312741-d874900-Reviews-or20-Cabana_Las_Lilas-Buenos_Aires_Capital_Federal_District.html]]></link>
</review>
<review>
	<rating>3.0</rating>
	<author><![CDATA[aparra28]]></author>
	<date>2009-01-13</date>
	<title><![CDATA[&#x201c;Un poco decepcionante&#x201d;]]></title>
	<excerpt><![CDATA[Fuimos a este sitio porque tena mucha fama y la verdad es que ibamos con muchas expectativas. Lo bueno es... more]]></excerpt>
	<link><![CDATA[http://www.tripadvisor.com/Restaurant_Review-g312741-d874900-Reviews-or20-Cabana_Las_Lilas-Buenos_Aires_Capital_Federal_District.html]]></link>
</review>
<review>
	<rating>4.0</rating>
	<author><![CDATA[A TripAdvisor Contributor]]></author>
	<date>2008-10-09</date>
	<title><![CDATA[&#x201c;Apto para turistas sin...&#x201d;]]></title>
	<excerpt><![CDATA[Apto para turistas sin ser demasiado plastico more]]></excerpt>
	<link><![CDATA[http://www.tripadvisor.com/Restaurant_Review-g312741-d874900-Reviews-or20-Cabana_Las_Lilas-Buenos_Aires_Capital_Federal_District.html]]></link>
</review>
<review>
	<rating>5.0</rating>
	<author><![CDATA[laquiti]]></author>
	<date>2008-10-02</date>
	<title><![CDATA[&#x201c;Buena carne&#x201d;]]></title>
	<excerpt><![CDATA[Cabaa Las Lilas est situada en Puerto Madero en la ciudad de Buenos aires. Tiene terraza a la orilla del... more]]></excerpt>
	<link><![CDATA[http://www.tripadvisor.com/Restaurant_Review-g312741-d874900-Reviews-or20-Cabana_Las_Lilas-Buenos_Aires_Capital_Federal_District.html]]></link>
</review>
<review>
	<rating>5.0</rating>
	<author><![CDATA[A TripAdvisor Contributor]]></author>
	<date>2008-09-05</date>
	<title><![CDATA[&#x201c;El mejor bife de chorizo...&#x201d;]]></title>
	<excerpt><![CDATA[El mejor bife de chorizo del mundo more]]></excerpt>
	<link><![CDATA[http://www.tripadvisor.com/Restaurant_Review-g312741-d874900-Reviews-or30-Cabana_Las_Lilas-Buenos_Aires_Capital_Federal_District.html]]></link>
</review>
<review>
	<rating>5.0</rating>
	<author><![CDATA[A TripAdvisor Contributor]]></author>
	<date>2008-09-04</date>
	<title><![CDATA[&#x201c;Muy buena localizacin...&#x201d;]]></title>
	<excerpt><![CDATA[Muy buena localizacin, servicio y comida. more]]></excerpt>
	<link><![CDATA[http://www.tripadvisor.com/Restaurant_Review-g312741-d874900-Reviews-or30-Cabana_Las_Lilas-Buenos_Aires_Capital_Federal_District.html]]></link>
</review>
<review>
	<rating>4.0</rating>
	<author><![CDATA[A TripAdvisor Contributor]]></author>
	<date>2008-08-26</date>
	<title><![CDATA[&#x201c;Muy buena carne. El...&#x201d;]]></title>
	<excerpt><![CDATA[Muy buena carne. El tpico para turistas, pero vale la pena ir. more]]></excerpt>
	<link><![CDATA[http://www.tripadvisor.com/Restaurant_Review-g312741-d874900-Reviews-or30-Cabana_Las_Lilas-Buenos_Aires_Capital_Federal_District.html]]></link>
</review>
<review>
	<rating>5.0</rating>
	<author><![CDATA[A TripAdvisor Contributor]]></author>
	<date>2008-08-25</date>
	<title><![CDATA[&#x201c;Excelente la comida que...&#x201d;]]></title>
	<excerpt><![CDATA[Excelente la comida que mejor combinacin de un exquisito bife de chorizo con choclo a la crema y papas souffles.... more]]></excerpt>
	<link><![CDATA[http://www.tripadvisor.com/Restaurant_Review-g312741-d874900-Reviews-or30-Cabana_Las_Lilas-Buenos_Aires_Capital_Federal_District.html]]></link>
</review>
<review>
	<rating>4.0</rating>
	<author><![CDATA[A TripAdvisor Contributor]]></author>
	<date>2008-08-23</date>
	<title><![CDATA[&#x201c;Muy Bueno!&#x201d;]]></title>
	<excerpt><![CDATA[Muy Bueno! more]]></excerpt>
	<link><![CDATA[http://www.tripadvisor.com/Restaurant_Review-g312741-d874900-Reviews-or30-Cabana_Las_Lilas-Buenos_Aires_Capital_Federal_District.html]]></link>
</review>
<review>
	<rating>5.0</rating>
	<author><![CDATA[A TripAdvisor Contributor]]></author>
	<date>2008-08-22</date>
	<title><![CDATA[&#x201c;Excelente parrilla!!&#x201d;]]></title>
	<excerpt><![CDATA[Excelente parrilla!! more]]></excerpt>
	<link><![CDATA[http://www.tripadvisor.com/Restaurant_Review-g312741-d874900-Reviews-or30-Cabana_Las_Lilas-Buenos_Aires_Capital_Federal_District.html]]></link>
</review>
<review>
	<rating>4.0</rating>
	<author><![CDATA[A TripAdvisor Contributor]]></author>
	<date>2008-08-07</date>
	<title><![CDATA[&#x201c;La carne es deliciosa...&#x201d;]]></title>
	<excerpt><![CDATA[La carne es deliciosa!!! Qu cortes!!! more]]></excerpt>
	<link><![CDATA[http://www.tripadvisor.com/Restaurant_Review-g312741-d874900-Reviews-or30-Cabana_Las_Lilas-Buenos_Aires_Capital_Federal_District.html]]></link>
</review>
<review>
	<rating>5.0</rating>
	<author><![CDATA[A TripAdvisor Contributor]]></author>
	<date>2008-07-25</date>
	<title><![CDATA[&#x201c;Este es el que si...&#x201d;]]></title>
	<excerpt><![CDATA[Este es el que si conozco en puerto madero, que vista, que comida, verdaderos cortes argentinos, un lomito y unas... more]]></excerpt>
	<link><![CDATA[http://www.tripadvisor.com/Restaurant_Review-g312741-d874900-Reviews-or30-Cabana_Las_Lilas-Buenos_Aires_Capital_Federal_District.html]]></link>
</review>
<review>
	<rating>5.0</rating>
	<author><![CDATA[molimolina]]></author>
	<date>2008-07-22</date>
	<title><![CDATA[&#x201c;Magnifica carne y buen servicio&#x201d;]]></title>
	<excerpt><![CDATA[Aunque la carta es cara (en comparacin con el resto de Bnos. Aires), la carne es exquisita asi como el... more]]></excerpt>
	<link><![CDATA[http://www.tripadvisor.com/Restaurant_Review-g312741-d874900-Reviews-or30-Cabana_Las_Lilas-Buenos_Aires_Capital_Federal_District.html]]></link>
</review>
<review>
	<rating>4.0</rating>
	<author><![CDATA[ROTERO]]></author>
	<date>2008-07-19</date>
	<title><![CDATA[&#x201c;Excelente Restaurante&#x201d;]]></title>
	<excerpt><![CDATA[Celebramos el cumpleanos de mi hijo con mi esposa en este restaurante, ampliamente recomendado por amigos locales. El sitio es... more]]></excerpt>
	<link><![CDATA[http://www.tripadvisor.com/Restaurant_Review-g312741-d874900-Reviews-or30-Cabana_Las_Lilas-Buenos_Aires_Capital_Federal_District.html]]></link>
</review>
<review>
	<rating>5.0</rating>
	<author><![CDATA[A TripAdvisor Contributor]]></author>
	<date>2008-07-07</date>
	<title><![CDATA[&#x201c;Uno de los mejores...&#x201d;]]></title>
	<excerpt><![CDATA[Uno de los mejores restaurantes de Buenos Aires more]]></excerpt>
	<link><![CDATA[http://www.tripadvisor.com/Restaurant_Review-g312741-d874900-Reviews-or40-Cabana_Las_Lilas-Buenos_Aires_Capital_Federal_District.html]]></link>
</review>
<review>
	<rating>3.0</rating>
	<author><![CDATA[A TripAdvisor Contributor]]></author>
	<date>2008-06-07</date>
	<title><![CDATA[&#x201c;la mejor de la parrilla...&#x201d;]]></title>
	<excerpt><![CDATA[la mejor de la parrilla para turistas more]]></excerpt>
	<link><![CDATA[http://www.tripadvisor.com/Restaurant_Review-g312741-d874900-Reviews-or40-Cabana_Las_Lilas-Buenos_Aires_Capital_Federal_District.html]]></link>
</review>
<review>
	<rating>4.0</rating>
	<author><![CDATA[cristinca]]></author>
	<date>2008-06-04</date>
	<title><![CDATA[&#x201c;Rico pero muy caro&#x201d;]]></title>
	<excerpt><![CDATA[La comida estaba buena-normal (he comido mejor en buenos aires por la mitad), la diferencia est en la atencin (5... more]]></excerpt>
	<link><![CDATA[http://www.tripadvisor.com/Restaurant_Review-g312741-d874900-Reviews-or40-Cabana_Las_Lilas-Buenos_Aires_Capital_Federal_District.html]]></link>
</review>
<review>
	<rating>4.0</rating>
	<author><![CDATA[A TripAdvisor Contributor]]></author>
	<date>2008-06-02</date>
	<title><![CDATA[&#x201c;topisimo...hay que...&#x201d;]]></title>
	<excerpt><![CDATA[topisimo...hay que comprar el cuchillo!! more]]></excerpt>
	<link><![CDATA[http://www.tripadvisor.com/Restaurant_Review-g312741-d874900-Reviews-or40-Cabana_Las_Lilas-Buenos_Aires_Capital_Federal_District.html]]></link>
</review>
<review>
	<rating>4.0</rating>
	<author><![CDATA[A TripAdvisor Contributor]]></author>
	<date>2008-06-01</date>
	<title><![CDATA[&#x201c;muy buen lomo!&#x201d;]]></title>
	<excerpt><![CDATA[muy buen lomo! more]]></excerpt>
	<link><![CDATA[http://www.tripadvisor.com/Restaurant_Review-g312741-d874900-Reviews-or40-Cabana_Las_Lilas-Buenos_Aires_Capital_Federal_District.html]]></link>
</review>
</source>