<source name="Trip Advisor" avg-rating="4.0">
<review>
	<rating>3.0</rating>
	<author><![CDATA[bsp8181]]></author>
	<date>2009-03-04</date>
	<title><![CDATA[&#x201c;All Around Average.....&#x201d;]]></title>
	<excerpt><![CDATA[We walked for hours to get to the famous Cafe Tortoni. When we arrived the wannabe bouncer at the door told us that they were too busy, and that they']]></excerpt>
	<link><![CDATA[http://www.tripadvisor.com/Attraction_Review-g312741-d311951-Reviews-Cafe_Tortoni-Buenos_Aires_Capital_Federal_District.html]]></link>
</review>
<review>
	<rating>3.0</rating>
	<author><![CDATA[meesheyb]]></author>
	<date>2009-02-11</date>
	<title><![CDATA[&#x201c;Pretty to look at but overall, just ok&#x201d;]]></title>
	<excerpt><![CDATA[Impressive space with good ambiance, but food/service/experience not worth writing home about. Quick service on food which was mediocre - same fare as]]></excerpt>
	<link><![CDATA[http://www.tripadvisor.com/Attraction_Review-g312741-d311951-Reviews-Cafe_Tortoni-Buenos_Aires_Capital_Federal_District.html]]></link>
</review>
<review>
	<rating>5.0</rating>
	<author><![CDATA[idkyourname]]></author>
	<date>2009-02-01</date>
	<title><![CDATA[&#x201c;Argentina at its best! Superb!&#x201d;]]></title>
	<excerpt><![CDATA[I went to Tortoni because I wanted to see a Tango Show in Bs As. I googled "presentacin de tango" and one of my first results was Caf Tortoni. So ]]></excerpt>
	<link><![CDATA[http://www.tripadvisor.com/Attraction_Review-g312741-d311951-Reviews-Cafe_Tortoni-Buenos_Aires_Capital_Federal_District.html]]></link>
</review>
<review>
	<rating>2.0</rating>
	<author><![CDATA[bumpyr0ad]]></author>
	<date>2008-12-22</date>
	<title><![CDATA[&#x201c;Lovely atmosphere, shame about the waiters&#x201d;]]></title>
	<excerpt><![CDATA[We've been to Tortoni twice. We did not go there for the tango shows, so I cannot comment on the entertainment. We went there mostly because of the at]]></excerpt>
	<link><![CDATA[http://www.tripadvisor.com/Attraction_Review-g312741-d311951-Reviews-Cafe_Tortoni-Buenos_Aires_Capital_Federal_District.html]]></link>
</review>
<review>
	<rating>3.0</rating>
	<author><![CDATA[Nerzie]]></author>
	<date>2008-11-19</date>
	<title><![CDATA[&#x201c;Wasn't that great&#x201d;]]></title>
	<excerpt><![CDATA[We went because the guide book said to. The inside was really cool, full of old atmosphere. I think everyone in there was a tourist tho. And, the food]]></excerpt>
	<link><![CDATA[http://www.tripadvisor.com/Attraction_Review-g312741-d311951-Reviews-Cafe_Tortoni-Buenos_Aires_Capital_Federal_District.html]]></link>
</review>
<review>
	<rating>4.0</rating>
	<author><![CDATA[acdisi]]></author>
	<date>2008-11-17</date>
	<title><![CDATA[&#x201c;A must see&#x201d;]]></title>
	<excerpt><![CDATA[I am not a tourist, but a Buenos Aires resident. Therefore there are some things which a tourist might be expecting to get (i.e. the accommodating mul]]></excerpt>
	<link><![CDATA[http://www.tripadvisor.com/Attraction_Review-g312741-d311951-Reviews-Cafe_Tortoni-Buenos_Aires_Capital_Federal_District.html]]></link>
</review>
<review>
	<rating>5.0</rating>
	<author><![CDATA[travelingmike]]></author>
	<date>2008-11-15</date>
	<title><![CDATA[&#x201c;At least stop by for a peak&#x201d;]]></title>
	<excerpt><![CDATA[Overview:
This is a really old restaurant that has been serving food and been a prominant gathering place in downtown Buenos Aires for more than 100 y]]></excerpt>
	<link><![CDATA[http://www.tripadvisor.com/Attraction_Review-g312741-d311951-Reviews-Cafe_Tortoni-Buenos_Aires_Capital_Federal_District.html]]></link>
</review>
<review>
	<rating>5.0</rating>
	<author><![CDATA[melaj]]></author>
	<date>2008-11-12</date>
	<title><![CDATA[&#x201c;If you want to do a Tango Show that isn't 'Vegas Style' then this is it!&#x201d;]]></title>
	<excerpt><![CDATA[So, it took us 4 days of being in Buenos Aires to finally book a Tango 'Show'. The reason is that they offer a lot of shows, but they are all on par w]]></excerpt>
	<link><![CDATA[http://www.tripadvisor.com/Attraction_Review-g312741-d311951-Reviews-Cafe_Tortoni-Buenos_Aires_Capital_Federal_District.html]]></link>
</review>
<review>
	<rating>5.0</rating>
	<author><![CDATA[Oscar_from_Denmark]]></author>
	<date>2008-07-13</date>
	<title><![CDATA[&#x201c;You can't leave Bs As without visiting it!&#x201d;]]></title>
	<excerpt><![CDATA[Unfortunately there are very, very few cafs in Buenos Aires that are that old and so well kept. So if you are visiting Buenos Aires, you have to go ]]></excerpt>
	<link><![CDATA[http://www.tripadvisor.com/Attraction_Review-g312741-d311951-Reviews-Cafe_Tortoni-Buenos_Aires_Capital_Federal_District.html]]></link>
</review>
<review>
	<rating>4.0</rating>
	<author><![CDATA[McBiskit]]></author>
	<date>2008-03-20</date>
	<title><![CDATA[&#x201c;Worth a look&#x201d;]]></title>
	<excerpt><![CDATA[After reading 1,000 Places to see before you die I had to visit the Cafe Tortoni when visiting BA.
We had a morning coffee with other tourists gazing ]]></excerpt>
	<link><![CDATA[http://www.tripadvisor.com/Attraction_Review-g312741-d311951-Reviews-Cafe_Tortoni-Buenos_Aires_Capital_Federal_District.html]]></link>
</review>
<review>
	<rating>5.0</rating>
	<author><![CDATA[OutofBrazil]]></author>
	<date>2007-07-28</date>
	<title><![CDATA[&#x201c;Not for everyone but we like it&#x201d;]]></title>
	<excerpt><![CDATA[As we have lived in Brazil since 1964, frequently we have visited Argentina and its capital, Bs. As.
The tango show in the small room is much better t]]></excerpt>
	<link><![CDATA[http://www.tripadvisor.com/Attraction_Review-g312741-d311951-Reviews-or10-Cafe_Tortoni-Buenos_Aires_Capital_Federal_District.html]]></link>
</review>
<review>
	<rating>5.0</rating>
	<author><![CDATA[CCataldi]]></author>
	<date>2006-06-19</date>
	<title><![CDATA[&#x201c;A Must See&#x201d;]]></title>
	<excerpt><![CDATA[I am horrified at the poor comments about Cafe Tortoni! This is a MUST SEE in Buenos Aires. The food is reasonable considering it is a historic landma]]></excerpt>
	<link><![CDATA[http://www.tripadvisor.com/Attraction_Review-g312741-d311951-Reviews-or10-Cafe_Tortoni-Buenos_Aires_Capital_Federal_District.html]]></link>
</review>
<review>
	<rating>3.0</rating>
	<author><![CDATA[A TripAdvisor Member]]></author>
	<date>2006-01-04</date>
	<title><![CDATA[&#x201c;Dont Judge All Argentine Cafes by the Caf Tortoni&#x201d;]]></title>
	<excerpt><![CDATA[We went to the Caf Tortoni because a guide book I had recommended it. However, it looked like everyone there had read the same guidebook. We went ar]]></excerpt>
	<link><![CDATA[http://www.tripadvisor.com/Attraction_Review-g312741-d311951-Reviews-or10-Cafe_Tortoni-Buenos_Aires_Capital_Federal_District.html]]></link>
</review>
<review>
	<rating>4.0</rating>
	<author><![CDATA[ndm2000]]></author>
	<date>2005-04-06</date>
	<title><![CDATA[&#x201c;Loved it. Great Tango show too&#x201d;]]></title>
	<excerpt><![CDATA[It's a great place to stop in for a cafecito and a churro. At night, we went to a tango show that included some folkloric dances. At $20 pesos cover (]]></excerpt>
	<link><![CDATA[http://www.tripadvisor.com/Attraction_Review-g312741-d311951-Reviews-or10-Cafe_Tortoni-Buenos_Aires_Capital_Federal_District.html]]></link>
</review>
<review>
	<rating>1.0</rating>
	<author><![CDATA[A TripAdvisor Member]]></author>
	<date>2005-04-05</date>
	<title><![CDATA[&#x201c;Only go if you want food poisoning&#x201d;]]></title>
	<excerpt><![CDATA[I continue to be amazed at the guidebooks that recommend this place! My husband and I first went to BA over 2 years ago and are returning this week. T]]></excerpt>
	<link><![CDATA[http://www.tripadvisor.com/Attraction_Review-g312741-d311951-Reviews-or10-Cafe_Tortoni-Buenos_Aires_Capital_Federal_District.html]]></link>
</review>
<review>
	<rating>2.0</rating>
	<author><![CDATA[A TripAdvisor Member]]></author>
	<date>2004-11-09</date>
	<title><![CDATA[&#x201c;Overrated&#x201d;]]></title>
	<excerpt><![CDATA[Stopped in here a couple of times and each time it was smoky with slow service and very average food. Its also overpriced considering what you get in ]]></excerpt>
	<link><![CDATA[http://www.tripadvisor.com/Attraction_Review-g312741-d311951-Reviews-or10-Cafe_Tortoni-Buenos_Aires_Capital_Federal_District.html]]></link>
</review>
<review>
	<rating>4.0</rating>
	<author><![CDATA[_AteNeaNikE_]]></author>
	<date>2009-01-16</date>
	<title><![CDATA[&#x201c;Tradicional&#x201d;]]></title>
	<excerpt><![CDATA[Me encant el lugar, aunque no puedo hablar ni del espectculo de tango, ni del servicio gastronmico, ya que cuando... more]]></excerpt>
	<link><![CDATA[http://www.tripadvisor.com/Attraction_Review-g312741-d311951-Reviews-or10-Cafe_Tortoni-Buenos_Aires_Capital_Federal_District.html]]></link>
</review>
<review>
	<rating>4.0</rating>
	<author><![CDATA[Panaglori]]></author>
	<date>2008-01-29</date>
	<title><![CDATA[&#x201c;Vean el show de tango en el caf Tortoni&#x201d;]]></title>
	<excerpt><![CDATA[Estuve hace menos de una semana en Caf Tortoni. Por el precio del show de tango es excelente. Son cantados... more]]></excerpt>
	<link><![CDATA[http://www.tripadvisor.com/Attraction_Review-g312741-d311951-Reviews-or10-Cafe_Tortoni-Buenos_Aires_Capital_Federal_District.html]]></link>
</review>
</source>