<source name="Trip Advisor" avg-rating="4.0">
<review>
	<rating>2.0</rating>
	<author><![CDATA[caligula79]]></author>
	<date>2009-03-17</date>
	<title><![CDATA[&#x201c;Splurge Elsewhere...&#x201d;]]></title>
	<excerpt><![CDATA[On a recent trip to Buenos Aires, the entire focus of which was eating and drinking, the most highly anticipated meal was Casa Cruz. The reviews were ]]></excerpt>
	<link><![CDATA[http://www.tripadvisor.com/Restaurant_Review-g312741-d1008876-Reviews-Casa_Cruz-Buenos_Aires_Capital_Federal_District.html]]></link>
</review>
<review>
	<rating>4.0</rating>
	<author><![CDATA[cr_traveler1979]]></author>
	<date>2009-03-06</date>
	<title><![CDATA[&#x201c;Outstanding Atmosphere&#x201d;]]></title>
	<excerpt><![CDATA[The place is very impressive at the entrance and the restaurant decoration is very nice. Food is too sophisticated but very good. more]]></excerpt>
	<link><![CDATA[http://www.tripadvisor.com/Restaurant_Review-g312741-d1008876-Reviews-Casa_Cruz-Buenos_Aires_Capital_Federal_District.html]]></link>
</review>
<review>
	<rating>5.0</rating>
	<author><![CDATA[littlebrooktrout]]></author>
	<date>2008-01-12</date>
	<title><![CDATA[&#x201c;Fantastic evening out!&#x201d;]]></title>
	<excerpt><![CDATA[We were recommended this restaurant by the girls running the apartment we were staying in (Buenos Aires Base - www.buenosairesbase.com). It was truly ]]></excerpt>
	<link><![CDATA[http://www.tripadvisor.com/Restaurant_Review-g312741-d1008876-Reviews-Casa_Cruz-Buenos_Aires_Capital_Federal_District.html]]></link>
</review>
</source>