<source name="Trip Advisor" avg-rating="4.0">
<review>
	<rating>4.0</rating>
	<author><![CDATA[A TripAdvisor Contributor]]></author>
	<date>2008-12-02</date>
	<title><![CDATA[&#x201c;Good, sort-of-cheap...&#x201d;]]></title>
	<excerpt><![CDATA[Good, sort-of-cheap argentine Parrilla. Not the best meat, but pretty decent. Anyway... tons of better places around. more]]></excerpt>
	<link><![CDATA[http://www.tripadvisor.com/Restaurant_Review-g312741-d1066258-Reviews-El_Desnivel-Buenos_Aires_Capital_Federal_District.html]]></link>
</review>
<review>
	<rating>5.0</rating>
	<author><![CDATA[A TripAdvisor Contributor]]></author>
	<date>2008-08-06</date>
	<title><![CDATA[&#x201c;the best bife de lomo...&#x201d;]]></title>
	<excerpt><![CDATA[the best bife de lomo, ever! more]]></excerpt>
	<link><![CDATA[http://www.tripadvisor.com/Restaurant_Review-g312741-d1066258-Reviews-El_Desnivel-Buenos_Aires_Capital_Federal_District.html]]></link>
</review>
<review>
	<rating>3.0</rating>
	<author><![CDATA[WalterPBuenos Aires]]></author>
	<date>2008-12-24</date>
	<title><![CDATA[&#x201c;Una linda cantina para...&#x201d;]]></title>
	<excerpt><![CDATA[Una linda cantina para comer parrillada, los chinchulines son especiales!!!
Tambien tienen muy buenos sorrentinos!!!! more]]></excerpt>
	<link><![CDATA[http://www.tripadvisor.com/Restaurant_Review-g312741-d1066258-Reviews-El_Desnivel-Buenos_Aires_Capital_Federal_District.html]]></link>
</review>
</source>