<source name="Trip Advisor" avg-rating="4.5">
<review>
	<rating>5.0</rating>
	<author><![CDATA[Ventin]]></author>
	<date>2008-12-21</date>
	<title><![CDATA[&#x201c;Good and cheap argentinian food&#x201d;]]></title>
	<excerpt><![CDATA[Great restaurant, friendly service and really good prices. No luxury. Large portions. Try the "papas soufle", the clasical of the restaurant. more]]></excerpt>
	<link><![CDATA[http://www.tripadvisor.com/Restaurant_Review-g312741-d1210616-Reviews-El_Palacio_de_la_Papa_Frita-Buenos_Aires_Capital_Federal_District.html]]></link>
</review>
<review>
	<rating>4.0</rating>
	<author><![CDATA[A TripAdvisor Contributor]]></author>
	<date>2008-12-02</date>
	<title><![CDATA[&#x201c;Another classic. typical...&#x201d;]]></title>
	<excerpt><![CDATA[Another classic. typical old-fashioned Argentine restaurant. Good food, moderate prices. Particularly good for after-theater dinner or a typical famil]]></excerpt>
	<link><![CDATA[http://www.tripadvisor.com/Restaurant_Review-g312741-d1210616-Reviews-El_Palacio_de_la_Papa_Frita-Buenos_Aires_Capital_Federal_District.html]]></link>
</review>
<review>
	<rating>4.0</rating>
	<author><![CDATA[snowskatermn]]></author>
	<date>2008-11-18</date>
	<title><![CDATA[&#x201c;Unexpectedly Good&#x201d;]]></title>
	<excerpt><![CDATA[I had a half roasted chicken, it was excellent well roasted, juicy, natural tasting pretty awesome for not expecting much from the looks of the place.]]></excerpt>
	<link><![CDATA[http://www.tripadvisor.com/Restaurant_Review-g312741-d1210616-Reviews-El_Palacio_de_la_Papa_Frita-Buenos_Aires_Capital_Federal_District.html]]></link>
</review>
<review>
	<rating>3.0</rating>
	<author><![CDATA[WalterPBuenos Aires]]></author>
	<date>2008-12-21</date>
	<title><![CDATA[&#x201c;Historico lugar para...&#x201d;]]></title>
	<excerpt><![CDATA[Historico lugar para comer papas fritas sufles. muy recomendable la milanesa rellena. more]]></excerpt>
	<link><![CDATA[http://www.tripadvisor.com/Restaurant_Review-g312741-d1210616-Reviews-El_Palacio_de_la_Papa_Frita-Buenos_Aires_Capital_Federal_District.html]]></link>
</review>
</source>