<source name="Trip Advisor" avg-rating="3.5">
<review>
	<rating>5.0</rating>
	<author><![CDATA[Natsanchez]]></author>
	<date>2009-02-09</date>
	<title><![CDATA[&#x201c;Perfect evening!&#x201d;]]></title>
	<excerpt><![CDATA[The greatest show I've ever been.
We were there at 9 p.m. and an elegant waiter led us to our table we had reserved a month earlier.
They took our ord]]></excerpt>
	<link><![CDATA[http://www.tripadvisor.com/Attraction_Review-g312741-d313751-Reviews-Esquina_Carlos_Gardel-Buenos_Aires_Capital_Federal_District.html]]></link>
</review>
<review>
	<rating>4.0</rating>
	<author><![CDATA[deredye]]></author>
	<date>2009-02-07</date>
	<title><![CDATA[&#x201c;A memorable Tango expererience&#x201d;]]></title>
	<excerpt><![CDATA[We were recommended this show from a local Argentine family friend in Buenos Aires. The food was very good, excellent service, and the show was a memo]]></excerpt>
	<link><![CDATA[http://www.tripadvisor.com/Attraction_Review-g312741-d313751-Reviews-Esquina_Carlos_Gardel-Buenos_Aires_Capital_Federal_District.html]]></link>
</review>
<review>
	<rating>4.0</rating>
	<author><![CDATA[Charlie Sierra]]></author>
	<date>2009-01-25</date>
	<title><![CDATA[&#x201c;Get a booth!&#x201d;]]></title>
	<excerpt><![CDATA[Perhaps it was the reservation by our concierge at Sofitel that snagged the four of us a booth that seemed slightly elevated in comparison to the 50-p]]></excerpt>
	<link><![CDATA[http://www.tripadvisor.com/Attraction_Review-g312741-d313751-Reviews-Esquina_Carlos_Gardel-Buenos_Aires_Capital_Federal_District.html]]></link>
</review>
<review>
	<rating>1.0</rating>
	<author><![CDATA[pachikov]]></author>
	<date>2008-11-30</date>
	<title><![CDATA[&#x201c;It was the most terrible service I ever had.&#x201d;]]></title>
	<excerpt><![CDATA[It was my wife's birthday and we decided to spend the evening in Esquina Carlos Gardel. came from New York and booked a very good room in Faena hotel.]]></excerpt>
	<link><![CDATA[http://www.tripadvisor.com/Attraction_Review-g312741-d313751-Reviews-Esquina_Carlos_Gardel-Buenos_Aires_Capital_Federal_District.html]]></link>
</review>
<review>
	<rating>5.0</rating>
	<author><![CDATA[SLPOhio]]></author>
	<date>2008-07-14</date>
	<title><![CDATA[&#x201c;VIP provides a BUENO experience!&#x201d;]]></title>
	<excerpt><![CDATA[Order VIP tickets ahead of time. Go to the front of the line. As you enter the restaurant, get your photo taken with a tango dancer. SMILE! Be seated ]]></excerpt>
	<link><![CDATA[http://www.tripadvisor.com/Attraction_Review-g312741-d313751-Reviews-Esquina_Carlos_Gardel-Buenos_Aires_Capital_Federal_District.html]]></link>
</review>
<review>
	<rating>4.0</rating>
	<author><![CDATA[macfroggy]]></author>
	<date>2008-02-24</date>
	<title><![CDATA[&#x201c;Well organized tourist show&#x201d;]]></title>
	<excerpt><![CDATA[A perfect tourist evening, well-organized to get you in and out happy.
I don't agree that BsAs food is good, and the meals here were just fine, what y]]></excerpt>
	<link><![CDATA[http://www.tripadvisor.com/Attraction_Review-g312741-d313751-Reviews-Esquina_Carlos_Gardel-Buenos_Aires_Capital_Federal_District.html]]></link>
</review>
<review>
	<rating>3.0</rating>
	<author><![CDATA[BlueWhirl]]></author>
	<date>2007-12-23</date>
	<title><![CDATA[&#x201c;Avoid their dinner&#x201d;]]></title>
	<excerpt><![CDATA[The choreography, the technical skills and the artistry of the dancers were superb. The orchestra, the vocals and the wardrobe were also fantastic. So]]></excerpt>
	<link><![CDATA[http://www.tripadvisor.com/Attraction_Review-g312741-d313751-Reviews-Esquina_Carlos_Gardel-Buenos_Aires_Capital_Federal_District.html]]></link>
</review>
<review>
	<rating>5.0</rating>
	<author><![CDATA[benelitango]]></author>
	<date>2007-12-06</date>
	<title><![CDATA[&#x201c;Tango Show the best in Buenos Aires&#x201d;]]></title>
	<excerpt><![CDATA[As a Carlos Gardel fan it was always my dream to visit Buenos Aires. Esquina Carlos Gardel was an excelent choice for food, entertainment. I am now in]]></excerpt>
	<link><![CDATA[http://www.tripadvisor.com/Attraction_Review-g312741-d313751-Reviews-Esquina_Carlos_Gardel-Buenos_Aires_Capital_Federal_District.html]]></link>
</review>
<review>
	<rating>3.0</rating>
	<author><![CDATA[glukos]]></author>
	<date>2007-08-02</date>
	<title><![CDATA[&#x201c;Cattle class dinner, excellent show&#x201d;]]></title>
	<excerpt><![CDATA[CARLOS GARDEL
During dinner and show we were seated together like cattle, we were sitting so close that if my boyfriend tried to move he would touch t]]></excerpt>
	<link><![CDATA[http://www.tripadvisor.com/Attraction_Review-g312741-d313751-Reviews-Esquina_Carlos_Gardel-Buenos_Aires_Capital_Federal_District.html]]></link>
</review>
<review>
	<rating>1.0</rating>
	<author><![CDATA[K2Travels]]></author>
	<date>2007-07-30</date>
	<title><![CDATA[&#x201c;Stay Away, far, far away&#x201d;]]></title>
	<excerpt><![CDATA[Where to begin? Let's start at the beginning where they place your group at a long, thin table so the only way one could see the stage would be to tur]]></excerpt>
	<link><![CDATA[http://www.tripadvisor.com/Attraction_Review-g312741-d313751-Reviews-Esquina_Carlos_Gardel-Buenos_Aires_Capital_Federal_District.html]]></link>
</review>
<review>
	<rating>3.0</rating>
	<author><![CDATA[lots-of-km]]></author>
	<date>2005-02-15</date>
	<title><![CDATA[&#x201c;Wonderful show, hospital-quality food&#x201d;]]></title>
	<excerpt><![CDATA[As one other reviewer noted, stay away from the meal/show package, and grab a bite to eat at Abasto shopping centre across the street. Just buy ticket]]></excerpt>
	<link><![CDATA[http://www.tripadvisor.com/Attraction_Review-g312741-d313751-Reviews-or10-Esquina_Carlos_Gardel-Buenos_Aires_Capital_Federal_District.html]]></link>
</review>
<review>
	<rating>4.0</rating>
	<author><![CDATA[AlexRosell]]></author>
	<date>2004-05-24</date>
	<title><![CDATA[&#x201c;Tango is Bs As&#x201d;]]></title>
	<excerpt><![CDATA[The esquina Carlos Gardel was a great experience, the service was wonderful. The show consisted of different performances of local tango dancing which]]></excerpt>
	<link><![CDATA[http://www.tripadvisor.com/Attraction_Review-g312741-d313751-Reviews-or10-Esquina_Carlos_Gardel-Buenos_Aires_Capital_Federal_District.html]]></link>
</review>
</source>