<source name="Trip Advisor" avg-rating="4.0">
<review>
	<rating>4.0</rating>
	<author><![CDATA[DrBlueJacksonHole]]></author>
	<date>2009-02-17</date>
	<title><![CDATA[&#x201c;A good restaurant on the wharf but there are better!&#x201d;]]></title>
	<excerpt><![CDATA[Estilo Campo, Av Alicia Moreau de Justo 1840 in Puerto Madero-an average meal. Would probably go somewhere else next time. Steak was tasty for being o]]></excerpt>
	<link><![CDATA[http://www.tripadvisor.com/Restaurant_Review-g312741-d1100424-Reviews-Estilo_Campo-Buenos_Aires_Capital_Federal_District.html]]></link>
</review>
<review>
	<rating>2.0</rating>
	<author><![CDATA[A TripAdvisor Contributor]]></author>
	<date>2008-12-02</date>
	<title><![CDATA[&#x201c;I wouldn't go back...&#x201d;]]></title>
	<excerpt><![CDATA[I wouldn't go back... food isn't that great, kinda expensive... nothing special more]]></excerpt>
	<link><![CDATA[http://www.tripadvisor.com/Restaurant_Review-g312741-d1100424-Reviews-Estilo_Campo-Buenos_Aires_Capital_Federal_District.html]]></link>
</review>
<review>
	<rating>3.0</rating>
	<author><![CDATA[WalterPBuenos Aires]]></author>
	<date>2008-12-24</date>
	<title><![CDATA[&#x201c;Buen lugar para comer en...&#x201d;]]></title>
	<excerpt><![CDATA[Buen lugar para comer en reuniones de negocios, carne muy buena y clima especial more]]></excerpt>
	<link><![CDATA[http://www.tripadvisor.com/Restaurant_Review-g312741-d1100424-Reviews-Estilo_Campo-Buenos_Aires_Capital_Federal_District.html]]></link>
</review>
<review>
	<rating>5.0</rating>
	<author><![CDATA[A TripAdvisor Contributor]]></author>
	<date>2008-08-03</date>
	<title><![CDATA[&#x201c;BUENO....BASTANTE BUENO&#x201d;]]></title>
	<excerpt><![CDATA[BUENO....BASTANTE BUENO more]]></excerpt>
	<link><![CDATA[http://www.tripadvisor.com/Restaurant_Review-g312741-d1100424-Reviews-Estilo_Campo-Buenos_Aires_Capital_Federal_District.html]]></link>
</review>
</source>