<source name="Trip Advisor" avg-rating="4.0">
<review>
	<rating>3.0</rating>
	<author><![CDATA[Irishgirlabroad]]></author>
	<date>2008-12-27</date>
	<title><![CDATA[&#x201c;Two tier price system&#x201d;]]></title>
	<excerpt><![CDATA[Located in an ideal corner location opposite La Recoleta Cementary.
Quite a large restaurant with an old style decor which seems quite popular with bu]]></excerpt>
	<link><![CDATA[http://www.tripadvisor.com/Restaurant_Review-g312741-d946025-Reviews-La_Biela-Buenos_Aires_Capital_Federal_District.html]]></link>
</review>
<review>
	<rating>3.0</rating>
	<author><![CDATA[A TripAdvisor Contributor]]></author>
	<date>2008-11-24</date>
	<title><![CDATA[&#x201c;Great ambiance!&#x201d;]]></title>
	<excerpt><![CDATA[Great ambiance! more]]></excerpt>
	<link><![CDATA[http://www.tripadvisor.com/Restaurant_Review-g312741-d946025-Reviews-La_Biela-Buenos_Aires_Capital_Federal_District.html]]></link>
</review>
<review>
	<rating>3.0</rating>
	<author><![CDATA[A TripAdvisor Contributor]]></author>
	<date>2008-07-17</date>
	<title><![CDATA[&#x201c;Great for tea time.&#x201d;]]></title>
	<excerpt><![CDATA[Great for tea time. more]]></excerpt>
	<link><![CDATA[http://www.tripadvisor.com/Restaurant_Review-g312741-d946025-Reviews-La_Biela-Buenos_Aires_Capital_Federal_District.html]]></link>
</review>
<review>
	<rating>4.0</rating>
	<author><![CDATA[A TripAdvisor Contributor]]></author>
	<date>2008-08-21</date>
	<title><![CDATA[&#x201c;Un lindo cafe para...&#x201d;]]></title>
	<excerpt><![CDATA[Un lindo cafe para turistas! more]]></excerpt>
	<link><![CDATA[http://www.tripadvisor.com/Restaurant_Review-g312741-d946025-Reviews-La_Biela-Buenos_Aires_Capital_Federal_District.html]]></link>
</review>
<review>
	<rating>3.0</rating>
	<author><![CDATA[A TripAdvisor Contributor]]></author>
	<date>2008-08-05</date>
	<title><![CDATA[&#x201c;Hay mejores opciones en...&#x201d;]]></title>
	<excerpt><![CDATA[Hay mejores opciones en buenos Aires para disfrutar de un rico Cafecito... no se justifica el precio! more]]></excerpt>
	<link><![CDATA[http://www.tripadvisor.com/Restaurant_Review-g312741-d946025-Reviews-La_Biela-Buenos_Aires_Capital_Federal_District.html]]></link>
</review>
</source>