<source name="Trip Advisor" avg-rating="3.5">
<review>
	<rating>5.0</rating>
	<author><![CDATA[Actorathlete]]></author>
	<date>2009-03-16</date>
	<title><![CDATA[&#x201c;THE BEST dinner in BA!!!&#x201d;]]></title>
	<excerpt><![CDATA[Forget what that person from boston said!!! La Brigada was INCREDIBLE. We were worried that it would be a tourist trap but many local Porteno friends ]]></excerpt>
	<link><![CDATA[http://www.tripadvisor.com/Restaurant_Review-g312741-d1066282-Reviews-La_Brigada-Buenos_Aires_Capital_Federal_District.html]]></link>
</review>
<review>
	<rating>5.0</rating>
	<author><![CDATA[aview2akill]]></author>
	<date>2009-03-07</date>
	<title><![CDATA[&#x201c;My favorite restaurant in Buenos Aires!&#x201d;]]></title>
	<excerpt><![CDATA[I found La Brigada in the Lonely Planet Encounters book for Buenos Aires (I highly recommend this guide for any trip to Buenos Aires). The restaurant ]]></excerpt>
	<link><![CDATA[http://www.tripadvisor.com/Restaurant_Review-g312741-d1066282-Reviews-La_Brigada-Buenos_Aires_Capital_Federal_District.html]]></link>
</review>
<review>
	<rating>1.0</rating>
	<author><![CDATA[statestreet75]]></author>
	<date>2009-02-19</date>
	<title><![CDATA[&#x201c;Bad last year - bad this year&#x201d;]]></title>
	<excerpt><![CDATA[While the guide books might fawn over this place, and the concierges mgiht recommend it for the same reasons, it is frankly an overated trap, with bad]]></excerpt>
	<link><![CDATA[http://www.tripadvisor.com/Restaurant_Review-g312741-d1066282-Reviews-La_Brigada-Buenos_Aires_Capital_Federal_District.html]]></link>
</review>
<review>
	<rating>3.0</rating>
	<author><![CDATA[travelguru240]]></author>
	<date>2009-01-24</date>
	<title><![CDATA[&#x201c;Good Food; Overrun by Tourists&#x201d;]]></title>
	<excerpt><![CDATA[This place used to be so great! The food is very good and the steaks and the desserts are memorable. Unfortunately, this special spot has been overrun]]></excerpt>
	<link><![CDATA[http://www.tripadvisor.com/Restaurant_Review-g312741-d1066282-Reviews-La_Brigada-Buenos_Aires_Capital_Federal_District.html]]></link>
</review>
<review>
	<rating>4.0</rating>
	<author><![CDATA[Kimberly530]]></author>
	<date>2009-01-17</date>
	<title><![CDATA[&#x201c;Good Parilla in San Telmo&#x201d;]]></title>
	<excerpt><![CDATA[Went there for lunch one day in Buenos Aires and had the lomo and the empanadas - both were very tasty. Lomo was not quite as rare as I might have lik]]></excerpt>
	<link><![CDATA[http://www.tripadvisor.com/Restaurant_Review-g312741-d1066282-Reviews-La_Brigada-Buenos_Aires_Capital_Federal_District.html]]></link>
</review>
<review>
	<rating>3.0</rating>
	<author><![CDATA[Irishgirlabroad]]></author>
	<date>2008-12-27</date>
	<title><![CDATA[&#x201c;Ideal for sportsfans&#x201d;]]></title>
	<excerpt><![CDATA[We had been looking forward to eating in La Brigada as it had received good write ups in a couple of guide books.
Staff were reasonably friendly, deco]]></excerpt>
	<link><![CDATA[http://www.tripadvisor.com/Restaurant_Review-g312741-d1066282-Reviews-La_Brigada-Buenos_Aires_Capital_Federal_District.html]]></link>
</review>
<review>
	<rating>2.0</rating>
	<author><![CDATA[SoleNero]]></author>
	<date>2008-12-20</date>
	<title><![CDATA[&#x201c;Disappointing my great expectations.&#x201d;]]></title>
	<excerpt><![CDATA[The steak house is located in the old San Telmo district. It's quite famous for being visited by politicians and football stars... anyway, the argenti]]></excerpt>
	<link><![CDATA[http://www.tripadvisor.com/Restaurant_Review-g312741-d1066282-Reviews-La_Brigada-Buenos_Aires_Capital_Federal_District.html]]></link>
</review>
<review>
	<rating>5.0</rating>
	<author><![CDATA[acribari]]></author>
	<date>2008-12-11</date>
	<title><![CDATA[&#x201c;excellent parrilla in san telmo&#x201d;]]></title>
	<excerpt><![CDATA[My husband and I dined here last month after a tango show (El Viejo Alcamen - great show, we loved it and recommend) We were seated upstairs and pract]]></excerpt>
	<link><![CDATA[http://www.tripadvisor.com/Restaurant_Review-g312741-d1066282-Reviews-La_Brigada-Buenos_Aires_Capital_Federal_District.html]]></link>
</review>
<review>
	<rating>2.0</rating>
	<author><![CDATA[snowskatermn]]></author>
	<date>2008-11-18</date>
	<title><![CDATA[&#x201c;Cool Place, Bad Steak&#x201d;]]></title>
	<excerpt><![CDATA[Nice Atmosphere, Neat photos, Soccer memorabilia, Stuff on the walls, reminded me of a place in california where famous people go and the food is just]]></excerpt>
	<link><![CDATA[http://www.tripadvisor.com/Restaurant_Review-g312741-d1066282-Reviews-La_Brigada-Buenos_Aires_Capital_Federal_District.html]]></link>
</review>
<review>
	<rating>2.0</rating>
	<author><![CDATA[maasai1066]]></author>
	<date>2008-11-14</date>
	<title><![CDATA[&#x201c;Very Good Service, Inadequate Meal&#x201d;]]></title>
	<excerpt><![CDATA[The food was truly disappointing. I asked for a specific cut but was told that since I wanted it medium rare I should choose a different cut. I conced]]></excerpt>
	<link><![CDATA[http://www.tripadvisor.com/Restaurant_Review-g312741-d1066282-Reviews-La_Brigada-Buenos_Aires_Capital_Federal_District.html]]></link>
</review>
<review>
	<rating>2.0</rating>
	<author><![CDATA[Paul061]]></author>
	<date>2008-11-02</date>
	<title><![CDATA[&#x201c;Food for thought&#x201d;]]></title>
	<excerpt><![CDATA[Ok, so picture this: We walk into the restaurant at 8:00PM having reserved a table 4 hours earlier. My wife (67) fell on her knee at the airport and i]]></excerpt>
	<link><![CDATA[http://www.tripadvisor.com/Restaurant_Review-g312741-d1066282-Reviews-or10-La_Brigada-Buenos_Aires_Capital_Federal_District.html]]></link>
</review>
<review>
	<rating>4.0</rating>
	<author><![CDATA[zupo]]></author>
	<date>2008-10-09</date>
	<title><![CDATA[&#x201c;Very Good, Not great....&#x201d;]]></title>
	<excerpt><![CDATA[Just returned from BA where we ate at La Brigada. Prices were reasonable and the service was excellent. Good wine list. I ordered the steak the the wa]]></excerpt>
	<link><![CDATA[http://www.tripadvisor.com/Restaurant_Review-g312741-d1066282-Reviews-or10-La_Brigada-Buenos_Aires_Capital_Federal_District.html]]></link>
</review>
<review>
	<rating>5.0</rating>
	<author><![CDATA[MichaelSMunich]]></author>
	<date>2008-08-25</date>
	<title><![CDATA[&#x201c;La Brigada is a great...&#x201d;]]></title>
	<excerpt><![CDATA[La Brigada is a great parilla. With steaks to die for, good wines and a great service crew. It is supposed to be one of the best places in town, not v]]></excerpt>
	<link><![CDATA[http://www.tripadvisor.com/Restaurant_Review-g312741-d1066282-Reviews-or10-La_Brigada-Buenos_Aires_Capital_Federal_District.html]]></link>
</review>
<review>
	<rating>5.0</rating>
	<author><![CDATA[A TripAdvisor Contributor]]></author>
	<date>2008-09-04</date>
	<title><![CDATA[&#x201c;Hay que probar el corte...&#x201d;]]></title>
	<excerpt><![CDATA[Hay que probar el corte especial. more]]></excerpt>
	<link><![CDATA[http://www.tripadvisor.com/Restaurant_Review-g312741-d1066282-Reviews-or10-La_Brigada-Buenos_Aires_Capital_Federal_District.html]]></link>
</review>
</source>