<source name="Trip Advisor" avg-rating="2.5">
<review>
	<rating>1.0</rating>
	<author><![CDATA[mopNY]]></author>
	<date>2009-01-02</date>
	<title><![CDATA[&#x201c;Madero Tango Rip-off&#x201d;]]></title>
	<excerpt><![CDATA[Hard to believe there could be a good review of this place out there. DON'T GO!! This does not even qualify as bad dinner theater.
At nearly $150 per ]]></excerpt>
	<link><![CDATA[http://www.tripadvisor.com/Attraction_Review-g312741-d648715-Reviews-Madero_Tango-Buenos_Aires_Capital_Federal_District.html]]></link>
</review>
<review>
	<rating>1.0</rating>
	<author><![CDATA[travelbug009]]></author>
	<date>2008-12-24</date>
	<title><![CDATA[&#x201c;Dont go to Madero Tango&#x201d;]]></title>
	<excerpt><![CDATA[This place is like Las Vegas meets Tango. Slick and of no value. The food was bad, the dancing mediocre and not authentic. If you are interested in se]]></excerpt>
	<link><![CDATA[http://www.tripadvisor.com/Attraction_Review-g312741-d648715-Reviews-Madero_Tango-Buenos_Aires_Capital_Federal_District.html]]></link>
</review>
<review>
	<rating>2.0</rating>
	<author><![CDATA[dreamsincold]]></author>
	<date>2008-11-26</date>
	<title><![CDATA[&#x201c;terrible service. good show.&#x201d;]]></title>
	<excerpt><![CDATA[The show was good. It was the only tango show we saw during our trip so I can't really compare.
The service was awful. The host sold us a VIP table fo]]></excerpt>
	<link><![CDATA[http://www.tripadvisor.com/Attraction_Review-g312741-d648715-Reviews-Madero_Tango-Buenos_Aires_Capital_Federal_District.html]]></link>
</review>
<review>
	<rating>4.0</rating>
	<author><![CDATA[tmarcone]]></author>
	<date>2008-10-06</date>
	<title><![CDATA[&#x201c;A good take&#x201d;]]></title>
	<excerpt><![CDATA[Attended the tango show with a group on business in Sept-2008. We had a VIP table with fixed menu, wine, dessert etc. Cost - US$ was 150. Show was gre]]></excerpt>
	<link><![CDATA[http://www.tripadvisor.com/Attraction_Review-g312741-d648715-Reviews-Madero_Tango-Buenos_Aires_Capital_Federal_District.html]]></link>
</review>
<review>
	<rating>1.0</rating>
	<author><![CDATA[enderart]]></author>
	<date>2008-06-18</date>
	<title><![CDATA[&#x201c;Horrible Show, Horrible Food, What a Waste of Time&#x201d;]]></title>
	<excerpt><![CDATA[We attended the MaderoTango Cena Show in June 2008, when we arrived everything seemed like a traditional theatre. However, when our hostess took us up]]></excerpt>
	<link><![CDATA[http://www.tripadvisor.com/Attraction_Review-g312741-d648715-Reviews-Madero_Tango-Buenos_Aires_Capital_Federal_District.html]]></link>
</review>
<review>
	<rating>5.0</rating>
	<author><![CDATA[AlinaSkyla]]></author>
	<date>2007-03-29</date>
	<title><![CDATA[&#x201c;Maderotango cena show&#x201d;]]></title>
	<excerpt><![CDATA[In addition to a fine dinner...
Once you have heard/ seen the nitty-gritty traditional tango, it's time to be less old-fashioned and dive into tango f]]></excerpt>
	<link><![CDATA[http://www.tripadvisor.com/Attraction_Review-g312741-d648715-Reviews-Madero_Tango-Buenos_Aires_Capital_Federal_District.html]]></link>
</review>
</source>