<source name="Trip Advisor" avg-rating="4.0">
<review>
	<rating>3.0</rating>
	<author><![CDATA[WalterPBuenos Aires]]></author>
	<date>2008-12-21</date>
	<title><![CDATA[&#x201c;cocina tipoca espaola&#x201d;]]></title>
	<excerpt><![CDATA[cocina tipoca espaola more]]></excerpt>
	<link><![CDATA[http://www.tripadvisor.com/Restaurant_Review-g312741-d1066300-Reviews-Museo_del_Jamon-Buenos_Aires_Capital_Federal_District.html]]></link>
</review>
<review>
	<rating>5.0</rating>
	<author><![CDATA[A TripAdvisor Contributor]]></author>
	<date>2008-09-06</date>
	<title><![CDATA[&#x201c;Caro pero excelente&#x201d;]]></title>
	<excerpt><![CDATA[Caro pero excelente more]]></excerpt>
	<link><![CDATA[http://www.tripadvisor.com/Restaurant_Review-g312741-d1066300-Reviews-Museo_del_Jamon-Buenos_Aires_Capital_Federal_District.html]]></link>
</review>
<review>
	<rating>5.0</rating>
	<author><![CDATA[A TripAdvisor Contributor]]></author>
	<date>2008-08-03</date>
	<title><![CDATA[&#x201c;MUY RICO.....Y BUENOS...&#x201d;]]></title>
	<excerpt><![CDATA[MUY RICO.....Y BUENOS PRECIOS more]]></excerpt>
	<link><![CDATA[http://www.tripadvisor.com/Restaurant_Review-g312741-d1066300-Reviews-Museo_del_Jamon-Buenos_Aires_Capital_Federal_District.html]]></link>
</review>
<review>
	<rating>4.0</rating>
	<author><![CDATA[A TripAdvisor Contributor]]></author>
	<date>2008-07-30</date>
	<title><![CDATA[&#x201c;Caro.Pero buen nivel.&#x201d;]]></title>
	<excerpt><![CDATA[Caro.Pero buen nivel. more]]></excerpt>
	<link><![CDATA[http://www.tripadvisor.com/Restaurant_Review-g312741-d1066300-Reviews-Museo_del_Jamon-Buenos_Aires_Capital_Federal_District.html]]></link>
</review>
<review>
	<rating>4.0</rating>
	<author><![CDATA[A TripAdvisor Contributor]]></author>
	<date>2008-06-06</date>
	<title><![CDATA[&#x201c;Comi muy bien, lstima...&#x201d;]]></title>
	<excerpt><![CDATA[Comi muy bien, lstima los precios more]]></excerpt>
	<link><![CDATA[http://www.tripadvisor.com/Restaurant_Review-g312741-d1066300-Reviews-Museo_del_Jamon-Buenos_Aires_Capital_Federal_District.html]]></link>
</review>
</source>