<source name="Trip Advisor" avg-rating="4.0">
<review>
	<rating>5.0</rating>
	<author><![CDATA[Danamal]]></author>
	<date>2008-11-09</date>
	<title><![CDATA[&#x201c;Great seafood in the beef capital of the world&#x201d;]]></title>
	<excerpt><![CDATA[Just returned from a week in Buenos Aires, and had dinner twice at Nemo - and lunch the day we left. Everything is fresh and grilled and terrific. Bas]]></excerpt>
	<link><![CDATA[http://www.tripadvisor.com/Restaurant_Review-g312741-d1118174-Reviews-Nemo-Buenos_Aires_Capital_Federal_District.html]]></link>
</review>
</source>