<source name="Trip Advisor" avg-rating="4.0">
<review>
	<rating>5.0</rating>
	<author><![CDATA[cr_traveler1979]]></author>
	<date>2009-03-06</date>
	<title><![CDATA[&#x201c;A Buenos Aires MUST&#x201d;]]></title>
	<excerpt><![CDATA[The restaurant is very nice and clean, casual and trendy
Great atmosphere! The food was outstanding. We had a tuna steak. They serve bagels with diffe]]></excerpt>
	<link><![CDATA[http://www.tripadvisor.com/Restaurant_Review-g312741-d780513-Reviews-Olsen-Buenos_Aires_Capital_Federal_District.html]]></link>
</review>
<review>
	<rating>1.0</rating>
	<author><![CDATA[halankar]]></author>
	<date>2009-03-05</date>
	<title><![CDATA[&#x201c;wtf?&#x201d;]]></title>
	<excerpt><![CDATA[So we went to Olsen on Sunday for the brunch. We had read everywhere that it opens at 10:30, so we arrived at 11AM. We met a couple waiting outside wh]]></excerpt>
	<link><![CDATA[http://www.tripadvisor.com/Restaurant_Review-g312741-d780513-Reviews-Olsen-Buenos_Aires_Capital_Federal_District.html]]></link>
</review>
<review>
	<rating>5.0</rating>
	<author><![CDATA[NicolasB_BA]]></author>
	<date>2009-02-07</date>
	<title><![CDATA[&#x201c;one of the best in BA.&#x201d;]]></title>
	<excerpt><![CDATA[one of the best in BA. more]]></excerpt>
	<link><![CDATA[http://www.tripadvisor.com/Restaurant_Review-g312741-d780513-Reviews-Olsen-Buenos_Aires_Capital_Federal_District.html]]></link>
</review>
<review>
	<rating>5.0</rating>
	<author><![CDATA[VelhoSorriso]]></author>
	<date>2008-02-17</date>
	<title><![CDATA[&#x201c;Unparalleled Cleanliness in BA&#x201d;]]></title>
	<excerpt><![CDATA[lsen's is a Scandinavian restaurant that imported cleanliness to Argentina.
What a treat for Sunday brunch. Bagels and salmon. Champagne. Incredibly]]></excerpt>
	<link><![CDATA[http://www.tripadvisor.com/Restaurant_Review-g312741-d780513-Reviews-Olsen-Buenos_Aires_Capital_Federal_District.html]]></link>
</review>
<review>
	<rating>4.0</rating>
	<author><![CDATA[A TripAdvisor Contributor]]></author>
	<date>2008-08-22</date>
	<title><![CDATA[&#x201c;Me gusto!&#x201d;]]></title>
	<excerpt><![CDATA[Me gusto! more]]></excerpt>
	<link><![CDATA[http://www.tripadvisor.com/Restaurant_Review-g312741-d780513-Reviews-Olsen-Buenos_Aires_Capital_Federal_District.html]]></link>
</review>
</source>