<source name="Trip Advisor" avg-rating="4.5">
<review>
	<rating>2.0</rating>
	<author><![CDATA[Gaucho100K]]></author>
	<date>2009-02-16</date>
	<title><![CDATA[&#x201c;conveniently located but thats about it&#x201d;]]></title>
	<excerpt><![CDATA[Piegari has the advantage of location - close to a few popular luxury hotels, and it does have a decent reputation gained over the first years of exis]]></excerpt>
	<link><![CDATA[http://www.tripadvisor.com/Restaurant_Review-g312741-d944058-Reviews-Piegari-Buenos_Aires_Capital_Federal_District.html]]></link>
</review>
<review>
	<rating>1.0</rating>
	<author><![CDATA[divinedinner]]></author>
	<date>2009-01-11</date>
	<title><![CDATA[&#x201c;Heart breaking disappointment ...&#x201d;]]></title>
	<excerpt><![CDATA[This used to be my favorite Italian restaurant in BA and top 3 in the world but as the Spanish say "crea fama y acuetate a dormir" which translates to]]></excerpt>
	<link><![CDATA[http://www.tripadvisor.com/Restaurant_Review-g312741-d944058-Reviews-Piegari-Buenos_Aires_Capital_Federal_District.html]]></link>
</review>
<review>
	<rating>4.0</rating>
	<author><![CDATA[QandS]]></author>
	<date>2009-01-04</date>
	<title><![CDATA[&#x201c;Loved it!&#x201d;]]></title>
	<excerpt><![CDATA[There are two of these restaurants across the street from each other. My wife and I had dinner in the one they call the "seafood" part. We went into t]]></excerpt>
	<link><![CDATA[http://www.tripadvisor.com/Restaurant_Review-g312741-d944058-Reviews-Piegari-Buenos_Aires_Capital_Federal_District.html]]></link>
</review>
<review>
	<rating>4.0</rating>
	<author><![CDATA[pulpgrinder]]></author>
	<date>2008-12-31</date>
	<title><![CDATA[&#x201c;Good food and friendly staff&#x201d;]]></title>
	<excerpt><![CDATA[The price for 2 people is more in the range of $50USD and more if wine is added. The food is great and the portions are ample. The waitstaff is very a]]></excerpt>
	<link><![CDATA[http://www.tripadvisor.com/Restaurant_Review-g312741-d944058-Reviews-Piegari-Buenos_Aires_Capital_Federal_District.html]]></link>
</review>
<review>
	<rating>5.0</rating>
	<author><![CDATA[A TripAdvisor Contributor]]></author>
	<date>2008-08-02</date>
	<title><![CDATA[&#x201c;Excellent Italian...&#x201d;]]></title>
	<excerpt><![CDATA[Excellent Italian Restaurant. more]]></excerpt>
	<link><![CDATA[http://www.tripadvisor.com/Restaurant_Review-g312741-d944058-Reviews-Piegari-Buenos_Aires_Capital_Federal_District.html]]></link>
</review>
<review>
	<rating>3.0</rating>
	<author><![CDATA[A TripAdvisor Contributor]]></author>
	<date>2008-07-16</date>
	<title><![CDATA[&#x201c;Great food, huge...&#x201d;]]></title>
	<excerpt><![CDATA[Great food, huge servings and good service. more]]></excerpt>
	<link><![CDATA[http://www.tripadvisor.com/Restaurant_Review-g312741-d944058-Reviews-Piegari-Buenos_Aires_Capital_Federal_District.html]]></link>
</review>
<review>
	<rating>5.0</rating>
	<author><![CDATA[A TripAdvisor Contributor]]></author>
	<date>2008-06-08</date>
	<title><![CDATA[&#x201c;Execelente pasta negra...&#x201d;]]></title>
	<excerpt><![CDATA[Execelente pasta negra rellena de cangrejo en salsa de langostinos a la crema y ajo. more]]></excerpt>
	<link><![CDATA[http://www.tripadvisor.com/Restaurant_Review-g312741-d944058-Reviews-Piegari-Buenos_Aires_Capital_Federal_District.html]]></link>
</review>
<review>
	<rating>5.0</rating>
	<author><![CDATA[A TripAdvisor Contributor]]></author>
	<date>2008-05-31</date>
	<title><![CDATA[&#x201c;Excelent, good service...&#x201d;]]></title>
	<excerpt><![CDATA[Excelent, good service, Abundant food. You Have to go hungry. but is not 25 bucks! is more like 50! more]]></excerpt>
	<link><![CDATA[http://www.tripadvisor.com/Restaurant_Review-g312741-d944058-Reviews-Piegari-Buenos_Aires_Capital_Federal_District.html]]></link>
</review>
<review>
	<rating>5.0</rating>
	<author><![CDATA[PepsiNZ]]></author>
	<date>2008-05-12</date>
	<title><![CDATA[&#x201c;Lovely Restaurant&#x201d;]]></title>
	<excerpt><![CDATA[For our last night in Buenos Aires we wanted to go somewhere special and this place was recommended to us by the hotel we stayed in. The location init]]></excerpt>
	<link><![CDATA[http://www.tripadvisor.com/Restaurant_Review-g312741-d944058-Reviews-Piegari-Buenos_Aires_Capital_Federal_District.html]]></link>
</review>
<review>
	<rating>4.0</rating>
	<author><![CDATA[A TripAdvisor Contributor]]></author>
	<date>2008-04-22</date>
	<title><![CDATA[&#x201c;Very popular with show...&#x201d;]]></title>
	<excerpt><![CDATA[Very popular with show biz. Very convenient location. more]]></excerpt>
	<link><![CDATA[http://www.tripadvisor.com/Restaurant_Review-g312741-d944058-Reviews-Piegari-Buenos_Aires_Capital_Federal_District.html]]></link>
</review>
<review>
	<rating>5.0</rating>
	<author><![CDATA[A TripAdvisor Contributor]]></author>
	<date>2008-03-16</date>
	<title><![CDATA[&#x201c;I eat very good in...&#x201d;]]></title>
	<excerpt><![CDATA[I eat very good in Piegari more]]></excerpt>
	<link><![CDATA[http://www.tripadvisor.com/Restaurant_Review-g312741-d944058-Reviews-or10-Piegari-Buenos_Aires_Capital_Federal_District.html]]></link>
</review>
<review>
	<rating>4.0</rating>
	<author><![CDATA[A TripAdvisor Contributor]]></author>
	<date>2008-02-25</date>
	<title><![CDATA[&#x201c;Amazing sorrentinos and...&#x201d;]]></title>
	<excerpt><![CDATA[Amazing sorrentinos and all filled pasta dishes! more]]></excerpt>
	<link><![CDATA[http://www.tripadvisor.com/Restaurant_Review-g312741-d944058-Reviews-or10-Piegari-Buenos_Aires_Capital_Federal_District.html]]></link>
</review>
<review>
	<rating>5.0</rating>
	<author><![CDATA[A TripAdvisor Contributor]]></author>
	<date>2008-02-22</date>
	<title><![CDATA[&#x201c;dont forget to get the...&#x201d;]]></title>
	<excerpt><![CDATA[dont forget to get the oysters! the place can become a little noisy sometimes. best time to go: night more]]></excerpt>
	<link><![CDATA[http://www.tripadvisor.com/Restaurant_Review-g312741-d944058-Reviews-or10-Piegari-Buenos_Aires_Capital_Federal_District.html]]></link>
</review>
<review>
	<rating>5.0</rating>
	<author><![CDATA[A TripAdvisor Contributor]]></author>
	<date>2008-01-27</date>
	<title><![CDATA[&#x201c;Best garlic shrimp in...&#x201d;]]></title>
	<excerpt><![CDATA[Best garlic shrimp in the world and guitar strings fideos. more]]></excerpt>
	<link><![CDATA[http://www.tripadvisor.com/Restaurant_Review-g312741-d944058-Reviews-or10-Piegari-Buenos_Aires_Capital_Federal_District.html]]></link>
</review>
<review>
	<rating>5.0</rating>
	<author><![CDATA[gavita]]></author>
	<date>2009-02-26</date>
	<title><![CDATA[&#x201c;Uff mi preferido en Buenos Aires&#x201d;]]></title>
	<excerpt><![CDATA[SI tengo que elegir un restaurant preferido en mi ciudad, este es...... el mejor, el numero uno. Su pan de... more]]></excerpt>
	<link><![CDATA[http://www.tripadvisor.com/Restaurant_Review-g312741-d944058-Reviews-or10-Piegari-Buenos_Aires_Capital_Federal_District.html]]></link>
</review>
<review>
	<rating>5.0</rating>
	<author><![CDATA[A TripAdvisor Contributor]]></author>
	<date>2008-08-22</date>
	<title><![CDATA[&#x201c;Sin dudas las mejores...&#x201d;]]></title>
	<excerpt><![CDATA[Sin dudas las mejores pastas de Buenos Aires! Excelente ubicacin. more]]></excerpt>
	<link><![CDATA[http://www.tripadvisor.com/Restaurant_Review-g312741-d944058-Reviews-or10-Piegari-Buenos_Aires_Capital_Federal_District.html]]></link>
</review>
<review>
	<rating>4.0</rating>
	<author><![CDATA[A TripAdvisor Contributor]]></author>
	<date>2008-08-03</date>
	<title><![CDATA[&#x201c;Bueno el pulpo...&#x201d;]]></title>
	<excerpt><![CDATA[Bueno el pulpo, langostinos, centolla y las pasta (que no como) more]]></excerpt>
	<link><![CDATA[http://www.tripadvisor.com/Restaurant_Review-g312741-d944058-Reviews-or10-Piegari-Buenos_Aires_Capital_Federal_District.html]]></link>
</review>
<review>
	<rating>3.0</rating>
	<author><![CDATA[A TripAdvisor Contributor]]></author>
	<date>2008-06-11</date>
	<title><![CDATA[&#x201c;Esta bueno .Pero me...&#x201d;]]></title>
	<excerpt><![CDATA[Esta bueno .Pero me parece que bajaron un toque el nivel. more]]></excerpt>
	<link><![CDATA[http://www.tripadvisor.com/Restaurant_Review-g312741-d944058-Reviews-or10-Piegari-Buenos_Aires_Capital_Federal_District.html]]></link>
</review>
<review>
	<rating>5.0</rating>
	<author><![CDATA[A TripAdvisor Contributor]]></author>
	<date>2008-05-22</date>
	<title><![CDATA[&#x201c;Excelente pasta. Uno de...&#x201d;]]></title>
	<excerpt><![CDATA[Excelente pasta. Uno de los dos mejores resto de pasta !!! more]]></excerpt>
	<link><![CDATA[http://www.tripadvisor.com/Restaurant_Review-g312741-d944058-Reviews-or10-Piegari-Buenos_Aires_Capital_Federal_District.html]]></link>
</review>
<review>
	<rating>4.0</rating>
	<author><![CDATA[A TripAdvisor Contributor]]></author>
	<date>2008-03-24</date>
	<title><![CDATA[&#x201c;muy buenas pastas, el...&#x201d;]]></title>
	<excerpt><![CDATA[muy buenas pastas, el ambiente un poco formal y de gente mayor more]]></excerpt>
	<link><![CDATA[http://www.tripadvisor.com/Restaurant_Review-g312741-d944058-Reviews-or10-Piegari-Buenos_Aires_Capital_Federal_District.html]]></link>
</review>
<review>
	<rating>5.0</rating>
	<author><![CDATA[A TripAdvisor Contributor]]></author>
	<date>2008-01-15</date>
	<title><![CDATA[&#x201c;uno de los mejores de...&#x201d;]]></title>
	<excerpt><![CDATA[uno de los mejores de pasta en buenos aires... caro, ambiente adulto / turistico /corporativo. De entrada lsa gambas al... more]]></excerpt>
	<link><![CDATA[http://www.tripadvisor.com/Restaurant_Review-g312741-d944058-Reviews-or20-Piegari-Buenos_Aires_Capital_Federal_District.html]]></link>
</review>
</source>