<source name="Trip Advisor" avg-rating="4.0">
<review>
	<rating>5.0</rating>
	<author><![CDATA[MukulVerma]]></author>
	<date>2009-02-06</date>
	<title><![CDATA[&#x201c;Great Food and Great Service Restaurant in BA!&#x201d;]]></title>
	<excerpt><![CDATA[We had a great food and service at Puerto Cristal along the waters of Puerto Madreo. Great chicken and pasta, more then just a great steak.
Would reco]]></excerpt>
	<link><![CDATA[http://www.tripadvisor.com/Restaurant_Review-g312741-d1218348-Reviews-Restaurante_Puerto_Cristal-Buenos_Aires_Capital_Federal_District.html]]></link>
</review>
<review>
	<rating>4.0</rating>
	<author><![CDATA[Alastair24]]></author>
	<date>2008-12-02</date>
	<title><![CDATA[&#x201c;Seafood in BA&#x201d;]]></title>
	<excerpt><![CDATA[Located in Puerto Madero with a number of other restaurants, this was the one the concierge recommended for seafood and we weren't disappointed.
We ha]]></excerpt>
	<link><![CDATA[http://www.tripadvisor.com/Restaurant_Review-g312741-d1218348-Reviews-Restaurante_Puerto_Cristal-Buenos_Aires_Capital_Federal_District.html]]></link>
</review>
<review>
	<rating>5.0</rating>
	<author><![CDATA[AnnandDale]]></author>
	<date>2008-04-06</date>
	<title><![CDATA[&#x201c;Great Seafood Restaurant!&#x201d;]]></title>
	<excerpt><![CDATA[This restaurant has it all! Great atmosphere, excellent service, and magnificent food. The portions were very large. It is located along the port with]]></excerpt>
	<link><![CDATA[http://www.tripadvisor.com/Restaurant_Review-g312741-d1218348-Reviews-Restaurante_Puerto_Cristal-Buenos_Aires_Capital_Federal_District.html]]></link>
</review>
</source>