<source name="Trip Advisor" avg-rating="4.0">
<review>
	<rating>1.0</rating>
	<author><![CDATA[mrodrigu]]></author>
	<date>2009-02-20</date>
	<title><![CDATA[&#x201c;Food poisoning&#x201d;]]></title>
	<excerpt><![CDATA[Went on a friday night (our last night in BA) and because there was an hour wait for tables at all the other restaurants nearby we decided to try out ]]></excerpt>
	<link><![CDATA[http://www.tripadvisor.com/Restaurant_Review-g312741-d1009288-Reviews-Puerto_Sorrento-Buenos_Aires_Capital_Federal_District.html]]></link>
</review>
<review>
	<rating>5.0</rating>
	<author><![CDATA[tourpro1]]></author>
	<date>2008-02-19</date>
	<title><![CDATA[&#x201c;Excellent dining in Buenos Aires&#x201d;]]></title>
	<excerpt><![CDATA[Review of Puerto Sorrento Restaurante, Buenos Aires
We had the great pleasure of lunching at the Puerto Sorrento Restaurante in the Puerto Madero area]]></excerpt>
	<link><![CDATA[http://www.tripadvisor.com/Restaurant_Review-g312741-d1009288-Reviews-Puerto_Sorrento-Buenos_Aires_Capital_Federal_District.html]]></link>
</review>
</source>