<source name="Trip Advisor" avg-rating="3.0">
<review>
	<rating>1.0</rating>
	<author><![CDATA[sjmartins]]></author>
	<date>2008-08-08</date>
	<title><![CDATA[&#x201c;Avoid at any cost&#x201d;]]></title>
	<excerpt><![CDATA[If you are looking for a reasonable steak meal in BA, keep distance of Siga La Vaca. OK, you can take some funny picture with the cow at entrance, but]]></excerpt>
	<link><![CDATA[http://www.tripadvisor.com/Restaurant_Review-g312741-d798610-Reviews-Siga_La_Vaca-Buenos_Aires_Capital_Federal_District.html]]></link>
</review>
</source>