<source name="Trip Advisor" avg-rating="4.0">
<review>
	<rating>5.0</rating>
	<author><![CDATA[foodiE36]]></author>
	<date>2009-02-20</date>
	<title><![CDATA[&#x201c;Muy bueno&#x201d;]]></title>
	<excerpt><![CDATA[Make sure you sample the house cocktails. You won't be disappointed. The pork and crab spring rolls are a must. They are "roll your own" style, but ve]]></excerpt>
	<link><![CDATA[http://www.tripadvisor.com/Restaurant_Review-g312741-d809787-Reviews-Sudestada-Buenos_Aires_Capital_Federal_District.html]]></link>
</review>
<review>
	<rating>5.0</rating>
	<author><![CDATA[meesheyb]]></author>
	<date>2009-02-17</date>
	<title><![CDATA[&#x201c;good asian fare&#x201d;]]></title>
	<excerpt><![CDATA[Went to dinner with several others to this joint and was NOT disappointed. We have had many nights of good local food and wanted a change of pace. We ]]></excerpt>
	<link><![CDATA[http://www.tripadvisor.com/Restaurant_Review-g312741-d809787-Reviews-Sudestada-Buenos_Aires_Capital_Federal_District.html]]></link>
</review>
<review>
	<rating>5.0</rating>
	<author><![CDATA[Tombrasil]]></author>
	<date>2009-01-27</date>
	<title><![CDATA[&#x201c;bargain lunch menu&#x201d;]]></title>
	<excerpt><![CDATA[We had a great- and cheap- lunch here. You can choose to have it spicy or not, and by Argentinean standards it was fiery! Cool and casual ambience. mo]]></excerpt>
	<link><![CDATA[http://www.tripadvisor.com/Restaurant_Review-g312741-d809787-Reviews-Sudestada-Buenos_Aires_Capital_Federal_District.html]]></link>
</review>
<review>
	<rating>2.0</rating>
	<author><![CDATA[phoenix_dog]]></author>
	<date>2008-10-30</date>
	<title><![CDATA[&#x201c;Skip It For Now&#x201d;]]></title>
	<excerpt><![CDATA[This place was recommended by a few of the new guide books; apparantly, they've been successful enough to open another restaurant in Spain. We chose i]]></excerpt>
	<link><![CDATA[http://www.tripadvisor.com/Restaurant_Review-g312741-d809787-Reviews-Sudestada-Buenos_Aires_Capital_Federal_District.html]]></link>
</review>
</source>