<source name="Trip Advisor" avg-rating="4.0">
<review>
	<rating>4.0</rating>
	<author><![CDATA[MichaelSMunich]]></author>
	<date>2008-08-25</date>
	<title><![CDATA[&#x201c;Thymus is the best proof...&#x201d;]]></title>
	<excerpt><![CDATA[Thymus is the best proof for BsAs cuisine not being just about steak. creative menu with french influences with great wine list and heavenly postres. ]]></excerpt>
	<link><![CDATA[http://www.tripadvisor.com/Restaurant_Review-g312741-d816537-Reviews-THYMUS-Buenos_Aires_Capital_Federal_District.html]]></link>
</review>
<review>
	<rating>2.0</rating>
	<author><![CDATA[A TripAdvisor Contributor]]></author>
	<date>2008-07-16</date>
	<title><![CDATA[&#x201c;No fue lo que...&#x201d;]]></title>
	<excerpt><![CDATA[No fue lo que esperaba... la comida no sorprende y la ambientacin tampoco. more]]></excerpt>
	<link><![CDATA[http://www.tripadvisor.com/Restaurant_Review-g312741-d816537-Reviews-THYMUS-Buenos_Aires_Capital_Federal_District.html]]></link>
</review>
</source>