<source name="Trip Advisor" avg-rating="4.0">
<review>
	<rating>5.0</rating>
	<author><![CDATA[dogboy87]]></author>
	<date>2008-08-28</date>
	<title><![CDATA[&#x201c;Wonderfully adventurous&#x201d;]]></title>
	<excerpt><![CDATA[The guidebooks said this place specialized in using Patagonian ingredients. Since I don't really know what grows in Patagonia, I'll take their word fo]]></excerpt>
	<link><![CDATA[http://www.tripadvisor.com/Restaurant_Review-g312741-d780888-Reviews-Tomo_I-Buenos_Aires_Capital_Federal_District.html]]></link>
</review>
</source>