<source name="Trip Advisor" avg-rating="4.0">
<review>
	<rating>4.0</rating>
	<author><![CDATA[A TripAdvisor Contributor]]></author>
	<date>2008-07-30</date>
	<title><![CDATA[&#x201c;Medio salado.Pero tienen...&#x201d;]]></title>
	<excerpt><![CDATA[Medio salado.Pero tienen buena atencin y el nivel de toda la comida es bastante bueno. more]]></excerpt>
	<link><![CDATA[http://www.tripadvisor.com/Restaurant_Review-g312741-d946017-Reviews-Las_Violetas-Buenos_Aires_Capital_Federal_District.html]]></link>
</review>
<review>
	<rating>5.0</rating>
	<author><![CDATA[pecasita]]></author>
	<date>2008-06-27</date>
	<title><![CDATA[&#x201c;A great place to dine&#x201d;]]></title>
	<excerpt><![CDATA[Great atmosphere, professional service, excellent food, a place to stay and enjoy more]]></excerpt>
	<link><![CDATA[http://www.tripadvisor.com/Restaurant_Review-g312741-d946017-Reviews-Las_Violetas-Buenos_Aires_Capital_Federal_District.html]]></link>
</review>
<review>
	<rating>5.0</rating>
	<author><![CDATA[A TripAdvisor Contributor]]></author>
	<date>2008-08-05</date>
	<title><![CDATA[&#x201c;Excelente para la...&#x201d;]]></title>
	<excerpt><![CDATA[Excelente para la familia, ideal para llevar a la abuela a tomar el te. No se pierdan la bandeja violetera!!!!!!!!!!! more]]></excerpt>
	<link><![CDATA[http://www.tripadvisor.com/Restaurant_Review-g312741-d946017-Reviews-Las_Violetas-Buenos_Aires_Capital_Federal_District.html]]></link>
</review>
<review>
	<rating>4.0</rating>
	<author><![CDATA[A TripAdvisor Contributor]]></author>
	<date>2008-07-09</date>
	<title><![CDATA[&#x201c;Muy bien reciclada&#x201d;]]></title>
	<excerpt><![CDATA[Muy bien reciclada more]]></excerpt>
	<link><![CDATA[http://www.tripadvisor.com/Restaurant_Review-g312741-d946017-Reviews-Las_Violetas-Buenos_Aires_Capital_Federal_District.html]]></link>
</review>
<review>
	<rating>3.0</rating>
	<author><![CDATA[A TripAdvisor Contributor]]></author>
	<date>2008-06-29</date>
	<title><![CDATA[&#x201c;imperdible el t Mara...&#x201d;]]></title>
	<excerpt><![CDATA[imperdible el t Mara Callas y la decoracin del lugar more]]></excerpt>
	<link><![CDATA[http://www.tripadvisor.com/Restaurant_Review-g312741-d946017-Reviews-Las_Violetas-Buenos_Aires_Capital_Federal_District.html]]></link>
</review>
</source>