<source name="Trip Advisor" avg-rating="4.0">
<review>
	<rating>4.0</rating>
	<author><![CDATA[A TripAdvisor Member]]></author>
	<date>2005-01-01</date>
	<title><![CDATA[&#x201c;Antigua's Historic St. John's Cathedral Worth a Quick Visit&#x201d;]]></title>
	<excerpt><![CDATA[St. John's Cathedral is a classic in terms of architecture that depicts the colonial period in Antigua's rich history. The Cathedral holds regular ser]]></excerpt>
	<link><![CDATA[http://www.tripadvisor.com/Attraction_Review-g147243-d147947-Reviews-Cathedral_of_St_John_the_Divine-St_John_s_Antigua_Antigua_and_Barbuda.html]]></link>
</review>
</source>