<source name="Trip Advisor" avg-rating="4.0">
<review>
	<rating>5.0</rating>
	<author><![CDATA[oldpro53]]></author>
	<date>2009-01-21</date>
	<title><![CDATA[&#x201c;Caribbean golf at its finest&#x201d;]]></title>
	<excerpt><![CDATA[I have played Cedar Valley at last 100 times since 1977 when I first went to the island. The golf course was built by hand with little help from anyth]]></excerpt>
	<link><![CDATA[http://www.tripadvisor.com/Attraction_Review-g147243-d181906-Reviews-Cedar_Valley_Golf_Club-St_John_s_Antigua_Antigua_and_Barbuda.html]]></link>
</review>
<review>
	<rating>4.0</rating>
	<author><![CDATA[ayo68]]></author>
	<date>2005-12-13</date>
	<title><![CDATA[&#x201c;a memorable experience&#x201d;]]></title>
	<excerpt><![CDATA[Cedar Valley Golf course provides, I believe, the golfer with an exhilarating challenge in a dramatic setting. The front nine snakes its way through t]]></excerpt>
	<link><![CDATA[http://www.tripadvisor.com/Attraction_Review-g147243-d181906-Reviews-Cedar_Valley_Golf_Club-St_John_s_Antigua_Antigua_and_Barbuda.html]]></link>
</review>
<review>
	<rating>5.0</rating>
	<author><![CDATA[A TripAdvisor Member]]></author>
	<date>2002-08-13</date>
	<title><![CDATA[&#x201c;In the begining&#x201d;]]></title>
	<excerpt><![CDATA[We were charter members and I helped run some of the equipment to build the course. It was good fun back in "70/71" I just found my stock shares and t]]></excerpt>
	<link><![CDATA[http://www.tripadvisor.com/Attraction_Review-g147243-d181906-Reviews-Cedar_Valley_Golf_Club-St_John_s_Antigua_Antigua_and_Barbuda.html]]></link>
</review>
</source>