<source name="Trip Advisor" avg-rating="4.0">
<review>
	<rating>5.0</rating>
	<author><![CDATA[JayBah]]></author>
	<date>2007-08-20</date>
	<title><![CDATA[Skip the Hotel, go for the Villas!]]></title>
	<excerpt><![CDATA[When we visited Antigua (Aug 3 - 12, 2007), Galleon Beach Hotel was shut down, and we were told, possibly for good. The restaurant, Calabash, was work]]></excerpt>
	<link><![CDATA[http://www.tripadvisor.com/Hotel_Review-g147244-d150673-Reviews-Galleon_Beach_Club_Hotel-English_Harbour_Antigua_Antigua_and_Barbuda.html]]></link>
</review>
<review>
	<rating>4.0</rating>
	<author><![CDATA[Hates_Flying]]></author>
	<date>2006-03-28</date>
	<title><![CDATA[Very Comfortable]]></title>
	<excerpt><![CDATA[Well painted, clean, large and airy. The cottages have basic furniture but comfortable. They also have a full kitchen. Prior to arriving, you can ask ]]></excerpt>
	<link><![CDATA[http://www.tripadvisor.com/Hotel_Review-g147244-d150673-Reviews-Galleon_Beach_Club_Hotel-English_Harbour_Antigua_Antigua_and_Barbuda.html]]></link>
</review>
<review>
	<rating>4.0</rating>
	<author><![CDATA[TravelingFamily1364]]></author>
	<date>2006-01-05</date>
	<title><![CDATA[Relaxing holiday]]></title>
	<excerpt><![CDATA[My husband and I just returned from our first trip to Antigua. We stayed for four nights in a two bedroom garden cottage (Mayflower) with my parents. ]]></excerpt>
	<link><![CDATA[http://www.tripadvisor.com/Hotel_Review-g147244-d150673-Reviews-Galleon_Beach_Club_Hotel-English_Harbour_Antigua_Antigua_and_Barbuda.html]]></link>
</review>
<review>
	<rating>5.0</rating>
	<author><![CDATA[A TripAdvisor Member]]></author>
	<date>2005-04-15</date>
	<title><![CDATA[what a great place!]]></title>
	<excerpt><![CDATA[What a fabulous cottage, right on the beach, with the trade wind blowing through from front to back to keep us cool in the night. The cottage was old ]]></excerpt>
	<link><![CDATA[http://www.tripadvisor.com/Hotel_Review-g147244-d150673-Reviews-Galleon_Beach_Club_Hotel-English_Harbour_Antigua_Antigua_and_Barbuda.html]]></link>
</review>
<review>
	<rating>4.0</rating>
	<author><![CDATA[A TripAdvisor Member]]></author>
	<date>2005-02-12</date>
	<title><![CDATA[5 stars for restaurant and location]]></title>
	<excerpt><![CDATA[Difficult to give this one a rating. Sub-standard accommodation in a lovely setting.
The beachfront duplex was tired, to say the least. It was roomy -]]></excerpt>
	<link><![CDATA[http://www.tripadvisor.com/Hotel_Review-g147244-d150673-Reviews-Galleon_Beach_Club_Hotel-English_Harbour_Antigua_Antigua_and_Barbuda.html]]></link>
</review>
<review>
	<rating>5.0</rating>
	<author><![CDATA[Peggy&Ralph]]></author>
	<date>2004-03-19</date>
	<title><![CDATA[The Best View on the Island]]></title>
	<excerpt><![CDATA[3/15/04 We've just returned from our second stay at Galleon Beach Club, two years in a row. The setting is beautiful. Keep in mind that the villas do ]]></excerpt>
	<link><![CDATA[http://www.tripadvisor.com/Hotel_Review-g147244-d150673-Reviews-Galleon_Beach_Club_Hotel-English_Harbour_Antigua_Antigua_and_Barbuda.html]]></link>
</review>
</source>