<source name="Trip Advisor" avg-rating="3.0">
<review>
	<rating>2.0</rating>
	<author><![CDATA[zingg1]]></author>
	<date>2008-12-25</date>
	<title><![CDATA[&#x201c;Jolly Harbour - needs more "jolly!"&#x201d;]]></title>
	<excerpt><![CDATA[December 1 - 14, 2008
The easiest course to get on to play (just walk on)...on both days I palyed I saw only three golfers on the course other than us]]></excerpt>
	<link><![CDATA[http://www.tripadvisor.com/Attraction_Review-g147242-d181907-Reviews-Jolly_Harbour_Golf_Club-Antigua_Antigua_and_Barbuda.html]]></link>
</review>
<review>
	<rating>1.0</rating>
	<author><![CDATA[SteveNC]]></author>
	<date>2008-08-07</date>
	<title><![CDATA[&#x201c;Find something else to do!!&#x201d;]]></title>
	<excerpt><![CDATA[We spent 7 days on the beautiful island of Antigua in January, 2008. Stayed at the Jolly Beach resort and had a great vacation. However, the term "gre]]></excerpt>
	<link><![CDATA[http://www.tripadvisor.com/Attraction_Review-g147242-d181907-Reviews-Jolly_Harbour_Golf_Club-Antigua_Antigua_and_Barbuda.html]]></link>
</review>
<review>
	<rating>3.0</rating>
	<author><![CDATA[WorldGolfer74]]></author>
	<date>2008-07-12</date>
	<title><![CDATA[&#x201c;Interesting Reviews&#x201d;]]></title>
	<excerpt><![CDATA[Much of what has been said about Jolly Harbour golf course is true. It is short at 5600 Yards, however many of the fairways are shortened by the 7 lak]]></excerpt>
	<link><![CDATA[http://www.tripadvisor.com/Attraction_Review-g147242-d181907-Reviews-Jolly_Harbour_Golf_Club-Antigua_Antigua_and_Barbuda.html]]></link>
</review>
<review>
	<rating>3.0</rating>
	<author><![CDATA[tratfordtrekker]]></author>
	<date>2008-05-08</date>
	<title><![CDATA[&#x201c;Antigua is not a golf destination&#x201d;]]></title>
	<excerpt><![CDATA[I recently returned from Antigua where I played the Jolly Harbour Course. Antigua is not a destination for golf. There are 2 courses on the island, th]]></excerpt>
	<link><![CDATA[http://www.tripadvisor.com/Attraction_Review-g147242-d181907-Reviews-Jolly_Harbour_Golf_Club-Antigua_Antigua_and_Barbuda.html]]></link>
</review>
<review>
	<rating>1.0</rating>
	<author><![CDATA[squalis]]></author>
	<date>2007-05-02</date>
	<title><![CDATA[&#x201c;A Mistake&#x201d;]]></title>
	<excerpt><![CDATA[I recently spent 5 days in Antigua. This is a wonderful island with breathtaking scenery, very friendly people, and, to my surprise, excellent food. T]]></excerpt>
	<link><![CDATA[http://www.tripadvisor.com/Attraction_Review-g147242-d181907-Reviews-Jolly_Harbour_Golf_Club-Antigua_Antigua_and_Barbuda.html]]></link>
</review>
<review>
	<rating>4.0</rating>
	<author><![CDATA[ayo68]]></author>
	<date>2007-01-09</date>
	<title><![CDATA[&#x201c;friendly but interesting golf challenge&#x201d;]]></title>
	<excerpt><![CDATA[The course at Jolly Harbour offers a most enjoyable golfing experience, provided one is not overly critical of course conditioning. I have played the ]]></excerpt>
	<link><![CDATA[http://www.tripadvisor.com/Attraction_Review-g147242-d181907-Reviews-Jolly_Harbour_Golf_Club-Antigua_Antigua_and_Barbuda.html]]></link>
</review>
</source>