<source name="Trip Advisor" avg-rating="4.5">
<review>
	<rating>4.0</rating>
	<author><![CDATA[A TripAdvisor Contributor]]></author>
	<date>2008-12-08</date>
	<title><![CDATA[&#x201c;beautiful place with...&#x201d;]]></title>
	<excerpt><![CDATA[beautiful place with beautiful food and the DESSERT! more]]></excerpt>
	<link><![CDATA[http://www.tripadvisor.com/Restaurant_Review-g255100-d788956-Reviews-100_Mile_Cafe-Melbourne_Victoria.html]]></link>
</review>
<review>
	<rating>4.0</rating>
	<author><![CDATA[A TripAdvisor Contributor]]></author>
	<date>2008-12-01</date>
	<title><![CDATA[&#x201c;Fantastic food, great...&#x201d;]]></title>
	<excerpt><![CDATA[Fantastic food, great concept, good service, good vegetarian options... but i thought the atmosphere felt a little 'cool'. sitting outside on the balc]]></excerpt>
	<link><![CDATA[http://www.tripadvisor.com/Restaurant_Review-g255100-d788956-Reviews-100_Mile_Cafe-Melbourne_Victoria.html]]></link>
</review>
<review>
	<rating>3.0</rating>
	<author><![CDATA[A TripAdvisor Contributor]]></author>
	<date>2008-06-01</date>
	<title><![CDATA[&#x201c;food was alright, price...&#x201d;]]></title>
	<excerpt><![CDATA[food was alright, price was a bit pricy, restaurant looks good as it was top floor. But doubtful about the so called 100 mile ingredience?! more]]></excerpt>
	<link><![CDATA[http://www.tripadvisor.com/Restaurant_Review-g255100-d788956-Reviews-100_Mile_Cafe-Melbourne_Victoria.html]]></link>
</review>
<review>
	<rating>3.0</rating>
	<author><![CDATA[A TripAdvisor Contributor]]></author>
	<date>2008-05-04</date>
	<title><![CDATA[&#x201c;Campbellfield beef and...&#x201d;]]></title>
	<excerpt><![CDATA[Campbellfield beef and silken tofu burger more]]></excerpt>
	<link><![CDATA[http://www.tripadvisor.com/Restaurant_Review-g255100-d788956-Reviews-100_Mile_Cafe-Melbourne_Victoria.html]]></link>
</review>
<review>
	<rating>4.0</rating>
	<author><![CDATA[A TripAdvisor Contributor]]></author>
	<date>2007-11-28</date>
	<title><![CDATA[&#x201c;loved the spacious...&#x201d;]]></title>
	<excerpt><![CDATA[loved the spacious intimate atmosphere. quality menu. more]]></excerpt>
	<link><![CDATA[http://www.tripadvisor.com/Restaurant_Review-g255100-d788956-Reviews-100_Mile_Cafe-Melbourne_Victoria.html]]></link>
</review>
</source>