<source name="Trip Advisor" avg-rating="4.0">
<review>
	<rating>4.0</rating>
	<author><![CDATA[Heiscutinhalf]]></author>
	<date>2009-01-12</date>
	<title><![CDATA[&#x201c;Nice&#x201d;]]></title>
	<excerpt><![CDATA[I've been there a few times and always loved it. more]]></excerpt>
	<link><![CDATA[http://www.tripadvisor.com/Restaurant_Review-g255100-d721088-Reviews-Afghan_Gallery_Restaurant-Melbourne_Victoria.html]]></link>
</review>
<review>
	<rating>4.0</rating>
	<author><![CDATA[A TripAdvisor Contributor]]></author>
	<date>2008-06-27</date>
	<title><![CDATA[&#x201c;Loved the service...&#x201d;]]></title>
	<excerpt><![CDATA[Loved the service... friendly atmosphere. Good food. more]]></excerpt>
	<link><![CDATA[http://www.tripadvisor.com/Restaurant_Review-g255100-d721088-Reviews-Afghan_Gallery_Restaurant-Melbourne_Victoria.html]]></link>
</review>
<review>
	<rating>4.0</rating>
	<author><![CDATA[A TripAdvisor Contributor]]></author>
	<date>2008-05-12</date>
	<title><![CDATA[&#x201c;Great food. The upstairs...&#x201d;]]></title>
	<excerpt><![CDATA[Great food. The upstairs dining area provides a great envionment to hang out with friends. more]]></excerpt>
	<link><![CDATA[http://www.tripadvisor.com/Restaurant_Review-g255100-d721088-Reviews-Afghan_Gallery_Restaurant-Melbourne_Victoria.html]]></link>
</review>
<review>
	<rating>3.0</rating>
	<author><![CDATA[A TripAdvisor Contributor]]></author>
	<date>2008-04-27</date>
	<title><![CDATA[&#x201c;Went with a bunch of...&#x201d;]]></title>
	<excerpt><![CDATA[Went with a bunch of ppl.. Ok food n quite pricey.. I'd rather go to Dandenong to get some Afghan food.. more]]></excerpt>
	<link><![CDATA[http://www.tripadvisor.com/Restaurant_Review-g255100-d721088-Reviews-Afghan_Gallery_Restaurant-Melbourne_Victoria.html]]></link>
</review>
<review>
	<rating>2.0</rating>
	<author><![CDATA[A TripAdvisor Contributor]]></author>
	<date>2008-01-07</date>
	<title><![CDATA[&#x201c;OK place, funny waiter...&#x201d;]]></title>
	<excerpt><![CDATA[OK place, funny waiter, but the food itself was less than memorable. The second level might provide a more exotic environment, but we were not seated ]]></excerpt>
	<link><![CDATA[http://www.tripadvisor.com/Restaurant_Review-g255100-d721088-Reviews-Afghan_Gallery_Restaurant-Melbourne_Victoria.html]]></link>
</review>
<review>
	<rating>5.0</rating>
	<author><![CDATA[A TripAdvisor Contributor]]></author>
	<date>2007-12-18</date>
	<title><![CDATA[&#x201c;Exotic array of...&#x201d;]]></title>
	<excerpt><![CDATA[Exotic array of authentic afgani dishes. Ambience not the best feature. Excellent menu list. Get the waiters to explain the dishes but every dish is a]]></excerpt>
	<link><![CDATA[http://www.tripadvisor.com/Restaurant_Review-g255100-d721088-Reviews-Afghan_Gallery_Restaurant-Melbourne_Victoria.html]]></link>
</review>
<review>
	<rating>4.0</rating>
	<author><![CDATA[A TripAdvisor Contributor]]></author>
	<date>2007-12-16</date>
	<title><![CDATA[&#x201c;This place is special...&#x201d;]]></title>
	<excerpt><![CDATA[This place is special and just the right thing to round off the whole Brunswick Street experience. Escape the street's bongo-filled huzzle-and-buzzle ]]></excerpt>
	<link><![CDATA[http://www.tripadvisor.com/Restaurant_Review-g255100-d721088-Reviews-Afghan_Gallery_Restaurant-Melbourne_Victoria.html]]></link>
</review>
<review>
	<rating>5.0</rating>
	<author><![CDATA[A TripAdvisor Contributor]]></author>
	<date>2007-12-12</date>
	<title><![CDATA[&#x201c;something different, i...&#x201d;]]></title>
	<excerpt><![CDATA[something different, i liked! more]]></excerpt>
	<link><![CDATA[http://www.tripadvisor.com/Restaurant_Review-g255100-d721088-Reviews-Afghan_Gallery_Restaurant-Melbourne_Victoria.html]]></link>
</review>
<review>
	<rating>3.0</rating>
	<author><![CDATA[A TripAdvisor Contributor]]></author>
	<date>2007-12-04</date>
	<title><![CDATA[&#x201c;Typical Brunswick St...&#x201d;]]></title>
	<excerpt><![CDATA[Typical Brunswick St. The cliental are as interesting as the menu. more]]></excerpt>
	<link><![CDATA[http://www.tripadvisor.com/Restaurant_Review-g255100-d721088-Reviews-Afghan_Gallery_Restaurant-Melbourne_Victoria.html]]></link>
</review>
</source>