<source name="Trip Advisor" avg-rating="4.0">
<review>
	<rating>4.0</rating>
	<author><![CDATA[A TripAdvisor Contributor]]></author>
	<date>2008-05-16</date>
	<title><![CDATA[&#x201c;Hearty mexican! Huge...&#x201d;]]></title>
	<excerpt><![CDATA[Hearty mexican! Huge servings (as always) and great friendly service! more]]></excerpt>
	<link><![CDATA[http://www.tripadvisor.com/Restaurant_Review-g255100-d811673-Reviews-Amigos-Melbourne_Victoria.html]]></link>
</review>
<review>
	<rating>4.0</rating>
	<author><![CDATA[A TripAdvisor Contributor]]></author>
	<date>2008-05-12</date>
	<title><![CDATA[&#x201c;Great food, kinda...&#x201d;]]></title>
	<excerpt><![CDATA[Great food, kinda cramped though. more]]></excerpt>
	<link><![CDATA[http://www.tripadvisor.com/Restaurant_Review-g255100-d811673-Reviews-Amigos-Melbourne_Victoria.html]]></link>
</review>
<review>
	<rating>1.0</rating>
	<author><![CDATA[A TripAdvisor Contributor]]></author>
	<date>2008-01-31</date>
	<title><![CDATA[&#x201c;gets people because of...&#x201d;]]></title>
	<excerpt><![CDATA[gets people because of its position on chapel st. food ok, just well - ok. more]]></excerpt>
	<link><![CDATA[http://www.tripadvisor.com/Restaurant_Review-g255100-d811673-Reviews-Amigos-Melbourne_Victoria.html]]></link>
</review>
<review>
	<rating>4.0</rating>
	<author><![CDATA[A TripAdvisor Contributor]]></author>
	<date>2008-01-06</date>
	<title><![CDATA[&#x201c;My favorite mexican...&#x201d;]]></title>
	<excerpt><![CDATA[My favorite mexican restaurant. Excellent food. Great place to take the family. My 9 year old daughter loves it! more]]></excerpt>
	<link><![CDATA[http://www.tripadvisor.com/Restaurant_Review-g255100-d811673-Reviews-Amigos-Melbourne_Victoria.html]]></link>
</review>
<review>
	<rating>4.0</rating>
	<author><![CDATA[A TripAdvisor Contributor]]></author>
	<date>2008-01-04</date>
	<title><![CDATA[&#x201c;Authentic, brilliant...&#x201d;]]></title>
	<excerpt><![CDATA[Authentic, brilliant! And you need to go there to support the owner's brother who is in a Colombian jail. Or was it uncle? Lol. Yummy! more]]></excerpt>
	<link><![CDATA[http://www.tripadvisor.com/Restaurant_Review-g255100-d811673-Reviews-Amigos-Melbourne_Victoria.html]]></link>
</review>
<review>
	<rating>4.0</rating>
	<author><![CDATA[A TripAdvisor Contributor]]></author>
	<date>2008-01-03</date>
	<title><![CDATA[&#x201c;Lasting impression!&#x201d;]]></title>
	<excerpt><![CDATA[Lasting impression! more]]></excerpt>
	<link><![CDATA[http://www.tripadvisor.com/Restaurant_Review-g255100-d811673-Reviews-Amigos-Melbourne_Victoria.html]]></link>
</review>
<review>
	<rating>3.0</rating>
	<author><![CDATA[A TripAdvisor Contributor]]></author>
	<date>2008-01-03</date>
	<title><![CDATA[&#x201c;Too many beans!&#x201d;]]></title>
	<excerpt><![CDATA[Too many beans! more]]></excerpt>
	<link><![CDATA[http://www.tripadvisor.com/Restaurant_Review-g255100-d811673-Reviews-Amigos-Melbourne_Victoria.html]]></link>
</review>
<review>
	<rating>4.0</rating>
	<author><![CDATA[A TripAdvisor Contributor]]></author>
	<date>2007-12-30</date>
	<title><![CDATA[&#x201c;Great Mexican food...&#x201d;]]></title>
	<excerpt><![CDATA[Great Mexican food, Fantastic Latin coktails, Welcoming Service.. Nice atmosphere right on Chapel street. more]]></excerpt>
	<link><![CDATA[http://www.tripadvisor.com/Restaurant_Review-g255100-d811673-Reviews-Amigos-Melbourne_Victoria.html]]></link>
</review>
<review>
	<rating>4.0</rating>
	<author><![CDATA[A TripAdvisor Contributor]]></author>
	<date>2007-12-29</date>
	<title><![CDATA[&#x201c;Excellent food and...&#x201d;]]></title>
	<excerpt><![CDATA[Excellent food and location - service can be slow. Make sure you book in advance. more]]></excerpt>
	<link><![CDATA[http://www.tripadvisor.com/Restaurant_Review-g255100-d811673-Reviews-Amigos-Melbourne_Victoria.html]]></link>
</review>
<review>
	<rating>5.0</rating>
	<author><![CDATA[A TripAdvisor Contributor]]></author>
	<date>2007-12-24</date>
	<title><![CDATA[&#x201c;I love this place, went...&#x201d;]]></title>
	<excerpt><![CDATA[I love this place, went a few years back and ordered the chicken and sweet corn burrito and it was so good. Was back in Melbourne a few weeks ago and ]]></excerpt>
	<link><![CDATA[http://www.tripadvisor.com/Restaurant_Review-g255100-d811673-Reviews-Amigos-Melbourne_Victoria.html]]></link>
</review>
</source>