<source name="Trip Advisor" avg-rating="4.0">
<review>
	<rating>4.0</rating>
	<author><![CDATA[A TripAdvisor Contributor]]></author>
	<date>2008-09-10</date>
	<title><![CDATA[&#x201c;delicious asian cuisine&#x201d;]]></title>
	<excerpt><![CDATA[delicious asian cuisine more]]></excerpt>
	<link><![CDATA[http://www.tripadvisor.com/Restaurant_Review-g255100-d721666-Reviews-Asiana-Melbourne_Victoria.html]]></link>
</review>
<review>
	<rating>4.0</rating>
	<author><![CDATA[A TripAdvisor Contributor]]></author>
	<date>2007-11-24</date>
	<title><![CDATA[&#x201c;Great Food&#x201d;]]></title>
	<excerpt><![CDATA[Great Food more]]></excerpt>
	<link><![CDATA[http://www.tripadvisor.com/Restaurant_Review-g255100-d721666-Reviews-Asiana-Melbourne_Victoria.html]]></link>
</review>
<review>
	<rating>5.0</rating>
	<author><![CDATA[A TripAdvisor Contributor]]></author>
	<date>2007-11-14</date>
	<title><![CDATA[&#x201c;Lovely&#x201d;]]></title>
	<excerpt><![CDATA[Lovely more]]></excerpt>
	<link><![CDATA[http://www.tripadvisor.com/Restaurant_Review-g255100-d721666-Reviews-Asiana-Melbourne_Victoria.html]]></link>
</review>
</source>