<source name="Trip Advisor" avg-rating="4.5">
<review>
	<rating>4.0</rating>
	<author><![CDATA[anna68]]></author>
	<date>2008-11-13</date>
	<title><![CDATA[&#x201c;Loved it&#x201d;]]></title>
	<excerpt><![CDATA[Great food especially pizzas and salads and great prices. We were there in Dec, week before xmas, got very busy and the atmosphere was great. more]]></excerpt>
	<link><![CDATA[http://www.tripadvisor.com/Restaurant_Review-g255100-d721702-Reviews-Automatic_Cafe-Melbourne_Victoria.html]]></link>
</review>
<review>
	<rating>4.0</rating>
	<author><![CDATA[A TripAdvisor Contributor]]></author>
	<date>2008-07-12</date>
	<title><![CDATA[&#x201c;retro furniture, quick...&#x201d;]]></title>
	<excerpt><![CDATA[retro furniture, quick service, nice view... yummy lemon tart. more]]></excerpt>
	<link><![CDATA[http://www.tripadvisor.com/Restaurant_Review-g255100-d721702-Reviews-Automatic_Cafe-Melbourne_Victoria.html]]></link>
</review>
<review>
	<rating>3.0</rating>
	<author><![CDATA[A TripAdvisor Contributor]]></author>
	<date>2008-04-13</date>
	<title><![CDATA[&#x201c;Food is OK...&#x201d;]]></title>
	<excerpt><![CDATA[Food is OK... more]]></excerpt>
	<link><![CDATA[http://www.tripadvisor.com/Restaurant_Review-g255100-d721702-Reviews-Automatic_Cafe-Melbourne_Victoria.html]]></link>
</review>
<review>
	<rating>2.0</rating>
	<author><![CDATA[A TripAdvisor Contributor]]></author>
	<date>2008-04-04</date>
	<title><![CDATA[&#x201c;Cheap quick food...&#x201d;]]></title>
	<excerpt><![CDATA[Cheap quick food. Average atmosphere. more]]></excerpt>
	<link><![CDATA[http://www.tripadvisor.com/Restaurant_Review-g255100-d721702-Reviews-Automatic_Cafe-Melbourne_Victoria.html]]></link>
</review>
</source>