<source name="Trip Advisor" avg-rating="4.5">
<review>
	<rating>3.0</rating>
	<author><![CDATA[A TripAdvisor Contributor]]></author>
	<date>2007-12-04</date>
	<title><![CDATA[&#x201c;too expensive!!! food's...&#x201d;]]></title>
	<excerpt><![CDATA[too expensive!!! food's aight!!! more]]></excerpt>
	<link><![CDATA[http://www.tripadvisor.com/Restaurant_Review-g255100-d721767-Reviews-Bamboo_House_Chinese_Restaurant-Melbourne_Victoria.html]]></link>
</review>
<review>
	<rating>3.0</rating>
	<author><![CDATA[A TripAdvisor Contributor]]></author>
	<date>2007-11-18</date>
	<title><![CDATA[&#x201c;Same as so many others...&#x201d;]]></title>
	<excerpt><![CDATA[Same as so many others in chinatown.... but still good. more]]></excerpt>
	<link><![CDATA[http://www.tripadvisor.com/Restaurant_Review-g255100-d721767-Reviews-Bamboo_House_Chinese_Restaurant-Melbourne_Victoria.html]]></link>
</review>
</source>