<source name="Trip Advisor" avg-rating="4.5">
<review>
	<rating>5.0</rating>
	<author><![CDATA[A TripAdvisor Contributor]]></author>
	<date>2008-06-01</date>
	<title><![CDATA[&#x201c;excellent for wine...&#x201d;]]></title>
	<excerpt><![CDATA[excellent for wine, tapas and nice conversation :) more]]></excerpt>
	<link><![CDATA[http://www.tripadvisor.com/Restaurant_Review-g255100-d738982-Reviews-Bar_Lourinha-Melbourne_Victoria.html]]></link>
</review>
<review>
	<rating>4.0</rating>
	<author><![CDATA[A TripAdvisor Contributor]]></author>
	<date>2008-01-25</date>
	<title><![CDATA[&#x201c;A place to be. Excellent...&#x201d;]]></title>
	<excerpt><![CDATA[A place to be. Excellent food. more]]></excerpt>
	<link><![CDATA[http://www.tripadvisor.com/Restaurant_Review-g255100-d738982-Reviews-Bar_Lourinha-Melbourne_Victoria.html]]></link>
</review>
<review>
	<rating>4.0</rating>
	<author><![CDATA[A TripAdvisor Contributor]]></author>
	<date>2008-01-14</date>
	<title><![CDATA[&#x201c;Small and perpetually...&#x201d;]]></title>
	<excerpt><![CDATA[Small and perpetually crowded, great variation and high quality dishes, staff are fantastic, a little pricey. more]]></excerpt>
	<link><![CDATA[http://www.tripadvisor.com/Restaurant_Review-g255100-d738982-Reviews-Bar_Lourinha-Melbourne_Victoria.html]]></link>
</review>
<review>
	<rating>4.0</rating>
	<author><![CDATA[A TripAdvisor Contributor]]></author>
	<date>2008-01-11</date>
	<title><![CDATA[&#x201c;eat at the bar, great...&#x201d;]]></title>
	<excerpt><![CDATA[eat at the bar, great chorizo, very good portuguese/spanish tapas n beer more]]></excerpt>
	<link><![CDATA[http://www.tripadvisor.com/Restaurant_Review-g255100-d738982-Reviews-Bar_Lourinha-Melbourne_Victoria.html]]></link>
</review>
<review>
	<rating>5.0</rating>
	<author><![CDATA[A TripAdvisor Contributor]]></author>
	<date>2007-12-23</date>
	<title><![CDATA[&#x201c;Hands down best tapas in...&#x201d;]]></title>
	<excerpt><![CDATA[Hands down best tapas in a tight little CBD enclave. more]]></excerpt>
	<link><![CDATA[http://www.tripadvisor.com/Restaurant_Review-g255100-d738982-Reviews-Bar_Lourinha-Melbourne_Victoria.html]]></link>
</review>
<review>
	<rating>4.0</rating>
	<author><![CDATA[A TripAdvisor Contributor]]></author>
	<date>2007-12-17</date>
	<title><![CDATA[&#x201c;This is a great little...&#x201d;]]></title>
	<excerpt><![CDATA[This is a great little hide-away restaurant that serves really great tapas. more]]></excerpt>
	<link><![CDATA[http://www.tripadvisor.com/Restaurant_Review-g255100-d738982-Reviews-Bar_Lourinha-Melbourne_Victoria.html]]></link>
</review>
<review>
	<rating>3.0</rating>
	<author><![CDATA[A TripAdvisor Contributor]]></author>
	<date>2007-11-21</date>
	<title><![CDATA[&#x201c;Only negative is the...&#x201d;]]></title>
	<excerpt><![CDATA[Only negative is the price for such small servings. All else is top notch more]]></excerpt>
	<link><![CDATA[http://www.tripadvisor.com/Restaurant_Review-g255100-d738982-Reviews-Bar_Lourinha-Melbourne_Victoria.html]]></link>
</review>
<review>
	<rating>3.0</rating>
	<author><![CDATA[A TripAdvisor Contributor]]></author>
	<date>2007-11-17</date>
	<title><![CDATA[&#x201c;The Stolen Townbike was...&#x201d;]]></title>
	<excerpt><![CDATA[The Stolen Townbike was a delightful cocktail. Sardines, sweetbread and wagu tartare were outstanding dishes on a often un-surprising menu. Great drin]]></excerpt>
	<link><![CDATA[http://www.tripadvisor.com/Restaurant_Review-g255100-d738982-Reviews-Bar_Lourinha-Melbourne_Victoria.html]]></link>
</review>
<review>
	<rating>5.0</rating>
	<author><![CDATA[A TripAdvisor Contributor]]></author>
	<date>2007-11-13</date>
	<title><![CDATA[&#x201c;Every little morsel was...&#x201d;]]></title>
	<excerpt><![CDATA[Every little morsel was a treasure. more]]></excerpt>
	<link><![CDATA[http://www.tripadvisor.com/Restaurant_Review-g255100-d738982-Reviews-Bar_Lourinha-Melbourne_Victoria.html]]></link>
</review>
<review>
	<rating>2.0</rating>
	<author><![CDATA[A TripAdvisor Contributor]]></author>
	<date>2007-11-07</date>
	<title><![CDATA[&#x201c;Went after reading a...&#x201d;]]></title>
	<excerpt><![CDATA[Went after reading a review in the paper advertising that it had different kind of food. Was not as impressed with the menu in real life, so we just g]]></excerpt>
	<link><![CDATA[http://www.tripadvisor.com/Restaurant_Review-g255100-d738982-Reviews-Bar_Lourinha-Melbourne_Victoria.html]]></link>
</review>
</source>