<source name="Trip Advisor" avg-rating="4.0">
<review>
	<rating>5.0</rating>
	<author><![CDATA[A TripAdvisor Contributor]]></author>
	<date>2009-01-01</date>
	<title><![CDATA[&#x201c;paella to die for! One...&#x201d;]]></title>
	<excerpt><![CDATA[paella to die for! One of the best Spanish places to go! more]]></excerpt>
	<link><![CDATA[http://www.tripadvisor.com/Restaurant_Review-g255360-d738078-Reviews-Barcelona-St_Kilda_Victoria.html]]></link>
</review>
<review>
	<rating>4.0</rating>
	<author><![CDATA[A TripAdvisor Contributor]]></author>
	<date>2008-08-07</date>
	<title><![CDATA[&#x201c;In addition to the...&#x201d;]]></title>
	<excerpt><![CDATA[In addition to the Spanish Donuts Green Truck at QVM, this place also has churros to die for. I adopted the name Churrosue for a reason. Mm Mmm Mmmmm ]]></excerpt>
	<link><![CDATA[http://www.tripadvisor.com/Restaurant_Review-g255360-d738078-Reviews-Barcelona-St_Kilda_Victoria.html]]></link>
</review>
<review>
	<rating>5.0</rating>
	<author><![CDATA[A TripAdvisor Contributor]]></author>
	<date>2008-07-28</date>
	<title><![CDATA[&#x201c;Churros... Mmmmmm.....&#x201d;]]></title>
	<excerpt><![CDATA[Churros... Mmmmmm..... more]]></excerpt>
	<link><![CDATA[http://www.tripadvisor.com/Restaurant_Review-g255360-d738078-Reviews-Barcelona-St_Kilda_Victoria.html]]></link>
</review>
<review>
	<rating>3.0</rating>
	<author><![CDATA[A TripAdvisor Contributor]]></author>
	<date>2008-01-27</date>
	<title><![CDATA[&#x201c;I love their tapas...&#x201d;]]></title>
	<excerpt><![CDATA[I love their tapas, especially the patatas bravas and Spanish donuts!! yum more]]></excerpt>
	<link><![CDATA[http://www.tripadvisor.com/Restaurant_Review-g255360-d738078-Reviews-Barcelona-St_Kilda_Victoria.html]]></link>
</review>
<review>
	<rating>4.0</rating>
	<author><![CDATA[A TripAdvisor Contributor]]></author>
	<date>2008-01-02</date>
	<title><![CDATA[&#x201c;Spanish Donuts to die...&#x201d;]]></title>
	<excerpt><![CDATA[Spanish Donuts to die for! more]]></excerpt>
	<link><![CDATA[http://www.tripadvisor.com/Restaurant_Review-g255360-d738078-Reviews-Barcelona-St_Kilda_Victoria.html]]></link>
</review>
<review>
	<rating>5.0</rating>
	<author><![CDATA[A TripAdvisor Contributor]]></author>
	<date>2008-01-02</date>
	<title><![CDATA[&#x201c;The tapas, Spanish...&#x201d;]]></title>
	<excerpt><![CDATA[The tapas, Spanish donuts and sangria are brilliant. Service is occasionally slow but the European atmosphere still makes for an awesome place to spen]]></excerpt>
	<link><![CDATA[http://www.tripadvisor.com/Restaurant_Review-g255360-d738078-Reviews-Barcelona-St_Kilda_Victoria.html]]></link>
</review>
<review>
	<rating>4.0</rating>
	<author><![CDATA[A TripAdvisor Contributor]]></author>
	<date>2007-12-13</date>
	<title><![CDATA[&#x201c;The food was a tad...&#x201d;]]></title>
	<excerpt><![CDATA[The food was a tad pricey for the portions, but the taste makes up for it. We were taken care of quite well by the staff. The atmosphere is great, eve]]></excerpt>
	<link><![CDATA[http://www.tripadvisor.com/Restaurant_Review-g255360-d738078-Reviews-Barcelona-St_Kilda_Victoria.html]]></link>
</review>
<review>
	<rating>5.0</rating>
	<author><![CDATA[A TripAdvisor Contributor]]></author>
	<date>2007-12-07</date>
	<title><![CDATA[&#x201c;Great tapas bar!&#x201d;]]></title>
	<excerpt><![CDATA[Great tapas bar! more]]></excerpt>
	<link><![CDATA[http://www.tripadvisor.com/Restaurant_Review-g255360-d738078-Reviews-Barcelona-St_Kilda_Victoria.html]]></link>
</review>
<review>
	<rating>2.0</rating>
	<author><![CDATA[A TripAdvisor Contributor]]></author>
	<date>2007-11-26</date>
	<title><![CDATA[&#x201c;The service was...&#x201d;]]></title>
	<excerpt><![CDATA[The service was shocking, slow and rude. The selection of tapas was quite good, and a number were interesting and flavoursome. However, they arrived i]]></excerpt>
	<link><![CDATA[http://www.tripadvisor.com/Restaurant_Review-g255360-d738078-Reviews-Barcelona-St_Kilda_Victoria.html]]></link>
</review>
<review>
	<rating>5.0</rating>
	<author><![CDATA[A TripAdvisor Contributor]]></author>
	<date>2007-11-22</date>
	<title><![CDATA[&#x201c;Freakin love it! One of...&#x201d;]]></title>
	<excerpt><![CDATA[Freakin love it! One of the best tapas places in Melbourne and really great sangria to match. more]]></excerpt>
	<link><![CDATA[http://www.tripadvisor.com/Restaurant_Review-g255360-d738078-Reviews-Barcelona-St_Kilda_Victoria.html]]></link>
</review>
</source>