<source name="Trip Advisor" avg-rating="4.5">
<review>
	<rating>4.0</rating>
	<author><![CDATA[A TripAdvisor Contributor]]></author>
	<date>2009-02-26</date>
	<title><![CDATA[&#x201c;Great veal - friendly...&#x201d;]]></title>
	<excerpt><![CDATA[Great veal - friendly service more]]></excerpt>
	<link><![CDATA[http://www.tripadvisor.com/Restaurant_Review-g255100-d722272-Reviews-Becco-Melbourne_Victoria.html]]></link>
</review>
<review>
	<rating>4.0</rating>
	<author><![CDATA[A TripAdvisor Contributor]]></author>
	<date>2009-02-18</date>
	<title><![CDATA[&#x201c;A very rich night out at...&#x201d;]]></title>
	<excerpt><![CDATA[A very rich night out at Becco with some great tasting cuisine. Entree was pigtail with leeks and carrots followed by a veal ravioli that was equally ]]></excerpt>
	<link><![CDATA[http://www.tripadvisor.com/Restaurant_Review-g255100-d722272-Reviews-Becco-Melbourne_Victoria.html]]></link>
</review>
<review>
	<rating>5.0</rating>
	<author><![CDATA[anglophile_7]]></author>
	<date>2008-11-17</date>
	<title><![CDATA[&#x201c;a trusty favourite&#x201d;]]></title>
	<excerpt><![CDATA[Becco is one of my absolute favourites. The food is consistently wonderful and the service is just right, It has the atmosphere of a typical italian r]]></excerpt>
	<link><![CDATA[http://www.tripadvisor.com/Restaurant_Review-g255100-d722272-Reviews-Becco-Melbourne_Victoria.html]]></link>
</review>
<review>
	<rating>5.0</rating>
	<author><![CDATA[A TripAdvisor Contributor]]></author>
	<date>2008-05-16</date>
	<title><![CDATA[&#x201c;Everything is tasty...&#x201d;]]></title>
	<excerpt><![CDATA[Everything is tasty... does the simple things perfectly, especially the Veal more]]></excerpt>
	<link><![CDATA[http://www.tripadvisor.com/Restaurant_Review-g255100-d722272-Reviews-Becco-Melbourne_Victoria.html]]></link>
</review>
<review>
	<rating>5.0</rating>
	<author><![CDATA[A TripAdvisor Contributor]]></author>
	<date>2008-03-23</date>
	<title><![CDATA[&#x201c;Definitely coming back...&#x201d;]]></title>
	<excerpt><![CDATA[Definitely coming back for more...try the quail, veal and King George Whiting...the calamari and the mussels...food is heaven... more]]></excerpt>
	<link><![CDATA[http://www.tripadvisor.com/Restaurant_Review-g255100-d722272-Reviews-Becco-Melbourne_Victoria.html]]></link>
</review>
<review>
	<rating>2.0</rating>
	<author><![CDATA[A TripAdvisor Contributor]]></author>
	<date>2008-01-31</date>
	<title><![CDATA[&#x201c;food executed well but...&#x201d;]]></title>
	<excerpt><![CDATA[food executed well but nothing you can't get at any number of italian restaurants. more]]></excerpt>
	<link><![CDATA[http://www.tripadvisor.com/Restaurant_Review-g255100-d722272-Reviews-Becco-Melbourne_Victoria.html]]></link>
</review>
<review>
	<rating>3.0</rating>
	<author><![CDATA[A TripAdvisor Contributor]]></author>
	<date>2008-01-11</date>
	<title><![CDATA[&#x201c;pretty good italian...&#x201d;]]></title>
	<excerpt><![CDATA[pretty good italian, good service more]]></excerpt>
	<link><![CDATA[http://www.tripadvisor.com/Restaurant_Review-g255100-d722272-Reviews-Becco-Melbourne_Victoria.html]]></link>
</review>
<review>
	<rating>4.0</rating>
	<author><![CDATA[A TripAdvisor Contributor]]></author>
	<date>2008-01-10</date>
	<title><![CDATA[&#x201c;Beautiful food. Good...&#x201d;]]></title>
	<excerpt><![CDATA[Beautiful food. Good service. more]]></excerpt>
	<link><![CDATA[http://www.tripadvisor.com/Restaurant_Review-g255100-d722272-Reviews-Becco-Melbourne_Victoria.html]]></link>
</review>
<review>
	<rating>3.0</rating>
	<author><![CDATA[A TripAdvisor Contributor]]></author>
	<date>2008-01-08</date>
	<title><![CDATA[&#x201c;I love Becco. It's a...&#x201d;]]></title>
	<excerpt><![CDATA[I love Becco. It's a fine place to eat, with friendly, efficient service and excellent, tasty food. Good wine selection too, and the attached food sto]]></excerpt>
	<link><![CDATA[http://www.tripadvisor.com/Restaurant_Review-g255100-d722272-Reviews-Becco-Melbourne_Victoria.html]]></link>
</review>
<review>
	<rating>5.0</rating>
	<author><![CDATA[A TripAdvisor Contributor]]></author>
	<date>2007-12-28</date>
	<title><![CDATA[&#x201c;One of those restraunts...&#x201d;]]></title>
	<excerpt><![CDATA[One of those restraunts that hit it right every time. Becco is maginficant! Understated decor and perfect temperature, dim lighting leaves an ambience]]></excerpt>
	<link><![CDATA[http://www.tripadvisor.com/Restaurant_Review-g255100-d722272-Reviews-Becco-Melbourne_Victoria.html]]></link>
</review>
<review>
	<rating>3.0</rating>
	<author><![CDATA[A TripAdvisor Contributor]]></author>
	<date>2007-12-27</date>
	<title><![CDATA[&#x201c;Overpriced and not...&#x201d;]]></title>
	<excerpt><![CDATA[Overpriced and not particularly special food. more]]></excerpt>
	<link><![CDATA[http://www.tripadvisor.com/Restaurant_Review-g255100-d722272-Reviews-or10-Becco-Melbourne_Victoria.html]]></link>
</review>
<review>
	<rating>3.0</rating>
	<author><![CDATA[A TripAdvisor Contributor]]></author>
	<date>2007-12-16</date>
	<title><![CDATA[&#x201c;Casual.
This place is...&#x201d;]]></title>
	<excerpt><![CDATA[Casual.
This place is always wll reviewed and is competent in every way but I just don't really enjoy it. more]]></excerpt>
	<link><![CDATA[http://www.tripadvisor.com/Restaurant_Review-g255100-d722272-Reviews-or10-Becco-Melbourne_Victoria.html]]></link>
</review>
<review>
	<rating>3.0</rating>
	<author><![CDATA[A TripAdvisor Contributor]]></author>
	<date>2007-12-14</date>
	<title><![CDATA[&#x201c;Good but massively...&#x201d;]]></title>
	<excerpt><![CDATA[Good but massively overrated. Better service for expense account diners than occasional punters more]]></excerpt>
	<link><![CDATA[http://www.tripadvisor.com/Restaurant_Review-g255100-d722272-Reviews-or10-Becco-Melbourne_Victoria.html]]></link>
</review>
<review>
	<rating>5.0</rating>
	<author><![CDATA[A TripAdvisor Contributor]]></author>
	<date>2007-11-29</date>
	<title><![CDATA[&#x201c;Love the Becco&#x201d;]]></title>
	<excerpt><![CDATA[Love the Becco more]]></excerpt>
	<link><![CDATA[http://www.tripadvisor.com/Restaurant_Review-g255100-d722272-Reviews-or10-Becco-Melbourne_Victoria.html]]></link>
</review>
<review>
	<rating>4.0</rating>
	<author><![CDATA[A TripAdvisor Contributor]]></author>
	<date>2007-11-26</date>
	<title><![CDATA[&#x201c;Great service, always...&#x201d;]]></title>
	<excerpt><![CDATA[Great service, always reliable more]]></excerpt>
	<link><![CDATA[http://www.tripadvisor.com/Restaurant_Review-g255100-d722272-Reviews-or10-Becco-Melbourne_Victoria.html]]></link>
</review>
<review>
	<rating>4.0</rating>
	<author><![CDATA[A TripAdvisor Contributor]]></author>
	<date>2007-11-22</date>
	<title><![CDATA[&#x201c;Great contemporary...&#x201d;]]></title>
	<excerpt><![CDATA[Great contemporary Italian, consistent and good service more]]></excerpt>
	<link><![CDATA[http://www.tripadvisor.com/Restaurant_Review-g255100-d722272-Reviews-or10-Becco-Melbourne_Victoria.html]]></link>
</review>
<review>
	<rating>5.0</rating>
	<author><![CDATA[A TripAdvisor Contributor]]></author>
	<date>2007-10-31</date>
	<title><![CDATA[&#x201c;Wagyu Beef is unreal&#x201d;]]></title>
	<excerpt><![CDATA[Wagyu Beef is unreal more]]></excerpt>
	<link><![CDATA[http://www.tripadvisor.com/Restaurant_Review-g255100-d722272-Reviews-or10-Becco-Melbourne_Victoria.html]]></link>
</review>
</source>