<source name="Trip Advisor" avg-rating="4.5">
<review>
	<rating>3.0</rating>
	<author><![CDATA[A TripAdvisor Contributor]]></author>
	<date>2008-09-08</date>
	<title><![CDATA[&#x201c;Even though I love...&#x201d;]]></title>
	<excerpt><![CDATA[Even though I love Shannon I think this lets him down a little. Food is good but not great - I expect more from you, Shannon! more]]></excerpt>
	<link><![CDATA[http://www.tripadvisor.com/Restaurant_Review-g255100-d795126-Reviews-Bistro_Vue-Melbourne_Victoria.html]]></link>
</review>
<review>
	<rating>3.0</rating>
	<author><![CDATA[A TripAdvisor Contributor]]></author>
	<date>2008-07-14</date>
	<title><![CDATA[&#x201c;always good&#x201d;]]></title>
	<excerpt><![CDATA[always good more]]></excerpt>
	<link><![CDATA[http://www.tripadvisor.com/Restaurant_Review-g255100-d795126-Reviews-Bistro_Vue-Melbourne_Victoria.html]]></link>
</review>
<review>
	<rating>5.0</rating>
	<author><![CDATA[A TripAdvisor Contributor]]></author>
	<date>2008-06-04</date>
	<title><![CDATA[&#x201c;i love french food.&#x201d;]]></title>
	<excerpt><![CDATA[i love french food. more]]></excerpt>
	<link><![CDATA[http://www.tripadvisor.com/Restaurant_Review-g255100-d795126-Reviews-Bistro_Vue-Melbourne_Victoria.html]]></link>
</review>
<review>
	<rating>4.0</rating>
	<author><![CDATA[A TripAdvisor Contributor]]></author>
	<date>2008-05-16</date>
	<title><![CDATA[&#x201c;I loved this place! The...&#x201d;]]></title>
	<excerpt><![CDATA[I loved this place! The ambiance is amazing and food is great too! Just make sure to leave some room for a creme brulee! more]]></excerpt>
	<link><![CDATA[http://www.tripadvisor.com/Restaurant_Review-g255100-d795126-Reviews-Bistro_Vue-Melbourne_Victoria.html]]></link>
</review>
<review>
	<rating>5.0</rating>
	<author><![CDATA[A TripAdvisor Contributor]]></author>
	<date>2008-05-16</date>
	<title><![CDATA[&#x201c;NICE PLACE!!!! GREAT...&#x201d;]]></title>
	<excerpt><![CDATA[NICE PLACE!!!! GREAT FOOD!!!!!!! BLOODY EXPENSIVE !!!! more]]></excerpt>
	<link><![CDATA[http://www.tripadvisor.com/Restaurant_Review-g255100-d795126-Reviews-Bistro_Vue-Melbourne_Victoria.html]]></link>
</review>
<review>
	<rating>4.0</rating>
	<author><![CDATA[A TripAdvisor Contributor]]></author>
	<date>2008-04-25</date>
	<title><![CDATA[&#x201c;My first date with the...&#x201d;]]></title>
	<excerpt><![CDATA[My first date with the Jamon Iberico. Nice French fare and decor. Presumably, the authentic, rustic, French style I really like. more]]></excerpt>
	<link><![CDATA[http://www.tripadvisor.com/Restaurant_Review-g255100-d795126-Reviews-Bistro_Vue-Melbourne_Victoria.html]]></link>
</review>
<review>
	<rating>5.0</rating>
	<author><![CDATA[A TripAdvisor Contributor]]></author>
	<date>2008-04-03</date>
	<title><![CDATA[&#x201c;Shannon is a GOD...&#x201d;]]></title>
	<excerpt><![CDATA[Shannon is a GOD... Nothing more needs to be said. The food is inventive, creative. There is nothing else like this in Australia. Simply the best. Als]]></excerpt>
	<link><![CDATA[http://www.tripadvisor.com/Restaurant_Review-g255100-d795126-Reviews-Bistro_Vue-Melbourne_Victoria.html]]></link>
</review>
<review>
	<rating>3.0</rating>
	<author><![CDATA[A TripAdvisor Contributor]]></author>
	<date>2008-03-14</date>
	<title><![CDATA[&#x201c;A great French...&#x201d;]]></title>
	<excerpt><![CDATA[A great French restaurant in its own right, despite the fact you know that Vue De Monde is right on the other side of the wall. more]]></excerpt>
	<link><![CDATA[http://www.tripadvisor.com/Restaurant_Review-g255100-d795126-Reviews-Bistro_Vue-Melbourne_Victoria.html]]></link>
</review>
<review>
	<rating>2.0</rating>
	<author><![CDATA[A TripAdvisor Contributor]]></author>
	<date>2008-02-02</date>
	<title><![CDATA[&#x201c;Very uneven food, not...&#x201d;]]></title>
	<excerpt><![CDATA[Very uneven food, not particularly inspiring. At lunch the service can be painfully slow (one time we ordered at 1.10pm and got our food at 2.10pm). D]]></excerpt>
	<link><![CDATA[http://www.tripadvisor.com/Restaurant_Review-g255100-d795126-Reviews-Bistro_Vue-Melbourne_Victoria.html]]></link>
</review>
<review>
	<rating>4.0</rating>
	<author><![CDATA[A TripAdvisor Contributor]]></author>
	<date>2008-01-12</date>
	<title><![CDATA[&#x201c;Love it!!!&#x201d;]]></title>
	<excerpt><![CDATA[Love it!!! more]]></excerpt>
	<link><![CDATA[http://www.tripadvisor.com/Restaurant_Review-g255100-d795126-Reviews-Bistro_Vue-Melbourne_Victoria.html]]></link>
</review>
<review>
	<rating>4.0</rating>
	<author><![CDATA[A TripAdvisor Contributor]]></author>
	<date>2007-12-29</date>
	<title><![CDATA[&#x201c;wow, was never really...&#x201d;]]></title>
	<excerpt><![CDATA[wow, was never really into french food but this made me switch! more]]></excerpt>
	<link><![CDATA[http://www.tripadvisor.com/Restaurant_Review-g255100-d795126-Reviews-or10-Bistro_Vue-Melbourne_Victoria.html]]></link>
</review>
<review>
	<rating>5.0</rating>
	<author><![CDATA[A TripAdvisor Contributor]]></author>
	<date>2007-12-27</date>
	<title><![CDATA[&#x201c;Amazing food (if not the...&#x201d;]]></title>
	<excerpt><![CDATA[Amazing food (if not the healthiest - the goose fat fries are a good example!), good value for what you get but wine list is not cheap. Fantasic but n]]></excerpt>
	<link><![CDATA[http://www.tripadvisor.com/Restaurant_Review-g255100-d795126-Reviews-or10-Bistro_Vue-Melbourne_Victoria.html]]></link>
</review>
<review>
	<rating>5.0</rating>
	<author><![CDATA[A TripAdvisor Contributor]]></author>
	<date>2007-12-16</date>
	<title><![CDATA[&#x201c;Fantastic food...&#x201d;]]></title>
	<excerpt><![CDATA[Fantastic food. Fantastic service. more]]></excerpt>
	<link><![CDATA[http://www.tripadvisor.com/Restaurant_Review-g255100-d795126-Reviews-or10-Bistro_Vue-Melbourne_Victoria.html]]></link>
</review>
<review>
	<rating>5.0</rating>
	<author><![CDATA[A TripAdvisor Contributor]]></author>
	<date>2007-12-14</date>
	<title><![CDATA[&#x201c;great work&#x201d;]]></title>
	<excerpt><![CDATA[great work more]]></excerpt>
	<link><![CDATA[http://www.tripadvisor.com/Restaurant_Review-g255100-d795126-Reviews-or10-Bistro_Vue-Melbourne_Victoria.html]]></link>
</review>
<review>
	<rating>3.0</rating>
	<author><![CDATA[A TripAdvisor Contributor]]></author>
	<date>2007-12-14</date>
	<title><![CDATA[&#x201c;French theme park.&#x201d;]]></title>
	<excerpt><![CDATA[French theme park. more]]></excerpt>
	<link><![CDATA[http://www.tripadvisor.com/Restaurant_Review-g255100-d795126-Reviews-or10-Bistro_Vue-Melbourne_Victoria.html]]></link>
</review>
<review>
	<rating>4.0</rating>
	<author><![CDATA[A TripAdvisor Contributor]]></author>
	<date>2007-12-11</date>
	<title><![CDATA[&#x201c;Nice ambience, nice...&#x201d;]]></title>
	<excerpt><![CDATA[Nice ambience, nice bread, nice food, good service! more]]></excerpt>
	<link><![CDATA[http://www.tripadvisor.com/Restaurant_Review-g255100-d795126-Reviews-or10-Bistro_Vue-Melbourne_Victoria.html]]></link>
</review>
<review>
	<rating>5.0</rating>
	<author><![CDATA[A TripAdvisor Contributor]]></author>
	<date>2007-12-02</date>
	<title><![CDATA[&#x201c;This joint is a slice of...&#x201d;]]></title>
	<excerpt><![CDATA[This joint is a slice of heaven. Perfect service, beautiful French food. more]]></excerpt>
	<link><![CDATA[http://www.tripadvisor.com/Restaurant_Review-g255100-d795126-Reviews-or10-Bistro_Vue-Melbourne_Victoria.html]]></link>
</review>
</source>