<source name="Trip Advisor" avg-rating="4.5">
<review>
	<rating>5.0</rating>
	<author><![CDATA[burna]]></author>
	<date>2008-11-26</date>
	<title><![CDATA[&#x201c;great service, food and views...&#x201d;]]></title>
	<excerpt><![CDATA[Bokchoy Tang
Level 2
The Crossbar Building
Federation Square
Cnr Flinders & Swanston Streets
Melbourne 3000
T: +61 3 9650 8666
F: +61 3 9663 8655
E: b]]></excerpt>
	<link><![CDATA[http://www.tripadvisor.com/Restaurant_Review-g255100-d943972-Reviews-Bokchoy_Tang-Melbourne_Victoria.html]]></link>
</review>
<review>
	<rating>5.0</rating>
	<author><![CDATA[A TripAdvisor Contributor]]></author>
	<date>2008-02-17</date>
	<title><![CDATA[&#x201c;Try the Golden Crab...&#x201d;]]></title>
	<excerpt><![CDATA[Try the Golden Crab Noodle! more]]></excerpt>
	<link><![CDATA[http://www.tripadvisor.com/Restaurant_Review-g255100-d943972-Reviews-Bokchoy_Tang-Melbourne_Victoria.html]]></link>
</review>
</source>