<source name="Trip Advisor" avg-rating="4.5">
<review>
	<rating>4.0</rating>
	<author><![CDATA[A TripAdvisor Contributor]]></author>
	<date>2008-08-28</date>
	<title><![CDATA[&#x201c;Best Indian in melbourne&#x201d;]]></title>
	<excerpt><![CDATA[Best Indian in melbourne more]]></excerpt>
	<link><![CDATA[http://www.tripadvisor.com/Restaurant_Review-g255100-d722600-Reviews-Bombay_By_Night-Melbourne_Victoria.html]]></link>
</review>
<review>
	<rating>4.0</rating>
	<author><![CDATA[A TripAdvisor Contributor]]></author>
	<date>2008-07-28</date>
	<title><![CDATA[&#x201c;Excellent Indian.&#x201d;]]></title>
	<excerpt><![CDATA[Excellent Indian. more]]></excerpt>
	<link><![CDATA[http://www.tripadvisor.com/Restaurant_Review-g255100-d722600-Reviews-Bombay_By_Night-Melbourne_Victoria.html]]></link>
</review>
<review>
	<rating>3.0</rating>
	<author><![CDATA[A TripAdvisor Contributor]]></author>
	<date>2008-05-12</date>
	<title><![CDATA[&#x201c;Great Food.... Could...&#x201d;]]></title>
	<excerpt><![CDATA[Great Food.... Could have been more though. Great Indian food.... more]]></excerpt>
	<link><![CDATA[http://www.tripadvisor.com/Restaurant_Review-g255100-d722600-Reviews-Bombay_By_Night-Melbourne_Victoria.html]]></link>
</review>
<review>
	<rating>4.0</rating>
	<author><![CDATA[A TripAdvisor Contributor]]></author>
	<date>2007-12-28</date>
	<title><![CDATA[&#x201c;Got take away from there...&#x201d;]]></title>
	<excerpt><![CDATA[Got take away from there once....very good. more]]></excerpt>
	<link><![CDATA[http://www.tripadvisor.com/Restaurant_Review-g255100-d722600-Reviews-Bombay_By_Night-Melbourne_Victoria.html]]></link>
</review>
<review>
	<rating>5.0</rating>
	<author><![CDATA[A TripAdvisor Contributor]]></author>
	<date>2007-12-01</date>
	<title><![CDATA[&#x201c;great service... great...&#x201d;]]></title>
	<excerpt><![CDATA[great service... great atmosphere.. great dessert... yummmm more]]></excerpt>
	<link><![CDATA[http://www.tripadvisor.com/Restaurant_Review-g255100-d722600-Reviews-Bombay_By_Night-Melbourne_Victoria.html]]></link>
</review>
</source>