<source name="Trip Advisor" avg-rating="4.0">
<review>
	<rating>2.0</rating>
	<author><![CDATA[genieo]]></author>
	<date>2009-01-02</date>
	<title><![CDATA[&#x201c;A let down...&#x201d;]]></title>
	<excerpt><![CDATA[I made a booking at Borsari for an indoor table for my graduation dinner. After having been to Borsari's twice before and had an excellent meal, I cou]]></excerpt>
	<link><![CDATA[http://www.tripadvisor.com/Restaurant_Review-g255100-d722618-Reviews-Borsari-Melbourne_Victoria.html]]></link>
</review>
<review>
	<rating>3.0</rating>
	<author><![CDATA[A TripAdvisor Contributor]]></author>
	<date>2008-01-05</date>
	<title><![CDATA[&#x201c;Dined here a couple of...&#x201d;]]></title>
	<excerpt><![CDATA[Dined here a couple of times. Not too bad. By sheer luck I suppose I had the freshiest oysters au naturel(but only once). But mm.. Fillet de Mignon wa]]></excerpt>
	<link><![CDATA[http://www.tripadvisor.com/Restaurant_Review-g255100-d722618-Reviews-Borsari-Melbourne_Victoria.html]]></link>
</review>
</source>