<source name="Trip Advisor" avg-rating="4.5">
<review>
	<rating>2.0</rating>
	<author><![CDATA[A TripAdvisor Contributor]]></author>
	<date>2008-12-08</date>
	<title><![CDATA[&#x201c;mmm bak kut teh is the...&#x201d;]]></title>
	<excerpt><![CDATA[mmm bak kut teh is the best here more]]></excerpt>
	<link><![CDATA[http://www.tripadvisor.com/Restaurant_Review-g255100-d788795-Reviews-Chatter_box-Melbourne_Victoria.html]]></link>
</review>
<review>
	<rating>3.0</rating>
	<author><![CDATA[A TripAdvisor Contributor]]></author>
	<date>2008-05-05</date>
	<title><![CDATA[&#x201c;affordable for students...&#x201d;]]></title>
	<excerpt><![CDATA[affordable for students. Love chicken crispy more]]></excerpt>
	<link><![CDATA[http://www.tripadvisor.com/Restaurant_Review-g255100-d788795-Reviews-Chatter_box-Melbourne_Victoria.html]]></link>
</review>
<review>
	<rating>5.0</rating>
	<author><![CDATA[A TripAdvisor Contributor]]></author>
	<date>2008-01-06</date>
	<title><![CDATA[&#x201c;cheap, big size food...&#x201d;]]></title>
	<excerpt><![CDATA[cheap, big size food, but still tasty... more]]></excerpt>
	<link><![CDATA[http://www.tripadvisor.com/Restaurant_Review-g255100-d788795-Reviews-Chatter_box-Melbourne_Victoria.html]]></link>
</review>
<review>
	<rating>4.0</rating>
	<author><![CDATA[A TripAdvisor Contributor]]></author>
	<date>2008-01-05</date>
	<title><![CDATA[&#x201c;PEI KAI FAN!!! NUMBER...&#x201d;]]></title>
	<excerpt><![CDATA[PEI KAI FAN!!! NUMBER 17. You have to order number 17 which is the crispy chicken on rice. This is a very popular dish. The chicken is extremely crisp]]></excerpt>
	<link><![CDATA[http://www.tripadvisor.com/Restaurant_Review-g255100-d788795-Reviews-Chatter_box-Melbourne_Victoria.html]]></link>
</review>
<review>
	<rating>3.0</rating>
	<author><![CDATA[A TripAdvisor Contributor]]></author>
	<date>2007-12-23</date>
	<title><![CDATA[&#x201c;Good crispy chicken on...&#x201d;]]></title>
	<excerpt><![CDATA[Good crispy chicken on rice. more]]></excerpt>
	<link><![CDATA[http://www.tripadvisor.com/Restaurant_Review-g255100-d788795-Reviews-Chatter_box-Melbourne_Victoria.html]]></link>
</review>
<review>
	<rating>5.0</rating>
	<author><![CDATA[A TripAdvisor Contributor]]></author>
	<date>2007-12-05</date>
	<title><![CDATA[&#x201c;Food average, price...&#x201d;]]></title>
	<excerpt><![CDATA[Food average, price cheap, you get what you pay for. more]]></excerpt>
	<link><![CDATA[http://www.tripadvisor.com/Restaurant_Review-g255100-d788795-Reviews-Chatter_box-Melbourne_Victoria.html]]></link>
</review>
<review>
	<rating>4.0</rating>
	<author><![CDATA[A TripAdvisor Contributor]]></author>
	<date>2007-12-04</date>
	<title><![CDATA[&#x201c;who doesnt love its...&#x201d;]]></title>
	<excerpt><![CDATA[who doesnt love its crispy chicken, place with humble food and easy in ur pocket, literally hehehe more]]></excerpt>
	<link><![CDATA[http://www.tripadvisor.com/Restaurant_Review-g255100-d788795-Reviews-Chatter_box-Melbourne_Victoria.html]]></link>
</review>
<review>
	<rating>4.0</rating>
	<author><![CDATA[A TripAdvisor Contributor]]></author>
	<date>2007-12-03</date>
	<title><![CDATA[&#x201c;cheap and nice food&#x201d;]]></title>
	<excerpt><![CDATA[cheap and nice food more]]></excerpt>
	<link><![CDATA[http://www.tripadvisor.com/Restaurant_Review-g255100-d788795-Reviews-Chatter_box-Melbourne_Victoria.html]]></link>
</review>
<review>
	<rating>5.0</rating>
	<author><![CDATA[A TripAdvisor Contributor]]></author>
	<date>2007-11-29</date>
	<title><![CDATA[&#x201c;Crispy chicken with two...&#x201d;]]></title>
	<excerpt><![CDATA[Crispy chicken with two sauce please.... more]]></excerpt>
	<link><![CDATA[http://www.tripadvisor.com/Restaurant_Review-g255100-d788795-Reviews-Chatter_box-Melbourne_Victoria.html]]></link>
</review>
</source>