<source name="Trip Advisor" avg-rating="4.5">
<review>
	<rating>4.0</rating>
	<author><![CDATA[pinan]]></author>
	<date>2008-08-31</date>
	<title><![CDATA[&#x201c;Feels like you are in a tropical resort&#x201d;]]></title>
	<excerpt><![CDATA[Recently had the pleasure of lunching at Breezes.
The decor including shutters and outdoor plants, make you feel like you are on a tropical island.
Th]]></excerpt>
	<link><![CDATA[http://www.tripadvisor.com/Restaurant_Review-g255100-d722657-Reviews-Breezes_at_Crown_Complex-Melbourne_Victoria.html]]></link>
</review>
</source>