<source name="Trip Advisor" avg-rating="4.0">
<review>
	<rating>4.0</rating>
	<author><![CDATA[A TripAdvisor Contributor]]></author>
	<date>2008-09-08</date>
	<title><![CDATA[&#x201c;Yummy French Cider...&#x201d;]]></title>
	<excerpt><![CDATA[Yummy French Cider - you'll never drink Strongbow again! Crepes are good too. more]]></excerpt>
	<link><![CDATA[http://www.tripadvisor.com/Restaurant_Review-g255100-d787607-Reviews-Breizoz_French_Creperie-Melbourne_Victoria.html]]></link>
</review>
<review>
	<rating>4.0</rating>
	<author><![CDATA[A TripAdvisor Contributor]]></author>
	<date>2008-02-29</date>
	<title><![CDATA[&#x201c;great place if you can...&#x201d;]]></title>
	<excerpt><![CDATA[great place if you can just ignore the service!! more]]></excerpt>
	<link><![CDATA[http://www.tripadvisor.com/Restaurant_Review-g255100-d787607-Reviews-Breizoz_French_Creperie-Melbourne_Victoria.html]]></link>
</review>
<review>
	<rating>4.0</rating>
	<author><![CDATA[A TripAdvisor Contributor]]></author>
	<date>2007-12-15</date>
	<title><![CDATA[&#x201c;Crepes&#x201d;]]></title>
	<excerpt><![CDATA[Crepes more]]></excerpt>
	<link><![CDATA[http://www.tripadvisor.com/Restaurant_Review-g255100-d787607-Reviews-Breizoz_French_Creperie-Melbourne_Victoria.html]]></link>
</review>
<review>
	<rating>1.0</rating>
	<author><![CDATA[A TripAdvisor Contributor]]></author>
	<date>2007-12-10</date>
	<title><![CDATA[&#x201c;overrated&#x201d;]]></title>
	<excerpt><![CDATA[overrated more]]></excerpt>
	<link><![CDATA[http://www.tripadvisor.com/Restaurant_Review-g255100-d787607-Reviews-Breizoz_French_Creperie-Melbourne_Victoria.html]]></link>
</review>
</source>