<source name="Trip Advisor" avg-rating="4.5">
<review>
	<rating>2.0</rating>
	<author><![CDATA[A TripAdvisor Contributor]]></author>
	<date>2008-04-27</date>
	<title><![CDATA[&#x201c;Dont remember the food...&#x201d;]]></title>
	<excerpt><![CDATA[Dont remember the food but the waiter was very frenly, good service.. more]]></excerpt>
	<link><![CDATA[http://www.tripadvisor.com/Restaurant_Review-g255100-d722884-Reviews-Cafe_Segovia-Melbourne_Victoria.html]]></link>
</review>
<review>
	<rating>3.0</rating>
	<author><![CDATA[A TripAdvisor Contributor]]></author>
	<date>2008-03-25</date>
	<title><![CDATA[&#x201c;great place for a date...&#x201d;]]></title>
	<excerpt><![CDATA[great place for a date ... if u can get a seat in one of the booths more]]></excerpt>
	<link><![CDATA[http://www.tripadvisor.com/Restaurant_Review-g255100-d722884-Reviews-Cafe_Segovia-Melbourne_Victoria.html]]></link>
</review>
<review>
	<rating>3.0</rating>
	<author><![CDATA[A TripAdvisor Contributor]]></author>
	<date>2008-01-05</date>
	<title><![CDATA[&#x201c;Dined here on a few...&#x201d;]]></title>
	<excerpt><![CDATA[Dined here on a few occasions but I come here mostly for sticky-date pudding and coffee. Started out as my favourite place for sticky-date pudding but]]></excerpt>
	<link><![CDATA[http://www.tripadvisor.com/Restaurant_Review-g255100-d722884-Reviews-Cafe_Segovia-Melbourne_Victoria.html]]></link>
</review>
<review>
	<rating>5.0</rating>
	<author><![CDATA[A TripAdvisor Contributor]]></author>
	<date>2007-12-13</date>
	<title><![CDATA[&#x201c;I cant even recall how...&#x201d;]]></title>
	<excerpt><![CDATA[I cant even recall how many time i have been here! Breakfast, Lunch and Dinner..always great especially the hot chocolate with extra froth :) more]]></excerpt>
	<link><![CDATA[http://www.tripadvisor.com/Restaurant_Review-g255100-d722884-Reviews-Cafe_Segovia-Melbourne_Victoria.html]]></link>
</review>
<review>
	<rating>3.0</rating>
	<author><![CDATA[A TripAdvisor Contributor]]></author>
	<date>2007-11-25</date>
	<title><![CDATA[&#x201c;Located in the alleys...&#x201d;]]></title>
	<excerpt><![CDATA[Located in the alleys that Melb is renowned for. Enjoyed the risotto and burgers, but also a great place for coffee and dessert too! more]]></excerpt>
	<link><![CDATA[http://www.tripadvisor.com/Restaurant_Review-g255100-d722884-Reviews-Cafe_Segovia-Melbourne_Victoria.html]]></link>
</review>
<review>
	<rating>3.0</rating>
	<author><![CDATA[A TripAdvisor Contributor]]></author>
	<date>2007-11-13</date>
	<title><![CDATA[&#x201c;Cosy place with good...&#x201d;]]></title>
	<excerpt><![CDATA[Cosy place with good food and fast service. more]]></excerpt>
	<link><![CDATA[http://www.tripadvisor.com/Restaurant_Review-g255100-d722884-Reviews-Cafe_Segovia-Melbourne_Victoria.html]]></link>
</review>
<review>
	<rating>3.0</rating>
	<author><![CDATA[A TripAdvisor Contributor]]></author>
	<date>2007-11-01</date>
	<title><![CDATA[&#x201c;It's a cute cafe in a...&#x201d;]]></title>
	<excerpt><![CDATA[It's a cute cafe in a cute lane way! more]]></excerpt>
	<link><![CDATA[http://www.tripadvisor.com/Restaurant_Review-g255100-d722884-Reviews-Cafe_Segovia-Melbourne_Victoria.html]]></link>
</review>
</source>