<source name="Trip Advisor" avg-rating="4.0">
<review>
	<rating>5.0</rating>
	<author><![CDATA[Camsta]]></author>
	<date>2009-03-14</date>
	<title><![CDATA[&#x201c;Safe Hands&#x201d;]]></title>
	<excerpt><![CDATA[These guys are good. We arrive fully tanked from an afternoon on the weeze in St Kilda.
Were seated in a timely manner. The food, patrons and staff we]]></excerpt>
	<link><![CDATA[http://www.tripadvisor.com/Restaurant_Review-g255100-d728462-Reviews-Stokehouse_Cafe_Bistro-Melbourne_Victoria.html]]></link>
</review>
<review>
	<rating>4.0</rating>
	<author><![CDATA[A TripAdvisor Contributor]]></author>
	<date>2009-02-01</date>
	<title><![CDATA[&#x201c;Upstairs restaurant has...&#x201d;]]></title>
	<excerpt><![CDATA[Upstairs restaurant has great food and wine!! Ocean sun set view is one of the best in summer time Melbourne more]]></excerpt>
	<link><![CDATA[http://www.tripadvisor.com/Restaurant_Review-g255100-d728462-Reviews-Stokehouse_Cafe_Bistro-Melbourne_Victoria.html]]></link>
</review>
<review>
	<rating>3.0</rating>
	<author><![CDATA[A TripAdvisor Contributor]]></author>
	<date>2008-11-01</date>
	<title><![CDATA[&#x201c;Lively atmosphere...&#x201d;]]></title>
	<excerpt><![CDATA[Lively atmosphere, reasonable prices and food, great ocean view. more]]></excerpt>
	<link><![CDATA[http://www.tripadvisor.com/Restaurant_Review-g255100-d728462-Reviews-Stokehouse_Cafe_Bistro-Melbourne_Victoria.html]]></link>
</review>
<review>
	<rating>5.0</rating>
	<author><![CDATA[A TripAdvisor Contributor]]></author>
	<date>2008-09-28</date>
	<title><![CDATA[&#x201c;Delicious!&#x201d;]]></title>
	<excerpt><![CDATA[Delicious! more]]></excerpt>
	<link><![CDATA[http://www.tripadvisor.com/Restaurant_Review-g255100-d728462-Reviews-Stokehouse_Cafe_Bistro-Melbourne_Victoria.html]]></link>
</review>
<review>
	<rating>4.0</rating>
	<author><![CDATA[A TripAdvisor Contributor]]></author>
	<date>2008-08-20</date>
	<title><![CDATA[&#x201c;Nice view, over prices...&#x201d;]]></title>
	<excerpt><![CDATA[Nice view, over prices in my opinion although good quality food, overall good more]]></excerpt>
	<link><![CDATA[http://www.tripadvisor.com/Restaurant_Review-g255100-d728462-Reviews-Stokehouse_Cafe_Bistro-Melbourne_Victoria.html]]></link>
</review>
<review>
	<rating>3.0</rating>
	<author><![CDATA[A TripAdvisor Contributor]]></author>
	<date>2008-07-31</date>
	<title><![CDATA[&#x201c;Downstairs is great for...&#x201d;]]></title>
	<excerpt><![CDATA[Downstairs is great for lunch, especially in the summer. Uupstairs needs to be tried more]]></excerpt>
	<link><![CDATA[http://www.tripadvisor.com/Restaurant_Review-g255100-d728462-Reviews-Stokehouse_Cafe_Bistro-Melbourne_Victoria.html]]></link>
</review>
<review>
	<rating>5.0</rating>
	<author><![CDATA[A TripAdvisor Contributor]]></author>
	<date>2008-07-21</date>
	<title><![CDATA[&#x201c;One of my all time...&#x201d;]]></title>
	<excerpt><![CDATA[One of my all time favourites. Great food, great wine, great service, great view! What more do you want! I have been to this restaurants for many spec]]></excerpt>
	<link><![CDATA[http://www.tripadvisor.com/Restaurant_Review-g255100-d728462-Reviews-Stokehouse_Cafe_Bistro-Melbourne_Victoria.html]]></link>
</review>
<review>
	<rating>5.0</rating>
	<author><![CDATA[A TripAdvisor Contributor]]></author>
	<date>2008-06-11</date>
	<title><![CDATA[&#x201c;Up stairs - magnificent...&#x201d;]]></title>
	<excerpt><![CDATA[Up stairs - magnificent, great approachable food, extensive wine list and friendly service more]]></excerpt>
	<link><![CDATA[http://www.tripadvisor.com/Restaurant_Review-g255100-d728462-Reviews-Stokehouse_Cafe_Bistro-Melbourne_Victoria.html]]></link>
</review>
<review>
	<rating>5.0</rating>
	<author><![CDATA[A TripAdvisor Contributor]]></author>
	<date>2008-06-04</date>
	<title><![CDATA[&#x201c;Great food, great view&#x201d;]]></title>
	<excerpt><![CDATA[Great food, great view more]]></excerpt>
	<link><![CDATA[http://www.tripadvisor.com/Restaurant_Review-g255100-d728462-Reviews-Stokehouse_Cafe_Bistro-Melbourne_Victoria.html]]></link>
</review>
<review>
	<rating>3.0</rating>
	<author><![CDATA[A TripAdvisor Contributor]]></author>
	<date>2008-05-02</date>
	<title><![CDATA[&#x201c;great view, nice...&#x201d;]]></title>
	<excerpt><![CDATA[great view, nice interior, but quite overhyped and overpriced. The food was nice, without being spectacular more]]></excerpt>
	<link><![CDATA[http://www.tripadvisor.com/Restaurant_Review-g255100-d728462-Reviews-Stokehouse_Cafe_Bistro-Melbourne_Victoria.html]]></link>
</review>
<review>
	<rating>4.0</rating>
	<author><![CDATA[Gluttony]]></author>
	<date>2008-05-02</date>
	<title><![CDATA[&#x201c;Nice place, good food... facing st kilda beach&#x201d;]]></title>
	<excerpt><![CDATA[Cool place, good food... watch the sun set and roller bladders breeze by... Nice! more]]></excerpt>
	<link><![CDATA[http://www.tripadvisor.com/Restaurant_Review-g255100-d728462-Reviews-or10-Stokehouse_Cafe_Bistro-Melbourne_Victoria.html]]></link>
</review>
<review>
	<rating>4.0</rating>
	<author><![CDATA[A TripAdvisor Contributor]]></author>
	<date>2008-04-08</date>
	<title><![CDATA[&#x201c;Good and relaxed...&#x201d;]]></title>
	<excerpt><![CDATA[Good and relaxed atmosphere. Great place to go on a hot day in Melbourne more]]></excerpt>
	<link><![CDATA[http://www.tripadvisor.com/Restaurant_Review-g255100-d728462-Reviews-or10-Stokehouse_Cafe_Bistro-Melbourne_Victoria.html]]></link>
</review>
<review>
	<rating>3.0</rating>
	<author><![CDATA[A TripAdvisor Contributor]]></author>
	<date>2008-04-01</date>
	<title><![CDATA[&#x201c;Great if you've got...&#x201d;]]></title>
	<excerpt><![CDATA[Great if you've got about 25-30 people and want to have a relaxed yet fun daytime function on the beach in summer. more]]></excerpt>
	<link><![CDATA[http://www.tripadvisor.com/Restaurant_Review-g255100-d728462-Reviews-or10-Stokehouse_Cafe_Bistro-Melbourne_Victoria.html]]></link>
</review>
<review>
	<rating>3.0</rating>
	<author><![CDATA[A TripAdvisor Contributor]]></author>
	<date>2008-02-19</date>
	<title><![CDATA[&#x201c;Casual dining downstairs...&#x201d;]]></title>
	<excerpt><![CDATA[Casual dining downstairs is nice and relaxed more]]></excerpt>
	<link><![CDATA[http://www.tripadvisor.com/Restaurant_Review-g255100-d728462-Reviews-or10-Stokehouse_Cafe_Bistro-Melbourne_Victoria.html]]></link>
</review>
<review>
	<rating>2.0</rating>
	<author><![CDATA[A TripAdvisor Contributor]]></author>
	<date>2008-01-31</date>
	<title><![CDATA[&#x201c;over priced, over valued...&#x201d;]]></title>
	<excerpt><![CDATA[over priced, over valued - great setting but this alone does not overcome its shortcomings. more]]></excerpt>
	<link><![CDATA[http://www.tripadvisor.com/Restaurant_Review-g255100-d728462-Reviews-or10-Stokehouse_Cafe_Bistro-Melbourne_Victoria.html]]></link>
</review>
<review>
	<rating>5.0</rating>
	<author><![CDATA[A TripAdvisor Contributor]]></author>
	<date>2008-01-25</date>
	<title><![CDATA[&#x201c;It's the stokehouse...&#x201d;]]></title>
	<excerpt><![CDATA[It's the stokehouse! Best views of the Bay, great food and you know the rest. more]]></excerpt>
	<link><![CDATA[http://www.tripadvisor.com/Restaurant_Review-g255100-d728462-Reviews-or10-Stokehouse_Cafe_Bistro-Melbourne_Victoria.html]]></link>
</review>
<review>
	<rating>4.0</rating>
	<author><![CDATA[A TripAdvisor Contributor]]></author>
	<date>2008-01-18</date>
	<title><![CDATA[&#x201c;Upstairs for fine dining...&#x201d;]]></title>
	<excerpt><![CDATA[Upstairs for fine dining and downstairs for basic cafe/pizza. more]]></excerpt>
	<link><![CDATA[http://www.tripadvisor.com/Restaurant_Review-g255100-d728462-Reviews-or10-Stokehouse_Cafe_Bistro-Melbourne_Victoria.html]]></link>
</review>
<review>
	<rating>4.0</rating>
	<author><![CDATA[A TripAdvisor Contributor]]></author>
	<date>2008-01-09</date>
	<title><![CDATA[&#x201c;Great view, fun place...&#x201d;]]></title>
	<excerpt><![CDATA[Great view, fun place, great food! more]]></excerpt>
	<link><![CDATA[http://www.tripadvisor.com/Restaurant_Review-g255100-d728462-Reviews-or10-Stokehouse_Cafe_Bistro-Melbourne_Victoria.html]]></link>
</review>
<review>
	<rating>4.0</rating>
	<author><![CDATA[A TripAdvisor Contributor]]></author>
	<date>2008-01-08</date>
	<title><![CDATA[&#x201c;downstairs is great for...&#x201d;]]></title>
	<excerpt><![CDATA[downstairs is great for a lazy arvo in the sun. Hearty cafe food and great cocktails and wines by the glass. Perfect to watch the beautiful people pas]]></excerpt>
	<link><![CDATA[http://www.tripadvisor.com/Restaurant_Review-g255100-d728462-Reviews-or10-Stokehouse_Cafe_Bistro-Melbourne_Victoria.html]]></link>
</review>
<review>
	<rating>5.0</rating>
	<author><![CDATA[A TripAdvisor Contributor]]></author>
	<date>2008-01-03</date>
	<title><![CDATA[&#x201c;upstairs best , down...&#x201d;]]></title>
	<excerpt><![CDATA[upstairs best , down stairs is sizzler by the bay more]]></excerpt>
	<link><![CDATA[http://www.tripadvisor.com/Restaurant_Review-g255100-d728462-Reviews-or10-Stokehouse_Cafe_Bistro-Melbourne_Victoria.html]]></link>
</review>
<review>
	<rating>4.0</rating>
	<author><![CDATA[A TripAdvisor Contributor]]></author>
	<date>2007-12-21</date>
	<title><![CDATA[&#x201c;Good. Pricey.&#x201d;]]></title>
	<excerpt><![CDATA[Good. Pricey. more]]></excerpt>
	<link><![CDATA[http://www.tripadvisor.com/Restaurant_Review-g255100-d728462-Reviews-or20-Stokehouse_Cafe_Bistro-Melbourne_Victoria.html]]></link>
</review>
<review>
	<rating>5.0</rating>
	<author><![CDATA[A TripAdvisor Contributor]]></author>
	<date>2007-12-14</date>
	<title><![CDATA[&#x201c;this is a fantastic...&#x201d;]]></title>
	<excerpt><![CDATA[this is a fantastic place to eat, has a fantasic view on the balchony more]]></excerpt>
	<link><![CDATA[http://www.tripadvisor.com/Restaurant_Review-g255100-d728462-Reviews-or20-Stokehouse_Cafe_Bistro-Melbourne_Victoria.html]]></link>
</review>
<review>
	<rating>4.0</rating>
	<author><![CDATA[A TripAdvisor Contributor]]></author>
	<date>2007-12-05</date>
	<title><![CDATA[&#x201c;Downstairs is affordable...&#x201d;]]></title>
	<excerpt><![CDATA[Downstairs is affordable and fab for people watching, especially in the summer. Upstairs is mod fine dining. more]]></excerpt>
	<link><![CDATA[http://www.tripadvisor.com/Restaurant_Review-g255100-d728462-Reviews-or20-Stokehouse_Cafe_Bistro-Melbourne_Victoria.html]]></link>
</review>
<review>
	<rating>4.0</rating>
	<author><![CDATA[A TripAdvisor Contributor]]></author>
	<date>2007-12-03</date>
	<title><![CDATA[&#x201c;upstairs you go a few...&#x201d;]]></title>
	<excerpt><![CDATA[upstairs you go a few stars up, downstairs is great selection of wood fired pizza and modern ausralian cuisine. Fantastic setting on the bay! more]]></excerpt>
	<link><![CDATA[http://www.tripadvisor.com/Restaurant_Review-g255100-d728462-Reviews-or20-Stokehouse_Cafe_Bistro-Melbourne_Victoria.html]]></link>
</review>
<review>
	<rating>4.0</rating>
	<author><![CDATA[A TripAdvisor Contributor]]></author>
	<date>2007-12-02</date>
	<title><![CDATA[&#x201c;Stokehouse downstairs...&#x201d;]]></title>
	<excerpt><![CDATA[Stokehouse downstairs and upstairs are as different as night and day. Downstairs you will find hordes of PYT's playing with their pizzas and risottos ]]></excerpt>
	<link><![CDATA[http://www.tripadvisor.com/Restaurant_Review-g255100-d728462-Reviews-or20-Stokehouse_Cafe_Bistro-Melbourne_Victoria.html]]></link>
</review>
<review>
	<rating>5.0</rating>
	<author><![CDATA[A TripAdvisor Contributor]]></author>
	<date>2007-11-25</date>
	<title><![CDATA[&#x201c;brilliant chef making...&#x201d;]]></title>
	<excerpt><![CDATA[brilliant chef making orgasmic gourmet food, loved it very much more]]></excerpt>
	<link><![CDATA[http://www.tripadvisor.com/Restaurant_Review-g255100-d728462-Reviews-or20-Stokehouse_Cafe_Bistro-Melbourne_Victoria.html]]></link>
</review>
<review>
	<rating>5.0</rating>
	<author><![CDATA[A TripAdvisor Contributor]]></author>
	<date>2007-11-22</date>
	<title><![CDATA[&#x201c;Fabulous food upstairs...&#x201d;]]></title>
	<excerpt><![CDATA[Fabulous food upstairs and fantastic views, complemented by great service. But don't go unless the company is paying! more]]></excerpt>
	<link><![CDATA[http://www.tripadvisor.com/Restaurant_Review-g255100-d728462-Reviews-or20-Stokehouse_Cafe_Bistro-Melbourne_Victoria.html]]></link>
</review>
<review>
	<rating>3.0</rating>
	<author><![CDATA[A TripAdvisor Contributor]]></author>
	<date>2007-11-19</date>
	<title><![CDATA[&#x201c;food is good, pricing is...&#x201d;]]></title>
	<excerpt><![CDATA[food is good, pricing is a little above par, however this could be cause to the location. Service is woefully slow. more]]></excerpt>
	<link><![CDATA[http://www.tripadvisor.com/Restaurant_Review-g255100-d728462-Reviews-or20-Stokehouse_Cafe_Bistro-Melbourne_Victoria.html]]></link>
</review>
<review>
	<rating>3.0</rating>
	<author><![CDATA[A TripAdvisor Contributor]]></author>
	<date>2007-11-18</date>
	<title><![CDATA[&#x201c;Service and food are...&#x201d;]]></title>
	<excerpt><![CDATA[Service and food are erratic but the views are amazing. more]]></excerpt>
	<link><![CDATA[http://www.tripadvisor.com/Restaurant_Review-g255100-d728462-Reviews-or20-Stokehouse_Cafe_Bistro-Melbourne_Victoria.html]]></link>
</review>
<review>
	<rating>4.0</rating>
	<author><![CDATA[A TripAdvisor Contributor]]></author>
	<date>2007-11-08</date>
	<title><![CDATA[&#x201c;Excellent for special...&#x201d;]]></title>
	<excerpt><![CDATA[Excellent for special occasions more]]></excerpt>
	<link><![CDATA[http://www.tripadvisor.com/Restaurant_Review-g255100-d728462-Reviews-or20-Stokehouse_Cafe_Bistro-Melbourne_Victoria.html]]></link>
</review>
</source>