<source name="Trip Advisor" avg-rating="4.0">
<review>
	<rating>5.0</rating>
	<author><![CDATA[A TripAdvisor Contributor]]></author>
	<date>2007-12-27</date>
	<title><![CDATA[&#x201c;Been there twice in...&#x201d;]]></title>
	<excerpt><![CDATA[Been there twice in three days and the flavor of the thai food is amazing. Would definitely recommend it to my friends. more]]></excerpt>
	<link><![CDATA[http://www.tripadvisor.com/Restaurant_Review-g255100-d723034-Reviews-Cafe_Tien_Tien-Melbourne_Victoria.html]]></link>
</review>
<review>
	<rating>5.0</rating>
	<author><![CDATA[A TripAdvisor Contributor]]></author>
	<date>2007-12-22</date>
	<title><![CDATA[&#x201c;Good choices, big...&#x201d;]]></title>
	<excerpt><![CDATA[Good choices, big servings, casual dining! more]]></excerpt>
	<link><![CDATA[http://www.tripadvisor.com/Restaurant_Review-g255100-d723034-Reviews-Cafe_Tien_Tien-Melbourne_Victoria.html]]></link>
</review>
</source>