<source name="Trip Advisor" avg-rating="4.0">
<review>
	<rating>5.0</rating>
	<author><![CDATA[Plater_9]]></author>
	<date>2009-03-03</date>
	<title><![CDATA[&#x201c;What a treat!&#x201d;]]></title>
	<excerpt><![CDATA[We came here on the recommendation of a friend who is a local, and were so glad we did. Melbourne has many great eating places and this has to be one ]]></excerpt>
	<link><![CDATA[http://www.tripadvisor.com/Restaurant_Review-g255100-d723201-Reviews-Caffe_e_Cucina-Melbourne_Victoria.html]]></link>
</review>
<review>
	<rating>4.0</rating>
	<author><![CDATA[A TripAdvisor Contributor]]></author>
	<date>2008-09-08</date>
	<title><![CDATA[&#x201c;Good Italian food, nice...&#x201d;]]></title>
	<excerpt><![CDATA[Good Italian food, nice setting - for when you want something decent (ie, not Lambs) to eat while you're in Chapel St. more]]></excerpt>
	<link><![CDATA[http://www.tripadvisor.com/Restaurant_Review-g255100-d723201-Reviews-Caffe_e_Cucina-Melbourne_Victoria.html]]></link>
</review>
<review>
	<rating>4.0</rating>
	<author><![CDATA[A TripAdvisor Contributor]]></author>
	<date>2008-07-31</date>
	<title><![CDATA[&#x201c;Good coffee and pasta...&#x201d;]]></title>
	<excerpt><![CDATA[Good coffee and pasta and crostinis and lovely dessert. more]]></excerpt>
	<link><![CDATA[http://www.tripadvisor.com/Restaurant_Review-g255100-d723201-Reviews-Caffe_e_Cucina-Melbourne_Victoria.html]]></link>
</review>
<review>
	<rating>5.0</rating>
	<author><![CDATA[A TripAdvisor Contributor]]></author>
	<date>2008-06-28</date>
	<title><![CDATA[&#x201c;Coffee and breakfast...&#x201d;]]></title>
	<excerpt><![CDATA[Coffee and breakfast here. Yum... more]]></excerpt>
	<link><![CDATA[http://www.tripadvisor.com/Restaurant_Review-g255100-d723201-Reviews-Caffe_e_Cucina-Melbourne_Victoria.html]]></link>
</review>
<review>
	<rating>5.0</rating>
	<author><![CDATA[A TripAdvisor Contributor]]></author>
	<date>2008-05-28</date>
	<title><![CDATA[&#x201c;Maurizio Terzini's baby...&#x201d;]]></title>
	<excerpt><![CDATA[Maurizio Terzini's baby before he opened Bondi Icebergs. Gotta have the Parmesan Gelato more]]></excerpt>
	<link><![CDATA[http://www.tripadvisor.com/Restaurant_Review-g255100-d723201-Reviews-Caffe_e_Cucina-Melbourne_Victoria.html]]></link>
</review>
<review>
	<rating>4.0</rating>
	<author><![CDATA[A TripAdvisor Contributor]]></author>
	<date>2008-01-25</date>
	<title><![CDATA[&#x201c;Really good - but there...&#x201d;]]></title>
	<excerpt><![CDATA[Really good - but there is better on Chapel. more]]></excerpt>
	<link><![CDATA[http://www.tripadvisor.com/Restaurant_Review-g255100-d723201-Reviews-Caffe_e_Cucina-Melbourne_Victoria.html]]></link>
</review>
<review>
	<rating>4.0</rating>
	<author><![CDATA[A TripAdvisor Contributor]]></author>
	<date>2008-01-12</date>
	<title><![CDATA[&#x201c;mmm love the lobster...&#x201d;]]></title>
	<excerpt><![CDATA[mmm love the lobster pasta..... more]]></excerpt>
	<link><![CDATA[http://www.tripadvisor.com/Restaurant_Review-g255100-d723201-Reviews-Caffe_e_Cucina-Melbourne_Victoria.html]]></link>
</review>
<review>
	<rating>3.0</rating>
	<author><![CDATA[A TripAdvisor Contributor]]></author>
	<date>2008-01-09</date>
	<title><![CDATA[&#x201c;Very good simple Italian...&#x201d;]]></title>
	<excerpt><![CDATA[Very good simple Italian food. more]]></excerpt>
	<link><![CDATA[http://www.tripadvisor.com/Restaurant_Review-g255100-d723201-Reviews-Caffe_e_Cucina-Melbourne_Victoria.html]]></link>
</review>
<review>
	<rating>5.0</rating>
	<author><![CDATA[A TripAdvisor Contributor]]></author>
	<date>2008-01-06</date>
	<title><![CDATA[&#x201c;Great atmosphere...&#x201d;]]></title>
	<excerpt><![CDATA[Great atmosphere - intimate and excellent food! more]]></excerpt>
	<link><![CDATA[http://www.tripadvisor.com/Restaurant_Review-g255100-d723201-Reviews-Caffe_e_Cucina-Melbourne_Victoria.html]]></link>
</review>
<review>
	<rating>4.0</rating>
	<author><![CDATA[A TripAdvisor Contributor]]></author>
	<date>2008-01-03</date>
	<title><![CDATA[&#x201c;Great tira, got food...&#x201d;]]></title>
	<excerpt><![CDATA[Great tira, got food poisoning on the fish (check that tail is on fish and not curled up) more]]></excerpt>
	<link><![CDATA[http://www.tripadvisor.com/Restaurant_Review-g255100-d723201-Reviews-Caffe_e_Cucina-Melbourne_Victoria.html]]></link>
</review>
<review>
	<rating>4.0</rating>
	<author><![CDATA[A TripAdvisor Contributor]]></author>
	<date>2007-12-28</date>
	<title><![CDATA[&#x201c;lovely signature Italian...&#x201d;]]></title>
	<excerpt><![CDATA[lovely signature Italian dishes- reasonably priced too- nice atmosphere more]]></excerpt>
	<link><![CDATA[http://www.tripadvisor.com/Restaurant_Review-g255100-d723201-Reviews-or10-Caffe_e_Cucina-Melbourne_Victoria.html]]></link>
</review>
<review>
	<rating>2.0</rating>
	<author><![CDATA[A TripAdvisor Contributor]]></author>
	<date>2007-12-27</date>
	<title><![CDATA[&#x201c;Overpriced for what it...&#x201d;]]></title>
	<excerpt><![CDATA[Overpriced for what it is, nothing compared to Italian food at Da Noi but good people watching spot and not bad coffee more]]></excerpt>
	<link><![CDATA[http://www.tripadvisor.com/Restaurant_Review-g255100-d723201-Reviews-or10-Caffe_e_Cucina-Melbourne_Victoria.html]]></link>
</review>
<review>
	<rating>2.0</rating>
	<author><![CDATA[A TripAdvisor Contributor]]></author>
	<date>2007-12-26</date>
	<title><![CDATA[&#x201c;Had its day,&#x201d;]]></title>
	<excerpt><![CDATA[Had its day, more]]></excerpt>
	<link><![CDATA[http://www.tripadvisor.com/Restaurant_Review-g255100-d723201-Reviews-or10-Caffe_e_Cucina-Melbourne_Victoria.html]]></link>
</review>
<review>
	<rating>4.0</rating>
	<author><![CDATA[A TripAdvisor Contributor]]></author>
	<date>2007-12-13</date>
	<title><![CDATA[&#x201c;Place for great italian...&#x201d;]]></title>
	<excerpt><![CDATA[Place for great italian cusine, but very small space more]]></excerpt>
	<link><![CDATA[http://www.tripadvisor.com/Restaurant_Review-g255100-d723201-Reviews-or10-Caffe_e_Cucina-Melbourne_Victoria.html]]></link>
</review>
<review>
	<rating>3.0</rating>
	<author><![CDATA[A TripAdvisor Contributor]]></author>
	<date>2007-12-10</date>
	<title><![CDATA[&#x201c;classic Italian - very...&#x201d;]]></title>
	<excerpt><![CDATA[classic Italian - very special spot for a quick lunch out of the hub of the city or for a romantic dinner for two. more]]></excerpt>
	<link><![CDATA[http://www.tripadvisor.com/Restaurant_Review-g255100-d723201-Reviews-or10-Caffe_e_Cucina-Melbourne_Victoria.html]]></link>
</review>
<review>
	<rating>4.0</rating>
	<author><![CDATA[A TripAdvisor Contributor]]></author>
	<date>2007-12-03</date>
	<title><![CDATA[&#x201c;Awesome little place for...&#x201d;]]></title>
	<excerpt><![CDATA[Awesome little place for Italian if you get in and from memory great desserts! more]]></excerpt>
	<link><![CDATA[http://www.tripadvisor.com/Restaurant_Review-g255100-d723201-Reviews-or10-Caffe_e_Cucina-Melbourne_Victoria.html]]></link>
</review>
<review>
	<rating>4.0</rating>
	<author><![CDATA[A TripAdvisor Contributor]]></author>
	<date>2007-12-02</date>
	<title><![CDATA[&#x201c;Awesome Italian...&#x201d;]]></title>
	<excerpt><![CDATA[Awesome Italian.... coffee to die for more]]></excerpt>
	<link><![CDATA[http://www.tripadvisor.com/Restaurant_Review-g255100-d723201-Reviews-or10-Caffe_e_Cucina-Melbourne_Victoria.html]]></link>
</review>
<review>
	<rating>2.0</rating>
	<author><![CDATA[A TripAdvisor Contributor]]></author>
	<date>2007-11-30</date>
	<title><![CDATA[&#x201c;Service was terrible...&#x201d;]]></title>
	<excerpt><![CDATA[Service was terrible, food was late. more]]></excerpt>
	<link><![CDATA[http://www.tripadvisor.com/Restaurant_Review-g255100-d723201-Reviews-or10-Caffe_e_Cucina-Melbourne_Victoria.html]]></link>
</review>
<review>
	<rating>4.0</rating>
	<author><![CDATA[A TripAdvisor Contributor]]></author>
	<date>2007-11-18</date>
	<title><![CDATA[&#x201c;Hot Italian waiters...&#x201d;]]></title>
	<excerpt><![CDATA[Hot Italian waiters, reliable tried and tested menu. A Chapel St institution. more]]></excerpt>
	<link><![CDATA[http://www.tripadvisor.com/Restaurant_Review-g255100-d723201-Reviews-or10-Caffe_e_Cucina-Melbourne_Victoria.html]]></link>
</review>
<review>
	<rating>4.0</rating>
	<author><![CDATA[A TripAdvisor Contributor]]></author>
	<date>2007-11-18</date>
	<title><![CDATA[&#x201c;An old favourite&#x201d;]]></title>
	<excerpt><![CDATA[An old favourite more]]></excerpt>
	<link><![CDATA[http://www.tripadvisor.com/Restaurant_Review-g255100-d723201-Reviews-or10-Caffe_e_Cucina-Melbourne_Victoria.html]]></link>
</review>
<review>
	<rating>4.0</rating>
	<author><![CDATA[A TripAdvisor Contributor]]></author>
	<date>2007-11-14</date>
	<title><![CDATA[&#x201c;Cute place and good...&#x201d;]]></title>
	<excerpt><![CDATA[Cute place and good food. Staff are always friendly. more]]></excerpt>
	<link><![CDATA[http://www.tripadvisor.com/Restaurant_Review-g255100-d723201-Reviews-or20-Caffe_e_Cucina-Melbourne_Victoria.html]]></link>
</review>
<review>
	<rating>4.0</rating>
	<author><![CDATA[A TripAdvisor Contributor]]></author>
	<date>2007-11-07</date>
	<title><![CDATA[&#x201c;Great atmosphere, cosy...&#x201d;]]></title>
	<excerpt><![CDATA[Great atmosphere, cosy, and a great giggle watching the italian waiters.. The food is hearty and of good quality. more]]></excerpt>
	<link><![CDATA[http://www.tripadvisor.com/Restaurant_Review-g255100-d723201-Reviews-or20-Caffe_e_Cucina-Melbourne_Victoria.html]]></link>
</review>
</source>