<source name="Trip Advisor" avg-rating="4.0">
<review>
	<rating>4.0</rating>
	<author><![CDATA[A TripAdvisor Contributor]]></author>
	<date>2008-04-26</date>
	<title><![CDATA[&#x201c;lovely specialist...&#x201d;]]></title>
	<excerpt><![CDATA[lovely specialist steakhouse, top class wineline. little pricey but not unreasonable. more]]></excerpt>
	<link><![CDATA[http://www.tripadvisor.com/Restaurant_Review-g255100-d723545-Reviews-Charcoal_Grill_On_The_Hill-Melbourne_Victoria.html]]></link>
</review>
<review>
	<rating>4.0</rating>
	<author><![CDATA[A TripAdvisor Contributor]]></author>
	<date>2008-02-03</date>
	<title><![CDATA[&#x201c;One of the best steaks...&#x201d;]]></title>
	<excerpt><![CDATA[One of the best steaks in Melbourne. Extensive wine list. Ask for house recommendation. more]]></excerpt>
	<link><![CDATA[http://www.tripadvisor.com/Restaurant_Review-g255100-d723545-Reviews-Charcoal_Grill_On_The_Hill-Melbourne_Victoria.html]]></link>
</review>
<review>
	<rating>4.0</rating>
	<author><![CDATA[A TripAdvisor Contributor]]></author>
	<date>2007-12-17</date>
	<title><![CDATA[&#x201c;Steakhouse.
One of...&#x201d;]]></title>
	<excerpt><![CDATA[Steakhouse.
One of Melbourne's best steak houses with an exceptional wine list. Like most steak houses the menu is limited but here are a few non stea]]></excerpt>
	<link><![CDATA[http://www.tripadvisor.com/Restaurant_Review-g255100-d723545-Reviews-Charcoal_Grill_On_The_Hill-Melbourne_Victoria.html]]></link>
</review>
<review>
	<rating>5.0</rating>
	<author><![CDATA[A TripAdvisor Contributor]]></author>
	<date>2007-12-16</date>
	<title><![CDATA[&#x201c;I love this place! This...&#x201d;]]></title>
	<excerpt><![CDATA[I love this place! This is the best steak in town... Plus one of the waiters looks a bit like Ricky Martin! So girls, enjoy! ;D more]]></excerpt>
	<link><![CDATA[http://www.tripadvisor.com/Restaurant_Review-g255100-d723545-Reviews-Charcoal_Grill_On_The_Hill-Melbourne_Victoria.html]]></link>
</review>
</source>