<source name="Trip Advisor" avg-rating="4.5">
<review>
	<rating>4.0</rating>
	<author><![CDATA[A TripAdvisor Contributor]]></author>
	<date>2008-10-04</date>
	<title><![CDATA[&#x201c;Nasi Lemak again!!!&#x201d;]]></title>
	<excerpt><![CDATA[Nasi Lemak again!!! more]]></excerpt>
	<link><![CDATA[http://www.tripadvisor.com/Restaurant_Review-g255100-d723607-Reviews-Chilli_Padi-Melbourne_Victoria.html]]></link>
</review>
<review>
	<rating>4.0</rating>
	<author><![CDATA[A TripAdvisor Contributor]]></author>
	<date>2008-04-04</date>
	<title><![CDATA[&#x201c;Good Asian fusion food...&#x201d;]]></title>
	<excerpt><![CDATA[Good Asian fusion food. Nice presentation of food. Great dessert. more]]></excerpt>
	<link><![CDATA[http://www.tripadvisor.com/Restaurant_Review-g255100-d723607-Reviews-Chilli_Padi-Melbourne_Victoria.html]]></link>
</review>
<review>
	<rating>1.0</rating>
	<author><![CDATA[A TripAdvisor Contributor]]></author>
	<date>2008-04-01</date>
	<title><![CDATA[&#x201c;food is horrible...&#x201d;]]></title>
	<excerpt><![CDATA[food is horrible, service is just as bad more]]></excerpt>
	<link><![CDATA[http://www.tripadvisor.com/Restaurant_Review-g255100-d723607-Reviews-Chilli_Padi-Melbourne_Victoria.html]]></link>
</review>
</source>