<source name="Trip Advisor" avg-rating="4.5">
<review>
	<rating>3.0</rating>
	<author><![CDATA[A TripAdvisor Contributor]]></author>
	<date>2008-05-16</date>
	<title><![CDATA[&#x201c;not badddd&#x201d;]]></title>
	<excerpt><![CDATA[not badddd more]]></excerpt>
	<link><![CDATA[http://www.tripadvisor.com/Restaurant_Review-g255100-d723603-Reviews-Chilli_Cafe-Melbourne_Victoria.html]]></link>
</review>
<review>
	<rating>1.0</rating>
	<author><![CDATA[A TripAdvisor Contributor]]></author>
	<date>2008-04-21</date>
	<title><![CDATA[&#x201c;It's like a fast-food...&#x201d;]]></title>
	<excerpt><![CDATA[It's like a fast-food chain. The food is reasonably priced, but is not particularly good or impressive compared to other cafe or restaurants. It's rec]]></excerpt>
	<link><![CDATA[http://www.tripadvisor.com/Restaurant_Review-g255100-d723603-Reviews-Chilli_Cafe-Melbourne_Victoria.html]]></link>
</review>
<review>
	<rating>4.0</rating>
	<author><![CDATA[A TripAdvisor Contributor]]></author>
	<date>2008-04-03</date>
	<title><![CDATA[&#x201c;Really tender beef.. YUM!&#x201d;]]></title>
	<excerpt><![CDATA[Really tender beef.. YUM! more]]></excerpt>
	<link><![CDATA[http://www.tripadvisor.com/Restaurant_Review-g255100-d723603-Reviews-Chilli_Cafe-Melbourne_Victoria.html]]></link>
</review>
</source>