<source name="Trip Advisor" avg-rating="4.5">
<review>
	<rating>4.0</rating>
	<author><![CDATA[A TripAdvisor Contributor]]></author>
	<date>2008-01-04</date>
	<title><![CDATA[&#x201c;Service is fantastic...&#x201d;]]></title>
	<excerpt><![CDATA[Service is fantastic with a decent wine menu and quality food. Close to the best in Chinatown. more]]></excerpt>
	<link><![CDATA[http://www.tripadvisor.com/Restaurant_Review-g255100-d723627-Reviews-Chine_on_Paramount-Melbourne_Victoria.html]]></link>
</review>
<review>
	<rating>3.0</rating>
	<author><![CDATA[A TripAdvisor Contributor]]></author>
	<date>2007-11-18</date>
	<title><![CDATA[&#x201c;Good Yum-Cha&#x201d;]]></title>
	<excerpt><![CDATA[Good Yum-Cha more]]></excerpt>
	<link><![CDATA[http://www.tripadvisor.com/Restaurant_Review-g255100-d723627-Reviews-Chine_on_Paramount-Melbourne_Victoria.html]]></link>
</review>
</source>