<source name="Trip Advisor" avg-rating="4.0">
<review>
	<rating>4.0</rating>
	<author><![CDATA[A TripAdvisor Contributor]]></author>
	<date>2008-10-05</date>
	<title><![CDATA[&#x201c;Curry laksa 9/10&#x201d;]]></title>
	<excerpt><![CDATA[Curry laksa 9/10 more]]></excerpt>
	<link><![CDATA[http://www.tripadvisor.com/Restaurant_Review-g255100-d723639-Reviews-Chinta_Blues-Melbourne_Victoria.html]]></link>
</review>
<review>
	<rating>5.0</rating>
	<author><![CDATA[A TripAdvisor Contributor]]></author>
	<date>2008-05-18</date>
	<title><![CDATA[&#x201c;I will always LOVE this...&#x201d;]]></title>
	<excerpt><![CDATA[I will always LOVE this resto.. so much memories more]]></excerpt>
	<link><![CDATA[http://www.tripadvisor.com/Restaurant_Review-g255100-d723639-Reviews-Chinta_Blues-Melbourne_Victoria.html]]></link>
</review>
<review>
	<rating>5.0</rating>
	<author><![CDATA[A TripAdvisor Contributor]]></author>
	<date>2008-02-02</date>
	<title><![CDATA[&#x201c;Brilliant food. A little...&#x201d;]]></title>
	<excerpt><![CDATA[Brilliant food. A little pricey to be going often, but worth it. more]]></excerpt>
	<link><![CDATA[http://www.tripadvisor.com/Restaurant_Review-g255100-d723639-Reviews-Chinta_Blues-Melbourne_Victoria.html]]></link>
</review>
<review>
	<rating>3.0</rating>
	<author><![CDATA[A TripAdvisor Contributor]]></author>
	<date>2008-01-03</date>
	<title><![CDATA[&#x201c;cheap & cheerful&#x201d;]]></title>
	<excerpt><![CDATA[cheap & cheerful more]]></excerpt>
	<link><![CDATA[http://www.tripadvisor.com/Restaurant_Review-g255100-d723639-Reviews-Chinta_Blues-Melbourne_Victoria.html]]></link>
</review>
<review>
	<rating>3.0</rating>
	<author><![CDATA[A TripAdvisor Contributor]]></author>
	<date>2007-11-10</date>
	<title><![CDATA[&#x201c;Good food and great...&#x201d;]]></title>
	<excerpt><![CDATA[Good food and great atmosphere more]]></excerpt>
	<link><![CDATA[http://www.tripadvisor.com/Restaurant_Review-g255100-d723639-Reviews-Chinta_Blues-Melbourne_Victoria.html]]></link>
</review>
<review>
	<rating>3.0</rating>
	<author><![CDATA[A TripAdvisor Contributor]]></author>
	<date>2007-11-03</date>
	<title><![CDATA[&#x201c;Good ambience. Food is...&#x201d;]]></title>
	<excerpt><![CDATA[Good ambience. Food is alright. more]]></excerpt>
	<link><![CDATA[http://www.tripadvisor.com/Restaurant_Review-g255100-d723639-Reviews-Chinta_Blues-Melbourne_Victoria.html]]></link>
</review>
</source>