<source name="Trip Advisor" avg-rating="4.5">
<review>
	<rating>1.0</rating>
	<author><![CDATA[A TripAdvisor Contributor]]></author>
	<date>2008-05-16</date>
	<title><![CDATA[&#x201c;Overrate food. Not great...&#x201d;]]></title>
	<excerpt><![CDATA[Overrate food. Not great value for $. Only good if you have a craving for late night chinese and nothing else around is open! more]]></excerpt>
	<link><![CDATA[http://www.tripadvisor.com/Restaurant_Review-g255100-d723609-Reviews-China_Bar-Melbourne_Victoria.html]]></link>
</review>
<review>
	<rating>2.0</rating>
	<author><![CDATA[A TripAdvisor Contributor]]></author>
	<date>2008-02-25</date>
	<title><![CDATA[&#x201c;I like the preserve egg...&#x201d;]]></title>
	<excerpt><![CDATA[I like the preserve egg congee....big portion and taste good more]]></excerpt>
	<link><![CDATA[http://www.tripadvisor.com/Restaurant_Review-g255100-d723609-Reviews-China_Bar-Melbourne_Victoria.html]]></link>
</review>
<review>
	<rating>3.0</rating>
	<author><![CDATA[A TripAdvisor Contributor]]></author>
	<date>2008-02-17</date>
	<title><![CDATA[&#x201c;The Chicken Rice is good.&#x201d;]]></title>
	<excerpt><![CDATA[The Chicken Rice is good. more]]></excerpt>
	<link><![CDATA[http://www.tripadvisor.com/Restaurant_Review-g255100-d723609-Reviews-China_Bar-Melbourne_Victoria.html]]></link>
</review>
<review>
	<rating>4.0</rating>
	<author><![CDATA[A TripAdvisor Contributor]]></author>
	<date>2008-01-25</date>
	<title><![CDATA[&#x201c;Yum, Yum, yum. Good...&#x201d;]]></title>
	<excerpt><![CDATA[Yum, Yum, yum. Good, cheap takeaway - massive selection. more]]></excerpt>
	<link><![CDATA[http://www.tripadvisor.com/Restaurant_Review-g255100-d723609-Reviews-China_Bar-Melbourne_Victoria.html]]></link>
</review>
<review>
	<rating>3.0</rating>
	<author><![CDATA[A TripAdvisor Contributor]]></author>
	<date>2007-12-01</date>
	<title><![CDATA[&#x201c;Good price and meal, but...&#x201d;]]></title>
	<excerpt><![CDATA[Good price and meal, but fill plate with too many noodles/rice more]]></excerpt>
	<link><![CDATA[http://www.tripadvisor.com/Restaurant_Review-g255100-d723609-Reviews-China_Bar-Melbourne_Victoria.html]]></link>
</review>
<review>
	<rating>2.0</rating>
	<author><![CDATA[A TripAdvisor Contributor]]></author>
	<date>2007-11-18</date>
	<title><![CDATA[&#x201c;Good for a cheap quick...&#x201d;]]></title>
	<excerpt><![CDATA[Good for a cheap quick feed after a night out... more]]></excerpt>
	<link><![CDATA[http://www.tripadvisor.com/Restaurant_Review-g255100-d723609-Reviews-China_Bar-Melbourne_Victoria.html]]></link>
</review>
<review>
	<rating>1.0</rating>
	<author><![CDATA[A TripAdvisor Contributor]]></author>
	<date>2007-11-03</date>
	<title><![CDATA[&#x201c;Good for late outing...&#x201d;]]></title>
	<excerpt><![CDATA[Good for late outing especially after clubbing when nothing else is open in dead Melbourne. more]]></excerpt>
	<link><![CDATA[http://www.tripadvisor.com/Restaurant_Review-g255100-d723609-Reviews-China_Bar-Melbourne_Victoria.html]]></link>
</review>
</source>