<source name="Trip Advisor" avg-rating="4.5">
<review>
	<rating>4.0</rating>
	<author><![CDATA[helsaAustralia]]></author>
	<date>2009-03-13</date>
	<title><![CDATA[&#x201c;unique experience&#x201d;]]></title>
	<excerpt><![CDATA[they do seem to have issues dealing with money and cards. it all takes to long. The food, however, is sensational in concept and execution. more]]></excerpt>
	<link><![CDATA[http://www.tripadvisor.com/Restaurant_Review-g255100-d781005-Reviews-Chocolate_Buddha-Melbourne_Victoria.html]]></link>
</review>
<review>
	<rating>3.0</rating>
	<author><![CDATA[burna]]></author>
	<date>2008-09-21</date>
	<title><![CDATA[&#x201c;service lets this place down...&#x201d;]]></title>
	<excerpt><![CDATA[Chocolate Buddha - Federation Square - Melbourne
Cnr Swanston and Flinders St
Melbourne
9654 5688
www.chocolatebuddha.com.au/
Another Good Food Guide ]]></excerpt>
	<link><![CDATA[http://www.tripadvisor.com/Restaurant_Review-g255100-d781005-Reviews-Chocolate_Buddha-Melbourne_Victoria.html]]></link>
</review>
<review>
	<rating>4.0</rating>
	<author><![CDATA[A TripAdvisor Contributor]]></author>
	<date>2008-08-26</date>
	<title><![CDATA[&#x201c;Neo-Japanese&#x201d;]]></title>
	<excerpt><![CDATA[Neo-Japanese more]]></excerpt>
	<link><![CDATA[http://www.tripadvisor.com/Restaurant_Review-g255100-d781005-Reviews-Chocolate_Buddha-Melbourne_Victoria.html]]></link>
</review>
<review>
	<rating>3.0</rating>
	<author><![CDATA[Victorianlad]]></author>
	<date>2008-07-19</date>
	<title><![CDATA[&#x201c;Classy Japanese restaurant&#x201d;]]></title>
	<excerpt><![CDATA[My children particularly liked the soup and bento boxes on offer.
Hot chocolates were good value as a warming winter beverage. more]]></excerpt>
	<link><![CDATA[http://www.tripadvisor.com/Restaurant_Review-g255100-d781005-Reviews-Chocolate_Buddha-Melbourne_Victoria.html]]></link>
</review>
<review>
	<rating>2.0</rating>
	<author><![CDATA[A TripAdvisor Contributor]]></author>
	<date>2008-06-26</date>
	<title><![CDATA[&#x201c;Expensive and so similar...&#x201d;]]></title>
	<excerpt><![CDATA[Expensive and so similar to Wagamama with no better food. more]]></excerpt>
	<link><![CDATA[http://www.tripadvisor.com/Restaurant_Review-g255100-d781005-Reviews-Chocolate_Buddha-Melbourne_Victoria.html]]></link>
</review>
<review>
	<rating>3.0</rating>
	<author><![CDATA[A TripAdvisor Contributor]]></author>
	<date>2008-05-10</date>
	<title><![CDATA[&#x201c;solid euro-asian fare&#x201d;]]></title>
	<excerpt><![CDATA[solid euro-asian fare more]]></excerpt>
	<link><![CDATA[http://www.tripadvisor.com/Restaurant_Review-g255100-d781005-Reviews-Chocolate_Buddha-Melbourne_Victoria.html]]></link>
</review>
<review>
	<rating>4.0</rating>
	<author><![CDATA[A TripAdvisor Contributor]]></author>
	<date>2008-05-02</date>
	<title><![CDATA[&#x201c;Love the...&#x201d;]]></title>
	<excerpt><![CDATA[Love the location...great for a quick stop and some people watching after work more]]></excerpt>
	<link><![CDATA[http://www.tripadvisor.com/Restaurant_Review-g255100-d781005-Reviews-Chocolate_Buddha-Melbourne_Victoria.html]]></link>
</review>
<review>
	<rating>2.0</rating>
	<author><![CDATA[A TripAdvisor Contributor]]></author>
	<date>2008-04-27</date>
	<title><![CDATA[&#x201c;Quite pricey, not worth...&#x201d;]]></title>
	<excerpt><![CDATA[Quite pricey, not worth the money.. Better try elsewhere for Japanese food.. more]]></excerpt>
	<link><![CDATA[http://www.tripadvisor.com/Restaurant_Review-g255100-d781005-Reviews-Chocolate_Buddha-Melbourne_Victoria.html]]></link>
</review>
<review>
	<rating>3.0</rating>
	<author><![CDATA[A TripAdvisor Contributor]]></author>
	<date>2008-04-03</date>
	<title><![CDATA[&#x201c;Average Japanese food...&#x201d;]]></title>
	<excerpt><![CDATA[Average Japanese food, made for non-Japanese. Good location for tourists. more]]></excerpt>
	<link><![CDATA[http://www.tripadvisor.com/Restaurant_Review-g255100-d781005-Reviews-Chocolate_Buddha-Melbourne_Victoria.html]]></link>
</review>
<review>
	<rating>3.0</rating>
	<author><![CDATA[A TripAdvisor Contributor]]></author>
	<date>2008-03-15</date>
	<title><![CDATA[&#x201c;I quite like this place...&#x201d;]]></title>
	<excerpt><![CDATA[I quite like this place but it is definitely westernised Japanese. Typical favourites (gyoza etc.) are quite under par but I enjoyed the salmon sushi ]]></excerpt>
	<link><![CDATA[http://www.tripadvisor.com/Restaurant_Review-g255100-d781005-Reviews-Chocolate_Buddha-Melbourne_Victoria.html]]></link>
</review>
<review>
	<rating>2.0</rating>
	<author><![CDATA[A TripAdvisor Contributor]]></author>
	<date>2008-03-05</date>
	<title><![CDATA[&#x201c;Disappointed with this...&#x201d;]]></title>
	<excerpt><![CDATA[Disappointed with this one and I had heard such good things. Like other reviewers was let down buy the quality and preparation of the food. Definitely]]></excerpt>
	<link><![CDATA[http://www.tripadvisor.com/Restaurant_Review-g255100-d781005-Reviews-or10-Chocolate_Buddha-Melbourne_Victoria.html]]></link>
</review>
<review>
	<rating>2.0</rating>
	<author><![CDATA[A TripAdvisor Contributor]]></author>
	<date>2008-03-03</date>
	<title><![CDATA[&#x201c;Westerned Japanese food...&#x201d;]]></title>
	<excerpt><![CDATA[Westerned Japanese food. Was rather disappointed with the quality and quantity give the prices. more]]></excerpt>
	<link><![CDATA[http://www.tripadvisor.com/Restaurant_Review-g255100-d781005-Reviews-or10-Chocolate_Buddha-Melbourne_Victoria.html]]></link>
</review>
<review>
	<rating>3.0</rating>
	<author><![CDATA[A TripAdvisor Contributor]]></author>
	<date>2008-02-22</date>
	<title><![CDATA[&#x201c;Sushi & Sashimi were...&#x201d;]]></title>
	<excerpt><![CDATA[Sushi & Sashimi were good, but was rather disappointed with the oysters. Good wine selection; lovely evening. more]]></excerpt>
	<link><![CDATA[http://www.tripadvisor.com/Restaurant_Review-g255100-d781005-Reviews-or10-Chocolate_Buddha-Melbourne_Victoria.html]]></link>
</review>
<review>
	<rating>2.0</rating>
	<author><![CDATA[A TripAdvisor Contributor]]></author>
	<date>2008-01-31</date>
	<title><![CDATA[&#x201c;Flavourless and...&#x201d;]]></title>
	<excerpt><![CDATA[Flavourless and overpriced. more]]></excerpt>
	<link><![CDATA[http://www.tripadvisor.com/Restaurant_Review-g255100-d781005-Reviews-or10-Chocolate_Buddha-Melbourne_Victoria.html]]></link>
</review>
<review>
	<rating>2.0</rating>
	<author><![CDATA[A TripAdvisor Contributor]]></author>
	<date>2008-01-30</date>
	<title><![CDATA[&#x201c;different...but average...&#x201d;]]></title>
	<excerpt><![CDATA[different...but average! not really Jap! more]]></excerpt>
	<link><![CDATA[http://www.tripadvisor.com/Restaurant_Review-g255100-d781005-Reviews-or10-Chocolate_Buddha-Melbourne_Victoria.html]]></link>
</review>
<review>
	<rating>1.0</rating>
	<author><![CDATA[A TripAdvisor Contributor]]></author>
	<date>2008-01-10</date>
	<title><![CDATA[&#x201c;give some time and need...&#x201d;]]></title>
	<excerpt><![CDATA[give some time and need to visit atleast 2 times to start liking their food. over rated prices more]]></excerpt>
	<link><![CDATA[http://www.tripadvisor.com/Restaurant_Review-g255100-d781005-Reviews-or10-Chocolate_Buddha-Melbourne_Victoria.html]]></link>
</review>
<review>
	<rating>3.0</rating>
	<author><![CDATA[A TripAdvisor Contributor]]></author>
	<date>2008-01-01</date>
	<title><![CDATA[&#x201c;Foods good. Really...&#x201d;]]></title>
	<excerpt><![CDATA[Foods good. Really noisy inside though, you want a table outside. Gets really crowded though more]]></excerpt>
	<link><![CDATA[http://www.tripadvisor.com/Restaurant_Review-g255100-d781005-Reviews-or10-Chocolate_Buddha-Melbourne_Victoria.html]]></link>
</review>
<review>
	<rating>5.0</rating>
	<author><![CDATA[A TripAdvisor Contributor]]></author>
	<date>2007-12-29</date>
	<title><![CDATA[&#x201c;damn great !!! a place...&#x201d;]]></title>
	<excerpt><![CDATA[damn great !!! a place where a chocolate lovers will end up sucking on fine made chocolate melted in warm milk waaoowww excellent! more]]></excerpt>
	<link><![CDATA[http://www.tripadvisor.com/Restaurant_Review-g255100-d781005-Reviews-or10-Chocolate_Buddha-Melbourne_Victoria.html]]></link>
</review>
<review>
	<rating>1.0</rating>
	<author><![CDATA[A TripAdvisor Contributor]]></author>
	<date>2007-12-17</date>
	<title><![CDATA[&#x201c;Ordinary - don't bother.&#x201d;]]></title>
	<excerpt><![CDATA[Ordinary - don't bother. more]]></excerpt>
	<link><![CDATA[http://www.tripadvisor.com/Restaurant_Review-g255100-d781005-Reviews-or10-Chocolate_Buddha-Melbourne_Victoria.html]]></link>
</review>
<review>
	<rating>4.0</rating>
	<author><![CDATA[A TripAdvisor Contributor]]></author>
	<date>2007-12-12</date>
	<title><![CDATA[&#x201c;nice, siple organic...&#x201d;]]></title>
	<excerpt><![CDATA[nice, siple organic ramen bar plus! more]]></excerpt>
	<link><![CDATA[http://www.tripadvisor.com/Restaurant_Review-g255100-d781005-Reviews-or10-Chocolate_Buddha-Melbourne_Victoria.html]]></link>
</review>
<review>
	<rating>4.0</rating>
	<author><![CDATA[A TripAdvisor Contributor]]></author>
	<date>2007-12-04</date>
	<title><![CDATA[&#x201c;nice crowd, good...&#x201d;]]></title>
	<excerpt><![CDATA[nice crowd, good service, nice ambiance, but very plain tasted food more]]></excerpt>
	<link><![CDATA[http://www.tripadvisor.com/Restaurant_Review-g255100-d781005-Reviews-or20-Chocolate_Buddha-Melbourne_Victoria.html]]></link>
</review>
<review>
	<rating>2.0</rating>
	<author><![CDATA[A TripAdvisor Contributor]]></author>
	<date>2007-12-02</date>
	<title><![CDATA[&#x201c;Gotta try it as a new...&#x201d;]]></title>
	<excerpt><![CDATA[Gotta try it as a new experience. You sit at benches that extend the length of the room and you sit at the same table as the other patrons. Nice Japan]]></excerpt>
	<link><![CDATA[http://www.tripadvisor.com/Restaurant_Review-g255100-d781005-Reviews-or20-Chocolate_Buddha-Melbourne_Victoria.html]]></link>
</review>
<review>
	<rating>3.0</rating>
	<author><![CDATA[A TripAdvisor Contributor]]></author>
	<date>2007-11-30</date>
	<title><![CDATA[&#x201c;another alternative to...&#x201d;]]></title>
	<excerpt><![CDATA[another alternative to wagamama more]]></excerpt>
	<link><![CDATA[http://www.tripadvisor.com/Restaurant_Review-g255100-d781005-Reviews-or20-Chocolate_Buddha-Melbourne_Victoria.html]]></link>
</review>
<review>
	<rating>2.0</rating>
	<author><![CDATA[A TripAdvisor Contributor]]></author>
	<date>2007-11-29</date>
	<title><![CDATA[&#x201c;a bit ordinary...&#x201d;]]></title>
	<excerpt><![CDATA[a bit ordinary actually... for what you get, a bit pricey... more]]></excerpt>
	<link><![CDATA[http://www.tripadvisor.com/Restaurant_Review-g255100-d781005-Reviews-or20-Chocolate_Buddha-Melbourne_Victoria.html]]></link>
</review>
<review>
	<rating>4.0</rating>
	<author><![CDATA[A TripAdvisor Contributor]]></author>
	<date>2007-11-27</date>
	<title><![CDATA[&#x201c;Great atmosphere and...&#x201d;]]></title>
	<excerpt><![CDATA[Great atmosphere and good food, can't go wrong. more]]></excerpt>
	<link><![CDATA[http://www.tripadvisor.com/Restaurant_Review-g255100-d781005-Reviews-or20-Chocolate_Buddha-Melbourne_Victoria.html]]></link>
</review>
<review>
	<rating>2.0</rating>
	<author><![CDATA[A TripAdvisor Contributor]]></author>
	<date>2007-11-25</date>
	<title><![CDATA[&#x201c;Fusion asian. Resembles...&#x201d;]]></title>
	<excerpt><![CDATA[Fusion asian. Resembles a more expensive version of wagamama. more]]></excerpt>
	<link><![CDATA[http://www.tripadvisor.com/Restaurant_Review-g255100-d781005-Reviews-or20-Chocolate_Buddha-Melbourne_Victoria.html]]></link>
</review>
<review>
	<rating>3.0</rating>
	<author><![CDATA[A TripAdvisor Contributor]]></author>
	<date>2007-11-23</date>
	<title><![CDATA[&#x201c;Gets busy. food is good...&#x201d;]]></title>
	<excerpt><![CDATA[Gets busy. food is good. not enough to fill walter though!! more]]></excerpt>
	<link><![CDATA[http://www.tripadvisor.com/Restaurant_Review-g255100-d781005-Reviews-or20-Chocolate_Buddha-Melbourne_Victoria.html]]></link>
</review>
<review>
	<rating>5.0</rating>
	<author><![CDATA[A TripAdvisor Contributor]]></author>
	<date>2007-11-22</date>
	<title><![CDATA[&#x201c;Excellent food, great...&#x201d;]]></title>
	<excerpt><![CDATA[Excellent food, great atmosphere and easy, casual 'quick dining'. more]]></excerpt>
	<link><![CDATA[http://www.tripadvisor.com/Restaurant_Review-g255100-d781005-Reviews-or20-Chocolate_Buddha-Melbourne_Victoria.html]]></link>
</review>
<review>
	<rating>3.0</rating>
	<author><![CDATA[A TripAdvisor Contributor]]></author>
	<date>2007-11-22</date>
	<title><![CDATA[&#x201c;Nice food, good...&#x201d;]]></title>
	<excerpt><![CDATA[Nice food, good atmosphere more]]></excerpt>
	<link><![CDATA[http://www.tripadvisor.com/Restaurant_Review-g255100-d781005-Reviews-or20-Chocolate_Buddha-Melbourne_Victoria.html]]></link>
</review>
<review>
	<rating>4.0</rating>
	<author><![CDATA[A TripAdvisor Contributor]]></author>
	<date>2007-11-21</date>
	<title><![CDATA[&#x201c;Delicious!!&#x201d;]]></title>
	<excerpt><![CDATA[Delicious!! more]]></excerpt>
	<link><![CDATA[http://www.tripadvisor.com/Restaurant_Review-g255100-d781005-Reviews-or20-Chocolate_Buddha-Melbourne_Victoria.html]]></link>
</review>
<review>
	<rating>3.0</rating>
	<author><![CDATA[A TripAdvisor Contributor]]></author>
	<date>2007-11-19</date>
	<title><![CDATA[&#x201c;Nice food. A little...&#x201d;]]></title>
	<excerpt><![CDATA[Nice food. A little more expensive then your normal Japanese restaurant. Service was good. more]]></excerpt>
	<link><![CDATA[http://www.tripadvisor.com/Restaurant_Review-g255100-d781005-Reviews-or30-Chocolate_Buddha-Melbourne_Victoria.html]]></link>
</review>
<review>
	<rating>2.0</rating>
	<author><![CDATA[A TripAdvisor Contributor]]></author>
	<date>2007-11-18</date>
	<title><![CDATA[&#x201c;Great location, average...&#x201d;]]></title>
	<excerpt><![CDATA[Great location, average food. Good cocktail list. more]]></excerpt>
	<link><![CDATA[http://www.tripadvisor.com/Restaurant_Review-g255100-d781005-Reviews-or30-Chocolate_Buddha-Melbourne_Victoria.html]]></link>
</review>
<review>
	<rating>3.0</rating>
	<author><![CDATA[A TripAdvisor Contributor]]></author>
	<date>2007-11-18</date>
	<title><![CDATA[&#x201c;Not bad... good...&#x201d;]]></title>
	<excerpt><![CDATA[Not bad... good noodles.. more]]></excerpt>
	<link><![CDATA[http://www.tripadvisor.com/Restaurant_Review-g255100-d781005-Reviews-or30-Chocolate_Buddha-Melbourne_Victoria.html]]></link>
</review>
<review>
	<rating>4.0</rating>
	<author><![CDATA[A TripAdvisor Contributor]]></author>
	<date>2007-11-18</date>
	<title><![CDATA[&#x201c;The Curried Prawn dish...&#x201d;]]></title>
	<excerpt><![CDATA[The Curried Prawn dish is my fav, but also Squid on Bamboo skewers. Desserts are yum and the coffee more]]></excerpt>
	<link><![CDATA[http://www.tripadvisor.com/Restaurant_Review-g255100-d781005-Reviews-or30-Chocolate_Buddha-Melbourne_Victoria.html]]></link>
</review>
<review>
	<rating>4.0</rating>
	<author><![CDATA[A TripAdvisor Contributor]]></author>
	<date>2007-11-17</date>
	<title><![CDATA[&#x201c;modern japanese food...&#x201d;]]></title>
	<excerpt><![CDATA[modern japanese food with a great bar variety more]]></excerpt>
	<link><![CDATA[http://www.tripadvisor.com/Restaurant_Review-g255100-d781005-Reviews-or30-Chocolate_Buddha-Melbourne_Victoria.html]]></link>
</review>
</source>