<source name="Trip Advisor" avg-rating="4.5">
<review>
	<rating>4.0</rating>
	<author><![CDATA[A TripAdvisor Contributor]]></author>
	<date>2008-10-27</date>
	<title><![CDATA[&#x201c;I like the chilli hot...&#x201d;]]></title>
	<excerpt><![CDATA[I like the chilli hot chocolate there. You can specify how spicy using the scale 1-10 and if you order a 10 and survived, your name get to be put on t]]></excerpt>
	<link><![CDATA[http://www.tripadvisor.com/Restaurant_Review-g255100-d1050584-Reviews-Chokolait_Hub-Melbourne_Victoria.html]]></link>
</review>
<review>
	<rating>5.0</rating>
	<author><![CDATA[A TripAdvisor Contributor]]></author>
	<date>2008-09-20</date>
	<title><![CDATA[&#x201c;belgian dark/milk choco&#x201d;]]></title>
	<excerpt><![CDATA[belgian dark/milk choco more]]></excerpt>
	<link><![CDATA[http://www.tripadvisor.com/Restaurant_Review-g255100-d1050584-Reviews-Chokolait_Hub-Melbourne_Victoria.html]]></link>
</review>
</source>