<source name="Trip Advisor" avg-rating="4.0">
<review>
	<rating>5.0</rating>
	<author><![CDATA[A TripAdvisor Contributor]]></author>
	<date>2008-09-08</date>
	<title><![CDATA[&#x201c;Love it. Great food at...&#x201d;]]></title>
	<excerpt><![CDATA[Love it. Great food at any time of the day or night. more]]></excerpt>
	<link><![CDATA[http://www.tripadvisor.com/Restaurant_Review-g255100-d723670-Reviews-Cicciolina-Melbourne_Victoria.html]]></link>
</review>
<review>
	<rating>3.0</rating>
	<author><![CDATA[A TripAdvisor Contributor]]></author>
	<date>2008-07-10</date>
	<title><![CDATA[&#x201c;Very much over rated&#x201d;]]></title>
	<excerpt><![CDATA[Very much over rated more]]></excerpt>
	<link><![CDATA[http://www.tripadvisor.com/Restaurant_Review-g255100-d723670-Reviews-Cicciolina-Melbourne_Victoria.html]]></link>
</review>
<review>
	<rating>4.0</rating>
	<author><![CDATA[A TripAdvisor Contributor]]></author>
	<date>2008-07-05</date>
	<title><![CDATA[&#x201c;Friendly, quick service...&#x201d;]]></title>
	<excerpt><![CDATA[Friendly, quick service, and ideal for a meal before concerts at the Palais, but they don't take bookings so you need to get there early and you can't]]></excerpt>
	<link><![CDATA[http://www.tripadvisor.com/Restaurant_Review-g255100-d723670-Reviews-Cicciolina-Melbourne_Victoria.html]]></link>
</review>
<review>
	<rating>5.0</rating>
	<author><![CDATA[A TripAdvisor Contributor]]></author>
	<date>2008-06-22</date>
	<title><![CDATA[&#x201c;Melbourne dining doesn't...&#x201d;]]></title>
	<excerpt><![CDATA[Melbourne dining doesn't get any better than this. The menu mainstays are immutable because they are perfect examples of tasty, fresh, creative food. ]]></excerpt>
	<link><![CDATA[http://www.tripadvisor.com/Restaurant_Review-g255100-d723670-Reviews-Cicciolina-Melbourne_Victoria.html]]></link>
</review>
<review>
	<rating>4.0</rating>
	<author><![CDATA[A TripAdvisor Contributor]]></author>
	<date>2008-06-16</date>
	<title><![CDATA[&#x201c;Squeezy tables, great...&#x201d;]]></title>
	<excerpt><![CDATA[Squeezy tables, great atmsophere though and the food is fantastic. more]]></excerpt>
	<link><![CDATA[http://www.tripadvisor.com/Restaurant_Review-g255100-d723670-Reviews-Cicciolina-Melbourne_Victoria.html]]></link>
</review>
<review>
	<rating>1.0</rating>
	<author><![CDATA[Fulphild]]></author>
	<date>2008-06-06</date>
	<title><![CDATA[&#x201c;Once was a favourite!&#x201d;]]></title>
	<excerpt><![CDATA[The evening began well. Attentive service and well mannered staff. We enjoyed fantastic oysters then shared an entree of prawn in pancetta which was a]]></excerpt>
	<link><![CDATA[http://www.tripadvisor.com/Restaurant_Review-g255100-d723670-Reviews-Cicciolina-Melbourne_Victoria.html]]></link>
</review>
<review>
	<rating>4.0</rating>
	<author><![CDATA[A TripAdvisor Contributor]]></author>
	<date>2008-03-28</date>
	<title><![CDATA[&#x201c;Fantastic food and...&#x201d;]]></title>
	<excerpt><![CDATA[Fantastic food and atmosphere, but have only ever managed to get a table for lunch as so popular, it is always jam packed..hence they don't take booki]]></excerpt>
	<link><![CDATA[http://www.tripadvisor.com/Restaurant_Review-g255100-d723670-Reviews-Cicciolina-Melbourne_Victoria.html]]></link>
</review>
<review>
	<rating>3.0</rating>
	<author><![CDATA[A TripAdvisor Contributor]]></author>
	<date>2008-02-29</date>
	<title><![CDATA[&#x201c;Good food,good atmosphere&#x201d;]]></title>
	<excerpt><![CDATA[Good food,good atmosphere more]]></excerpt>
	<link><![CDATA[http://www.tripadvisor.com/Restaurant_Review-g255100-d723670-Reviews-Cicciolina-Melbourne_Victoria.html]]></link>
</review>
<review>
	<rating>5.0</rating>
	<author><![CDATA[A TripAdvisor Contributor]]></author>
	<date>2008-01-15</date>
	<title><![CDATA[&#x201c;Fricken Fantastic food...&#x201d;]]></title>
	<excerpt><![CDATA[Fricken Fantastic food, loved every moment...
From sitting at the bar eating drinkning the sig cocktails to sitting down to dinner.
The food, service,]]></excerpt>
	<link><![CDATA[http://www.tripadvisor.com/Restaurant_Review-g255100-d723670-Reviews-Cicciolina-Melbourne_Victoria.html]]></link>
</review>
<review>
	<rating>4.0</rating>
	<author><![CDATA[A TripAdvisor Contributor]]></author>
	<date>2008-01-12</date>
	<title><![CDATA[&#x201c;its definately worth the...&#x201d;]]></title>
	<excerpt><![CDATA[its definately worth the trip! they do the best sticky date pudding EVER, which is a big call. more]]></excerpt>
	<link><![CDATA[http://www.tripadvisor.com/Restaurant_Review-g255100-d723670-Reviews-Cicciolina-Melbourne_Victoria.html]]></link>
</review>
<review>
	<rating>4.0</rating>
	<author><![CDATA[A TripAdvisor Contributor]]></author>
	<date>2008-01-03</date>
	<title><![CDATA[&#x201c;Cant book, have to sit...&#x201d;]]></title>
	<excerpt><![CDATA[Cant book, have to sit at bar, great food and atmosphere more]]></excerpt>
	<link><![CDATA[http://www.tripadvisor.com/Restaurant_Review-g255100-d723670-Reviews-or10-Cicciolina-Melbourne_Victoria.html]]></link>
</review>
<review>
	<rating>4.0</rating>
	<author><![CDATA[A TripAdvisor Contributor]]></author>
	<date>2007-12-30</date>
	<title><![CDATA[&#x201c;A wonderful local&#x201d;]]></title>
	<excerpt><![CDATA[A wonderful local more]]></excerpt>
	<link><![CDATA[http://www.tripadvisor.com/Restaurant_Review-g255100-d723670-Reviews-or10-Cicciolina-Melbourne_Victoria.html]]></link>
</review>
<review>
	<rating>5.0</rating>
	<author><![CDATA[A TripAdvisor Contributor]]></author>
	<date>2007-12-13</date>
	<title><![CDATA[&#x201c;Words do not...&#x201d;]]></title>
	<excerpt><![CDATA[Words do not describe..great service, and the food always perfect...leaves me craving more of that crab entree!! more]]></excerpt>
	<link><![CDATA[http://www.tripadvisor.com/Restaurant_Review-g255100-d723670-Reviews-or10-Cicciolina-Melbourne_Victoria.html]]></link>
</review>
<review>
	<rating>4.0</rating>
	<author><![CDATA[A TripAdvisor Contributor]]></author>
	<date>2007-12-11</date>
	<title><![CDATA[&#x201c;After hearing countless...&#x201d;]]></title>
	<excerpt><![CDATA[After hearing countless nightmare stories about waiting hours at the back bar for a table before eventually being seated famished and a little worse f]]></excerpt>
	<link><![CDATA[http://www.tripadvisor.com/Restaurant_Review-g255100-d723670-Reviews-or10-Cicciolina-Melbourne_Victoria.html]]></link>
</review>
<review>
	<rating>4.0</rating>
	<author><![CDATA[A TripAdvisor Contributor]]></author>
	<date>2007-12-03</date>
	<title><![CDATA[&#x201c;Great little place in...&#x201d;]]></title>
	<excerpt><![CDATA[Great little place in the heart of Acland St, what i love about Cicciolina is the back bar. more]]></excerpt>
	<link><![CDATA[http://www.tripadvisor.com/Restaurant_Review-g255100-d723670-Reviews-or10-Cicciolina-Melbourne_Victoria.html]]></link>
</review>
<review>
	<rating>4.0</rating>
	<author><![CDATA[A TripAdvisor Contributor]]></author>
	<date>2007-12-01</date>
	<title><![CDATA[&#x201c;Cosy, warm, great food...&#x201d;]]></title>
	<excerpt><![CDATA[Cosy, warm, great food and wine. Just get there early as you cant book. more]]></excerpt>
	<link><![CDATA[http://www.tripadvisor.com/Restaurant_Review-g255100-d723670-Reviews-or10-Cicciolina-Melbourne_Victoria.html]]></link>
</review>
<review>
	<rating>3.0</rating>
	<author><![CDATA[A TripAdvisor Contributor]]></author>
	<date>2007-11-26</date>
	<title><![CDATA[&#x201c;Good food&#x201d;]]></title>
	<excerpt><![CDATA[Good food more]]></excerpt>
	<link><![CDATA[http://www.tripadvisor.com/Restaurant_Review-g255100-d723670-Reviews-or10-Cicciolina-Melbourne_Victoria.html]]></link>
</review>
<review>
	<rating>5.0</rating>
	<author><![CDATA[A TripAdvisor Contributor]]></author>
	<date>2007-11-23</date>
	<title><![CDATA[&#x201c;Well maybe the no...&#x201d;]]></title>
	<excerpt><![CDATA[Well maybe the no bookings policy can be annoying if you want to get a table for dinner, but the flip side is that if you stay clear of peak hour you ]]></excerpt>
	<link><![CDATA[http://www.tripadvisor.com/Restaurant_Review-g255100-d723670-Reviews-or10-Cicciolina-Melbourne_Victoria.html]]></link>
</review>
</source>