<source name="Trip Advisor" avg-rating="4.0">
<review>
	<rating>5.0</rating>
	<author><![CDATA[A TripAdvisor Contributor]]></author>
	<date>2008-10-21</date>
	<title><![CDATA[&#x201c;Fantastic dining...&#x201d;]]></title>
	<excerpt><![CDATA[Fantastic dining experience. Food very delicious with intricate detailing on garnish. Presentation of food excellent. Service is superb. Very lively a]]></excerpt>
	<link><![CDATA[http://www.tripadvisor.com/Restaurant_Review-g255100-d723679-Reviews-Circa_The_Prince-Melbourne_Victoria.html]]></link>
</review>
<review>
	<rating>3.0</rating>
	<author><![CDATA[A TripAdvisor Contributor]]></author>
	<date>2008-09-08</date>
	<title><![CDATA[&#x201c;$43 for a glass of...&#x201d;]]></title>
	<excerpt><![CDATA[$43 for a glass of champagne - ridiculous! Food was OK but personally I think they tried too hard. Overworked. The taste of overpriced wine left a bit]]></excerpt>
	<link><![CDATA[http://www.tripadvisor.com/Restaurant_Review-g255100-d723679-Reviews-Circa_The_Prince-Melbourne_Victoria.html]]></link>
</review>
<review>
	<rating>4.0</rating>
	<author><![CDATA[A TripAdvisor Contributor]]></author>
	<date>2008-07-25</date>
	<title><![CDATA[&#x201c;Wonderful dining...&#x201d;]]></title>
	<excerpt><![CDATA[Wonderful dining experience. Superb food, good service, gorgeous decor. more]]></excerpt>
	<link><![CDATA[http://www.tripadvisor.com/Restaurant_Review-g255100-d723679-Reviews-Circa_The_Prince-Melbourne_Victoria.html]]></link>
</review>
<review>
	<rating>4.0</rating>
	<author><![CDATA[A TripAdvisor Contributor]]></author>
	<date>2008-06-16</date>
	<title><![CDATA[&#x201c;New York style decor...&#x201d;]]></title>
	<excerpt><![CDATA[New York style decor, slick service and amazing flavours. more]]></excerpt>
	<link><![CDATA[http://www.tripadvisor.com/Restaurant_Review-g255100-d723679-Reviews-Circa_The_Prince-Melbourne_Victoria.html]]></link>
</review>
<review>
	<rating>2.0</rating>
	<author><![CDATA[hannahMelbourn]]></author>
	<date>2008-06-15</date>
	<title><![CDATA[&#x201c;Disappointing&#x201d;]]></title>
	<excerpt><![CDATA[Very disappointing.
The restaurant manager was charmless and surly, and we were completely ignored on arrival despite staying in one of the attached h]]></excerpt>
	<link><![CDATA[http://www.tripadvisor.com/Restaurant_Review-g255100-d723679-Reviews-Circa_The_Prince-Melbourne_Victoria.html]]></link>
</review>
<review>
	<rating>5.0</rating>
	<author><![CDATA[A TripAdvisor Contributor]]></author>
	<date>2008-05-18</date>
	<title><![CDATA[&#x201c;best vegetarian...&#x201d;]]></title>
	<excerpt><![CDATA[best vegetarian degustation in melbourne. it's perfection, from entree to dessert, leaving a big smile at the end of your course. can you ask for more]]></excerpt>
	<link><![CDATA[http://www.tripadvisor.com/Restaurant_Review-g255100-d723679-Reviews-Circa_The_Prince-Melbourne_Victoria.html]]></link>
</review>
<review>
	<rating>5.0</rating>
	<author><![CDATA[A TripAdvisor Contributor]]></author>
	<date>2008-04-07</date>
	<title><![CDATA[&#x201c;one of the best&#x201d;]]></title>
	<excerpt><![CDATA[one of the best more]]></excerpt>
	<link><![CDATA[http://www.tripadvisor.com/Restaurant_Review-g255100-d723679-Reviews-Circa_The_Prince-Melbourne_Victoria.html]]></link>
</review>
<review>
	<rating>5.0</rating>
	<author><![CDATA[A TripAdvisor Contributor]]></author>
	<date>2008-04-03</date>
	<title><![CDATA[&#x201c;Slick, Smart & with...&#x201d;]]></title>
	<excerpt><![CDATA[Slick, Smart & with Andrew running the show is only set to get better with time... The new fit out looks Awsome too!! more]]></excerpt>
	<link><![CDATA[http://www.tripadvisor.com/Restaurant_Review-g255100-d723679-Reviews-Circa_The_Prince-Melbourne_Victoria.html]]></link>
</review>
<review>
	<rating>5.0</rating>
	<author><![CDATA[A TripAdvisor Contributor]]></author>
	<date>2008-03-08</date>
	<title><![CDATA[&#x201c;Wonderful - impress a...&#x201d;]]></title>
	<excerpt><![CDATA[Wonderful - impress a date, take your wife r husband - this is dining the way it was meant to be more]]></excerpt>
	<link><![CDATA[http://www.tripadvisor.com/Restaurant_Review-g255100-d723679-Reviews-Circa_The_Prince-Melbourne_Victoria.html]]></link>
</review>
<review>
	<rating>5.0</rating>
	<author><![CDATA[A TripAdvisor Contributor]]></author>
	<date>2008-01-08</date>
	<title><![CDATA[&#x201c;Brilliant. Food was...&#x201d;]]></title>
	<excerpt><![CDATA[Brilliant. Food was absolutely amazing...service to match. Wine list is a monster but the sommelier was extremely helpful. more]]></excerpt>
	<link><![CDATA[http://www.tripadvisor.com/Restaurant_Review-g255100-d723679-Reviews-Circa_The_Prince-Melbourne_Victoria.html]]></link>
</review>
<review>
	<rating>2.0</rating>
	<author><![CDATA[A TripAdvisor Contributor]]></author>
	<date>2007-12-31</date>
	<title><![CDATA[&#x201c;Top priced meal which is...&#x201d;]]></title>
	<excerpt><![CDATA[Top priced meal which is beautifully presented, but the service is dreadful. Problem being too many different people servicing each table, constantly ]]></excerpt>
	<link><![CDATA[http://www.tripadvisor.com/Restaurant_Review-g255100-d723679-Reviews-or10-Circa_The_Prince-Melbourne_Victoria.html]]></link>
</review>
<review>
	<rating>5.0</rating>
	<author><![CDATA[A TripAdvisor Contributor]]></author>
	<date>2007-12-13</date>
	<title><![CDATA[&#x201c;Came here for desert...&#x201d;]]></title>
	<excerpt><![CDATA[Came here for desert, called the snicker..TIP TOP !!! more]]></excerpt>
	<link><![CDATA[http://www.tripadvisor.com/Restaurant_Review-g255100-d723679-Reviews-or10-Circa_The_Prince-Melbourne_Victoria.html]]></link>
</review>
<review>
	<rating>5.0</rating>
	<author><![CDATA[A TripAdvisor Contributor]]></author>
	<date>2007-11-23</date>
	<title><![CDATA[&#x201c;Love Circa, great menu...&#x201d;]]></title>
	<excerpt><![CDATA[Love Circa, great menu and wine list, fantastic decor and comfortable table settings, service is pretty good too. Always a good experience more]]></excerpt>
	<link><![CDATA[http://www.tripadvisor.com/Restaurant_Review-g255100-d723679-Reviews-or10-Circa_The_Prince-Melbourne_Victoria.html]]></link>
</review>
<review>
	<rating>5.0</rating>
	<author><![CDATA[A TripAdvisor Contributor]]></author>
	<date>2007-11-21</date>
	<title><![CDATA[&#x201c;From the moment you walk...&#x201d;]]></title>
	<excerpt><![CDATA[From the moment you walk into the lobby of the Prince you know you are somewhere special - but when you see the room you will be completely wowed: thi]]></excerpt>
	<link><![CDATA[http://www.tripadvisor.com/Restaurant_Review-g255100-d723679-Reviews-or10-Circa_The_Prince-Melbourne_Victoria.html]]></link>
</review>
</source>