<source name="Trip Advisor" avg-rating="4.0">
<review>
	<rating>4.0</rating>
	<author><![CDATA[A TripAdvisor Contributor]]></author>
	<date>2008-07-05</date>
	<title><![CDATA[&#x201c;A simple inexpensive...&#x201d;]]></title>
	<excerpt><![CDATA[A simple inexpensive place that's beaut for lunch. Their seafood claypot is heaven. more]]></excerpt>
	<link><![CDATA[http://www.tripadvisor.com/Restaurant_Review-g255100-d723703-Reviews-Claypots_Seafood_Restaurant-Melbourne_Victoria.html]]></link>
</review>
<review>
	<rating>3.0</rating>
	<author><![CDATA[A TripAdvisor Contributor]]></author>
	<date>2008-04-27</date>
	<title><![CDATA[&#x201c;Nice for seafood but...&#x201d;]]></title>
	<excerpt><![CDATA[Nice for seafood but service n food seems to get worse.. more]]></excerpt>
	<link><![CDATA[http://www.tripadvisor.com/Restaurant_Review-g255100-d723703-Reviews-Claypots_Seafood_Restaurant-Melbourne_Victoria.html]]></link>
</review>
<review>
	<rating>4.0</rating>
	<author><![CDATA[A TripAdvisor Contributor]]></author>
	<date>2008-04-04</date>
	<title><![CDATA[&#x201c;Huge plates, good for...&#x201d;]]></title>
	<excerpt><![CDATA[Huge plates, good for sharing with friends who love seafood. Not good if you don't eat seafood. No bookings so may have to wait a while for a table. m]]></excerpt>
	<link><![CDATA[http://www.tripadvisor.com/Restaurant_Review-g255100-d723703-Reviews-Claypots_Seafood_Restaurant-Melbourne_Victoria.html]]></link>
</review>
<review>
	<rating>5.0</rating>
	<author><![CDATA[A TripAdvisor Contributor]]></author>
	<date>2008-03-12</date>
	<title><![CDATA[&#x201c;Beautiful seafood...&#x201d;]]></title>
	<excerpt><![CDATA[Beautiful seafood, casual atmosphere, sweet little bar on the side. more]]></excerpt>
	<link><![CDATA[http://www.tripadvisor.com/Restaurant_Review-g255100-d723703-Reviews-Claypots_Seafood_Restaurant-Melbourne_Victoria.html]]></link>
</review>
<review>
	<rating>2.0</rating>
	<author><![CDATA[A TripAdvisor Contributor]]></author>
	<date>2008-01-31</date>
	<title><![CDATA[&#x201c;was unique, now just...&#x201d;]]></title>
	<excerpt><![CDATA[was unique, now just annoying - having to get somewhere by 6pm in order to get the food on the menu before it runs out, is lazy restauranting. more]]></excerpt>
	<link><![CDATA[http://www.tripadvisor.com/Restaurant_Review-g255100-d723703-Reviews-Claypots_Seafood_Restaurant-Melbourne_Victoria.html]]></link>
</review>
<review>
	<rating>5.0</rating>
	<author><![CDATA[A TripAdvisor Contributor]]></author>
	<date>2008-01-25</date>
	<title><![CDATA[&#x201c;I take EVERY visitor...&#x201d;]]></title>
	<excerpt><![CDATA[I take EVERY visitor here. My favorite. Magnificent fish. more]]></excerpt>
	<link><![CDATA[http://www.tripadvisor.com/Restaurant_Review-g255100-d723703-Reviews-Claypots_Seafood_Restaurant-Melbourne_Victoria.html]]></link>
</review>
<review>
	<rating>5.0</rating>
	<author><![CDATA[A TripAdvisor Contributor]]></author>
	<date>2008-01-11</date>
	<title><![CDATA[&#x201c;magnifique!&#x201d;]]></title>
	<excerpt><![CDATA[magnifique! more]]></excerpt>
	<link><![CDATA[http://www.tripadvisor.com/Restaurant_Review-g255100-d723703-Reviews-Claypots_Seafood_Restaurant-Melbourne_Victoria.html]]></link>
</review>
<review>
	<rating>5.0</rating>
	<author><![CDATA[A TripAdvisor Contributor]]></author>
	<date>2008-01-02</date>
	<title><![CDATA[&#x201c;Great seafood dishes...&#x201d;]]></title>
	<excerpt><![CDATA[Great seafood dishes with influences from all over the world. Informal dining experience- no bookings needed. Highly recommended. BYO alcohol is a bon]]></excerpt>
	<link><![CDATA[http://www.tripadvisor.com/Restaurant_Review-g255100-d723703-Reviews-Claypots_Seafood_Restaurant-Melbourne_Victoria.html]]></link>
</review>
<review>
	<rating>3.0</rating>
	<author><![CDATA[A TripAdvisor Contributor]]></author>
	<date>2007-12-26</date>
	<title><![CDATA[&#x201c;The food here is unique...&#x201d;]]></title>
	<excerpt><![CDATA[The food here is unique and quite nice. It is defintely worth a try. more]]></excerpt>
	<link><![CDATA[http://www.tripadvisor.com/Restaurant_Review-g255100-d723703-Reviews-Claypots_Seafood_Restaurant-Melbourne_Victoria.html]]></link>
</review>
<review>
	<rating>4.0</rating>
	<author><![CDATA[A TripAdvisor Contributor]]></author>
	<date>2007-12-20</date>
	<title><![CDATA[&#x201c;Delicious food.. not...&#x201d;]]></title>
	<excerpt><![CDATA[Delicious food.. not cheap but well worth it more]]></excerpt>
	<link><![CDATA[http://www.tripadvisor.com/Restaurant_Review-g255100-d723703-Reviews-Claypots_Seafood_Restaurant-Melbourne_Victoria.html]]></link>
</review>
<review>
	<rating>3.0</rating>
	<author><![CDATA[A TripAdvisor Contributor]]></author>
	<date>2007-12-17</date>
	<title><![CDATA[&#x201c;Yum - a bit expensive...&#x201d;]]></title>
	<excerpt><![CDATA[Yum - a bit expensive for what you get and almost impossible to get into. more]]></excerpt>
	<link><![CDATA[http://www.tripadvisor.com/Restaurant_Review-g255100-d723703-Reviews-or10-Claypots_Seafood_Restaurant-Melbourne_Victoria.html]]></link>
</review>
<review>
	<rating>3.0</rating>
	<author><![CDATA[A TripAdvisor Contributor]]></author>
	<date>2007-12-10</date>
	<title><![CDATA[&#x201c;great place to go for...&#x201d;]]></title>
	<excerpt><![CDATA[great place to go for good, affordbale seafood - and with all the girls! more]]></excerpt>
	<link><![CDATA[http://www.tripadvisor.com/Restaurant_Review-g255100-d723703-Reviews-or10-Claypots_Seafood_Restaurant-Melbourne_Victoria.html]]></link>
</review>
<review>
	<rating>4.0</rating>
	<author><![CDATA[A TripAdvisor Contributor]]></author>
	<date>2007-11-25</date>
	<title><![CDATA[&#x201c;Seafood bonanza! Try the...&#x201d;]]></title>
	<excerpt><![CDATA[Seafood bonanza! Try the "bug stirfry"! Get in early to secure your seat as they do not take bookings! more]]></excerpt>
	<link><![CDATA[http://www.tripadvisor.com/Restaurant_Review-g255100-d723703-Reviews-or10-Claypots_Seafood_Restaurant-Melbourne_Victoria.html]]></link>
</review>
<review>
	<rating>5.0</rating>
	<author><![CDATA[A TripAdvisor Contributor]]></author>
	<date>2007-11-23</date>
	<title><![CDATA[&#x201c;My favourite restaurant...&#x201d;]]></title>
	<excerpt><![CDATA[My favourite restaurant ever. I always kick off with garlic prawns then a whole fish to suit the size of the group and maybe a claypot thrown in too. ]]></excerpt>
	<link><![CDATA[http://www.tripadvisor.com/Restaurant_Review-g255100-d723703-Reviews-or10-Claypots_Seafood_Restaurant-Melbourne_Victoria.html]]></link>
</review>
</source>