<source name="Trip Advisor" avg-rating="4.5">
<review>
	<rating>5.0</rating>
	<author><![CDATA[greeny_4]]></author>
	<date>2009-02-07</date>
	<title><![CDATA[&#x201c;Totally unique&#x201d;]]></title>
	<excerpt><![CDATA[Imagine 3 hours on a moving tram, going wherever the driver fancies taking you. Add really good food, and a phenominal amount of booze (all-inclusive)]]></excerpt>
	<link><![CDATA[http://www.tripadvisor.com/Restaurant_Review-g255100-d807460-Reviews-The_Colonial_Tramcar_Restaurant-Melbourne_Victoria.html]]></link>
</review>
<review>
	<rating>4.0</rating>
	<author><![CDATA[A TripAdvisor Contributor]]></author>
	<date>2008-12-04</date>
	<title><![CDATA[&#x201c;Lovely atmosphere and...&#x201d;]]></title>
	<excerpt><![CDATA[Lovely atmosphere and the service is fantastic. Shame that it's hard to eat and look out the windows and stare into your lover's eyes all at the same ]]></excerpt>
	<link><![CDATA[http://www.tripadvisor.com/Restaurant_Review-g255100-d807460-Reviews-The_Colonial_Tramcar_Restaurant-Melbourne_Victoria.html]]></link>
</review>
<review>
	<rating>5.0</rating>
	<author><![CDATA[A TripAdvisor Contributor]]></author>
	<date>2008-10-17</date>
	<title><![CDATA[&#x201c;Absolutely beautiful...&#x201d;]]></title>
	<excerpt><![CDATA[Absolutely beautiful food, awesome experience. Only bad thing, you have to literally book months ahead. more]]></excerpt>
	<link><![CDATA[http://www.tripadvisor.com/Restaurant_Review-g255100-d807460-Reviews-The_Colonial_Tramcar_Restaurant-Melbourne_Victoria.html]]></link>
</review>
<review>
	<rating>4.0</rating>
	<author><![CDATA[jjumpstart]]></author>
	<date>2008-08-26</date>
	<title><![CDATA[&#x201c;A tourist MUST&#x201d;]]></title>
	<excerpt><![CDATA[A truly unique dining-out experience.
From the pre-dinner champagne to the after-dinner liqueurs we could not fault the quality of the food, or the se]]></excerpt>
	<link><![CDATA[http://www.tripadvisor.com/Restaurant_Review-g255100-d807460-Reviews-The_Colonial_Tramcar_Restaurant-Melbourne_Victoria.html]]></link>
</review>
<review>
	<rating>4.0</rating>
	<author><![CDATA[A TripAdvisor Contributor]]></author>
	<date>2008-07-31</date>
	<title><![CDATA[&#x201c;Great fun and good food...&#x201d;]]></title>
	<excerpt><![CDATA[Great fun and good food given the restrictions. A must for any tourist! more]]></excerpt>
	<link><![CDATA[http://www.tripadvisor.com/Restaurant_Review-g255100-d807460-Reviews-The_Colonial_Tramcar_Restaurant-Melbourne_Victoria.html]]></link>
</review>
<review>
	<rating>5.0</rating>
	<author><![CDATA[outbax]]></author>
	<date>2008-07-11</date>
	<title><![CDATA[&#x201c;My Favourite attraction in Melbourne&#x201d;]]></title>
	<excerpt><![CDATA[This was my favourite experience/attraction in Melbourne. It is a bit pricey but as most tourist things are, I found this to be the best value for mon]]></excerpt>
	<link><![CDATA[http://www.tripadvisor.com/Restaurant_Review-g255100-d807460-Reviews-The_Colonial_Tramcar_Restaurant-Melbourne_Victoria.html]]></link>
</review>
<review>
	<rating>5.0</rating>
	<author><![CDATA[A TripAdvisor Contributor]]></author>
	<date>2008-05-13</date>
	<title><![CDATA[&#x201c;A unique experience...&#x201d;]]></title>
	<excerpt><![CDATA[A unique experience! great way to see Melbourne City in a differnet way... Food was spectacular and well worth it with ALL alcohol included! more]]></excerpt>
	<link><![CDATA[http://www.tripadvisor.com/Restaurant_Review-g255100-d807460-Reviews-The_Colonial_Tramcar_Restaurant-Melbourne_Victoria.html]]></link>
</review>
<review>
	<rating>5.0</rating>
	<author><![CDATA[A TripAdvisor Contributor]]></author>
	<date>2008-05-12</date>
	<title><![CDATA[&#x201c;Great company, unique...&#x201d;]]></title>
	<excerpt><![CDATA[Great company, unique experience. Would recommend to anyone... more]]></excerpt>
	<link><![CDATA[http://www.tripadvisor.com/Restaurant_Review-g255100-d807460-Reviews-The_Colonial_Tramcar_Restaurant-Melbourne_Victoria.html]]></link>
</review>
<review>
	<rating>4.0</rating>
	<author><![CDATA[A TripAdvisor Contributor]]></author>
	<date>2008-04-27</date>
	<title><![CDATA[&#x201c;Nice interesting...&#x201d;]]></title>
	<excerpt><![CDATA[Nice interesting experience.. Food is so-so but the dessert was good.. more]]></excerpt>
	<link><![CDATA[http://www.tripadvisor.com/Restaurant_Review-g255100-d807460-Reviews-The_Colonial_Tramcar_Restaurant-Melbourne_Victoria.html]]></link>
</review>
<review>
	<rating>4.0</rating>
	<author><![CDATA[A TripAdvisor Contributor]]></author>
	<date>2008-04-10</date>
	<title><![CDATA[&#x201c;Pricey! but good&#x201d;]]></title>
	<excerpt><![CDATA[Pricey! but good more]]></excerpt>
	<link><![CDATA[http://www.tripadvisor.com/Restaurant_Review-g255100-d807460-Reviews-The_Colonial_Tramcar_Restaurant-Melbourne_Victoria.html]]></link>
</review>
<review>
	<rating>3.0</rating>
	<author><![CDATA[A TripAdvisor Contributor]]></author>
	<date>2008-04-03</date>
	<title><![CDATA[&#x201c;More of a tourist thing...&#x201d;]]></title>
	<excerpt><![CDATA[More of a tourist thing to eat in a tram. The food was average. more]]></excerpt>
	<link><![CDATA[http://www.tripadvisor.com/Restaurant_Review-g255100-d807460-Reviews-or10-The_Colonial_Tramcar_Restaurant-Melbourne_Victoria.html]]></link>
</review>
<review>
	<rating>5.0</rating>
	<author><![CDATA[A TripAdvisor Contributor]]></author>
	<date>2008-03-01</date>
	<title><![CDATA[&#x201c;Fantastic evening for an...&#x201d;]]></title>
	<excerpt><![CDATA[Fantastic evening for an romantic night or for entertaining visitors. more]]></excerpt>
	<link><![CDATA[http://www.tripadvisor.com/Restaurant_Review-g255100-d807460-Reviews-or10-The_Colonial_Tramcar_Restaurant-Melbourne_Victoria.html]]></link>
</review>
<review>
	<rating>2.0</rating>
	<author><![CDATA[A TripAdvisor Contributor]]></author>
	<date>2008-02-23</date>
	<title><![CDATA[&#x201c;Disappointing. Also the...&#x201d;]]></title>
	<excerpt><![CDATA[Disappointing. Also the waiter had a strange sense of humor (insulting). Go with good company and enjoy the drinks. more]]></excerpt>
	<link><![CDATA[http://www.tripadvisor.com/Restaurant_Review-g255100-d807460-Reviews-or10-The_Colonial_Tramcar_Restaurant-Melbourne_Victoria.html]]></link>
</review>
<review>
	<rating>4.0</rating>
	<author><![CDATA[A TripAdvisor Contributor]]></author>
	<date>2008-02-06</date>
	<title><![CDATA[&#x201c;whats a great way to see...&#x201d;]]></title>
	<excerpt><![CDATA[whats a great way to see beauitful, livable Melbourne and have a great mean at the same time. A must to for any tourist or melbournian alike. more]]></excerpt>
	<link><![CDATA[http://www.tripadvisor.com/Restaurant_Review-g255100-d807460-Reviews-or10-The_Colonial_Tramcar_Restaurant-Melbourne_Victoria.html]]></link>
</review>
<review>
	<rating>4.0</rating>
	<author><![CDATA[A TripAdvisor Contributor]]></author>
	<date>2008-01-23</date>
	<title><![CDATA[&#x201c;Great for overseas...&#x201d;]]></title>
	<excerpt><![CDATA[Great for overseas visitors - a must! more]]></excerpt>
	<link><![CDATA[http://www.tripadvisor.com/Restaurant_Review-g255100-d807460-Reviews-or10-The_Colonial_Tramcar_Restaurant-Melbourne_Victoria.html]]></link>
</review>
<review>
	<rating>1.0</rating>
	<author><![CDATA[A TripAdvisor Contributor]]></author>
	<date>2008-01-10</date>
	<title><![CDATA[&#x201c;only for a special...&#x201d;]]></title>
	<excerpt><![CDATA[only for a special occassion more]]></excerpt>
	<link><![CDATA[http://www.tripadvisor.com/Restaurant_Review-g255100-d807460-Reviews-or10-The_Colonial_Tramcar_Restaurant-Melbourne_Victoria.html]]></link>
</review>
<review>
	<rating>4.0</rating>
	<author><![CDATA[A TripAdvisor Contributor]]></author>
	<date>2008-01-02</date>
	<title><![CDATA[&#x201c;a must for anyone...&#x201d;]]></title>
	<excerpt><![CDATA[a must for anyone visiting Melbourne. I recommend the evening meal, and choosing beef! more]]></excerpt>
	<link><![CDATA[http://www.tripadvisor.com/Restaurant_Review-g255100-d807460-Reviews-or10-The_Colonial_Tramcar_Restaurant-Melbourne_Victoria.html]]></link>
</review>
<review>
	<rating>4.0</rating>
	<author><![CDATA[A TripAdvisor Contributor]]></author>
	<date>2007-12-31</date>
	<title><![CDATA[&#x201c;Great dining experience...&#x201d;]]></title>
	<excerpt><![CDATA[Great dining experience. I rate the maitre de the second best I have ever encountered. Service was superb, meal was great value and reasonable quality]]></excerpt>
	<link><![CDATA[http://www.tripadvisor.com/Restaurant_Review-g255100-d807460-Reviews-or10-The_Colonial_Tramcar_Restaurant-Melbourne_Victoria.html]]></link>
</review>
<review>
	<rating>3.0</rating>
	<author><![CDATA[A TripAdvisor Contributor]]></author>
	<date>2007-12-29</date>
	<title><![CDATA[&#x201c;rather nice - and...&#x201d;]]></title>
	<excerpt><![CDATA[rather nice - and something different more]]></excerpt>
	<link><![CDATA[http://www.tripadvisor.com/Restaurant_Review-g255100-d807460-Reviews-or10-The_Colonial_Tramcar_Restaurant-Melbourne_Victoria.html]]></link>
</review>
<review>
	<rating>5.0</rating>
	<author><![CDATA[A TripAdvisor Contributor]]></author>
	<date>2007-12-21</date>
	<title><![CDATA[&#x201c;Loved it!&#x201d;]]></title>
	<excerpt><![CDATA[Loved it! more]]></excerpt>
	<link><![CDATA[http://www.tripadvisor.com/Restaurant_Review-g255100-d807460-Reviews-or10-The_Colonial_Tramcar_Restaurant-Melbourne_Victoria.html]]></link>
</review>
<review>
	<rating>5.0</rating>
	<author><![CDATA[A TripAdvisor Contributor]]></author>
	<date>2007-12-19</date>
	<title><![CDATA[&#x201c;Me, Dave, Bonnie and...&#x201d;]]></title>
	<excerpt><![CDATA[Me, Dave, Bonnie and Giggs did it and we had the best fun ever. The food was lovely and so are the sites you see around Melbourne. more]]></excerpt>
	<link><![CDATA[http://www.tripadvisor.com/Restaurant_Review-g255100-d807460-Reviews-or20-The_Colonial_Tramcar_Restaurant-Melbourne_Victoria.html]]></link>
</review>
</source>