<source name="Trip Advisor" avg-rating="4.0">
<review>
	<rating>5.0</rating>
	<author><![CDATA[A TripAdvisor Contributor]]></author>
	<date>2008-10-21</date>
	<title><![CDATA[&#x201c;Food fantastic. They...&#x201d;]]></title>
	<excerpt><![CDATA[Food fantastic. They forgot our salad but were very friendly about it. Prob not the best place to dine on a Friday night as part of it opens to bar. C]]></excerpt>
	<link><![CDATA[http://www.tripadvisor.com/Restaurant_Review-g255100-d738160-Reviews-Comme_Kitchen-Melbourne_Victoria.html]]></link>
</review>
<review>
	<rating>3.0</rating>
	<author><![CDATA[A TripAdvisor Contributor]]></author>
	<date>2008-05-16</date>
	<title><![CDATA[&#x201c;nice place bad food!&#x201d;]]></title>
	<excerpt><![CDATA[nice place bad food! more]]></excerpt>
	<link><![CDATA[http://www.tripadvisor.com/Restaurant_Review-g255100-d738160-Reviews-Comme_Kitchen-Melbourne_Victoria.html]]></link>
</review>
<review>
	<rating>3.0</rating>
	<author><![CDATA[A TripAdvisor Contributor]]></author>
	<date>2008-01-08</date>
	<title><![CDATA[&#x201c;Great food and great...&#x201d;]]></title>
	<excerpt><![CDATA[Great food and great service. great atmosphere. more]]></excerpt>
	<link><![CDATA[http://www.tripadvisor.com/Restaurant_Review-g255100-d738160-Reviews-Comme_Kitchen-Melbourne_Victoria.html]]></link>
</review>
<review>
	<rating>5.0</rating>
	<author><![CDATA[A TripAdvisor Contributor]]></author>
	<date>2007-12-22</date>
	<title><![CDATA[&#x201c;Stunning & delicious!&#x201d;]]></title>
	<excerpt><![CDATA[Stunning & delicious! more]]></excerpt>
	<link><![CDATA[http://www.tripadvisor.com/Restaurant_Review-g255100-d738160-Reviews-Comme_Kitchen-Melbourne_Victoria.html]]></link>
</review>
</source>