<source name="Trip Advisor" avg-rating="4.5">
<review>
	<rating>4.0</rating>
	<author><![CDATA[A TripAdvisor Contributor]]></author>
	<date>2008-11-21</date>
	<title><![CDATA[&#x201c;Yum! One of my favorite...&#x201d;]]></title>
	<excerpt><![CDATA[Yum! One of my favorite spots for drinks and Thai food in town! more]]></excerpt>
	<link><![CDATA[http://www.tripadvisor.com/Restaurant_Review-g255100-d723919-Reviews-Cookie-Melbourne_Victoria.html]]></link>
</review>
<review>
	<rating>4.0</rating>
	<author><![CDATA[A TripAdvisor Contributor]]></author>
	<date>2008-10-21</date>
	<title><![CDATA[&#x201c;Fun and quirkky...&#x201d;]]></title>
	<excerpt><![CDATA[Fun and quirkky atmosphere. Very broad variety menu. Small proportions so you can try everything. more]]></excerpt>
	<link><![CDATA[http://www.tripadvisor.com/Restaurant_Review-g255100-d723919-Reviews-Cookie-Melbourne_Victoria.html]]></link>
</review>
<review>
	<rating>4.0</rating>
	<author><![CDATA[A TripAdvisor Contributor]]></author>
	<date>2008-10-17</date>
	<title><![CDATA[&#x201c;Nice bar for drinks on a...&#x201d;]]></title>
	<excerpt><![CDATA[Nice bar for drinks on a Friday night with friends. more]]></excerpt>
	<link><![CDATA[http://www.tripadvisor.com/Restaurant_Review-g255100-d723919-Reviews-Cookie-Melbourne_Victoria.html]]></link>
</review>
<review>
	<rating>4.0</rating>
	<author><![CDATA[A TripAdvisor Contributor]]></author>
	<date>2008-08-02</date>
	<title><![CDATA[&#x201c;Such a cool bar although...&#x201d;]]></title>
	<excerpt><![CDATA[Such a cool bar although way too many people on Friday nights...the upstairs bar is super slinky and great in summer...try the oysters while your sele]]></excerpt>
	<link><![CDATA[http://www.tripadvisor.com/Restaurant_Review-g255100-d723919-Reviews-Cookie-Melbourne_Victoria.html]]></link>
</review>
<review>
	<rating>4.0</rating>
	<author><![CDATA[A TripAdvisor Contributor]]></author>
	<date>2008-07-31</date>
	<title><![CDATA[&#x201c;Great wine, cocktails...&#x201d;]]></title>
	<excerpt><![CDATA[Great wine, cocktails and food. more]]></excerpt>
	<link><![CDATA[http://www.tripadvisor.com/Restaurant_Review-g255100-d723919-Reviews-Cookie-Melbourne_Victoria.html]]></link>
</review>
<review>
	<rating>4.0</rating>
	<author><![CDATA[A TripAdvisor Contributor]]></author>
	<date>2008-07-28</date>
	<title><![CDATA[&#x201c;Nice atomospher! Good...&#x201d;]]></title>
	<excerpt><![CDATA[Nice atomospher! Good place for drinking Beer! more]]></excerpt>
	<link><![CDATA[http://www.tripadvisor.com/Restaurant_Review-g255100-d723919-Reviews-Cookie-Melbourne_Victoria.html]]></link>
</review>
<review>
	<rating>3.0</rating>
	<author><![CDATA[A TripAdvisor Contributor]]></author>
	<date>2008-07-22</date>
	<title><![CDATA[&#x201c;Good selection of Beers.&#x201d;]]></title>
	<excerpt><![CDATA[Good selection of Beers. more]]></excerpt>
	<link><![CDATA[http://www.tripadvisor.com/Restaurant_Review-g255100-d723919-Reviews-Cookie-Melbourne_Victoria.html]]></link>
</review>
<review>
	<rating>5.0</rating>
	<author><![CDATA[A TripAdvisor Contributor]]></author>
	<date>2008-06-26</date>
	<title><![CDATA[&#x201c;Love this place. Cheap...&#x201d;]]></title>
	<excerpt><![CDATA[Love this place. Cheap food and funky styles. Awesome bar. more]]></excerpt>
	<link><![CDATA[http://www.tripadvisor.com/Restaurant_Review-g255100-d723919-Reviews-Cookie-Melbourne_Victoria.html]]></link>
</review>
<review>
	<rating>4.0</rating>
	<author><![CDATA[A TripAdvisor Contributor]]></author>
	<date>2008-04-07</date>
	<title><![CDATA[&#x201c;Nice for a drink...&#x201d;]]></title>
	<excerpt><![CDATA[Nice for a drink, delicious food. Service not always great. Wonderful little balconies for warm summer nights. more]]></excerpt>
	<link><![CDATA[http://www.tripadvisor.com/Restaurant_Review-g255100-d723919-Reviews-Cookie-Melbourne_Victoria.html]]></link>
</review>
<review>
	<rating>3.0</rating>
	<author><![CDATA[A TripAdvisor Contributor]]></author>
	<date>2008-04-03</date>
	<title><![CDATA[&#x201c;Good atmosphere for...&#x201d;]]></title>
	<excerpt><![CDATA[Good atmosphere for drinks, haven't tried the food yet. more]]></excerpt>
	<link><![CDATA[http://www.tripadvisor.com/Restaurant_Review-g255100-d723919-Reviews-Cookie-Melbourne_Victoria.html]]></link>
</review>
<review>
	<rating>3.0</rating>
	<author><![CDATA[A TripAdvisor Contributor]]></author>
	<date>2008-03-14</date>
	<title><![CDATA[&#x201c;I have only ever done...&#x201d;]]></title>
	<excerpt><![CDATA[I have only ever done some heavy drinking here, so I can't comment on the food. They have a full selection of European beers that rivals the Belgian B]]></excerpt>
	<link><![CDATA[http://www.tripadvisor.com/Restaurant_Review-g255100-d723919-Reviews-or10-Cookie-Melbourne_Victoria.html]]></link>
</review>
<review>
	<rating>4.0</rating>
	<author><![CDATA[A TripAdvisor Contributor]]></author>
	<date>2008-03-13</date>
	<title><![CDATA[&#x201c;Fantastic cocktails...&#x201d;]]></title>
	<excerpt><![CDATA[Fantastic cocktails! Looong beer list. Awesome modern Thai food and priced well! Great place for a drink or meal, a little loud but great relaxed ambi]]></excerpt>
	<link><![CDATA[http://www.tripadvisor.com/Restaurant_Review-g255100-d723919-Reviews-or10-Cookie-Melbourne_Victoria.html]]></link>
</review>
<review>
	<rating>2.0</rating>
	<author><![CDATA[A TripAdvisor Contributor]]></author>
	<date>2008-02-25</date>
	<title><![CDATA[&#x201c;Had drink there twice...&#x201d;]]></title>
	<excerpt><![CDATA[Had drink there twice but haven't try their dish more]]></excerpt>
	<link><![CDATA[http://www.tripadvisor.com/Restaurant_Review-g255100-d723919-Reviews-or10-Cookie-Melbourne_Victoria.html]]></link>
</review>
<review>
	<rating>4.0</rating>
	<author><![CDATA[A TripAdvisor Contributor]]></author>
	<date>2008-02-07</date>
	<title><![CDATA[&#x201c;Great food, great...&#x201d;]]></title>
	<excerpt><![CDATA[Great food, great cocktails more]]></excerpt>
	<link><![CDATA[http://www.tripadvisor.com/Restaurant_Review-g255100-d723919-Reviews-or10-Cookie-Melbourne_Victoria.html]]></link>
</review>
<review>
	<rating>4.0</rating>
	<author><![CDATA[A TripAdvisor Contributor]]></author>
	<date>2008-01-31</date>
	<title><![CDATA[&#x201c;Good duck salad. Tasty...&#x201d;]]></title>
	<excerpt><![CDATA[Good duck salad. Tasty cocktails (try &quot;enlighten me&quot;). Book ahead. Great place for drinks and to eat. more]]></excerpt>
	<link><![CDATA[http://www.tripadvisor.com/Restaurant_Review-g255100-d723919-Reviews-or10-Cookie-Melbourne_Victoria.html]]></link>
</review>
<review>
	<rating>3.0</rating>
	<author><![CDATA[A TripAdvisor Contributor]]></author>
	<date>2008-01-31</date>
	<title><![CDATA[&#x201c;crazy busy&#x201d;]]></title>
	<excerpt><![CDATA[crazy busy more]]></excerpt>
	<link><![CDATA[http://www.tripadvisor.com/Restaurant_Review-g255100-d723919-Reviews-or10-Cookie-Melbourne_Victoria.html]]></link>
</review>
<review>
	<rating>2.0</rating>
	<author><![CDATA[A TripAdvisor Contributor]]></author>
	<date>2008-01-30</date>
	<title><![CDATA[&#x201c;food average...better...&#x201d;]]></title>
	<excerpt><![CDATA[food average...better just as a bar! more]]></excerpt>
	<link><![CDATA[http://www.tripadvisor.com/Restaurant_Review-g255100-d723919-Reviews-or10-Cookie-Melbourne_Victoria.html]]></link>
</review>
<review>
	<rating>5.0</rating>
	<author><![CDATA[A TripAdvisor Contributor]]></author>
	<date>2008-01-25</date>
	<title><![CDATA[&#x201c;Best rooftop hangout in...&#x201d;]]></title>
	<excerpt><![CDATA[Best rooftop hangout in Melbourne. The other levels are all the same. more]]></excerpt>
	<link><![CDATA[http://www.tripadvisor.com/Restaurant_Review-g255100-d723919-Reviews-or10-Cookie-Melbourne_Victoria.html]]></link>
</review>
<review>
	<rating>3.0</rating>
	<author><![CDATA[A TripAdvisor Contributor]]></author>
	<date>2008-01-21</date>
	<title><![CDATA[&#x201c;Too noisy. Food standard&#x201d;]]></title>
	<excerpt><![CDATA[Too noisy. Food standard more]]></excerpt>
	<link><![CDATA[http://www.tripadvisor.com/Restaurant_Review-g255100-d723919-Reviews-or10-Cookie-Melbourne_Victoria.html]]></link>
</review>
<review>
	<rating>3.0</rating>
	<author><![CDATA[A TripAdvisor Contributor]]></author>
	<date>2008-01-19</date>
	<title><![CDATA[&#x201c;Nice place&#x201d;]]></title>
	<excerpt><![CDATA[Nice place more]]></excerpt>
	<link><![CDATA[http://www.tripadvisor.com/Restaurant_Review-g255100-d723919-Reviews-or10-Cookie-Melbourne_Victoria.html]]></link>
</review>
<review>
	<rating>4.0</rating>
	<author><![CDATA[A TripAdvisor Contributor]]></author>
	<date>2008-01-07</date>
	<title><![CDATA[&#x201c;Make sure you call...&#x201d;]]></title>
	<excerpt><![CDATA[Make sure you call ahead. but great food and drinks... more]]></excerpt>
	<link><![CDATA[http://www.tripadvisor.com/Restaurant_Review-g255100-d723919-Reviews-or20-Cookie-Melbourne_Victoria.html]]></link>
</review>
<review>
	<rating>5.0</rating>
	<author><![CDATA[A TripAdvisor Contributor]]></author>
	<date>2008-01-06</date>
	<title><![CDATA[&#x201c;my goodness, i don't...&#x201d;]]></title>
	<excerpt><![CDATA[my goodness, i don't think a pub could ever have good food until i know this place EXISTED!! more]]></excerpt>
	<link><![CDATA[http://www.tripadvisor.com/Restaurant_Review-g255100-d723919-Reviews-or20-Cookie-Melbourne_Victoria.html]]></link>
</review>
<review>
	<rating>4.0</rating>
	<author><![CDATA[A TripAdvisor Contributor]]></author>
	<date>2007-12-30</date>
	<title><![CDATA[&#x201c;the lamb and eggplant...&#x201d;]]></title>
	<excerpt><![CDATA[the lamb and eggplant curry is great. more]]></excerpt>
	<link><![CDATA[http://www.tripadvisor.com/Restaurant_Review-g255100-d723919-Reviews-or20-Cookie-Melbourne_Victoria.html]]></link>
</review>
<review>
	<rating>3.0</rating>
	<author><![CDATA[A TripAdvisor Contributor]]></author>
	<date>2007-12-26</date>
	<title><![CDATA[&#x201c;impressed&#x201d;]]></title>
	<excerpt><![CDATA[impressed more]]></excerpt>
	<link><![CDATA[http://www.tripadvisor.com/Restaurant_Review-g255100-d723919-Reviews-or20-Cookie-Melbourne_Victoria.html]]></link>
</review>
<review>
	<rating>3.0</rating>
	<author><![CDATA[A TripAdvisor Contributor]]></author>
	<date>2007-12-20</date>
	<title><![CDATA[&#x201c;Always a bit cramped...&#x201d;]]></title>
	<excerpt><![CDATA[Always a bit cramped, but the food is tasty more]]></excerpt>
	<link><![CDATA[http://www.tripadvisor.com/Restaurant_Review-g255100-d723919-Reviews-or20-Cookie-Melbourne_Victoria.html]]></link>
</review>
<review>
	<rating>4.0</rating>
	<author><![CDATA[A TripAdvisor Contributor]]></author>
	<date>2007-12-20</date>
	<title><![CDATA[&#x201c;great thai with drinks...&#x201d;]]></title>
	<excerpt><![CDATA[great thai with drinks thrown in more]]></excerpt>
	<link><![CDATA[http://www.tripadvisor.com/Restaurant_Review-g255100-d723919-Reviews-or20-Cookie-Melbourne_Victoria.html]]></link>
</review>
<review>
	<rating>5.0</rating>
	<author><![CDATA[A TripAdvisor Contributor]]></author>
	<date>2007-12-19</date>
	<title><![CDATA[&#x201c;really good Thai food.&#x201d;]]></title>
	<excerpt><![CDATA[really good Thai food. more]]></excerpt>
	<link><![CDATA[http://www.tripadvisor.com/Restaurant_Review-g255100-d723919-Reviews-or20-Cookie-Melbourne_Victoria.html]]></link>
</review>
<review>
	<rating>3.0</rating>
	<author><![CDATA[A TripAdvisor Contributor]]></author>
	<date>2007-12-17</date>
	<title><![CDATA[&#x201c;haven't eaten here, but...&#x201d;]]></title>
	<excerpt><![CDATA[haven't eaten here, but if you can get a table it is a lovely way to spend an afternoon with friends more]]></excerpt>
	<link><![CDATA[http://www.tripadvisor.com/Restaurant_Review-g255100-d723919-Reviews-or20-Cookie-Melbourne_Victoria.html]]></link>
</review>
<review>
	<rating>3.0</rating>
	<author><![CDATA[A TripAdvisor Contributor]]></author>
	<date>2007-12-17</date>
	<title><![CDATA[&#x201c;Nice cheap food if you...&#x201d;]]></title>
	<excerpt><![CDATA[Nice cheap food if you can get a table. more]]></excerpt>
	<link><![CDATA[http://www.tripadvisor.com/Restaurant_Review-g255100-d723919-Reviews-or20-Cookie-Melbourne_Victoria.html]]></link>
</review>
<review>
	<rating>4.0</rating>
	<author><![CDATA[A TripAdvisor Contributor]]></author>
	<date>2007-12-12</date>
	<title><![CDATA[&#x201c;Noisy, trendy and always...&#x201d;]]></title>
	<excerpt><![CDATA[Noisy, trendy and always busy, Cookie gives you Op Shop style plastic plates and a basket with your cutlery and napkins. Service is great, food specta]]></excerpt>
	<link><![CDATA[http://www.tripadvisor.com/Restaurant_Review-g255100-d723919-Reviews-or20-Cookie-Melbourne_Victoria.html]]></link>
</review>
<review>
	<rating>4.0</rating>
	<author><![CDATA[A TripAdvisor Contributor]]></author>
	<date>2007-12-10</date>
	<title><![CDATA[&#x201c;Great menu. Seriously...&#x201d;]]></title>
	<excerpt><![CDATA[Great menu. Seriously huge wine list. more]]></excerpt>
	<link><![CDATA[http://www.tripadvisor.com/Restaurant_Review-g255100-d723919-Reviews-or30-Cookie-Melbourne_Victoria.html]]></link>
</review>
<review>
	<rating>4.0</rating>
	<author><![CDATA[A TripAdvisor Contributor]]></author>
	<date>2007-12-04</date>
	<title><![CDATA[&#x201c;Love the casualness...&#x201d;]]></title>
	<excerpt><![CDATA[Love the casualness, quirkiness of this place and how they serve you the bill in little golden book covers!! Great selection of beer & wine!
Must eat:]]></excerpt>
	<link><![CDATA[http://www.tripadvisor.com/Restaurant_Review-g255100-d723919-Reviews-or30-Cookie-Melbourne_Victoria.html]]></link>
</review>
<review>
	<rating>5.0</rating>
	<author><![CDATA[A TripAdvisor Contributor]]></author>
	<date>2007-12-04</date>
	<title><![CDATA[&#x201c;nice place nice crowd...&#x201d;]]></title>
	<excerpt><![CDATA[nice place nice crowd, good for rendezvous more]]></excerpt>
	<link><![CDATA[http://www.tripadvisor.com/Restaurant_Review-g255100-d723919-Reviews-or30-Cookie-Melbourne_Victoria.html]]></link>
</review>
<review>
	<rating>3.0</rating>
	<author><![CDATA[A TripAdvisor Contributor]]></author>
	<date>2007-12-03</date>
	<title><![CDATA[&#x201c;good little place with...&#x201d;]]></title>
	<excerpt><![CDATA[good little place with lots of dishes to choose from more]]></excerpt>
	<link><![CDATA[http://www.tripadvisor.com/Restaurant_Review-g255100-d723919-Reviews-or30-Cookie-Melbourne_Victoria.html]]></link>
</review>
<review>
	<rating>3.0</rating>
	<author><![CDATA[A TripAdvisor Contributor]]></author>
	<date>2007-12-02</date>
	<title><![CDATA[&#x201c;Hoegarden sold there ;)&#x201d;]]></title>
	<excerpt><![CDATA[Hoegarden sold there ;) more]]></excerpt>
	<link><![CDATA[http://www.tripadvisor.com/Restaurant_Review-g255100-d723919-Reviews-or30-Cookie-Melbourne_Victoria.html]]></link>
</review>
<review>
	<rating>4.0</rating>
	<author><![CDATA[A TripAdvisor Contributor]]></author>
	<date>2007-11-27</date>
	<title><![CDATA[&#x201c;dry red seafood curry...&#x201d;]]></title>
	<excerpt><![CDATA[dry red seafood curry. YUM! more]]></excerpt>
	<link><![CDATA[http://www.tripadvisor.com/Restaurant_Review-g255100-d723919-Reviews-or30-Cookie-Melbourne_Victoria.html]]></link>
</review>
<review>
	<rating>5.0</rating>
	<author><![CDATA[A TripAdvisor Contributor]]></author>
	<date>2007-11-26</date>
	<title><![CDATA[&#x201c;lovely&#x201d;]]></title>
	<excerpt><![CDATA[lovely more]]></excerpt>
	<link><![CDATA[http://www.tripadvisor.com/Restaurant_Review-g255100-d723919-Reviews-or30-Cookie-Melbourne_Victoria.html]]></link>
</review>
<review>
	<rating>3.0</rating>
	<author><![CDATA[A TripAdvisor Contributor]]></author>
	<date>2007-11-19</date>
	<title><![CDATA[&#x201c;not to bad if you like...&#x201d;]]></title>
	<excerpt><![CDATA[not to bad if you like busy crowded places and has a bar more]]></excerpt>
	<link><![CDATA[http://www.tripadvisor.com/Restaurant_Review-g255100-d723919-Reviews-or30-Cookie-Melbourne_Victoria.html]]></link>
</review>
<review>
	<rating>3.0</rating>
	<author><![CDATA[A TripAdvisor Contributor]]></author>
	<date>2007-11-19</date>
	<title><![CDATA[&#x201c;Thai food with a decent...&#x201d;]]></title>
	<excerpt><![CDATA[Thai food with a decent kick but their Mojitos are the main attraction. Best Mojitos in town! more]]></excerpt>
	<link><![CDATA[http://www.tripadvisor.com/Restaurant_Review-g255100-d723919-Reviews-or30-Cookie-Melbourne_Victoria.html]]></link>
</review>
<review>
	<rating>3.0</rating>
	<author><![CDATA[A TripAdvisor Contributor]]></author>
	<date>2007-11-18</date>
	<title><![CDATA[&#x201c;Nice Parma.... but...&#x201d;]]></title>
	<excerpt><![CDATA[Nice Parma.... but more of a place for drinks after work. hard to get a table to eat unless your early more]]></excerpt>
	<link><![CDATA[http://www.tripadvisor.com/Restaurant_Review-g255100-d723919-Reviews-or30-Cookie-Melbourne_Victoria.html]]></link>
</review>
<review>
	<rating>5.0</rating>
	<author><![CDATA[A TripAdvisor Contributor]]></author>
	<date>2007-11-13</date>
	<title><![CDATA[&#x201c;Five stars for...&#x201d;]]></title>
	<excerpt><![CDATA[Five stars for originality! A giant beer hall with gorgeous interior design and innovative food? How can it be but it is! more]]></excerpt>
	<link><![CDATA[http://www.tripadvisor.com/Restaurant_Review-g255100-d723919-Reviews-or40-Cookie-Melbourne_Victoria.html]]></link>
</review>
<review>
	<rating>4.0</rating>
	<author><![CDATA[A TripAdvisor Contributor]]></author>
	<date>2007-11-11</date>
	<title><![CDATA[&#x201c;Just a fantastic place...&#x201d;]]></title>
	<excerpt><![CDATA[Just a fantastic place all round - keep up the good beer selection John! more]]></excerpt>
	<link><![CDATA[http://www.tripadvisor.com/Restaurant_Review-g255100-d723919-Reviews-or40-Cookie-Melbourne_Victoria.html]]></link>
</review>
<review>
	<rating>3.0</rating>
	<author><![CDATA[A TripAdvisor Contributor]]></author>
	<date>2007-11-03</date>
	<title><![CDATA[&#x201c;Very stylish, great...&#x201d;]]></title>
	<excerpt><![CDATA[Very stylish, great food, but gets very busy and service could be better more]]></excerpt>
	<link><![CDATA[http://www.tripadvisor.com/Restaurant_Review-g255100-d723919-Reviews-or40-Cookie-Melbourne_Victoria.html]]></link>
</review>
<review>
	<rating>1.0</rating>
	<author><![CDATA[A TripAdvisor Contributor]]></author>
	<date>2007-11-03</date>
	<title><![CDATA[&#x201c;Haven't tried the food...&#x201d;]]></title>
	<excerpt><![CDATA[Haven't tried the food here but good place to socialise just after work. Cocktails are good but very very long wait at the bar. more]]></excerpt>
	<link><![CDATA[http://www.tripadvisor.com/Restaurant_Review-g255100-d723919-Reviews-or40-Cookie-Melbourne_Victoria.html]]></link>
</review>
<review>
	<rating>2.0</rating>
	<author><![CDATA[A TripAdvisor Contributor]]></author>
	<date>2007-10-31</date>
	<title><![CDATA[&#x201c;Food no good. Beer great&#x201d;]]></title>
	<excerpt><![CDATA[Food no good. Beer great more]]></excerpt>
	<link><![CDATA[http://www.tripadvisor.com/Restaurant_Review-g255100-d723919-Reviews-or40-Cookie-Melbourne_Victoria.html]]></link>
</review>
</source>