<source name="Trip Advisor" avg-rating="4.5">
<review>
	<rating>4.0</rating>
	<author><![CDATA[A TripAdvisor Contributor]]></author>
	<date>2008-11-15</date>
	<title><![CDATA[&#x201c;Good service and decent...&#x201d;]]></title>
	<excerpt><![CDATA[Good service and decent food. Very prompt. more]]></excerpt>
	<link><![CDATA[http://www.tripadvisor.com/Restaurant_Review-g255100-d724000-Reviews-Curry_Vault_Indian_Restaurant_and_Bar-Melbourne_Victoria.html]]></link>
</review>
<review>
	<rating>4.0</rating>
	<author><![CDATA[A TripAdvisor Contributor]]></author>
	<date>2008-09-12</date>
	<title><![CDATA[&#x201c;What a great Indian...&#x201d;]]></title>
	<excerpt><![CDATA[What a great Indian restaurant! Way better than the average suburban Indian takeaway. The food was fantastic and well priced. The menu was very compre]]></excerpt>
	<link><![CDATA[http://www.tripadvisor.com/Restaurant_Review-g255100-d724000-Reviews-Curry_Vault_Indian_Restaurant_and_Bar-Melbourne_Victoria.html]]></link>
</review>
</source>