<source name="Trip Advisor" avg-rating="3.5">
<review>
	<rating>5.0</rating>
	<author><![CDATA[A TripAdvisor Contributor]]></author>
	<date>2008-09-07</date>
	<title><![CDATA[&#x201c;Awesome Croation food...&#x201d;]]></title>
	<excerpt><![CDATA[Awesome Croation food, done with flair. Big portions - you wont need a kebab after this! more]]></excerpt>
	<link><![CDATA[http://www.tripadvisor.com/Restaurant_Review-g255100-d1066482-Reviews-Dalmatino-Melbourne_Victoria.html]]></link>
</review>
<review>
	<rating>4.0</rating>
	<author><![CDATA[A TripAdvisor Contributor]]></author>
	<date>2008-05-29</date>
	<title><![CDATA[&#x201c;Good food and...&#x201d;]]></title>
	<excerpt><![CDATA[Good food and service.
Beautiful cosy restaurant with fireplace and delicious looking menu! more]]></excerpt>
	<link><![CDATA[http://www.tripadvisor.com/Restaurant_Review-g255100-d1066482-Reviews-Dalmatino-Melbourne_Victoria.html]]></link>
</review>
</source>