<source name="Trip Advisor" avg-rating="4.0">
<review>
	<rating>4.0</rating>
	<author><![CDATA[A TripAdvisor Contributor]]></author>
	<date>2008-06-23</date>
	<title><![CDATA[&#x201c;Can't go wrong with...&#x201d;]]></title>
	<excerpt><![CDATA[Can't go wrong with tapas like these. The pork belly and lamb ribs oh my god. yes. more]]></excerpt>
	<link><![CDATA[http://www.tripadvisor.com/Restaurant_Review-g255100-d724207-Reviews-De_Los_Santos-Melbourne_Victoria.html]]></link>
</review>
<review>
	<rating>4.0</rating>
	<author><![CDATA[A TripAdvisor Contributor]]></author>
	<date>2008-05-29</date>
	<title><![CDATA[&#x201c;Tasty tapas..good service&#x201d;]]></title>
	<excerpt><![CDATA[Tasty tapas..good service more]]></excerpt>
	<link><![CDATA[http://www.tripadvisor.com/Restaurant_Review-g255100-d724207-Reviews-De_Los_Santos-Melbourne_Victoria.html]]></link>
</review>
<review>
	<rating>4.0</rating>
	<author><![CDATA[A TripAdvisor Contributor]]></author>
	<date>2008-03-27</date>
	<title><![CDATA[&#x201c;Good tapas. Reasonably...&#x201d;]]></title>
	<excerpt><![CDATA[Good tapas. Reasonably priced and quick service! more]]></excerpt>
	<link><![CDATA[http://www.tripadvisor.com/Restaurant_Review-g255100-d724207-Reviews-De_Los_Santos-Melbourne_Victoria.html]]></link>
</review>
<review>
	<rating>5.0</rating>
	<author><![CDATA[A TripAdvisor Contributor]]></author>
	<date>2008-01-14</date>
	<title><![CDATA[&#x201c;A fantastic restaurant...&#x201d;]]></title>
	<excerpt><![CDATA[A fantastic restaurant with exceptional service. The food - and the tapas in particular - are just wonderful. more]]></excerpt>
	<link><![CDATA[http://www.tripadvisor.com/Restaurant_Review-g255100-d724207-Reviews-De_Los_Santos-Melbourne_Victoria.html]]></link>
</review>
<review>
	<rating>3.0</rating>
	<author><![CDATA[A TripAdvisor Contributor]]></author>
	<date>2008-01-08</date>
	<title><![CDATA[&#x201c;If you have a hankering...&#x201d;]]></title>
	<excerpt><![CDATA[If you have a hankering for a paella, this is one of the best I've eaten. It's a happy place to eat (more than just paella) and share and taste and ch]]></excerpt>
	<link><![CDATA[http://www.tripadvisor.com/Restaurant_Review-g255100-d724207-Reviews-De_Los_Santos-Melbourne_Victoria.html]]></link>
</review>
<review>
	<rating>4.0</rating>
	<author><![CDATA[A TripAdvisor Contributor]]></author>
	<date>2008-01-07</date>
	<title><![CDATA[&#x201c;hasn't let me down.&#x201d;]]></title>
	<excerpt><![CDATA[hasn't let me down. more]]></excerpt>
	<link><![CDATA[http://www.tripadvisor.com/Restaurant_Review-g255100-d724207-Reviews-De_Los_Santos-Melbourne_Victoria.html]]></link>
</review>
<review>
	<rating>3.0</rating>
	<author><![CDATA[A TripAdvisor Contributor]]></author>
	<date>2007-12-29</date>
	<title><![CDATA[&#x201c;Good food with...&#x201d;]]></title>
	<excerpt><![CDATA[Good food with reasonable prices. more]]></excerpt>
	<link><![CDATA[http://www.tripadvisor.com/Restaurant_Review-g255100-d724207-Reviews-De_Los_Santos-Melbourne_Victoria.html]]></link>
</review>
<review>
	<rating>4.0</rating>
	<author><![CDATA[A TripAdvisor Contributor]]></author>
	<date>2007-12-22</date>
	<title><![CDATA[&#x201c;awesome spanish donuts...&#x201d;]]></title>
	<excerpt><![CDATA[awesome spanish donuts and decent paella (prepare to wait 30 mins for it tho) more]]></excerpt>
	<link><![CDATA[http://www.tripadvisor.com/Restaurant_Review-g255100-d724207-Reviews-De_Los_Santos-Melbourne_Victoria.html]]></link>
</review>
<review>
	<rating>3.0</rating>
	<author><![CDATA[A TripAdvisor Contributor]]></author>
	<date>2007-12-21</date>
	<title><![CDATA[&#x201c;Again not as good as...&#x201d;]]></title>
	<excerpt><![CDATA[Again not as good as food in Spain! more]]></excerpt>
	<link><![CDATA[http://www.tripadvisor.com/Restaurant_Review-g255100-d724207-Reviews-De_Los_Santos-Melbourne_Victoria.html]]></link>
</review>
<review>
	<rating>5.0</rating>
	<author><![CDATA[A TripAdvisor Contributor]]></author>
	<date>2007-12-11</date>
	<title><![CDATA[&#x201c;I love this place so...&#x201d;]]></title>
	<excerpt><![CDATA[I love this place so much. Good food, good service, and good live music. Although it's a bit expensive, but worth it, more]]></excerpt>
	<link><![CDATA[http://www.tripadvisor.com/Restaurant_Review-g255100-d724207-Reviews-De_Los_Santos-Melbourne_Victoria.html]]></link>
</review>
<review>
	<rating>4.0</rating>
	<author><![CDATA[A TripAdvisor Contributor]]></author>
	<date>2007-12-10</date>
	<title><![CDATA[&#x201c;old time favourite that...&#x201d;]]></title>
	<excerpt><![CDATA[old time favourite that still delivers. but not as good as movida. sorry. more]]></excerpt>
	<link><![CDATA[http://www.tripadvisor.com/Restaurant_Review-g255100-d724207-Reviews-or10-De_Los_Santos-Melbourne_Victoria.html]]></link>
</review>
<review>
	<rating>4.0</rating>
	<author><![CDATA[A TripAdvisor Contributor]]></author>
	<date>2007-11-28</date>
	<title><![CDATA[&#x201c;Yuuuumy Spanish food...&#x201d;]]></title>
	<excerpt><![CDATA[Yuuuumy Spanish food, great atmosphere more]]></excerpt>
	<link><![CDATA[http://www.tripadvisor.com/Restaurant_Review-g255100-d724207-Reviews-or10-De_Los_Santos-Melbourne_Victoria.html]]></link>
</review>
<review>
	<rating>3.0</rating>
	<author><![CDATA[A TripAdvisor Contributor]]></author>
	<date>2007-11-24</date>
	<title><![CDATA[&#x201c;Tapas menu is...&#x201d;]]></title>
	<excerpt><![CDATA[Tapas menu is interesting and authentic. Mains are a bit on the short side more]]></excerpt>
	<link><![CDATA[http://www.tripadvisor.com/Restaurant_Review-g255100-d724207-Reviews-or10-De_Los_Santos-Melbourne_Victoria.html]]></link>
</review>
<review>
	<rating>4.0</rating>
	<author><![CDATA[A TripAdvisor Contributor]]></author>
	<date>2007-11-17</date>
	<title><![CDATA[&#x201c;When here for a...&#x201d;]]></title>
	<excerpt><![CDATA[When here for a birthday. top marks. great atmosphere and food is great more]]></excerpt>
	<link><![CDATA[http://www.tripadvisor.com/Restaurant_Review-g255100-d724207-Reviews-or10-De_Los_Santos-Melbourne_Victoria.html]]></link>
</review>
<review>
	<rating>4.0</rating>
	<author><![CDATA[A TripAdvisor Contributor]]></author>
	<date>2007-11-07</date>
	<title><![CDATA[&#x201c;Delicious food and good...&#x201d;]]></title>
	<excerpt><![CDATA[Delicious food and good Chilean wine.. nice warm atmosphere. Mm spanish donuts! more]]></excerpt>
	<link><![CDATA[http://www.tripadvisor.com/Restaurant_Review-g255100-d724207-Reviews-or10-De_Los_Santos-Melbourne_Victoria.html]]></link>
</review>
</source>