<source name="Trip Advisor" avg-rating="4.0">
<review>
	<rating>5.0</rating>
	<author><![CDATA[aussiefrequentflyer]]></author>
	<date>2009-03-10</date>
	<title><![CDATA[&#x201c;Excellent execution...that you pay for&#x201d;]]></title>
	<excerpt><![CDATA[A beautiful unique restaurant with excellent quality food that doesn't push any boundaries, but delivers a delightful experience that you have to pay ]]></excerpt>
	<link><![CDATA[http://www.tripadvisor.com/Restaurant_Review-g255100-d724285-Reviews-Donovans-Melbourne_Victoria.html]]></link>
</review>
<review>
	<rating>5.0</rating>
	<author><![CDATA[A TripAdvisor Contributor]]></author>
	<date>2009-03-08</date>
	<title><![CDATA[&#x201c;Always changing decor...&#x201d;]]></title>
	<excerpt><![CDATA[Always changing decor and menu, very intimate, lovely Bay views. Gorgeous, but expensive and exclusive! more]]></excerpt>
	<link><![CDATA[http://www.tripadvisor.com/Restaurant_Review-g255100-d724285-Reviews-Donovans-Melbourne_Victoria.html]]></link>
</review>
<review>
	<rating>4.0</rating>
	<author><![CDATA[A TripAdvisor Contributor]]></author>
	<date>2009-02-02</date>
	<title><![CDATA[&#x201c;Really tasty flavours...&#x201d;]]></title>
	<excerpt><![CDATA[Really tasty flavours, nice decor, good service, romantic get away- lovely overall more]]></excerpt>
	<link><![CDATA[http://www.tripadvisor.com/Restaurant_Review-g255100-d724285-Reviews-Donovans-Melbourne_Victoria.html]]></link>
</review>
<review>
	<rating>3.0</rating>
	<author><![CDATA[nessydoor]]></author>
	<date>2008-11-29</date>
	<title><![CDATA[&#x201c;Can get better value elsewhere&#x201d;]]></title>
	<excerpt><![CDATA[I was very disapointed with this resturant. I heard it was fantastic but I would say its very average but with high costs.
I don't mind paying alot fo]]></excerpt>
	<link><![CDATA[http://www.tripadvisor.com/Restaurant_Review-g255100-d724285-Reviews-Donovans-Melbourne_Victoria.html]]></link>
</review>
<review>
	<rating>4.0</rating>
	<author><![CDATA[A TripAdvisor Contributor]]></author>
	<date>2008-11-04</date>
	<title><![CDATA[&#x201c;homely&#x201d;]]></title>
	<excerpt><![CDATA[homely more]]></excerpt>
	<link><![CDATA[http://www.tripadvisor.com/Restaurant_Review-g255100-d724285-Reviews-Donovans-Melbourne_Victoria.html]]></link>
</review>
<review>
	<rating>4.0</rating>
	<author><![CDATA[A TripAdvisor Contributor]]></author>
	<date>2008-10-21</date>
	<title><![CDATA[&#x201c;A very nice atmosphere...&#x201d;]]></title>
	<excerpt><![CDATA[A very nice atmosphere. Especially outdoor dining on the beachfront. Food was slightly above average. Service excellent. more]]></excerpt>
	<link><![CDATA[http://www.tripadvisor.com/Restaurant_Review-g255100-d724285-Reviews-Donovans-Melbourne_Victoria.html]]></link>
</review>
<review>
	<rating>5.0</rating>
	<author><![CDATA[A TripAdvisor Contributor]]></author>
	<date>2008-10-02</date>
	<title><![CDATA[&#x201c;Had a beautiful birthday...&#x201d;]]></title>
	<excerpt><![CDATA[Had a beautiful birthday lunch here watching the world go by more]]></excerpt>
	<link><![CDATA[http://www.tripadvisor.com/Restaurant_Review-g255100-d724285-Reviews-Donovans-Melbourne_Victoria.html]]></link>
</review>
<review>
	<rating>4.0</rating>
	<author><![CDATA[A TripAdvisor Contributor]]></author>
	<date>2008-09-08</date>
	<title><![CDATA[&#x201c;Another restaurant doing...&#x201d;]]></title>
	<excerpt><![CDATA[Another restaurant doing very nice Italian food, and charging quite a lot for it. Try the Abruzzo Club instead for better value (although the setting ]]></excerpt>
	<link><![CDATA[http://www.tripadvisor.com/Restaurant_Review-g255100-d724285-Reviews-Donovans-Melbourne_Victoria.html]]></link>
</review>
<review>
	<rating>4.0</rating>
	<author><![CDATA[A TripAdvisor Contributor]]></author>
	<date>2008-07-23</date>
	<title><![CDATA[&#x201c;My husband's favourite...&#x201d;]]></title>
	<excerpt><![CDATA[My husband's favourite restaurant, chicken pie is great. more]]></excerpt>
	<link><![CDATA[http://www.tripadvisor.com/Restaurant_Review-g255100-d724285-Reviews-Donovans-Melbourne_Victoria.html]]></link>
</review>
<review>
	<rating>5.0</rating>
	<author><![CDATA[A TripAdvisor Contributor]]></author>
	<date>2008-06-16</date>
	<title><![CDATA[&#x201c;Great ambience, service...&#x201d;]]></title>
	<excerpt><![CDATA[Great ambience, service and food, hits all the right notes. more]]></excerpt>
	<link><![CDATA[http://www.tripadvisor.com/Restaurant_Review-g255100-d724285-Reviews-Donovans-Melbourne_Victoria.html]]></link>
</review>
<review>
	<rating>5.0</rating>
	<author><![CDATA[A TripAdvisor Contributor]]></author>
	<date>2008-05-02</date>
	<title><![CDATA[&#x201c;Loved it! Feels like...&#x201d;]]></title>
	<excerpt><![CDATA[Loved it! Feels like visiting your wealthy Aunt's beachhouse. Cosy, and inviting, and while the food isn't "experimental" or cutting edge, it is gener]]></excerpt>
	<link><![CDATA[http://www.tripadvisor.com/Restaurant_Review-g255100-d724285-Reviews-or10-Donovans-Melbourne_Victoria.html]]></link>
</review>
<review>
	<rating>4.0</rating>
	<author><![CDATA[Gluttony]]></author>
	<date>2008-05-02</date>
	<title><![CDATA[&#x201c;Hasn't disappointed me....&#x201d;]]></title>
	<excerpt><![CDATA[Try the four tastes and their menu changes frequently... nice ambience and food! Great restaurant, without being overpriced. more]]></excerpt>
	<link><![CDATA[http://www.tripadvisor.com/Restaurant_Review-g255100-d724285-Reviews-or10-Donovans-Melbourne_Victoria.html]]></link>
</review>
<review>
	<rating>4.0</rating>
	<author><![CDATA[A TripAdvisor Contributor]]></author>
	<date>2008-04-08</date>
	<title><![CDATA[&#x201c;Can't go wrong here, but...&#x201d;]]></title>
	<excerpt><![CDATA[Can't go wrong here, but bring the cheque book :) Excellent wine selection more]]></excerpt>
	<link><![CDATA[http://www.tripadvisor.com/Restaurant_Review-g255100-d724285-Reviews-or10-Donovans-Melbourne_Victoria.html]]></link>
</review>
<review>
	<rating>3.0</rating>
	<author><![CDATA[A TripAdvisor Contributor]]></author>
	<date>2008-04-05</date>
	<title><![CDATA[&#x201c;Great rustic setting and...&#x201d;]]></title>
	<excerpt><![CDATA[Great rustic setting and food is good more]]></excerpt>
	<link><![CDATA[http://www.tripadvisor.com/Restaurant_Review-g255100-d724285-Reviews-or10-Donovans-Melbourne_Victoria.html]]></link>
</review>
<review>
	<rating>4.0</rating>
	<author><![CDATA[A TripAdvisor Contributor]]></author>
	<date>2008-03-21</date>
	<title><![CDATA[&#x201c;better since revamp&#x201d;]]></title>
	<excerpt><![CDATA[better since revamp more]]></excerpt>
	<link><![CDATA[http://www.tripadvisor.com/Restaurant_Review-g255100-d724285-Reviews-or10-Donovans-Melbourne_Victoria.html]]></link>
</review>
<review>
	<rating>4.0</rating>
	<author><![CDATA[A TripAdvisor Contributor]]></author>
	<date>2008-01-31</date>
	<title><![CDATA[&#x201c;Awesome setting, awesome...&#x201d;]]></title>
	<excerpt><![CDATA[Awesome setting, awesome food - not cutting edge, but hugely enjoyable. more]]></excerpt>
	<link><![CDATA[http://www.tripadvisor.com/Restaurant_Review-g255100-d724285-Reviews-or10-Donovans-Melbourne_Victoria.html]]></link>
</review>
<review>
	<rating>5.0</rating>
	<author><![CDATA[A TripAdvisor Contributor]]></author>
	<date>2008-01-21</date>
	<title><![CDATA[&#x201c;Always love this plc...&#x201d;]]></title>
	<excerpt><![CDATA[Always love this plc. however on the expensive side. more]]></excerpt>
	<link><![CDATA[http://www.tripadvisor.com/Restaurant_Review-g255100-d724285-Reviews-or10-Donovans-Melbourne_Victoria.html]]></link>
</review>
<review>
	<rating>4.0</rating>
	<author><![CDATA[A TripAdvisor Contributor]]></author>
	<date>2008-01-12</date>
	<title><![CDATA[&#x201c;Great Marinara Pasta...&#x201d;]]></title>
	<excerpt><![CDATA[Great Marinara Pasta! Lovely location & pleasant atmosphere more]]></excerpt>
	<link><![CDATA[http://www.tripadvisor.com/Restaurant_Review-g255100-d724285-Reviews-or10-Donovans-Melbourne_Victoria.html]]></link>
</review>
<review>
	<rating>3.0</rating>
	<author><![CDATA[A TripAdvisor Contributor]]></author>
	<date>2008-01-09</date>
	<title><![CDATA[&#x201c;Food is perfect - but...&#x201d;]]></title>
	<excerpt><![CDATA[Food is perfect - but boring. Very unexciting menu but what a great location. more]]></excerpt>
	<link><![CDATA[http://www.tripadvisor.com/Restaurant_Review-g255100-d724285-Reviews-or10-Donovans-Melbourne_Victoria.html]]></link>
</review>
<review>
	<rating>5.0</rating>
	<author><![CDATA[A TripAdvisor Contributor]]></author>
	<date>2007-12-28</date>
	<title><![CDATA[&#x201c;Amazing place. The whole...&#x201d;]]></title>
	<excerpt><![CDATA[Amazing place. The whole package. awesome food and outstanding service. Views to die for! Special occasion restaurant. Love it! more]]></excerpt>
	<link><![CDATA[http://www.tripadvisor.com/Restaurant_Review-g255100-d724285-Reviews-or10-Donovans-Melbourne_Victoria.html]]></link>
</review>
<review>
	<rating>4.0</rating>
	<author><![CDATA[A TripAdvisor Contributor]]></author>
	<date>2007-12-20</date>
	<title><![CDATA[&#x201c;Must try the Bomb Alsaka.&#x201d;]]></title>
	<excerpt><![CDATA[Must try the Bomb Alsaka. more]]></excerpt>
	<link><![CDATA[http://www.tripadvisor.com/Restaurant_Review-g255100-d724285-Reviews-or20-Donovans-Melbourne_Victoria.html]]></link>
</review>
<review>
	<rating>5.0</rating>
	<author><![CDATA[A TripAdvisor Contributor]]></author>
	<date>2007-12-18</date>
	<title><![CDATA[&#x201c;Expensive, but quality...&#x201d;]]></title>
	<excerpt><![CDATA[Expensive, but quality of the food is worth the money, must visit. more]]></excerpt>
	<link><![CDATA[http://www.tripadvisor.com/Restaurant_Review-g255100-d724285-Reviews-or20-Donovans-Melbourne_Victoria.html]]></link>
</review>
<review>
	<rating>5.0</rating>
	<author><![CDATA[A TripAdvisor Contributor]]></author>
	<date>2007-12-17</date>
	<title><![CDATA[&#x201c;Great atmosphere...&#x201d;]]></title>
	<excerpt><![CDATA[Great atmosphere, location and service more]]></excerpt>
	<link><![CDATA[http://www.tripadvisor.com/Restaurant_Review-g255100-d724285-Reviews-or20-Donovans-Melbourne_Victoria.html]]></link>
</review>
<review>
	<rating>5.0</rating>
	<author><![CDATA[A TripAdvisor Contributor]]></author>
	<date>2007-12-17</date>
	<title><![CDATA[&#x201c;beautiful food...&#x201d;]]></title>
	<excerpt><![CDATA[beautiful food, comfortable yet luxurious decor and a view to die for! My favorite restaurant in Melbourne. more]]></excerpt>
	<link><![CDATA[http://www.tripadvisor.com/Restaurant_Review-g255100-d724285-Reviews-or20-Donovans-Melbourne_Victoria.html]]></link>
</review>
<review>
	<rating>5.0</rating>
	<author><![CDATA[A TripAdvisor Contributor]]></author>
	<date>2007-12-13</date>
	<title><![CDATA[&#x201c;Great atmosphere, very...&#x201d;]]></title>
	<excerpt><![CDATA[Great atmosphere, very cozy and the food was great too!! and i love the outdoor deck with views of port philip more]]></excerpt>
	<link><![CDATA[http://www.tripadvisor.com/Restaurant_Review-g255100-d724285-Reviews-or20-Donovans-Melbourne_Victoria.html]]></link>
</review>
<review>
	<rating>4.0</rating>
	<author><![CDATA[A TripAdvisor Contributor]]></author>
	<date>2007-11-30</date>
	<title><![CDATA[&#x201c;Have been here a couple...&#x201d;]]></title>
	<excerpt><![CDATA[Have been here a couple of times - both in Decembers and the view of the water from the restaurant is a great accompaniment to some very nice food! mo]]></excerpt>
	<link><![CDATA[http://www.tripadvisor.com/Restaurant_Review-g255100-d724285-Reviews-or20-Donovans-Melbourne_Victoria.html]]></link>
</review>
<review>
	<rating>4.0</rating>
	<author><![CDATA[A TripAdvisor Contributor]]></author>
	<date>2007-11-24</date>
	<title><![CDATA[&#x201c;With of the most...&#x201d;]]></title>
	<excerpt><![CDATA[With of the most extensive, expensive, but impressive Wine collections I've ever seen, Donovans is a great restaurant to visit, even for just once in ]]></excerpt>
	<link><![CDATA[http://www.tripadvisor.com/Restaurant_Review-g255100-d724285-Reviews-or20-Donovans-Melbourne_Victoria.html]]></link>
</review>
<review>
	<rating>5.0</rating>
	<author><![CDATA[A TripAdvisor Contributor]]></author>
	<date>2007-11-23</date>
	<title><![CDATA[&#x201c;Picture this: long sunny...&#x201d;]]></title>
	<excerpt><![CDATA[Picture this: long sunny Sunday arvo, you start with champagne on the outdoor lounges right on the beach, before moving inside for a window seat overl]]></excerpt>
	<link><![CDATA[http://www.tripadvisor.com/Restaurant_Review-g255100-d724285-Reviews-or20-Donovans-Melbourne_Victoria.html]]></link>
</review>
<review>
	<rating>4.0</rating>
	<author><![CDATA[A TripAdvisor Contributor]]></author>
	<date>2007-11-22</date>
	<title><![CDATA[&#x201c;Fantastic views, great...&#x201d;]]></title>
	<excerpt><![CDATA[Fantastic views, great food, just a little too pricey for the average joe. more]]></excerpt>
	<link><![CDATA[http://www.tripadvisor.com/Restaurant_Review-g255100-d724285-Reviews-or20-Donovans-Melbourne_Victoria.html]]></link>
</review>
<review>
	<rating>5.0</rating>
	<author><![CDATA[A TripAdvisor Contributor]]></author>
	<date>2007-11-18</date>
	<title><![CDATA[&#x201c;Spectecular sea views...&#x201d;]]></title>
	<excerpt><![CDATA[Spectecular sea views, competent food and yummy cocktails. Very romantic! more]]></excerpt>
	<link><![CDATA[http://www.tripadvisor.com/Restaurant_Review-g255100-d724285-Reviews-or20-Donovans-Melbourne_Victoria.html]]></link>
</review>
</source>