<source name="Trip Advisor" avg-rating="4.5">
<review>
	<rating>5.0</rating>
	<author><![CDATA[13whiterabbit]]></author>
	<date>2008-09-28</date>
	<title><![CDATA[&#x201c;Awesome atmosphere&#x201d;]]></title>
	<excerpt><![CDATA[I really wanted to see a cabaret show in my Melbourne so I combined it with dinner at Draculas. Its very good value for money, $60 per head and you ge]]></excerpt>
	<link><![CDATA[http://www.tripadvisor.com/Restaurant_Review-g255100-d724298-Reviews-Dracula_s_Cabaret_Restaurant-Melbourne_Victoria.html]]></link>
</review>
<review>
	<rating>5.0</rating>
	<author><![CDATA[loveholidaysGizzie]]></author>
	<date>2008-05-06</date>
	<title><![CDATA[&#x201c;Love It!&#x201d;]]></title>
	<excerpt><![CDATA[I first went to Draculas back in 2006 with friends when we were in
Melbourne on a shopping holiday & had an absolute Ball!
From the moment we walked i]]></excerpt>
	<link><![CDATA[http://www.tripadvisor.com/Restaurant_Review-g255100-d724298-Reviews-Dracula_s_Cabaret_Restaurant-Melbourne_Victoria.html]]></link>
</review>
<review>
	<rating>4.0</rating>
	<author><![CDATA[A TripAdvisor Contributor]]></author>
	<date>2008-04-03</date>
	<title><![CDATA[&#x201c;exciting and...&#x201d;]]></title>
	<excerpt><![CDATA[exciting and entertaining... more]]></excerpt>
	<link><![CDATA[http://www.tripadvisor.com/Restaurant_Review-g255100-d724298-Reviews-Dracula_s_Cabaret_Restaurant-Melbourne_Victoria.html]]></link>
</review>
<review>
	<rating>2.0</rating>
	<author><![CDATA[A TripAdvisor Contributor]]></author>
	<date>2008-03-20</date>
	<title><![CDATA[&#x201c;Good entertainment to...&#x201d;]]></title>
	<excerpt><![CDATA[Good entertainment to accompany the food more]]></excerpt>
	<link><![CDATA[http://www.tripadvisor.com/Restaurant_Review-g255100-d724298-Reviews-Dracula_s_Cabaret_Restaurant-Melbourne_Victoria.html]]></link>
</review>
<review>
	<rating>3.0</rating>
	<author><![CDATA[A TripAdvisor Contributor]]></author>
	<date>2008-03-19</date>
	<title><![CDATA[&#x201c;Good Show, food okay&#x201d;]]></title>
	<excerpt><![CDATA[Good Show, food okay more]]></excerpt>
	<link><![CDATA[http://www.tripadvisor.com/Restaurant_Review-g255100-d724298-Reviews-Dracula_s_Cabaret_Restaurant-Melbourne_Victoria.html]]></link>
</review>
<review>
	<rating>5.0</rating>
	<author><![CDATA[A TripAdvisor Contributor]]></author>
	<date>2007-12-19</date>
	<title><![CDATA[&#x201c;I want to go back here...&#x201d;]]></title>
	<excerpt><![CDATA[I want to go back here soooo bad! The food was fantastic (if i could only eat one thing ever again, it'll be the pasta entree thing *drools*) A very e]]></excerpt>
	<link><![CDATA[http://www.tripadvisor.com/Restaurant_Review-g255100-d724298-Reviews-Dracula_s_Cabaret_Restaurant-Melbourne_Victoria.html]]></link>
</review>
</source>