<source name="Trip Advisor" avg-rating="4.5">
<review>
	<rating>3.0</rating>
	<author><![CDATA[A TripAdvisor Contributor]]></author>
	<date>2008-07-28</date>
	<title><![CDATA[&#x201c;Great river views&#x201d;]]></title>
	<excerpt><![CDATA[Great river views more]]></excerpt>
	<link><![CDATA[http://www.tripadvisor.com/Restaurant_Review-g255100-d724300-Reviews-Dragon_Boat_Restaurant-Melbourne_Victoria.html]]></link>
</review>
<review>
	<rating>3.0</rating>
	<author><![CDATA[A TripAdvisor Contributor]]></author>
	<date>2008-05-16</date>
	<title><![CDATA[&#x201c;Typical chinese. big...&#x201d;]]></title>
	<excerpt><![CDATA[Typical chinese. big range of dishes for yumcha! more]]></excerpt>
	<link><![CDATA[http://www.tripadvisor.com/Restaurant_Review-g255100-d724300-Reviews-Dragon_Boat_Restaurant-Melbourne_Victoria.html]]></link>
</review>
<review>
	<rating>3.0</rating>
	<author><![CDATA[A TripAdvisor Contributor]]></author>
	<date>2007-12-19</date>
	<title><![CDATA[&#x201c;steamboat buffet - yum&#x201d;]]></title>
	<excerpt><![CDATA[steamboat buffet - yum more]]></excerpt>
	<link><![CDATA[http://www.tripadvisor.com/Restaurant_Review-g255100-d724300-Reviews-Dragon_Boat_Restaurant-Melbourne_Victoria.html]]></link>
</review>
<review>
	<rating>3.0</rating>
	<author><![CDATA[A TripAdvisor Contributor]]></author>
	<date>2007-12-02</date>
	<title><![CDATA[&#x201c;Yum cha on a Sunday...&#x201d;]]></title>
	<excerpt><![CDATA[Yum cha on a Sunday morning, get in eary. Pricey but quality. more]]></excerpt>
	<link><![CDATA[http://www.tripadvisor.com/Restaurant_Review-g255100-d724300-Reviews-Dragon_Boat_Restaurant-Melbourne_Victoria.html]]></link>
</review>
<review>
	<rating>1.0</rating>
	<author><![CDATA[A TripAdvisor Contributor]]></author>
	<date>2007-11-03</date>
	<title><![CDATA[&#x201c;Quality isn't good!&#x201d;]]></title>
	<excerpt><![CDATA[Quality isn't good! more]]></excerpt>
	<link><![CDATA[http://www.tripadvisor.com/Restaurant_Review-g255100-d724300-Reviews-Dragon_Boat_Restaurant-Melbourne_Victoria.html]]></link>
</review>
<review>
	<rating>4.0</rating>
	<author><![CDATA[A TripAdvisor Contributor]]></author>
	<date>2007-10-31</date>
	<title><![CDATA[&#x201c;good yum cha&#x201d;]]></title>
	<excerpt><![CDATA[good yum cha more]]></excerpt>
	<link><![CDATA[http://www.tripadvisor.com/Restaurant_Review-g255100-d724300-Reviews-Dragon_Boat_Restaurant-Melbourne_Victoria.html]]></link>
</review>
</source>