<source name="Trip Advisor" avg-rating="4.5">
<review>
	<rating>3.0</rating>
	<author><![CDATA[A TripAdvisor Contributor]]></author>
	<date>2008-04-13</date>
	<title><![CDATA[&#x201c;Reasonable.&#x201d;]]></title>
	<excerpt><![CDATA[Reasonable. more]]></excerpt>
	<link><![CDATA[http://www.tripadvisor.com/Restaurant_Review-g255100-d724587-Reviews-EQ_Cafe_Bar-Melbourne_Victoria.html]]></link>
</review>
<review>
	<rating>3.0</rating>
	<author><![CDATA[A TripAdvisor Contributor]]></author>
	<date>2008-04-04</date>
	<title><![CDATA[&#x201c;Average food. Good...&#x201d;]]></title>
	<excerpt><![CDATA[Average food. Good atmosphere. Good service. more]]></excerpt>
	<link><![CDATA[http://www.tripadvisor.com/Restaurant_Review-g255100-d724587-Reviews-EQ_Cafe_Bar-Melbourne_Victoria.html]]></link>
</review>
</source>