<source name="Trip Advisor" avg-rating="4.5">
<review>
	<rating>5.0</rating>
	<author><![CDATA[spunkygonecountry]]></author>
	<date>2009-02-24</date>
	<title><![CDATA[&#x201c;Spectacular&#x201d;]]></title>
	<excerpt><![CDATA[Gorgeous restaurant. Service is 5 star. Amazing menu, quality outstanding. On the expensive side but perfect for a special ocassion. Highly recommende]]></excerpt>
	<link><![CDATA[http://www.tripadvisor.com/Restaurant_Review-g255100-d724622-Reviews-Ezard_At_Adelphi-Melbourne_Victoria.html]]></link>
</review>
<review>
	<rating>3.0</rating>
	<author><![CDATA[A TripAdvisor Contributor]]></author>
	<date>2009-02-23</date>
	<title><![CDATA[&#x201c;Excellent food but...&#x201d;]]></title>
	<excerpt><![CDATA[Excellent food but overall a pretentious dining experience - everything looks forced to justify the price tag. more]]></excerpt>
	<link><![CDATA[http://www.tripadvisor.com/Restaurant_Review-g255100-d724622-Reviews-Ezard_At_Adelphi-Melbourne_Victoria.html]]></link>
</review>
<review>
	<rating>4.0</rating>
	<author><![CDATA[A TripAdvisor Contributor]]></author>
	<date>2008-11-30</date>
	<title><![CDATA[&#x201c;Quite an experience...&#x201d;]]></title>
	<excerpt><![CDATA[Quite an experience. Really enjoyed most courses (degustation), unforgettablly good. Just don't have Thai the night before. Dessert sublime. I'm just ]]></excerpt>
	<link><![CDATA[http://www.tripadvisor.com/Restaurant_Review-g255100-d724622-Reviews-Ezard_At_Adelphi-Melbourne_Victoria.html]]></link>
</review>
<review>
	<rating>5.0</rating>
	<author><![CDATA[A TripAdvisor Contributor]]></author>
	<date>2008-11-04</date>
	<title><![CDATA[&#x201c;last time i went 5 yrs...&#x201d;]]></title>
	<excerpt><![CDATA[last time i went 5 yrs ago, the degustation was fusion asian, which was delicious! more]]></excerpt>
	<link><![CDATA[http://www.tripadvisor.com/Restaurant_Review-g255100-d724622-Reviews-Ezard_At_Adelphi-Melbourne_Victoria.html]]></link>
</review>
<review>
	<rating>5.0</rating>
	<author><![CDATA[spoilt_pink_princess]]></author>
	<date>2008-09-24</date>
	<title><![CDATA[&#x201c;Perfection&#x201d;]]></title>
	<excerpt><![CDATA[While I admit that the bill was high it was totally worth it. The food was exquisidly made, and they were served up like works of are. The waiters wer]]></excerpt>
	<link><![CDATA[http://www.tripadvisor.com/Restaurant_Review-g255100-d724622-Reviews-Ezard_At_Adelphi-Melbourne_Victoria.html]]></link>
</review>
<review>
	<rating>3.0</rating>
	<author><![CDATA[A TripAdvisor Contributor]]></author>
	<date>2008-09-23</date>
	<title><![CDATA[&#x201c;Great food, service a...&#x201d;]]></title>
	<excerpt><![CDATA[Great food, service a bit over-attentive more]]></excerpt>
	<link><![CDATA[http://www.tripadvisor.com/Restaurant_Review-g255100-d724622-Reviews-Ezard_At_Adelphi-Melbourne_Victoria.html]]></link>
</review>
<review>
	<rating>5.0</rating>
	<author><![CDATA[A TripAdvisor Contributor]]></author>
	<date>2008-09-08</date>
	<title><![CDATA[&#x201c;Stunning food - a real...&#x201d;]]></title>
	<excerpt><![CDATA[Stunning food - a real culinary adventure. Pity theres so often pissed suits in here lettting the side down. more]]></excerpt>
	<link><![CDATA[http://www.tripadvisor.com/Restaurant_Review-g255100-d724622-Reviews-Ezard_At_Adelphi-Melbourne_Victoria.html]]></link>
</review>
<review>
	<rating>4.0</rating>
	<author><![CDATA[A TripAdvisor Contributor]]></author>
	<date>2008-07-26</date>
	<title><![CDATA[&#x201c;Little cozy, but very...&#x201d;]]></title>
	<excerpt><![CDATA[Little cozy, but very good. Food, drinks, service all top notch. more]]></excerpt>
	<link><![CDATA[http://www.tripadvisor.com/Restaurant_Review-g255100-d724622-Reviews-Ezard_At_Adelphi-Melbourne_Victoria.html]]></link>
</review>
<review>
	<rating>4.0</rating>
	<author><![CDATA[A TripAdvisor Contributor]]></author>
	<date>2008-07-13</date>
	<title><![CDATA[&#x201c;VERY NICE&#x201d;]]></title>
	<excerpt><![CDATA[VERY NICE more]]></excerpt>
	<link><![CDATA[http://www.tripadvisor.com/Restaurant_Review-g255100-d724622-Reviews-Ezard_At_Adelphi-Melbourne_Victoria.html]]></link>
</review>
<review>
	<rating>3.0</rating>
	<author><![CDATA[A TripAdvisor Contributor]]></author>
	<date>2008-06-10</date>
	<title><![CDATA[&#x201c;It located in a...&#x201d;]]></title>
	<excerpt><![CDATA[It located in a covinient and easy to find place more]]></excerpt>
	<link><![CDATA[http://www.tripadvisor.com/Restaurant_Review-g255100-d724622-Reviews-Ezard_At_Adelphi-Melbourne_Victoria.html]]></link>
</review>
<review>
	<rating>5.0</rating>
	<author><![CDATA[A TripAdvisor Contributor]]></author>
	<date>2008-05-23</date>
	<title><![CDATA[&#x201c;great, great, great...&#x201d;]]></title>
	<excerpt><![CDATA[great, great, great... especially the dessert platter. Yummmm.... more]]></excerpt>
	<link><![CDATA[http://www.tripadvisor.com/Restaurant_Review-g255100-d724622-Reviews-or10-Ezard_At_Adelphi-Melbourne_Victoria.html]]></link>
</review>
<review>
	<rating>4.0</rating>
	<author><![CDATA[A TripAdvisor Contributor]]></author>
	<date>2008-05-16</date>
	<title><![CDATA[&#x201c;Everything just...&#x201d;]]></title>
	<excerpt><![CDATA[Everything just works...you think it won't but it does. more]]></excerpt>
	<link><![CDATA[http://www.tripadvisor.com/Restaurant_Review-g255100-d724622-Reviews-or10-Ezard_At_Adelphi-Melbourne_Victoria.html]]></link>
</review>
<review>
	<rating>4.0</rating>
	<author><![CDATA[A TripAdvisor Contributor]]></author>
	<date>2008-05-14</date>
	<title><![CDATA[&#x201c;Great food, slightly...&#x201d;]]></title>
	<excerpt><![CDATA[Great food, slightly Pretentious staff, the sashimi is amazing! more]]></excerpt>
	<link><![CDATA[http://www.tripadvisor.com/Restaurant_Review-g255100-d724622-Reviews-or10-Ezard_At_Adelphi-Melbourne_Victoria.html]]></link>
</review>
<review>
	<rating>4.0</rating>
	<author><![CDATA[A TripAdvisor Contributor]]></author>
	<date>2008-04-05</date>
	<title><![CDATA[&#x201c;Very pleasant...&#x201d;]]></title>
	<excerpt><![CDATA[Very pleasant atmosphere, good service and great food. more]]></excerpt>
	<link><![CDATA[http://www.tripadvisor.com/Restaurant_Review-g255100-d724622-Reviews-or10-Ezard_At_Adelphi-Melbourne_Victoria.html]]></link>
</review>
<review>
	<rating>5.0</rating>
	<author><![CDATA[A TripAdvisor Contributor]]></author>
	<date>2008-04-03</date>
	<title><![CDATA[&#x201c;Special occasion...&#x201d;]]></title>
	<excerpt><![CDATA[Special occasion restaurant. more]]></excerpt>
	<link><![CDATA[http://www.tripadvisor.com/Restaurant_Review-g255100-d724622-Reviews-or10-Ezard_At_Adelphi-Melbourne_Victoria.html]]></link>
</review>
<review>
	<rating>4.0</rating>
	<author><![CDATA[A TripAdvisor Contributor]]></author>
	<date>2008-03-05</date>
	<title><![CDATA[&#x201c;A simple restaurant...&#x201d;]]></title>
	<excerpt><![CDATA[A simple restaurant where food is obviously priority. I love this place. The food is great, the staff are friendly and atmosphere is relaxing. Great f]]></excerpt>
	<link><![CDATA[http://www.tripadvisor.com/Restaurant_Review-g255100-d724622-Reviews-or10-Ezard_At_Adelphi-Melbourne_Victoria.html]]></link>
</review>
<review>
	<rating>5.0</rating>
	<author><![CDATA[A TripAdvisor Contributor]]></author>
	<date>2008-02-23</date>
	<title><![CDATA[&#x201c;My husband's favourite...&#x201d;]]></title>
	<excerpt><![CDATA[My husband's favourite restaurant more]]></excerpt>
	<link><![CDATA[http://www.tripadvisor.com/Restaurant_Review-g255100-d724622-Reviews-or10-Ezard_At_Adelphi-Melbourne_Victoria.html]]></link>
</review>
<review>
	<rating>4.0</rating>
	<author><![CDATA[A TripAdvisor Contributor]]></author>
	<date>2008-01-31</date>
	<title><![CDATA[&#x201c;fine dining at its best...&#x201d;]]></title>
	<excerpt><![CDATA[fine dining at its best, the oyster shooters for entree are a must, but dont get shy and only order 1. more]]></excerpt>
	<link><![CDATA[http://www.tripadvisor.com/Restaurant_Review-g255100-d724622-Reviews-or10-Ezard_At_Adelphi-Melbourne_Victoria.html]]></link>
</review>
<review>
	<rating>4.0</rating>
	<author><![CDATA[A TripAdvisor Contributor]]></author>
	<date>2008-01-24</date>
	<title><![CDATA[&#x201c;Brilliant array of...&#x201d;]]></title>
	<excerpt><![CDATA[Brilliant array of flavours and texture, where eastern and western influences intersect. T.Ezard is a genius more]]></excerpt>
	<link><![CDATA[http://www.tripadvisor.com/Restaurant_Review-g255100-d724622-Reviews-or10-Ezard_At_Adelphi-Melbourne_Victoria.html]]></link>
</review>
<review>
	<rating>5.0</rating>
	<author><![CDATA[A TripAdvisor Contributor]]></author>
	<date>2008-01-11</date>
	<title><![CDATA[&#x201c;Impeccable&#x201d;]]></title>
	<excerpt><![CDATA[Impeccable more]]></excerpt>
	<link><![CDATA[http://www.tripadvisor.com/Restaurant_Review-g255100-d724622-Reviews-or10-Ezard_At_Adelphi-Melbourne_Victoria.html]]></link>
</review>
<review>
	<rating>5.0</rating>
	<author><![CDATA[A TripAdvisor Contributor]]></author>
	<date>2008-01-09</date>
	<title><![CDATA[&#x201c;Can't get enough of it&#x201d;]]></title>
	<excerpt><![CDATA[Can't get enough of it more]]></excerpt>
	<link><![CDATA[http://www.tripadvisor.com/Restaurant_Review-g255100-d724622-Reviews-or20-Ezard_At_Adelphi-Melbourne_Victoria.html]]></link>
</review>
<review>
	<rating>3.0</rating>
	<author><![CDATA[A TripAdvisor Contributor]]></author>
	<date>2008-01-07</date>
	<title><![CDATA[&#x201c;Food is very refreshing...&#x201d;]]></title>
	<excerpt><![CDATA[Food is very refreshing. Although consistency has not been achieved in the last few visit more]]></excerpt>
	<link><![CDATA[http://www.tripadvisor.com/Restaurant_Review-g255100-d724622-Reviews-or20-Ezard_At_Adelphi-Melbourne_Victoria.html]]></link>
</review>
<review>
	<rating>5.0</rating>
	<author><![CDATA[A TripAdvisor Contributor]]></author>
	<date>2008-01-06</date>
	<title><![CDATA[&#x201c;Cosmopolitan style or...&#x201d;]]></title>
	<excerpt><![CDATA[Cosmopolitan style or feel. Amazing food. The atmosphere was ok. The food and service made up for it! more]]></excerpt>
	<link><![CDATA[http://www.tripadvisor.com/Restaurant_Review-g255100-d724622-Reviews-or20-Ezard_At_Adelphi-Melbourne_Victoria.html]]></link>
</review>
<review>
	<rating>5.0</rating>
	<author><![CDATA[A TripAdvisor Contributor]]></author>
	<date>2007-12-22</date>
	<title><![CDATA[&#x201c;Had a wonderful Birthday...&#x201d;]]></title>
	<excerpt><![CDATA[Had a wonderful Birthday splurge at Ezards! more]]></excerpt>
	<link><![CDATA[http://www.tripadvisor.com/Restaurant_Review-g255100-d724622-Reviews-or20-Ezard_At_Adelphi-Melbourne_Victoria.html]]></link>
</review>
<review>
	<rating>4.0</rating>
	<author><![CDATA[A TripAdvisor Contributor]]></author>
	<date>2007-12-17</date>
	<title><![CDATA[&#x201c;Really great food...&#x201d;]]></title>
	<excerpt><![CDATA[Really great food, wonderful ambiance. Great for a special night out. more]]></excerpt>
	<link><![CDATA[http://www.tripadvisor.com/Restaurant_Review-g255100-d724622-Reviews-or20-Ezard_At_Adelphi-Melbourne_Victoria.html]]></link>
</review>
<review>
	<rating>3.0</rating>
	<author><![CDATA[A TripAdvisor Contributor]]></author>
	<date>2007-12-16</date>
	<title><![CDATA[&#x201c;This used to be one of...&#x201d;]]></title>
	<excerpt><![CDATA[This used to be one of Melbourne's top restaurants but it's become a bit lack lustre and needs to move with the times. Still good food but a bit 'same]]></excerpt>
	<link><![CDATA[http://www.tripadvisor.com/Restaurant_Review-g255100-d724622-Reviews-or20-Ezard_At_Adelphi-Melbourne_Victoria.html]]></link>
</review>
<review>
	<rating>4.0</rating>
	<author><![CDATA[A TripAdvisor Contributor]]></author>
	<date>2007-12-16</date>
	<title><![CDATA[&#x201c;Special.
Up there as...&#x201d;]]></title>
	<excerpt><![CDATA[Special.
Up there as one of Melbourne's best. Very atmospheric basement restaurant with interesing food and a good wine list. more]]></excerpt>
	<link><![CDATA[http://www.tripadvisor.com/Restaurant_Review-g255100-d724622-Reviews-or20-Ezard_At_Adelphi-Melbourne_Victoria.html]]></link>
</review>
<review>
	<rating>3.0</rating>
	<author><![CDATA[A TripAdvisor Contributor]]></author>
	<date>2007-12-14</date>
	<title><![CDATA[&#x201c;Good but food dating.&#x201d;]]></title>
	<excerpt><![CDATA[Good but food dating. more]]></excerpt>
	<link><![CDATA[http://www.tripadvisor.com/Restaurant_Review-g255100-d724622-Reviews-or20-Ezard_At_Adelphi-Melbourne_Victoria.html]]></link>
</review>
<review>
	<rating>4.0</rating>
	<author><![CDATA[A TripAdvisor Contributor]]></author>
	<date>2007-12-14</date>
	<title><![CDATA[&#x201c;Yummy Fusion!&#x201d;]]></title>
	<excerpt><![CDATA[Yummy Fusion! more]]></excerpt>
	<link><![CDATA[http://www.tripadvisor.com/Restaurant_Review-g255100-d724622-Reviews-or20-Ezard_At_Adelphi-Melbourne_Victoria.html]]></link>
</review>
<review>
	<rating>4.0</rating>
	<author><![CDATA[A TripAdvisor Contributor]]></author>
	<date>2007-12-11</date>
	<title><![CDATA[&#x201c;Fantastic! Try the Pork...&#x201d;]]></title>
	<excerpt><![CDATA[Fantastic! Try the Pork Hok. So crunchy and full of flavour. Also the scallops and wagyu beef for entrees are amazing fusion of flavours! more]]></excerpt>
	<link><![CDATA[http://www.tripadvisor.com/Restaurant_Review-g255100-d724622-Reviews-or20-Ezard_At_Adelphi-Melbourne_Victoria.html]]></link>
</review>
<review>
	<rating>4.0</rating>
	<author><![CDATA[A TripAdvisor Contributor]]></author>
	<date>2007-12-09</date>
	<title><![CDATA[&#x201c;A very nice fine dining...&#x201d;]]></title>
	<excerpt><![CDATA[A very nice fine dining restaurant!! more]]></excerpt>
	<link><![CDATA[http://www.tripadvisor.com/Restaurant_Review-g255100-d724622-Reviews-or30-Ezard_At_Adelphi-Melbourne_Victoria.html]]></link>
</review>
<review>
	<rating>5.0</rating>
	<author><![CDATA[A TripAdvisor Contributor]]></author>
	<date>2007-12-09</date>
	<title><![CDATA[&#x201c;The food is amazing, a...&#x201d;]]></title>
	<excerpt><![CDATA[The food is amazing, a real treat! more]]></excerpt>
	<link><![CDATA[http://www.tripadvisor.com/Restaurant_Review-g255100-d724622-Reviews-or30-Ezard_At_Adelphi-Melbourne_Victoria.html]]></link>
</review>
<review>
	<rating>5.0</rating>
	<author><![CDATA[A TripAdvisor Contributor]]></author>
	<date>2007-12-05</date>
	<title><![CDATA[&#x201c;Fantastic flavours, u...&#x201d;]]></title>
	<excerpt><![CDATA[Fantastic flavours, u have to lash out & get the degustation menu. more]]></excerpt>
	<link><![CDATA[http://www.tripadvisor.com/Restaurant_Review-g255100-d724622-Reviews-or30-Ezard_At_Adelphi-Melbourne_Victoria.html]]></link>
</review>
<review>
	<rating>3.0</rating>
	<author><![CDATA[A TripAdvisor Contributor]]></author>
	<date>2007-12-04</date>
	<title><![CDATA[&#x201c;Expensive but food is...&#x201d;]]></title>
	<excerpt><![CDATA[Expensive but food is always of standard. Oyster shooters are the best. more]]></excerpt>
	<link><![CDATA[http://www.tripadvisor.com/Restaurant_Review-g255100-d724622-Reviews-or30-Ezard_At_Adelphi-Melbourne_Victoria.html]]></link>
</review>
<review>
	<rating>5.0</rating>
	<author><![CDATA[A TripAdvisor Contributor]]></author>
	<date>2007-12-03</date>
	<title><![CDATA[&#x201c;This is One of Nathans...&#x201d;]]></title>
	<excerpt><![CDATA[This is One of Nathans and my Favourite restaurants for a special occasion or if you just want to spoil your self! more]]></excerpt>
	<link><![CDATA[http://www.tripadvisor.com/Restaurant_Review-g255100-d724622-Reviews-or30-Ezard_At_Adelphi-Melbourne_Victoria.html]]></link>
</review>
<review>
	<rating>5.0</rating>
	<author><![CDATA[A TripAdvisor Contributor]]></author>
	<date>2007-11-26</date>
	<title><![CDATA[&#x201c;This place is great...&#x201d;]]></title>
	<excerpt><![CDATA[This place is great. Flavorful. I love the Wagyu burger. more]]></excerpt>
	<link><![CDATA[http://www.tripadvisor.com/Restaurant_Review-g255100-d724622-Reviews-or30-Ezard_At_Adelphi-Melbourne_Victoria.html]]></link>
</review>
<review>
	<rating>3.0</rating>
	<author><![CDATA[A TripAdvisor Contributor]]></author>
	<date>2007-11-25</date>
	<title><![CDATA[&#x201c;A little quiet on a...&#x201d;]]></title>
	<excerpt><![CDATA[A little quiet on a weeknight but great for special occasions. more]]></excerpt>
	<link><![CDATA[http://www.tripadvisor.com/Restaurant_Review-g255100-d724622-Reviews-or30-Ezard_At_Adelphi-Melbourne_Victoria.html]]></link>
</review>
<review>
	<rating>1.0</rating>
	<author><![CDATA[A TripAdvisor Contributor]]></author>
	<date>2007-11-24</date>
	<title><![CDATA[&#x201c;Awful service and...&#x201d;]]></title>
	<excerpt><![CDATA[Awful service and discriminative. Absolute disappointment. I didn't spend 500 AU to be treated like a piece of crap. If you support discrimination, go]]></excerpt>
	<link><![CDATA[http://www.tripadvisor.com/Restaurant_Review-g255100-d724622-Reviews-or30-Ezard_At_Adelphi-Melbourne_Victoria.html]]></link>
</review>
<review>
	<rating>4.0</rating>
	<author><![CDATA[A TripAdvisor Contributor]]></author>
	<date>2007-11-22</date>
	<title><![CDATA[&#x201c;Great service, amazing...&#x201d;]]></title>
	<excerpt><![CDATA[Great service, amazing food.
I have the cookbook but am yet to try out a recipe because they look so difficult! more]]></excerpt>
	<link><![CDATA[http://www.tripadvisor.com/Restaurant_Review-g255100-d724622-Reviews-or30-Ezard_At_Adelphi-Melbourne_Victoria.html]]></link>
</review>
<review>
	<rating>4.0</rating>
	<author><![CDATA[A TripAdvisor Contributor]]></author>
	<date>2007-11-21</date>
	<title><![CDATA[&#x201c;Beautiful food, as...&#x201d;]]></title>
	<excerpt><![CDATA[Beautiful food, as simple as that more]]></excerpt>
	<link><![CDATA[http://www.tripadvisor.com/Restaurant_Review-g255100-d724622-Reviews-or30-Ezard_At_Adelphi-Melbourne_Victoria.html]]></link>
</review>
<review>
	<rating>5.0</rating>
	<author><![CDATA[A TripAdvisor Contributor]]></author>
	<date>2007-11-13</date>
	<title><![CDATA[&#x201c;best by far !&#x201d;]]></title>
	<excerpt><![CDATA[best by far ! more]]></excerpt>
	<link><![CDATA[http://www.tripadvisor.com/Restaurant_Review-g255100-d724622-Reviews-or40-Ezard_At_Adelphi-Melbourne_Victoria.html]]></link>
</review>
</source>