<source name="Trip Advisor" avg-rating="4.5">
<review>
	<rating>3.0</rating>
	<author><![CDATA[graciem]]></author>
	<date>2009-03-16</date>
	<title><![CDATA[&#x201c;Unimpressed&#x201d;]]></title>
	<excerpt><![CDATA[Having been to the Flower Drum quite a few years ago we were somewhat disappointed with our recent experience. The service was not as attentive as it ]]></excerpt>
	<link><![CDATA[http://www.tripadvisor.com/Restaurant_Review-g255100-d724861-Reviews-Flower_Drum-Melbourne_Victoria.html]]></link>
</review>
<review>
	<rating>5.0</rating>
	<author><![CDATA[LeighCMelbourne]]></author>
	<date>2009-03-04</date>
	<title><![CDATA[&#x201c;Best Chinese in...&#x201d;]]></title>
	<excerpt><![CDATA[Best Chinese in Melbourne by a long way more]]></excerpt>
	<link><![CDATA[http://www.tripadvisor.com/Restaurant_Review-g255100-d724861-Reviews-Flower_Drum-Melbourne_Victoria.html]]></link>
</review>
<review>
	<rating>5.0</rating>
	<author><![CDATA[A TripAdvisor Contributor]]></author>
	<date>2008-09-08</date>
	<title><![CDATA[&#x201c;Went here a long time...&#x201d;]]></title>
	<excerpt><![CDATA[Went here a long time ago - would like to go back. A special experience and faultless food. more]]></excerpt>
	<link><![CDATA[http://www.tripadvisor.com/Restaurant_Review-g255100-d724861-Reviews-Flower_Drum-Melbourne_Victoria.html]]></link>
</review>
<review>
	<rating>5.0</rating>
	<author><![CDATA[A TripAdvisor Contributor]]></author>
	<date>2008-07-19</date>
	<title><![CDATA[&#x201c;best service, best food...&#x201d;]]></title>
	<excerpt><![CDATA[best service, best food, need few week appointment, expensive but wont regret. one of the best in australia more]]></excerpt>
	<link><![CDATA[http://www.tripadvisor.com/Restaurant_Review-g255100-d724861-Reviews-Flower_Drum-Melbourne_Victoria.html]]></link>
</review>
<review>
	<rating>1.0</rating>
	<author><![CDATA[A TripAdvisor Contributor]]></author>
	<date>2008-06-06</date>
	<title><![CDATA[&#x201c;overrated and far too...&#x201d;]]></title>
	<excerpt><![CDATA[overrated and far too expensive more]]></excerpt>
	<link><![CDATA[http://www.tripadvisor.com/Restaurant_Review-g255100-d724861-Reviews-Flower_Drum-Melbourne_Victoria.html]]></link>
</review>
<review>
	<rating>3.0</rating>
	<author><![CDATA[noxioust]]></author>
	<date>2008-05-31</date>
	<title><![CDATA[&#x201c;One big disappointment...&#x201d;]]></title>
	<excerpt><![CDATA[This restaurant has been recommended in many guides and websites. This restaurant also has won MANY awards. This restaurant is also listed as a Top 50]]></excerpt>
	<link><![CDATA[http://www.tripadvisor.com/Restaurant_Review-g255100-d724861-Reviews-Flower_Drum-Melbourne_Victoria.html]]></link>
</review>
<review>
	<rating>2.0</rating>
	<author><![CDATA[Victorianlad]]></author>
	<date>2008-05-23</date>
	<title><![CDATA[&#x201c;Pleasant but way short of four star&#x201d;]]></title>
	<excerpt><![CDATA[The tiny serve of Peking Duck said it all about this over-hyped Chinese restaurant.
Yes, the waiting staff are pleasant, but their attention comes at ]]></excerpt>
	<link><![CDATA[http://www.tripadvisor.com/Restaurant_Review-g255100-d724861-Reviews-Flower_Drum-Melbourne_Victoria.html]]></link>
</review>
<review>
	<rating>5.0</rating>
	<author><![CDATA[A TripAdvisor Contributor]]></author>
	<date>2008-05-16</date>
	<title><![CDATA[&#x201c;Everything is varying...&#x201d;]]></title>
	<excerpt><![CDATA[Everything is varying levels of excellent consistently more]]></excerpt>
	<link><![CDATA[http://www.tripadvisor.com/Restaurant_Review-g255100-d724861-Reviews-Flower_Drum-Melbourne_Victoria.html]]></link>
</review>
<review>
	<rating>5.0</rating>
	<author><![CDATA[A TripAdvisor Contributor]]></author>
	<date>2008-05-15</date>
	<title><![CDATA[&#x201c;The price is worth every...&#x201d;]]></title>
	<excerpt><![CDATA[The price is worth every bit of it more]]></excerpt>
	<link><![CDATA[http://www.tripadvisor.com/Restaurant_Review-g255100-d724861-Reviews-Flower_Drum-Melbourne_Victoria.html]]></link>
</review>
<review>
	<rating>3.0</rating>
	<author><![CDATA[A TripAdvisor Contributor]]></author>
	<date>2008-05-02</date>
	<title><![CDATA[&#x201c;I feel like I'm...&#x201d;]]></title>
	<excerpt><![CDATA[I feel like I'm committing some kind of cardinal culinary sin, but I actually found it a little underwhelming. The service was very attentive, the foo]]></excerpt>
	<link><![CDATA[http://www.tripadvisor.com/Restaurant_Review-g255100-d724861-Reviews-Flower_Drum-Melbourne_Victoria.html]]></link>
</review>
<review>
	<rating>2.0</rating>
	<author><![CDATA[A TripAdvisor Contributor]]></author>
	<date>2008-05-02</date>
	<title><![CDATA[&#x201c;Massively over rated...&#x201d;]]></title>
	<excerpt><![CDATA[Massively over rated. Food not consistent enough for the cost. more]]></excerpt>
	<link><![CDATA[http://www.tripadvisor.com/Restaurant_Review-g255100-d724861-Reviews-or10-Flower_Drum-Melbourne_Victoria.html]]></link>
</review>
<review>
	<rating>3.0</rating>
	<author><![CDATA[A TripAdvisor Contributor]]></author>
	<date>2008-04-29</date>
	<title><![CDATA[&#x201c;Always highly rated...&#x201d;]]></title>
	<excerpt><![CDATA[Always highly rated, great service, $$$$$, special occasion more]]></excerpt>
	<link><![CDATA[http://www.tripadvisor.com/Restaurant_Review-g255100-d724861-Reviews-or10-Flower_Drum-Melbourne_Victoria.html]]></link>
</review>
<review>
	<rating>5.0</rating>
	<author><![CDATA[A TripAdvisor Contributor]]></author>
	<date>2008-04-22</date>
	<title><![CDATA[&#x201c;melt in your mouth eye...&#x201d;]]></title>
	<excerpt><![CDATA[melt in your mouth eye fillet, tasty peking duck yummmm more]]></excerpt>
	<link><![CDATA[http://www.tripadvisor.com/Restaurant_Review-g255100-d724861-Reviews-or10-Flower_Drum-Melbourne_Victoria.html]]></link>
</review>
<review>
	<rating>4.0</rating>
	<author><![CDATA[A TripAdvisor Contributor]]></author>
	<date>2008-04-10</date>
	<title><![CDATA[&#x201c;Great Peking duck&#x201d;]]></title>
	<excerpt><![CDATA[Great Peking duck more]]></excerpt>
	<link><![CDATA[http://www.tripadvisor.com/Restaurant_Review-g255100-d724861-Reviews-or10-Flower_Drum-Melbourne_Victoria.html]]></link>
</review>
<review>
	<rating>4.0</rating>
	<author><![CDATA[A TripAdvisor Contributor]]></author>
	<date>2008-04-08</date>
	<title><![CDATA[&#x201c;Most enjoyable..didn't...&#x201d;]]></title>
	<excerpt><![CDATA[Most enjoyable..didn't even have to look at menu, just told them what we wanted!!! more]]></excerpt>
	<link><![CDATA[http://www.tripadvisor.com/Restaurant_Review-g255100-d724861-Reviews-or10-Flower_Drum-Melbourne_Victoria.html]]></link>
</review>
<review>
	<rating>4.0</rating>
	<author><![CDATA[A TripAdvisor Contributor]]></author>
	<date>2008-04-08</date>
	<title><![CDATA[&#x201c;Somewhere worth eating...&#x201d;]]></title>
	<excerpt><![CDATA[Somewhere worth eating at least once! Great food! I think i remember the fried rice being $20/head. So it's pretty spesh! more]]></excerpt>
	<link><![CDATA[http://www.tripadvisor.com/Restaurant_Review-g255100-d724861-Reviews-or10-Flower_Drum-Melbourne_Victoria.html]]></link>
</review>
<review>
	<rating>5.0</rating>
	<author><![CDATA[A TripAdvisor Contributor]]></author>
	<date>2008-03-24</date>
	<title><![CDATA[&#x201c;just love the...&#x201d;]]></title>
	<excerpt><![CDATA[just love the degustation menu more]]></excerpt>
	<link><![CDATA[http://www.tripadvisor.com/Restaurant_Review-g255100-d724861-Reviews-or10-Flower_Drum-Melbourne_Victoria.html]]></link>
</review>
<review>
	<rating>5.0</rating>
	<author><![CDATA[A TripAdvisor Contributor]]></author>
	<date>2008-03-08</date>
	<title><![CDATA[&#x201c;A cliche to give it 5...&#x201d;]]></title>
	<excerpt><![CDATA[A cliche to give it 5, but they did earn it. more]]></excerpt>
	<link><![CDATA[http://www.tripadvisor.com/Restaurant_Review-g255100-d724861-Reviews-or10-Flower_Drum-Melbourne_Victoria.html]]></link>
</review>
<review>
	<rating>4.0</rating>
	<author><![CDATA[A TripAdvisor Contributor]]></author>
	<date>2008-03-05</date>
	<title><![CDATA[&#x201c;It is true what they...&#x201d;]]></title>
	<excerpt><![CDATA[It is true what they say; you get what you pay for. Flower drum's menu is a little pricey but for what you get is not unreasonable. I find it hard to ]]></excerpt>
	<link><![CDATA[http://www.tripadvisor.com/Restaurant_Review-g255100-d724861-Reviews-or10-Flower_Drum-Melbourne_Victoria.html]]></link>
</review>
<review>
	<rating>4.0</rating>
	<author><![CDATA[A TripAdvisor Contributor]]></author>
	<date>2008-03-01</date>
	<title><![CDATA[&#x201c;Good food and Great...&#x201d;]]></title>
	<excerpt><![CDATA[Good food and Great Service more]]></excerpt>
	<link><![CDATA[http://www.tripadvisor.com/Restaurant_Review-g255100-d724861-Reviews-or10-Flower_Drum-Melbourne_Victoria.html]]></link>
</review>
<review>
	<rating>5.0</rating>
	<author><![CDATA[A TripAdvisor Contributor]]></author>
	<date>2008-02-29</date>
	<title><![CDATA[&#x201c;Very Yummy!!!!
Great...&#x201d;]]></title>
	<excerpt><![CDATA[Very Yummy!!!!
Great experiance.. more]]></excerpt>
	<link><![CDATA[http://www.tripadvisor.com/Restaurant_Review-g255100-d724861-Reviews-or20-Flower_Drum-Melbourne_Victoria.html]]></link>
</review>
<review>
	<rating>5.0</rating>
	<author><![CDATA[A TripAdvisor Contributor]]></author>
	<date>2008-02-17</date>
	<title><![CDATA[&#x201c;Excellent Chinese food...&#x201d;]]></title>
	<excerpt><![CDATA[Excellent Chinese food that relies on the natural flavour. Typically high-class chinese food restaurant. more]]></excerpt>
	<link><![CDATA[http://www.tripadvisor.com/Restaurant_Review-g255100-d724861-Reviews-or20-Flower_Drum-Melbourne_Victoria.html]]></link>
</review>
<review>
	<rating>5.0</rating>
	<author><![CDATA[A TripAdvisor Contributor]]></author>
	<date>2008-02-03</date>
	<title><![CDATA[&#x201c;Best Chinese restaurant...&#x201d;]]></title>
	<excerpt><![CDATA[Best Chinese restaurant. Pricey though. more]]></excerpt>
	<link><![CDATA[http://www.tripadvisor.com/Restaurant_Review-g255100-d724861-Reviews-or20-Flower_Drum-Melbourne_Victoria.html]]></link>
</review>
<review>
	<rating>5.0</rating>
	<author><![CDATA[A TripAdvisor Contributor]]></author>
	<date>2008-02-03</date>
	<title><![CDATA[&#x201c;Arguably the best fine...&#x201d;]]></title>
	<excerpt><![CDATA[Arguably the best fine dining cantonese chinese restaurant in Australia, Flow Drum is a place I can always come back to time and time again. This is c]]></excerpt>
	<link><![CDATA[http://www.tripadvisor.com/Restaurant_Review-g255100-d724861-Reviews-or20-Flower_Drum-Melbourne_Victoria.html]]></link>
</review>
<review>
	<rating>5.0</rating>
	<author><![CDATA[A TripAdvisor Contributor]]></author>
	<date>2008-02-02</date>
	<title><![CDATA[&#x201c;Fantastic food and...&#x201d;]]></title>
	<excerpt><![CDATA[Fantastic food and service. Want to go back again and again. more]]></excerpt>
	<link><![CDATA[http://www.tripadvisor.com/Restaurant_Review-g255100-d724861-Reviews-or20-Flower_Drum-Melbourne_Victoria.html]]></link>
</review>
<review>
	<rating>5.0</rating>
	<author><![CDATA[A TripAdvisor Contributor]]></author>
	<date>2008-02-01</date>
	<title><![CDATA[&#x201c;Special occasion dining...&#x201d;]]></title>
	<excerpt><![CDATA[Special occasion dining. Impeccable service, fantastic food. A touch over priced, but you pay for the ambience. more]]></excerpt>
	<link><![CDATA[http://www.tripadvisor.com/Restaurant_Review-g255100-d724861-Reviews-or20-Flower_Drum-Melbourne_Victoria.html]]></link>
</review>
<review>
	<rating>4.0</rating>
	<author><![CDATA[A TripAdvisor Contributor]]></author>
	<date>2008-01-31</date>
	<title><![CDATA[&#x201c;melbourne icon that is...&#x201d;]]></title>
	<excerpt><![CDATA[melbourne icon that is THE chinese fine dining experience - massively over priced until you have their peking duck. if there is better elsewhere, plea]]></excerpt>
	<link><![CDATA[http://www.tripadvisor.com/Restaurant_Review-g255100-d724861-Reviews-or20-Flower_Drum-Melbourne_Victoria.html]]></link>
</review>
<review>
	<rating>5.0</rating>
	<author><![CDATA[A TripAdvisor Contributor]]></author>
	<date>2008-01-29</date>
	<title><![CDATA[&#x201c;Consistently Good, Best...&#x201d;]]></title>
	<excerpt><![CDATA[Consistently Good, Best Service in Town more]]></excerpt>
	<link><![CDATA[http://www.tripadvisor.com/Restaurant_Review-g255100-d724861-Reviews-or20-Flower_Drum-Melbourne_Victoria.html]]></link>
</review>
<review>
	<rating>5.0</rating>
	<author><![CDATA[A TripAdvisor Contributor]]></author>
	<date>2008-01-25</date>
	<title><![CDATA[&#x201c;The ultimate Chinese...&#x201d;]]></title>
	<excerpt><![CDATA[The ultimate Chinese dining experience Melbourne has to offer - naturally at a price. more]]></excerpt>
	<link><![CDATA[http://www.tripadvisor.com/Restaurant_Review-g255100-d724861-Reviews-or20-Flower_Drum-Melbourne_Victoria.html]]></link>
</review>
<review>
	<rating>4.0</rating>
	<author><![CDATA[A TripAdvisor Contributor]]></author>
	<date>2008-01-20</date>
	<title><![CDATA[&#x201c;A Melbourne Icon and...&#x201d;]]></title>
	<excerpt><![CDATA[A Melbourne Icon and well deserved. more]]></excerpt>
	<link><![CDATA[http://www.tripadvisor.com/Restaurant_Review-g255100-d724861-Reviews-or20-Flower_Drum-Melbourne_Victoria.html]]></link>
</review>
<review>
	<rating>3.0</rating>
	<author><![CDATA[A TripAdvisor Contributor]]></author>
	<date>2008-01-11</date>
	<title><![CDATA[&#x201c;They say it's the best...&#x201d;]]></title>
	<excerpt><![CDATA[They say it's the best, I beg to differ. more]]></excerpt>
	<link><![CDATA[http://www.tripadvisor.com/Restaurant_Review-g255100-d724861-Reviews-or30-Flower_Drum-Melbourne_Victoria.html]]></link>
</review>
<review>
	<rating>2.0</rating>
	<author><![CDATA[A TripAdvisor Contributor]]></author>
	<date>2008-01-10</date>
	<title><![CDATA[&#x201c;under rated after new...&#x201d;]]></title>
	<excerpt><![CDATA[under rated after new management takeover; give it some time and it will be on the top again more]]></excerpt>
	<link><![CDATA[http://www.tripadvisor.com/Restaurant_Review-g255100-d724861-Reviews-or30-Flower_Drum-Melbourne_Victoria.html]]></link>
</review>
<review>
	<rating>5.0</rating>
	<author><![CDATA[A TripAdvisor Contributor]]></author>
	<date>2008-01-08</date>
	<title><![CDATA[&#x201c;Always fantastic food...&#x201d;]]></title>
	<excerpt><![CDATA[Always fantastic food and service more]]></excerpt>
	<link><![CDATA[http://www.tripadvisor.com/Restaurant_Review-g255100-d724861-Reviews-or30-Flower_Drum-Melbourne_Victoria.html]]></link>
</review>
<review>
	<rating>5.0</rating>
	<author><![CDATA[A TripAdvisor Contributor]]></author>
	<date>2008-01-06</date>
	<title><![CDATA[&#x201c;A winner. I love the...&#x201d;]]></title>
	<excerpt><![CDATA[A winner. I love the food at the Flower Drum! Great service too. more]]></excerpt>
	<link><![CDATA[http://www.tripadvisor.com/Restaurant_Review-g255100-d724861-Reviews-or30-Flower_Drum-Melbourne_Victoria.html]]></link>
</review>
<review>
	<rating>4.0</rating>
	<author><![CDATA[A TripAdvisor Contributor]]></author>
	<date>2008-01-04</date>
	<title><![CDATA[&#x201c;It is difficult to...&#x201d;]]></title>
	<excerpt><![CDATA[It is difficult to choose a favourite dish, but the Peking Duck is to die for and one of the house specialties. more]]></excerpt>
	<link><![CDATA[http://www.tripadvisor.com/Restaurant_Review-g255100-d724861-Reviews-or30-Flower_Drum-Melbourne_Victoria.html]]></link>
</review>
<review>
	<rating>4.0</rating>
	<author><![CDATA[A TripAdvisor Contributor]]></author>
	<date>2008-01-03</date>
	<title><![CDATA[&#x201c;Everyone I've spoken to...&#x201d;]]></title>
	<excerpt><![CDATA[Everyone I've spoken to raves about it. more]]></excerpt>
	<link><![CDATA[http://www.tripadvisor.com/Restaurant_Review-g255100-d724861-Reviews-or30-Flower_Drum-Melbourne_Victoria.html]]></link>
</review>
<review>
	<rating>3.0</rating>
	<author><![CDATA[A TripAdvisor Contributor]]></author>
	<date>2007-12-28</date>
	<title><![CDATA[&#x201c;Expensive.... but worth...&#x201d;]]></title>
	<excerpt><![CDATA[Expensive.... but worth it??? Good food. more]]></excerpt>
	<link><![CDATA[http://www.tripadvisor.com/Restaurant_Review-g255100-d724861-Reviews-or30-Flower_Drum-Melbourne_Victoria.html]]></link>
</review>
<review>
	<rating>4.0</rating>
	<author><![CDATA[A TripAdvisor Contributor]]></author>
	<date>2007-12-25</date>
	<title><![CDATA[&#x201c;Service was perfect, but...&#x201d;]]></title>
	<excerpt><![CDATA[Service was perfect, but food was of a high quality, but not the BEST in Melb. more]]></excerpt>
	<link><![CDATA[http://www.tripadvisor.com/Restaurant_Review-g255100-d724861-Reviews-or30-Flower_Drum-Melbourne_Victoria.html]]></link>
</review>
<review>
	<rating>1.0</rating>
	<author><![CDATA[A TripAdvisor Contributor]]></author>
	<date>2007-12-22</date>
	<title><![CDATA[&#x201c;Too expensive, not...&#x201d;]]></title>
	<excerpt><![CDATA[Too expensive, not really that good! I can cook betta... more]]></excerpt>
	<link><![CDATA[http://www.tripadvisor.com/Restaurant_Review-g255100-d724861-Reviews-or30-Flower_Drum-Melbourne_Victoria.html]]></link>
</review>
<review>
	<rating>3.0</rating>
	<author><![CDATA[A TripAdvisor Contributor]]></author>
	<date>2007-12-20</date>
	<title><![CDATA[&#x201c;I went for a lunch in...&#x201d;]]></title>
	<excerpt><![CDATA[I went for a lunch in the private dining room - some great dishes, but the famed service was very disappointing. Try the Peking Duck or the steak... m]]></excerpt>
	<link><![CDATA[http://www.tripadvisor.com/Restaurant_Review-g255100-d724861-Reviews-or30-Flower_Drum-Melbourne_Victoria.html]]></link>
</review>
<review>
	<rating>4.0</rating>
	<author><![CDATA[A TripAdvisor Contributor]]></author>
	<date>2007-12-16</date>
	<title><![CDATA[&#x201c;Special.
Generally...&#x201d;]]></title>
	<excerpt><![CDATA[Special.
Generally acknowledged as the best Cantonese in Melbourne. Expensive. Big night out. more]]></excerpt>
	<link><![CDATA[http://www.tripadvisor.com/Restaurant_Review-g255100-d724861-Reviews-or40-Flower_Drum-Melbourne_Victoria.html]]></link>
</review>
<review>
	<rating>5.0</rating>
	<author><![CDATA[A TripAdvisor Contributor]]></author>
	<date>2007-12-14</date>
	<title><![CDATA[&#x201c;this is an awesome...&#x201d;]]></title>
	<excerpt><![CDATA[this is an awesome resturant, the food is good quality and fresh more]]></excerpt>
	<link><![CDATA[http://www.tripadvisor.com/Restaurant_Review-g255100-d724861-Reviews-or40-Flower_Drum-Melbourne_Victoria.html]]></link>
</review>
<review>
	<rating>3.0</rating>
	<author><![CDATA[A TripAdvisor Contributor]]></author>
	<date>2007-12-13</date>
	<title><![CDATA[&#x201c;Impeccable service by...&#x201d;]]></title>
	<excerpt><![CDATA[Impeccable service by Chinese standards. #1 Cantonese cuisine in Melbourne. Steep pricing a put off though. more]]></excerpt>
	<link><![CDATA[http://www.tripadvisor.com/Restaurant_Review-g255100-d724861-Reviews-or40-Flower_Drum-Melbourne_Victoria.html]]></link>
</review>
<review>
	<rating>4.0</rating>
	<author><![CDATA[A TripAdvisor Contributor]]></author>
	<date>2007-12-13</date>
	<title><![CDATA[&#x201c;This place is awesome, a...&#x201d;]]></title>
	<excerpt><![CDATA[This place is awesome, a bit difficult to find when you're not in the best state of mind, but awesome! Great service, fantastic wine selection, and th]]></excerpt>
	<link><![CDATA[http://www.tripadvisor.com/Restaurant_Review-g255100-d724861-Reviews-or40-Flower_Drum-Melbourne_Victoria.html]]></link>
</review>
<review>
	<rating>3.0</rating>
	<author><![CDATA[A TripAdvisor Contributor]]></author>
	<date>2007-12-07</date>
	<title><![CDATA[&#x201c;Good food but not worth...&#x201d;]]></title>
	<excerpt><![CDATA[Good food but not worth the cost. Just go to some authentic Chinese down the street and you'll get food as good for half the price. more]]></excerpt>
	<link><![CDATA[http://www.tripadvisor.com/Restaurant_Review-g255100-d724861-Reviews-or40-Flower_Drum-Melbourne_Victoria.html]]></link>
</review>
<review>
	<rating>3.0</rating>
	<author><![CDATA[A TripAdvisor Contributor]]></author>
	<date>2007-12-06</date>
	<title><![CDATA[&#x201c;While food was pretty...&#x201d;]]></title>
	<excerpt><![CDATA[While food was pretty good, not excellent, service was shoddy. Waiter didn't understand our wine order and we never received the coffee we ordered. Ov]]></excerpt>
	<link><![CDATA[http://www.tripadvisor.com/Restaurant_Review-g255100-d724861-Reviews-or40-Flower_Drum-Melbourne_Victoria.html]]></link>
</review>
<review>
	<rating>1.0</rating>
	<author><![CDATA[A TripAdvisor Contributor]]></author>
	<date>2007-12-04</date>
	<title><![CDATA[&#x201c;This is one Chinese...&#x201d;]]></title>
	<excerpt><![CDATA[This is one Chinese restaurant aimed at the western market... Quality food but seasoning is rubbish. Bland bland bland.... more]]></excerpt>
	<link><![CDATA[http://www.tripadvisor.com/Restaurant_Review-g255100-d724861-Reviews-or40-Flower_Drum-Melbourne_Victoria.html]]></link>
</review>
<review>
	<rating>4.0</rating>
	<author><![CDATA[A TripAdvisor Contributor]]></author>
	<date>2007-12-03</date>
	<title><![CDATA[&#x201c;I commend this place for...&#x201d;]]></title>
	<excerpt><![CDATA[I commend this place for its service! Other than that the food really isn't that special but it sure is clean and light, which is a bonus when it come]]></excerpt>
	<link><![CDATA[http://www.tripadvisor.com/Restaurant_Review-g255100-d724861-Reviews-or40-Flower_Drum-Melbourne_Victoria.html]]></link>
</review>
<review>
	<rating>5.0</rating>
	<author><![CDATA[A TripAdvisor Contributor]]></author>
	<date>2007-12-01</date>
	<title><![CDATA[&#x201c;impressive wine list...&#x201d;]]></title>
	<excerpt><![CDATA[impressive wine list. Chinese food at its best. more]]></excerpt>
	<link><![CDATA[http://www.tripadvisor.com/Restaurant_Review-g255100-d724861-Reviews-or40-Flower_Drum-Melbourne_Victoria.html]]></link>
</review>
<review>
	<rating>3.0</rating>
	<author><![CDATA[A TripAdvisor Contributor]]></author>
	<date>2007-11-29</date>
	<title><![CDATA[&#x201c;been there once, wasn't...&#x201d;]]></title>
	<excerpt><![CDATA[been there once, wasn't as special as i thought it would be more]]></excerpt>
	<link><![CDATA[http://www.tripadvisor.com/Restaurant_Review-g255100-d724861-Reviews-or40-Flower_Drum-Melbourne_Victoria.html]]></link>
</review>
<review>
	<rating>5.0</rating>
	<author><![CDATA[A TripAdvisor Contributor]]></author>
	<date>2007-11-28</date>
	<title><![CDATA[&#x201c;Absolute best chinese...&#x201d;]]></title>
	<excerpt><![CDATA[Absolute best chinese ever more]]></excerpt>
	<link><![CDATA[http://www.tripadvisor.com/Restaurant_Review-g255100-d724861-Reviews-or50-Flower_Drum-Melbourne_Victoria.html]]></link>
</review>
<review>
	<rating>4.0</rating>
	<author><![CDATA[A TripAdvisor Contributor]]></author>
	<date>2007-11-28</date>
	<title><![CDATA[&#x201c;really good food - best...&#x201d;]]></title>
	<excerpt><![CDATA[really good food - best chinese ever!!! more]]></excerpt>
	<link><![CDATA[http://www.tripadvisor.com/Restaurant_Review-g255100-d724861-Reviews-or50-Flower_Drum-Melbourne_Victoria.html]]></link>
</review>
<review>
	<rating>5.0</rating>
	<author><![CDATA[A TripAdvisor Contributor]]></author>
	<date>2007-11-27</date>
	<title><![CDATA[&#x201c;top&#x201d;]]></title>
	<excerpt><![CDATA[top more]]></excerpt>
	<link><![CDATA[http://www.tripadvisor.com/Restaurant_Review-g255100-d724861-Reviews-or50-Flower_Drum-Melbourne_Victoria.html]]></link>
</review>
<review>
	<rating>4.0</rating>
	<author><![CDATA[A TripAdvisor Contributor]]></author>
	<date>2007-11-27</date>
	<title><![CDATA[&#x201c;good fresh food- awesome!&#x201d;]]></title>
	<excerpt><![CDATA[good fresh food- awesome! more]]></excerpt>
	<link><![CDATA[http://www.tripadvisor.com/Restaurant_Review-g255100-d724861-Reviews-or50-Flower_Drum-Melbourne_Victoria.html]]></link>
</review>
<review>
	<rating>4.0</rating>
	<author><![CDATA[A TripAdvisor Contributor]]></author>
	<date>2007-11-25</date>
	<title><![CDATA[&#x201c;Great service - very...&#x201d;]]></title>
	<excerpt><![CDATA[Great service - very attentive waiters. The degustation menu is quite impressive at $150 a pop, and unlike other expensive restaurants they offer big ]]></excerpt>
	<link><![CDATA[http://www.tripadvisor.com/Restaurant_Review-g255100-d724861-Reviews-or50-Flower_Drum-Melbourne_Victoria.html]]></link>
</review>
<review>
	<rating>3.0</rating>
	<author><![CDATA[A TripAdvisor Contributor]]></author>
	<date>2007-11-22</date>
	<title><![CDATA[&#x201c;it's not that great...&#x201d;]]></title>
	<excerpt><![CDATA[it's not that great anymore. more]]></excerpt>
	<link><![CDATA[http://www.tripadvisor.com/Restaurant_Review-g255100-d724861-Reviews-or50-Flower_Drum-Melbourne_Victoria.html]]></link>
</review>
<review>
	<rating>3.0</rating>
	<author><![CDATA[A TripAdvisor Contributor]]></author>
	<date>2007-11-21</date>
	<title><![CDATA[&#x201c;Amazing food. Just...&#x201d;]]></title>
	<excerpt><![CDATA[Amazing food. Just lovely. To many large groups though taking away from an intimate experience more]]></excerpt>
	<link><![CDATA[http://www.tripadvisor.com/Restaurant_Review-g255100-d724861-Reviews-or50-Flower_Drum-Melbourne_Victoria.html]]></link>
</review>
<review>
	<rating>5.0</rating>
	<author><![CDATA[A TripAdvisor Contributor]]></author>
	<date>2007-11-20</date>
	<title><![CDATA[&#x201c;This is one of...&#x201d;]]></title>
	<excerpt><![CDATA[This is one of Melbourne's best restaurants. If you want the best in fresh Asian food, this is the place to go!! more]]></excerpt>
	<link><![CDATA[http://www.tripadvisor.com/Restaurant_Review-g255100-d724861-Reviews-or50-Flower_Drum-Melbourne_Victoria.html]]></link>
</review>
<review>
	<rating>4.0</rating>
	<author><![CDATA[A TripAdvisor Contributor]]></author>
	<date>2007-11-18</date>
	<title><![CDATA[&#x201c;great king crab noodle&#x201d;]]></title>
	<excerpt><![CDATA[great king crab noodle more]]></excerpt>
	<link><![CDATA[http://www.tripadvisor.com/Restaurant_Review-g255100-d724861-Reviews-or50-Flower_Drum-Melbourne_Victoria.html]]></link>
</review>
<review>
	<rating>5.0</rating>
	<author><![CDATA[A TripAdvisor Contributor]]></author>
	<date>2007-11-18</date>
	<title><![CDATA[&#x201c;The service is...&#x201d;]]></title>
	<excerpt><![CDATA[The service is over-the-top AMAZING. Waiters there have the stealth of Ninjas! more]]></excerpt>
	<link><![CDATA[http://www.tripadvisor.com/Restaurant_Review-g255100-d724861-Reviews-or50-Flower_Drum-Melbourne_Victoria.html]]></link>
</review>
<review>
	<rating>5.0</rating>
	<author><![CDATA[A TripAdvisor Contributor]]></author>
	<date>2007-11-18</date>
	<title><![CDATA[&#x201c;My asian side makes me...&#x201d;]]></title>
	<excerpt><![CDATA[My asian side makes me appreciate this one... very nice.. more]]></excerpt>
	<link><![CDATA[http://www.tripadvisor.com/Restaurant_Review-g255100-d724861-Reviews-or60-Flower_Drum-Melbourne_Victoria.html]]></link>
</review>
<review>
	<rating>3.0</rating>
	<author><![CDATA[A TripAdvisor Contributor]]></author>
	<date>2007-11-18</date>
	<title><![CDATA[&#x201c;too pricey&#x201d;]]></title>
	<excerpt><![CDATA[too pricey more]]></excerpt>
	<link><![CDATA[http://www.tripadvisor.com/Restaurant_Review-g255100-d724861-Reviews-or60-Flower_Drum-Melbourne_Victoria.html]]></link>
</review>
<review>
	<rating>5.0</rating>
	<author><![CDATA[A TripAdvisor Contributor]]></author>
	<date>2007-11-17</date>
	<title><![CDATA[&#x201c;Fantastic, the best...&#x201d;]]></title>
	<excerpt><![CDATA[Fantastic, the best Lemon chicken in Melbourne more]]></excerpt>
	<link><![CDATA[http://www.tripadvisor.com/Restaurant_Review-g255100-d724861-Reviews-or60-Flower_Drum-Melbourne_Victoria.html]]></link>
</review>
<review>
	<rating>5.0</rating>
	<author><![CDATA[A TripAdvisor Contributor]]></author>
	<date>2007-11-17</date>
	<title><![CDATA[&#x201c;Very yummy .. favourite...&#x201d;]]></title>
	<excerpt><![CDATA[Very yummy .. favourite place to eat yum cha more]]></excerpt>
	<link><![CDATA[http://www.tripadvisor.com/Restaurant_Review-g255100-d724861-Reviews-or60-Flower_Drum-Melbourne_Victoria.html]]></link>
</review>
<review>
	<rating>5.0</rating>
	<author><![CDATA[A TripAdvisor Contributor]]></author>
	<date>2007-11-12</date>
	<title><![CDATA[&#x201c;5 star food and 5 star...&#x201d;]]></title>
	<excerpt><![CDATA[5 star food and 5 star service more]]></excerpt>
	<link><![CDATA[http://www.tripadvisor.com/Restaurant_Review-g255100-d724861-Reviews-or60-Flower_Drum-Melbourne_Victoria.html]]></link>
</review>
<review>
	<rating>4.0</rating>
	<author><![CDATA[A TripAdvisor Contributor]]></author>
	<date>2007-10-31</date>
	<title><![CDATA[&#x201c;Pricey, but worth...&#x201d;]]></title>
	<excerpt><![CDATA[Pricey, but worth it...just once more]]></excerpt>
	<link><![CDATA[http://www.tripadvisor.com/Restaurant_Review-g255100-d724861-Reviews-or60-Flower_Drum-Melbourne_Victoria.html]]></link>
</review>
<review>
	<rating>5.0</rating>
	<author><![CDATA[A TripAdvisor Contributor]]></author>
	<date>2007-10-31</date>
	<title><![CDATA[&#x201c;Awesome Chinese - not...&#x201d;]]></title>
	<excerpt><![CDATA[Awesome Chinese - not masses of atmosphere but best food more]]></excerpt>
	<link><![CDATA[http://www.tripadvisor.com/Restaurant_Review-g255100-d724861-Reviews-or60-Flower_Drum-Melbourne_Victoria.html]]></link>
</review>
</source>