<source name="Trip Advisor" avg-rating="4.0">
<review>
	<rating>5.0</rating>
	<author><![CDATA[Globetrottez]]></author>
	<date>2009-01-15</date>
	<title><![CDATA[&#x201c;French delight&#x201d;]]></title>
	<excerpt><![CDATA[This is one of the best french restaurants that I have eaten in,including Michelin star restaurants. I cannot understand why it is not ranked higher i]]></excerpt>
	<link><![CDATA[http://www.tripadvisor.com/Restaurant_Review-g255100-d724893-Reviews-France_Soir-Melbourne_Victoria.html]]></link>
</review>
<review>
	<rating>4.0</rating>
	<author><![CDATA[A TripAdvisor Contributor]]></author>
	<date>2008-10-17</date>
	<title><![CDATA[&#x201c;Typical french...&#x201d;]]></title>
	<excerpt><![CDATA[Typical french brasserie. Nice food and ambience. Good french conversation. more]]></excerpt>
	<link><![CDATA[http://www.tripadvisor.com/Restaurant_Review-g255100-d724893-Reviews-France_Soir-Melbourne_Victoria.html]]></link>
</review>
<review>
	<rating>5.0</rating>
	<author><![CDATA[A TripAdvisor Contributor]]></author>
	<date>2008-07-07</date>
	<title><![CDATA[&#x201c;Memories.....&#x201d;]]></title>
	<excerpt><![CDATA[Memories..... more]]></excerpt>
	<link><![CDATA[http://www.tripadvisor.com/Restaurant_Review-g255100-d724893-Reviews-France_Soir-Melbourne_Victoria.html]]></link>
</review>
<review>
	<rating>2.0</rating>
	<author><![CDATA[Victorianlad]]></author>
	<date>2008-05-12</date>
	<title><![CDATA[&#x201c;Noisy and overrated&#x201d;]]></title>
	<excerpt><![CDATA[This restaurant is constantly raved about in the social pages but I could not see what the fuss is about.
The narrow premises makes it compulsoty to b]]></excerpt>
	<link><![CDATA[http://www.tripadvisor.com/Restaurant_Review-g255100-d724893-Reviews-France_Soir-Melbourne_Victoria.html]]></link>
</review>
<review>
	<rating>5.0</rating>
	<author><![CDATA[A TripAdvisor Contributor]]></author>
	<date>2008-04-03</date>
	<title><![CDATA[&#x201c;Traditional French food...&#x201d;]]></title>
	<excerpt><![CDATA[Traditional French food, great service, yummy dessert. more]]></excerpt>
	<link><![CDATA[http://www.tripadvisor.com/Restaurant_Review-g255100-d724893-Reviews-France_Soir-Melbourne_Victoria.html]]></link>
</review>
<review>
	<rating>4.0</rating>
	<author><![CDATA[A TripAdvisor Contributor]]></author>
	<date>2008-03-14</date>
	<title><![CDATA[&#x201c;So very French. Frencher...&#x201d;]]></title>
	<excerpt><![CDATA[So very French. Frencher than Vue De Monde and Bistro Vue put together. Come here if you like French food, come here if you don't! more]]></excerpt>
	<link><![CDATA[http://www.tripadvisor.com/Restaurant_Review-g255100-d724893-Reviews-France_Soir-Melbourne_Victoria.html]]></link>
</review>
<review>
	<rating>4.0</rating>
	<author><![CDATA[A TripAdvisor Contributor]]></author>
	<date>2008-02-18</date>
	<title><![CDATA[&#x201c;Loved the food - had...&#x201d;]]></title>
	<excerpt><![CDATA[Loved the food - had foie gras followed by the eye fillet with bearnaise... dessert was a mousse... food wonderful, service polite and a really great ]]></excerpt>
	<link><![CDATA[http://www.tripadvisor.com/Restaurant_Review-g255100-d724893-Reviews-France_Soir-Melbourne_Victoria.html]]></link>
</review>
<review>
	<rating>4.0</rating>
	<author><![CDATA[A TripAdvisor Contributor]]></author>
	<date>2008-01-28</date>
	<title><![CDATA[&#x201c;Bit noisy..but BEAUTIFUL...&#x201d;]]></title>
	<excerpt><![CDATA[Bit noisy..but BEAUTIFUL food!!! more]]></excerpt>
	<link><![CDATA[http://www.tripadvisor.com/Restaurant_Review-g255100-d724893-Reviews-France_Soir-Melbourne_Victoria.html]]></link>
</review>
<review>
	<rating>3.0</rating>
	<author><![CDATA[A TripAdvisor Contributor]]></author>
	<date>2008-01-10</date>
	<title><![CDATA[&#x201c;great food, great...&#x201d;]]></title>
	<excerpt><![CDATA[great food, great atmosphere, terrible service standards, watch out for the french staff yelling at the guest in french hoping we dont understand them]]></excerpt>
	<link><![CDATA[http://www.tripadvisor.com/Restaurant_Review-g255100-d724893-Reviews-France_Soir-Melbourne_Victoria.html]]></link>
</review>
<review>
	<rating>4.0</rating>
	<author><![CDATA[A TripAdvisor Contributor]]></author>
	<date>2008-01-06</date>
	<title><![CDATA[&#x201c;If you only go once...&#x201d;]]></title>
	<excerpt><![CDATA[If you only go once: Filet de bouef avec Pomme Frites. more]]></excerpt>
	<link><![CDATA[http://www.tripadvisor.com/Restaurant_Review-g255100-d724893-Reviews-France_Soir-Melbourne_Victoria.html]]></link>
</review>
<review>
	<rating>5.0</rating>
	<author><![CDATA[A TripAdvisor Contributor]]></author>
	<date>2008-01-06</date>
	<title><![CDATA[&#x201c;The best steak in Melb's...&#x201d;]]></title>
	<excerpt><![CDATA[The best steak in Melb's and one of the few restaurants open until midnight. more]]></excerpt>
	<link><![CDATA[http://www.tripadvisor.com/Restaurant_Review-g255100-d724893-Reviews-or10-France_Soir-Melbourne_Victoria.html]]></link>
</review>
<review>
	<rating>4.0</rating>
	<author><![CDATA[A TripAdvisor Contributor]]></author>
	<date>2007-12-30</date>
	<title><![CDATA[&#x201c;The best cream brulee&#x201d;]]></title>
	<excerpt><![CDATA[The best cream brulee more]]></excerpt>
	<link><![CDATA[http://www.tripadvisor.com/Restaurant_Review-g255100-d724893-Reviews-or10-France_Soir-Melbourne_Victoria.html]]></link>
</review>
<review>
	<rating>4.0</rating>
	<author><![CDATA[A TripAdvisor Contributor]]></author>
	<date>2007-12-29</date>
	<title><![CDATA[&#x201c;Classic french food and...&#x201d;]]></title>
	<excerpt><![CDATA[Classic french food and open late. more]]></excerpt>
	<link><![CDATA[http://www.tripadvisor.com/Restaurant_Review-g255100-d724893-Reviews-or10-France_Soir-Melbourne_Victoria.html]]></link>
</review>
<review>
	<rating>3.0</rating>
	<author><![CDATA[A TripAdvisor Contributor]]></author>
	<date>2007-12-27</date>
	<title><![CDATA[&#x201c;Romance and impressive...&#x201d;]]></title>
	<excerpt><![CDATA[Romance and impressive but but dishes tooooooooo rich for me, stilla pleaser... more]]></excerpt>
	<link><![CDATA[http://www.tripadvisor.com/Restaurant_Review-g255100-d724893-Reviews-or10-France_Soir-Melbourne_Victoria.html]]></link>
</review>
<review>
	<rating>4.0</rating>
	<author><![CDATA[A TripAdvisor Contributor]]></author>
	<date>2007-12-20</date>
	<title><![CDATA[&#x201c;Wonderful Franch food...&#x201d;]]></title>
	<excerpt><![CDATA[Wonderful Franch food and atmosphere.
Be prepared, dishes are quite expensive. more]]></excerpt>
	<link><![CDATA[http://www.tripadvisor.com/Restaurant_Review-g255100-d724893-Reviews-or10-France_Soir-Melbourne_Victoria.html]]></link>
</review>
<review>
	<rating>4.0</rating>
	<author><![CDATA[A TripAdvisor Contributor]]></author>
	<date>2007-12-20</date>
	<title><![CDATA[&#x201c;great taste&#x201d;]]></title>
	<excerpt><![CDATA[great taste more]]></excerpt>
	<link><![CDATA[http://www.tripadvisor.com/Restaurant_Review-g255100-d724893-Reviews-or10-France_Soir-Melbourne_Victoria.html]]></link>
</review>
<review>
	<rating>4.0</rating>
	<author><![CDATA[A TripAdvisor Contributor]]></author>
	<date>2007-12-18</date>
	<title><![CDATA[&#x201c;Best sommelier advice...&#x201d;]]></title>
	<excerpt><![CDATA[Best sommelier advice around! more]]></excerpt>
	<link><![CDATA[http://www.tripadvisor.com/Restaurant_Review-g255100-d724893-Reviews-or10-France_Soir-Melbourne_Victoria.html]]></link>
</review>
<review>
	<rating>3.0</rating>
	<author><![CDATA[A TripAdvisor Contributor]]></author>
	<date>2007-12-11</date>
	<title><![CDATA[&#x201c;good food but a bit too...&#x201d;]]></title>
	<excerpt><![CDATA[good food but a bit too expensive. more]]></excerpt>
	<link><![CDATA[http://www.tripadvisor.com/Restaurant_Review-g255100-d724893-Reviews-or10-France_Soir-Melbourne_Victoria.html]]></link>
</review>
<review>
	<rating>5.0</rating>
	<author><![CDATA[A TripAdvisor Contributor]]></author>
	<date>2007-12-09</date>
	<title><![CDATA[&#x201c;Excellent Food - I had...&#x201d;]]></title>
	<excerpt><![CDATA[Excellent Food - I had the steak and thought that I could have been in France it was so authentic - the waiters were very charming and flirty!!! more]]></excerpt>
	<link><![CDATA[http://www.tripadvisor.com/Restaurant_Review-g255100-d724893-Reviews-or10-France_Soir-Melbourne_Victoria.html]]></link>
</review>
<review>
	<rating>5.0</rating>
	<author><![CDATA[A TripAdvisor Contributor]]></author>
	<date>2007-12-07</date>
	<title><![CDATA[&#x201c;Very good Parisian-style...&#x201d;]]></title>
	<excerpt><![CDATA[Very good Parisian-style bistro. more]]></excerpt>
	<link><![CDATA[http://www.tripadvisor.com/Restaurant_Review-g255100-d724893-Reviews-or10-France_Soir-Melbourne_Victoria.html]]></link>
</review>
<review>
	<rating>3.0</rating>
	<author><![CDATA[A TripAdvisor Contributor]]></author>
	<date>2007-12-01</date>
	<title><![CDATA[&#x201c;Classic French...&#x201d;]]></title>
	<excerpt><![CDATA[Classic French restauraunt if you love traditional French, personally I prefer a nouveux French style myself. The old style is too rich. more]]></excerpt>
	<link><![CDATA[http://www.tripadvisor.com/Restaurant_Review-g255100-d724893-Reviews-or20-France_Soir-Melbourne_Victoria.html]]></link>
</review>
<review>
	<rating>4.0</rating>
	<author><![CDATA[A TripAdvisor Contributor]]></author>
	<date>2007-11-22</date>
	<title><![CDATA[&#x201c;Good french bistro...&#x201d;]]></title>
	<excerpt><![CDATA[Good french bistro, great for lunch more]]></excerpt>
	<link><![CDATA[http://www.tripadvisor.com/Restaurant_Review-g255100-d724893-Reviews-or20-France_Soir-Melbourne_Victoria.html]]></link>
</review>
<review>
	<rating>2.0</rating>
	<author><![CDATA[A TripAdvisor Contributor]]></author>
	<date>2007-11-19</date>
	<title><![CDATA[&#x201c;not as good as some...&#x201d;]]></title>
	<excerpt><![CDATA[not as good as some other french restaurants more]]></excerpt>
	<link><![CDATA[http://www.tripadvisor.com/Restaurant_Review-g255100-d724893-Reviews-or20-France_Soir-Melbourne_Victoria.html]]></link>
</review>
<review>
	<rating>2.0</rating>
	<author><![CDATA[A TripAdvisor Contributor]]></author>
	<date>2007-11-19</date>
	<title><![CDATA[&#x201c;The home style food is...&#x201d;]]></title>
	<excerpt><![CDATA[The home style food is good, but not when the same money can get a better meal with better ingredients 100 metres up the road. On a Friday night you'l]]></excerpt>
	<link><![CDATA[http://www.tripadvisor.com/Restaurant_Review-g255100-d724893-Reviews-or20-France_Soir-Melbourne_Victoria.html]]></link>
</review>
<review>
	<rating>3.0</rating>
	<author><![CDATA[A TripAdvisor Contributor]]></author>
	<date>2007-11-18</date>
	<title><![CDATA[&#x201c;Tuuls loves this...&#x201d;]]></title>
	<excerpt><![CDATA[Tuuls loves this place..... but french food isnt for me.. more]]></excerpt>
	<link><![CDATA[http://www.tripadvisor.com/Restaurant_Review-g255100-d724893-Reviews-or20-France_Soir-Melbourne_Victoria.html]]></link>
</review>
<review>
	<rating>4.0</rating>
	<author><![CDATA[A TripAdvisor Contributor]]></author>
	<date>2007-11-18</date>
	<title><![CDATA[&#x201c;handsome french waiters&#x201d;]]></title>
	<excerpt><![CDATA[handsome french waiters more]]></excerpt>
	<link><![CDATA[http://www.tripadvisor.com/Restaurant_Review-g255100-d724893-Reviews-or20-France_Soir-Melbourne_Victoria.html]]></link>
</review>
<review>
	<rating>4.0</rating>
	<author><![CDATA[A TripAdvisor Contributor]]></author>
	<date>2007-11-18</date>
	<title><![CDATA[&#x201c;My Favourite French...&#x201d;]]></title>
	<excerpt><![CDATA[My Favourite French Restaurant. If you go on a Monday, have the cous cous Royale... to die for more]]></excerpt>
	<link><![CDATA[http://www.tripadvisor.com/Restaurant_Review-g255100-d724893-Reviews-or20-France_Soir-Melbourne_Victoria.html]]></link>
</review>
<review>
	<rating>4.0</rating>
	<author><![CDATA[A TripAdvisor Contributor]]></author>
	<date>2007-11-15</date>
	<title><![CDATA[&#x201c;expensive french taste...&#x201d;]]></title>
	<excerpt><![CDATA[expensive french taste. chic. more]]></excerpt>
	<link><![CDATA[http://www.tripadvisor.com/Restaurant_Review-g255100-d724893-Reviews-or20-France_Soir-Melbourne_Victoria.html]]></link>
</review>
<review>
	<rating>5.0</rating>
	<author><![CDATA[A TripAdvisor Contributor]]></author>
	<date>2007-11-14</date>
	<title><![CDATA[&#x201c;Excellent classic...&#x201d;]]></title>
	<excerpt><![CDATA[Excellent classic french.
Great wine list and you can BYO that special bottle (extra corkage)
Snails & Duck my favourite. Dipping the french bread in ]]></excerpt>
	<link><![CDATA[http://www.tripadvisor.com/Restaurant_Review-g255100-d724893-Reviews-or20-France_Soir-Melbourne_Victoria.html]]></link>
</review>
</source>