<source name="Trip Advisor" avg-rating="4.5">
<review>
	<rating>5.0</rating>
	<author><![CDATA[outandabout_foodie]]></author>
	<date>2008-11-09</date>
	<title><![CDATA[&#x201c;Sooooo good&#x201d;]]></title>
	<excerpt><![CDATA[My recommendations is to let the wait staff order for you. They are all so well informed of the dishes and can tailor a few options for you to share. ]]></excerpt>
	<link><![CDATA[http://www.tripadvisor.com/Restaurant_Review-g255100-d737655-Reviews-Gingerboy-Melbourne_Victoria.html]]></link>
</review>
<review>
	<rating>4.0</rating>
	<author><![CDATA[A TripAdvisor Contributor]]></author>
	<date>2008-09-08</date>
	<title><![CDATA[&#x201c;Yummy! I want to try...&#x201d;]]></title>
	<excerpt><![CDATA[Yummy! I want to try everything here! Exciting combinations of flavours. Very cool interior design. more]]></excerpt>
	<link><![CDATA[http://www.tripadvisor.com/Restaurant_Review-g255100-d737655-Reviews-Gingerboy-Melbourne_Victoria.html]]></link>
</review>
<review>
	<rating>2.0</rating>
	<author><![CDATA[Victorianlad]]></author>
	<date>2008-08-27</date>
	<title><![CDATA[&#x201c;Hawker food at inflated prices&#x201d;]]></title>
	<excerpt><![CDATA[This restaurant is in a small street that runs between Bourke and Little Bourke Streets at the east end of Melbourne's CBD, near the Metro nightclub a]]></excerpt>
	<link><![CDATA[http://www.tripadvisor.com/Restaurant_Review-g255100-d737655-Reviews-Gingerboy-Melbourne_Victoria.html]]></link>
</review>
<review>
	<rating>5.0</rating>
	<author><![CDATA[A TripAdvisor Contributor]]></author>
	<date>2008-08-18</date>
	<title><![CDATA[&#x201c;Small portion but love...&#x201d;]]></title>
	<excerpt><![CDATA[Small portion but love the deep fried corn more]]></excerpt>
	<link><![CDATA[http://www.tripadvisor.com/Restaurant_Review-g255100-d737655-Reviews-Gingerboy-Melbourne_Victoria.html]]></link>
</review>
<review>
	<rating>4.0</rating>
	<author><![CDATA[A TripAdvisor Contributor]]></author>
	<date>2008-07-01</date>
	<title><![CDATA[&#x201c;Excellent scallops and...&#x201d;]]></title>
	<excerpt><![CDATA[Excellent scallops and pork back; well-mixed drinks. more]]></excerpt>
	<link><![CDATA[http://www.tripadvisor.com/Restaurant_Review-g255100-d737655-Reviews-Gingerboy-Melbourne_Victoria.html]]></link>
</review>
<review>
	<rating>5.0</rating>
	<author><![CDATA[A TripAdvisor Contributor]]></author>
	<date>2008-05-21</date>
	<title><![CDATA[&#x201c;Funky, sexy, friendly...&#x201d;]]></title>
	<excerpt><![CDATA[Funky, sexy, friendly. And I'm talking about the food and the wait staff. Who says that white boys can't cook Asian food?! more]]></excerpt>
	<link><![CDATA[http://www.tripadvisor.com/Restaurant_Review-g255100-d737655-Reviews-Gingerboy-Melbourne_Victoria.html]]></link>
</review>
<review>
	<rating>4.0</rating>
	<author><![CDATA[A TripAdvisor Contributor]]></author>
	<date>2008-05-02</date>
	<title><![CDATA[&#x201c;Somehow turns...&#x201d;]]></title>
	<excerpt><![CDATA[Somehow turns hawker-style street food into sitdown fare, and charges you 10x the price for the priviledge...but somehow it works. After a great exper]]></excerpt>
	<link><![CDATA[http://www.tripadvisor.com/Restaurant_Review-g255100-d737655-Reviews-Gingerboy-Melbourne_Victoria.html]]></link>
</review>
<review>
	<rating>2.0</rating>
	<author><![CDATA[A TripAdvisor Contributor]]></author>
	<date>2008-04-11</date>
	<title><![CDATA[&#x201c;decor ok, overated food...&#x201d;]]></title>
	<excerpt><![CDATA[decor ok, overated food good not great more]]></excerpt>
	<link><![CDATA[http://www.tripadvisor.com/Restaurant_Review-g255100-d737655-Reviews-Gingerboy-Melbourne_Victoria.html]]></link>
</review>
<review>
	<rating>4.0</rating>
	<author><![CDATA[A TripAdvisor Contributor]]></author>
	<date>2008-03-20</date>
	<title><![CDATA[&#x201c;Funky place with black...&#x201d;]]></title>
	<excerpt><![CDATA[Funky place with black bamboo walls and fairy lights, the staff recommend you eat banquet style. For 6 people, 1 plate would have been enough to serve]]></excerpt>
	<link><![CDATA[http://www.tripadvisor.com/Restaurant_Review-g255100-d737655-Reviews-Gingerboy-Melbourne_Victoria.html]]></link>
</review>
<review>
	<rating>3.0</rating>
	<author><![CDATA[A TripAdvisor Contributor]]></author>
	<date>2008-02-25</date>
	<title><![CDATA[&#x201c;Everyone should try~~&#x201d;]]></title>
	<excerpt><![CDATA[Everyone should try~~ more]]></excerpt>
	<link><![CDATA[http://www.tripadvisor.com/Restaurant_Review-g255100-d737655-Reviews-Gingerboy-Melbourne_Victoria.html]]></link>
</review>
<review>
	<rating>3.0</rating>
	<author><![CDATA[A TripAdvisor Contributor]]></author>
	<date>2008-01-10</date>
	<title><![CDATA[&#x201c;Most of the food here is...&#x201d;]]></title>
	<excerpt><![CDATA[Most of the food here is good but you need to choose wisely and make sure you ask questions about the food as the menu descriptions aren't detailed en]]></excerpt>
	<link><![CDATA[http://www.tripadvisor.com/Restaurant_Review-g255100-d737655-Reviews-or10-Gingerboy-Melbourne_Victoria.html]]></link>
</review>
<review>
	<rating>4.0</rating>
	<author><![CDATA[A TripAdvisor Contributor]]></author>
	<date>2007-12-14</date>
	<title><![CDATA[&#x201c;Fantastic flavours...&#x201d;]]></title>
	<excerpt><![CDATA[Fantastic flavours, delicious food, intimate atmosphere. more]]></excerpt>
	<link><![CDATA[http://www.tripadvisor.com/Restaurant_Review-g255100-d737655-Reviews-or10-Gingerboy-Melbourne_Victoria.html]]></link>
</review>
<review>
	<rating>3.0</rating>
	<author><![CDATA[A TripAdvisor Contributor]]></author>
	<date>2007-11-23</date>
	<title><![CDATA[&#x201c;Gingboy is to Ezard what...&#x201d;]]></title>
	<excerpt><![CDATA[Gingboy is to Ezard what D&G is to Dolce & Gabbana. No idea? Here's a quick lesson in fashion for you. D&G is the younger, more laid-back diffusion li]]></excerpt>
	<link><![CDATA[http://www.tripadvisor.com/Restaurant_Review-g255100-d737655-Reviews-or10-Gingerboy-Melbourne_Victoria.html]]></link>
</review>
<review>
	<rating>4.0</rating>
	<author><![CDATA[A TripAdvisor Contributor]]></author>
	<date>2007-11-21</date>
	<title><![CDATA[&#x201c;Love the son-in-law...&#x201d;]]></title>
	<excerpt><![CDATA[Love the son-in-law eggs. The atmosphere and food are great. more]]></excerpt>
	<link><![CDATA[http://www.tripadvisor.com/Restaurant_Review-g255100-d737655-Reviews-or10-Gingerboy-Melbourne_Victoria.html]]></link>
</review>
</source>