<source name="Trip Advisor" avg-rating="4.0">
<review>
	<rating>3.0</rating>
	<author><![CDATA[A TripAdvisor Contributor]]></author>
	<date>2008-04-27</date>
	<title><![CDATA[&#x201c;Cheap place but service...&#x201d;]]></title>
	<excerpt><![CDATA[Cheap place but service quite slow and food average.. Good place if with lots of people.. more]]></excerpt>
	<link><![CDATA[http://www.tripadvisor.com/Restaurant_Review-g255100-d725234-Reviews-Golden_Terrace-Melbourne_Victoria.html]]></link>
</review>
<review>
	<rating>3.0</rating>
	<author><![CDATA[A TripAdvisor Contributor]]></author>
	<date>2008-04-24</date>
	<title><![CDATA[&#x201c;Good for take away bread...&#x201d;]]></title>
	<excerpt><![CDATA[Good for take away bread and dips... more]]></excerpt>
	<link><![CDATA[http://www.tripadvisor.com/Restaurant_Review-g255100-d725234-Reviews-Golden_Terrace-Melbourne_Victoria.html]]></link>
</review>
</source>