<source name="Trip Advisor" avg-rating="4.5">
<review>
	<rating>5.0</rating>
	<author><![CDATA[Princess_Crankypants]]></author>
	<date>2008-11-26</date>
	<title><![CDATA[&#x201c;Cellar Bar is terrific&#x201d;]]></title>
	<excerpt><![CDATA[Great food, great value. Aldo is tops.
We often go there before seeing a play/ show/ gallery/ football.
OK OK, I'm guilty. I'll use any old excuse to ]]></excerpt>
	<link><![CDATA[http://www.tripadvisor.com/Restaurant_Review-g255100-d725306-Reviews-Grossi_Florentino-Melbourne_Victoria.html]]></link>
</review>
<review>
	<rating>5.0</rating>
	<author><![CDATA[A TripAdvisor Contributor]]></author>
	<date>2008-11-12</date>
	<title><![CDATA[&#x201c;Stykish and very good...&#x201d;]]></title>
	<excerpt><![CDATA[Stykish and very good eating either upsatairs or down stairs more]]></excerpt>
	<link><![CDATA[http://www.tripadvisor.com/Restaurant_Review-g255100-d725306-Reviews-Grossi_Florentino-Melbourne_Victoria.html]]></link>
</review>
<review>
	<rating>4.0</rating>
	<author><![CDATA[A TripAdvisor Contributor]]></author>
	<date>2008-10-11</date>
	<title><![CDATA[&#x201c;This popular restaurant...&#x201d;]]></title>
	<excerpt><![CDATA[This popular restaurant is one not to be missed if you appreciate gourmet Italian cuisines. I recommend any of their homemade pasta dishes - filled wi]]></excerpt>
	<link><![CDATA[http://www.tripadvisor.com/Restaurant_Review-g255100-d725306-Reviews-Grossi_Florentino-Melbourne_Victoria.html]]></link>
</review>
<review>
	<rating>4.0</rating>
	<author><![CDATA[A TripAdvisor Contributor]]></author>
	<date>2008-09-11</date>
	<title><![CDATA[&#x201c;Classis Italian...&#x201d;]]></title>
	<excerpt><![CDATA[Classis Italian restaurant with three levels of dining: Restaurant, Grill, and Cellar Bar. I have been told that the three levels also come with three]]></excerpt>
	<link><![CDATA[http://www.tripadvisor.com/Restaurant_Review-g255100-d725306-Reviews-Grossi_Florentino-Melbourne_Victoria.html]]></link>
</review>
<review>
	<rating>5.0</rating>
	<author><![CDATA[A TripAdvisor Contributor]]></author>
	<date>2008-09-07</date>
	<title><![CDATA[&#x201c;The Cellar Bar is a...&#x201d;]]></title>
	<excerpt><![CDATA[The Cellar Bar is a usual haunt of mine - great value, great atmosphere, great polpette di baccala - oh why did you stop making olive ascolani? (I kno]]></excerpt>
	<link><![CDATA[http://www.tripadvisor.com/Restaurant_Review-g255100-d725306-Reviews-Grossi_Florentino-Melbourne_Victoria.html]]></link>
</review>
<review>
	<rating>2.0</rating>
	<author><![CDATA[pinan]]></author>
	<date>2008-08-31</date>
	<title><![CDATA[&#x201c;Cellar Bar dissapointing&#x201d;]]></title>
	<excerpt><![CDATA[Recently had lunch at the Cellar Bar and was dissapointed.
We had the Gnocchi Gorgonzola which lacked flavour. They were really bland. We had to seaso]]></excerpt>
	<link><![CDATA[http://www.tripadvisor.com/Restaurant_Review-g255100-d725306-Reviews-Grossi_Florentino-Melbourne_Victoria.html]]></link>
</review>
<review>
	<rating>5.0</rating>
	<author><![CDATA[A TripAdvisor Contributor]]></author>
	<date>2008-07-29</date>
	<title><![CDATA[&#x201c;Nice. Very nice&#x201d;]]></title>
	<excerpt><![CDATA[Nice. Very nice more]]></excerpt>
	<link><![CDATA[http://www.tripadvisor.com/Restaurant_Review-g255100-d725306-Reviews-Grossi_Florentino-Melbourne_Victoria.html]]></link>
</review>
<review>
	<rating>5.0</rating>
	<author><![CDATA[A TripAdvisor Contributor]]></author>
	<date>2008-07-05</date>
	<title><![CDATA[&#x201c;Enjoyed a sensational...&#x201d;]]></title>
	<excerpt><![CDATA[Enjoyed a sensational meal here at the Penfold's Tasting night - food has to be very good to match up with a Grange, but Grossi Florentino didn't let ]]></excerpt>
	<link><![CDATA[http://www.tripadvisor.com/Restaurant_Review-g255100-d725306-Reviews-Grossi_Florentino-Melbourne_Victoria.html]]></link>
</review>
<review>
	<rating>3.0</rating>
	<author><![CDATA[A TripAdvisor Contributor]]></author>
	<date>2008-06-30</date>
	<title><![CDATA[&#x201c;decent place&#x201d;]]></title>
	<excerpt><![CDATA[decent place more]]></excerpt>
	<link><![CDATA[http://www.tripadvisor.com/Restaurant_Review-g255100-d725306-Reviews-Grossi_Florentino-Melbourne_Victoria.html]]></link>
</review>
<review>
	<rating>3.0</rating>
	<author><![CDATA[A TripAdvisor Contributor]]></author>
	<date>2008-06-30</date>
	<title><![CDATA[&#x201c;Average food. Place is...&#x201d;]]></title>
	<excerpt><![CDATA[Average food. Place is cozy. I would say look for better options. more]]></excerpt>
	<link><![CDATA[http://www.tripadvisor.com/Restaurant_Review-g255100-d725306-Reviews-Grossi_Florentino-Melbourne_Victoria.html]]></link>
</review>
<review>
	<rating>4.0</rating>
	<author><![CDATA[A TripAdvisor Contributor]]></author>
	<date>2008-05-16</date>
	<title><![CDATA[&#x201c;Upstairs is great...&#x201d;]]></title>
	<excerpt><![CDATA[Upstairs is great, downstairs to the left is great, downstairs to the right is great. Best spag bol is in the Cella Bar more]]></excerpt>
	<link><![CDATA[http://www.tripadvisor.com/Restaurant_Review-g255100-d725306-Reviews-or10-Grossi_Florentino-Melbourne_Victoria.html]]></link>
</review>
<review>
	<rating>4.0</rating>
	<author><![CDATA[A TripAdvisor Contributor]]></author>
	<date>2008-05-16</date>
	<title><![CDATA[&#x201c;yum&#x201d;]]></title>
	<excerpt><![CDATA[yum more]]></excerpt>
	<link><![CDATA[http://www.tripadvisor.com/Restaurant_Review-g255100-d725306-Reviews-or10-Grossi_Florentino-Melbourne_Victoria.html]]></link>
</review>
<review>
	<rating>4.0</rating>
	<author><![CDATA[A TripAdvisor Contributor]]></author>
	<date>2008-03-19</date>
	<title><![CDATA[&#x201c;Delicious food. Never...&#x201d;]]></title>
	<excerpt><![CDATA[Delicious food. Never managed dessert! more]]></excerpt>
	<link><![CDATA[http://www.tripadvisor.com/Restaurant_Review-g255100-d725306-Reviews-or10-Grossi_Florentino-Melbourne_Victoria.html]]></link>
</review>
<review>
	<rating>5.0</rating>
	<author><![CDATA[A TripAdvisor Contributor]]></author>
	<date>2007-11-28</date>
	<title><![CDATA[&#x201c;Friendly staff and great...&#x201d;]]></title>
	<excerpt><![CDATA[Friendly staff and great food. Excellent services. more]]></excerpt>
	<link><![CDATA[http://www.tripadvisor.com/Restaurant_Review-g255100-d725306-Reviews-or10-Grossi_Florentino-Melbourne_Victoria.html]]></link>
</review>
<review>
	<rating>5.0</rating>
	<author><![CDATA[A TripAdvisor Contributor]]></author>
	<date>2007-11-27</date>
	<title><![CDATA[&#x201c;you can never go wrong...&#x201d;]]></title>
	<excerpt><![CDATA[you can never go wrong at grossi! more]]></excerpt>
	<link><![CDATA[http://www.tripadvisor.com/Restaurant_Review-g255100-d725306-Reviews-or10-Grossi_Florentino-Melbourne_Victoria.html]]></link>
</review>
<review>
	<rating>4.0</rating>
	<author><![CDATA[A TripAdvisor Contributor]]></author>
	<date>2007-11-26</date>
	<title><![CDATA[&#x201c;nice classy italian fine...&#x201d;]]></title>
	<excerpt><![CDATA[nice classy italian fine dining. quality food and wine, not exceptional though. more]]></excerpt>
	<link><![CDATA[http://www.tripadvisor.com/Restaurant_Review-g255100-d725306-Reviews-or10-Grossi_Florentino-Melbourne_Victoria.html]]></link>
</review>
</source>