<source name="Trip Advisor" avg-rating="4.0">
<review>
	<rating>4.0</rating>
	<author><![CDATA[A TripAdvisor Contributor]]></author>
	<date>2008-08-16</date>
	<title><![CDATA[&#x201c;food awesome cheap...&#x201d;]]></title>
	<excerpt><![CDATA[food awesome cheap service crappy but if u don't mind waiting it's ok :) more]]></excerpt>
	<link><![CDATA[http://www.tripadvisor.com/Restaurant_Review-g255100-d725319-Reviews-Guru_Da_Dhaba-Melbourne_Victoria.html]]></link>
</review>
<review>
	<rating>1.0</rating>
	<author><![CDATA[A TripAdvisor Contributor]]></author>
	<date>2008-04-27</date>
	<title><![CDATA[&#x201c;Busy place, crappy...&#x201d;]]></title>
	<excerpt><![CDATA[Busy place, crappy service n food.. more]]></excerpt>
	<link><![CDATA[http://www.tripadvisor.com/Restaurant_Review-g255100-d725319-Reviews-Guru_Da_Dhaba-Melbourne_Victoria.html]]></link>
</review>
<review>
	<rating>5.0</rating>
	<author><![CDATA[A TripAdvisor Contributor]]></author>
	<date>2007-12-01</date>
	<title><![CDATA[&#x201c;A cheap tasty indian...&#x201d;]]></title>
	<excerpt><![CDATA[A cheap tasty indian meal with a good atmosphere! more]]></excerpt>
	<link><![CDATA[http://www.tripadvisor.com/Restaurant_Review-g255100-d725319-Reviews-Guru_Da_Dhaba-Melbourne_Victoria.html]]></link>
</review>
</source>