<source name="Trip Advisor" avg-rating="4.5">
<review>
	<rating>3.0</rating>
	<author><![CDATA[A TripAdvisor Contributor]]></author>
	<date>2009-03-05</date>
	<title><![CDATA[&#x201c;Good for a coffee.&#x201d;]]></title>
	<excerpt><![CDATA[Good for a coffee. more]]></excerpt>
	<link><![CDATA[http://www.tripadvisor.com/Restaurant_Review-g255100-d725330-Reviews-Hairy_Canary-Melbourne_Victoria.html]]></link>
</review>
<review>
	<rating>3.0</rating>
	<author><![CDATA[A TripAdvisor Contributor]]></author>
	<date>2008-08-18</date>
	<title><![CDATA[&#x201c;Good place to meet up&#x201d;]]></title>
	<excerpt><![CDATA[Good place to meet up more]]></excerpt>
	<link><![CDATA[http://www.tripadvisor.com/Restaurant_Review-g255100-d725330-Reviews-Hairy_Canary-Melbourne_Victoria.html]]></link>
</review>
<review>
	<rating>4.0</rating>
	<author><![CDATA[A TripAdvisor Contributor]]></author>
	<date>2008-06-01</date>
	<title><![CDATA[&#x201c;service was crap, took...&#x201d;]]></title>
	<excerpt><![CDATA[service was crap, took them forever to take order and serve food, but food was not bad, price was decent and the place is a great bar afterwards more]]></excerpt>
	<link><![CDATA[http://www.tripadvisor.com/Restaurant_Review-g255100-d725330-Reviews-Hairy_Canary-Melbourne_Victoria.html]]></link>
</review>
<review>
	<rating>4.0</rating>
	<author><![CDATA[A TripAdvisor Contributor]]></author>
	<date>2008-05-03</date>
	<title><![CDATA[&#x201c;Excellent food.&#x201d;]]></title>
	<excerpt><![CDATA[Excellent food. more]]></excerpt>
	<link><![CDATA[http://www.tripadvisor.com/Restaurant_Review-g255100-d725330-Reviews-Hairy_Canary-Melbourne_Victoria.html]]></link>
</review>
<review>
	<rating>3.0</rating>
	<author><![CDATA[A TripAdvisor Contributor]]></author>
	<date>2008-04-03</date>
	<title><![CDATA[&#x201c;Great cocktail, food...&#x201d;]]></title>
	<excerpt><![CDATA[Great cocktail, food good for sharing, but slow service. more]]></excerpt>
	<link><![CDATA[http://www.tripadvisor.com/Restaurant_Review-g255100-d725330-Reviews-Hairy_Canary-Melbourne_Victoria.html]]></link>
</review>
<review>
	<rating>1.0</rating>
	<author><![CDATA[A TripAdvisor Contributor]]></author>
	<date>2008-03-26</date>
	<title><![CDATA[&#x201c;Used to be OK - service...&#x201d;]]></title>
	<excerpt><![CDATA[Used to be OK - service and food now very ordinary more]]></excerpt>
	<link><![CDATA[http://www.tripadvisor.com/Restaurant_Review-g255100-d725330-Reviews-Hairy_Canary-Melbourne_Victoria.html]]></link>
</review>
<review>
	<rating>3.0</rating>
	<author><![CDATA[A TripAdvisor Contributor]]></author>
	<date>2008-01-29</date>
	<title><![CDATA[&#x201c;good breakfast; egg...&#x201d;]]></title>
	<excerpt><![CDATA[good breakfast; egg Benedict with hollandaise sauce more]]></excerpt>
	<link><![CDATA[http://www.tripadvisor.com/Restaurant_Review-g255100-d725330-Reviews-Hairy_Canary-Melbourne_Victoria.html]]></link>
</review>
<review>
	<rating>4.0</rating>
	<author><![CDATA[A TripAdvisor Contributor]]></author>
	<date>2007-12-27</date>
	<title><![CDATA[&#x201c;Nice food amazing...&#x201d;]]></title>
	<excerpt><![CDATA[Nice food amazing cocktails but not cheap! more]]></excerpt>
	<link><![CDATA[http://www.tripadvisor.com/Restaurant_Review-g255100-d725330-Reviews-Hairy_Canary-Melbourne_Victoria.html]]></link>
</review>
<review>
	<rating>3.0</rating>
	<author><![CDATA[A TripAdvisor Contributor]]></author>
	<date>2007-12-24</date>
	<title><![CDATA[&#x201c;Can always rely on them...&#x201d;]]></title>
	<excerpt><![CDATA[Can always rely on them to be open! Get my 9am soy latte from them (or Switchboard or Breadwell) enroute to work. more]]></excerpt>
	<link><![CDATA[http://www.tripadvisor.com/Restaurant_Review-g255100-d725330-Reviews-Hairy_Canary-Melbourne_Victoria.html]]></link>
</review>
<review>
	<rating>3.0</rating>
	<author><![CDATA[A TripAdvisor Contributor]]></author>
	<date>2007-12-17</date>
	<title><![CDATA[&#x201c;yum pizza and tapas.&#x201d;]]></title>
	<excerpt><![CDATA[yum pizza and tapas. more]]></excerpt>
	<link><![CDATA[http://www.tripadvisor.com/Restaurant_Review-g255100-d725330-Reviews-Hairy_Canary-Melbourne_Victoria.html]]></link>
</review>
<review>
	<rating>4.0</rating>
	<author><![CDATA[A TripAdvisor Contributor]]></author>
	<date>2007-12-16</date>
	<title><![CDATA[&#x201c;very sentimental...&#x201d;]]></title>
	<excerpt><![CDATA[very sentimental memories attached ^_^ part of every uni student's life! & good churros! more]]></excerpt>
	<link><![CDATA[http://www.tripadvisor.com/Restaurant_Review-g255100-d725330-Reviews-or10-Hairy_Canary-Melbourne_Victoria.html]]></link>
</review>
<review>
	<rating>5.0</rating>
	<author><![CDATA[A TripAdvisor Contributor]]></author>
	<date>2007-12-12</date>
	<title><![CDATA[&#x201c;good food, great...&#x201d;]]></title>
	<excerpt><![CDATA[good food, great cocktails! more]]></excerpt>
	<link><![CDATA[http://www.tripadvisor.com/Restaurant_Review-g255100-d725330-Reviews-or10-Hairy_Canary-Melbourne_Victoria.html]]></link>
</review>
<review>
	<rating>4.0</rating>
	<author><![CDATA[A TripAdvisor Contributor]]></author>
	<date>2007-12-10</date>
	<title><![CDATA[&#x201c;brilliant for eating and...&#x201d;]]></title>
	<excerpt><![CDATA[brilliant for eating and drinking. great cocktails. more]]></excerpt>
	<link><![CDATA[http://www.tripadvisor.com/Restaurant_Review-g255100-d725330-Reviews-or10-Hairy_Canary-Melbourne_Victoria.html]]></link>
</review>
<review>
	<rating>5.0</rating>
	<author><![CDATA[A TripAdvisor Contributor]]></author>
	<date>2007-12-05</date>
	<title><![CDATA[&#x201c;Innovative and unique...&#x201d;]]></title>
	<excerpt><![CDATA[Innovative and unique, great setting more]]></excerpt>
	<link><![CDATA[http://www.tripadvisor.com/Restaurant_Review-g255100-d725330-Reviews-or10-Hairy_Canary-Melbourne_Victoria.html]]></link>
</review>
<review>
	<rating>5.0</rating>
	<author><![CDATA[A TripAdvisor Contributor]]></author>
	<date>2007-12-04</date>
	<title><![CDATA[&#x201c;cheesecake...&#x201d;]]></title>
	<excerpt><![CDATA[cheesecake martiniiii....!!!! more]]></excerpt>
	<link><![CDATA[http://www.tripadvisor.com/Restaurant_Review-g255100-d725330-Reviews-or10-Hairy_Canary-Melbourne_Victoria.html]]></link>
</review>
<review>
	<rating>3.0</rating>
	<author><![CDATA[A TripAdvisor Contributor]]></author>
	<date>2007-11-25</date>
	<title><![CDATA[&#x201c;Recommend the pizzas.&#x201d;]]></title>
	<excerpt><![CDATA[Recommend the pizzas. more]]></excerpt>
	<link><![CDATA[http://www.tripadvisor.com/Restaurant_Review-g255100-d725330-Reviews-or10-Hairy_Canary-Melbourne_Victoria.html]]></link>
</review>
<review>
	<rating>4.0</rating>
	<author><![CDATA[A TripAdvisor Contributor]]></author>
	<date>2007-11-24</date>
	<title><![CDATA[&#x201c;awesome pizzas!&#x201d;]]></title>
	<excerpt><![CDATA[awesome pizzas! more]]></excerpt>
	<link><![CDATA[http://www.tripadvisor.com/Restaurant_Review-g255100-d725330-Reviews-or10-Hairy_Canary-Melbourne_Victoria.html]]></link>
</review>
<review>
	<rating>4.0</rating>
	<author><![CDATA[A TripAdvisor Contributor]]></author>
	<date>2007-11-21</date>
	<title><![CDATA[&#x201c;Love the breakfasts (esp...&#x201d;]]></title>
	<excerpt><![CDATA[Love the breakfasts (esp eggs in pergatory) and the tapas. Nice to hang out - esp since no smoking. more]]></excerpt>
	<link><![CDATA[http://www.tripadvisor.com/Restaurant_Review-g255100-d725330-Reviews-or10-Hairy_Canary-Melbourne_Victoria.html]]></link>
</review>
<review>
	<rating>3.0</rating>
	<author><![CDATA[A TripAdvisor Contributor]]></author>
	<date>2007-11-19</date>
	<title><![CDATA[&#x201c;Not bad for a quick bite&#x201d;]]></title>
	<excerpt><![CDATA[Not bad for a quick bite more]]></excerpt>
	<link><![CDATA[http://www.tripadvisor.com/Restaurant_Review-g255100-d725330-Reviews-or10-Hairy_Canary-Melbourne_Victoria.html]]></link>
</review>
<review>
	<rating>4.0</rating>
	<author><![CDATA[A TripAdvisor Contributor]]></author>
	<date>2007-11-18</date>
	<title><![CDATA[&#x201c;Good Tapas&#x201d;]]></title>
	<excerpt><![CDATA[Good Tapas more]]></excerpt>
	<link><![CDATA[http://www.tripadvisor.com/Restaurant_Review-g255100-d725330-Reviews-or10-Hairy_Canary-Melbourne_Victoria.html]]></link>
</review>
<review>
	<rating>4.0</rating>
	<author><![CDATA[A TripAdvisor Contributor]]></author>
	<date>2007-11-13</date>
	<title><![CDATA[&#x201c;Must try!!! Cosy place...&#x201d;]]></title>
	<excerpt><![CDATA[Must try!!! Cosy place with great food and wine. more]]></excerpt>
	<link><![CDATA[http://www.tripadvisor.com/Restaurant_Review-g255100-d725330-Reviews-or20-Hairy_Canary-Melbourne_Victoria.html]]></link>
</review>
<review>
	<rating>3.0</rating>
	<author><![CDATA[A TripAdvisor Contributor]]></author>
	<date>2007-11-03</date>
	<title><![CDATA[&#x201c;Good spot for cocktails&#x201d;]]></title>
	<excerpt><![CDATA[Good spot for cocktails more]]></excerpt>
	<link><![CDATA[http://www.tripadvisor.com/Restaurant_Review-g255100-d725330-Reviews-or20-Hairy_Canary-Melbourne_Victoria.html]]></link>
</review>
<review>
	<rating>3.0</rating>
	<author><![CDATA[A TripAdvisor Contributor]]></author>
	<date>2007-10-31</date>
	<title><![CDATA[&#x201c;Good social hang out&#x201d;]]></title>
	<excerpt><![CDATA[Good social hang out more]]></excerpt>
	<link><![CDATA[http://www.tripadvisor.com/Restaurant_Review-g255100-d725330-Reviews-or20-Hairy_Canary-Melbourne_Victoria.html]]></link>
</review>
</source>