<source name="Trip Advisor" avg-rating="4.5">
<review>
	<rating>4.0</rating>
	<author><![CDATA[A TripAdvisor Contributor]]></author>
	<date>2009-02-03</date>
	<title><![CDATA[&#x201c;Click to add a comment&#x201d;]]></title>
	<excerpt><![CDATA[Click to add a comment more]]></excerpt>
	<link><![CDATA[http://www.tripadvisor.com/Restaurant_Review-g255100-d725490-Reviews-Hanabishi_Japanese_Restaurant-Melbourne_Victoria.html]]></link>
</review>
<review>
	<rating>4.0</rating>
	<author><![CDATA[A TripAdvisor Contributor]]></author>
	<date>2009-01-11</date>
	<title><![CDATA[&#x201c;Fantastic!&#x201d;]]></title>
	<excerpt><![CDATA[Fantastic! more]]></excerpt>
	<link><![CDATA[http://www.tripadvisor.com/Restaurant_Review-g255100-d725490-Reviews-Hanabishi_Japanese_Restaurant-Melbourne_Victoria.html]]></link>
</review>
<review>
	<rating>5.0</rating>
	<author><![CDATA[wsantoso]]></author>
	<date>2008-12-11</date>
	<title><![CDATA[&#x201c;Best Jap in Melbourne&#x201d;]]></title>
	<excerpt><![CDATA[Simply the best japanese restaurant in Melbourne! more]]></excerpt>
	<link><![CDATA[http://www.tripadvisor.com/Restaurant_Review-g255100-d725490-Reviews-Hanabishi_Japanese_Restaurant-Melbourne_Victoria.html]]></link>
</review>
<review>
	<rating>5.0</rating>
	<author><![CDATA[A TripAdvisor Contributor]]></author>
	<date>2008-12-06</date>
	<title><![CDATA[&#x201c;Never can get enough esp...&#x201d;]]></title>
	<excerpt><![CDATA[Never can get enough esp with the grill fish in rock salt and the soft shell crab esp cook by authentic japanese chef! more]]></excerpt>
	<link><![CDATA[http://www.tripadvisor.com/Restaurant_Review-g255100-d725490-Reviews-Hanabishi_Japanese_Restaurant-Melbourne_Victoria.html]]></link>
</review>
<review>
	<rating>5.0</rating>
	<author><![CDATA[BoA_Kwon]]></author>
	<date>2008-07-07</date>
	<title><![CDATA[&#x201c;My Fav Resturant - FTW&#x201d;]]></title>
	<excerpt><![CDATA[I LUV THIS RESTURANT! this resturant was very nice, the sushi and all the food was very nice and it was all worth it. The service was Excelent! All th]]></excerpt>
	<link><![CDATA[http://www.tripadvisor.com/Restaurant_Review-g255100-d725490-Reviews-Hanabishi_Japanese_Restaurant-Melbourne_Victoria.html]]></link>
</review>
<review>
	<rating>5.0</rating>
	<author><![CDATA[A TripAdvisor Contributor]]></author>
	<date>2008-05-18</date>
	<title><![CDATA[&#x201c;Very nice presentation...&#x201d;]]></title>
	<excerpt><![CDATA[Very nice presentation. Had the Hanabishi Course and it was definitely memorable. more]]></excerpt>
	<link><![CDATA[http://www.tripadvisor.com/Restaurant_Review-g255100-d725490-Reviews-Hanabishi_Japanese_Restaurant-Melbourne_Victoria.html]]></link>
</review>
<review>
	<rating>5.0</rating>
	<author><![CDATA[A TripAdvisor Contributor]]></author>
	<date>2008-05-18</date>
	<title><![CDATA[&#x201c;Best japanese restaurant...&#x201d;]]></title>
	<excerpt><![CDATA[Best japanese restaurant in melbourne. simplicity of the interior really makes you focus on the top quality, beautifully served and heartily cooked fo]]></excerpt>
	<link><![CDATA[http://www.tripadvisor.com/Restaurant_Review-g255100-d725490-Reviews-Hanabishi_Japanese_Restaurant-Melbourne_Victoria.html]]></link>
</review>
<review>
	<rating>3.0</rating>
	<author><![CDATA[A TripAdvisor Contributor]]></author>
	<date>2008-03-14</date>
	<title><![CDATA[&#x201c;Another good place to...&#x201d;]]></title>
	<excerpt><![CDATA[Another good place to sit at the sushi bar, especially for a quick lunch. more]]></excerpt>
	<link><![CDATA[http://www.tripadvisor.com/Restaurant_Review-g255100-d725490-Reviews-Hanabishi_Japanese_Restaurant-Melbourne_Victoria.html]]></link>
</review>
<review>
	<rating>4.0</rating>
	<author><![CDATA[A TripAdvisor Contributor]]></author>
	<date>2008-03-08</date>
	<title><![CDATA[&#x201c;Reliable but experience...&#x201d;]]></title>
	<excerpt><![CDATA[Reliable but experience can be quite random. more]]></excerpt>
	<link><![CDATA[http://www.tripadvisor.com/Restaurant_Review-g255100-d725490-Reviews-Hanabishi_Japanese_Restaurant-Melbourne_Victoria.html]]></link>
</review>
<review>
	<rating>2.0</rating>
	<author><![CDATA[A TripAdvisor Contributor]]></author>
	<date>2008-02-25</date>
	<title><![CDATA[&#x201c;Not as good as I thought&#x201d;]]></title>
	<excerpt><![CDATA[Not as good as I thought more]]></excerpt>
	<link><![CDATA[http://www.tripadvisor.com/Restaurant_Review-g255100-d725490-Reviews-Hanabishi_Japanese_Restaurant-Melbourne_Victoria.html]]></link>
</review>
<review>
	<rating>4.0</rating>
	<author><![CDATA[A TripAdvisor Contributor]]></author>
	<date>2008-01-19</date>
	<title><![CDATA[&#x201c;good ambiance at night...&#x201d;]]></title>
	<excerpt><![CDATA[good ambiance at night, good sushi place more]]></excerpt>
	<link><![CDATA[http://www.tripadvisor.com/Restaurant_Review-g255100-d725490-Reviews-or10-Hanabishi_Japanese_Restaurant-Melbourne_Victoria.html]]></link>
</review>
<review>
	<rating>3.0</rating>
	<author><![CDATA[A TripAdvisor Contributor]]></author>
	<date>2008-01-13</date>
	<title><![CDATA[&#x201c;Food is good, however...&#x201d;]]></title>
	<excerpt><![CDATA[Food is good, however the portion is a little bit small. The Black Cod with Miso, the signature dish from Nobu is very good. A bit on the pricey side ]]></excerpt>
	<link><![CDATA[http://www.tripadvisor.com/Restaurant_Review-g255100-d725490-Reviews-or10-Hanabishi_Japanese_Restaurant-Melbourne_Victoria.html]]></link>
</review>
<review>
	<rating>3.0</rating>
	<author><![CDATA[A TripAdvisor Contributor]]></author>
	<date>2007-12-29</date>
	<title><![CDATA[&#x201c;Nice cosy ambience with...&#x201d;]]></title>
	<excerpt><![CDATA[Nice cosy ambience with good food. great for a girl's night out. more]]></excerpt>
	<link><![CDATA[http://www.tripadvisor.com/Restaurant_Review-g255100-d725490-Reviews-or10-Hanabishi_Japanese_Restaurant-Melbourne_Victoria.html]]></link>
</review>
<review>
	<rating>5.0</rating>
	<author><![CDATA[A TripAdvisor Contributor]]></author>
	<date>2007-12-23</date>
	<title><![CDATA[&#x201c;My fave Japanese...&#x201d;]]></title>
	<excerpt><![CDATA[My fave Japanese Restaurant. Very delicious, and produce the most marvelous food. more]]></excerpt>
	<link><![CDATA[http://www.tripadvisor.com/Restaurant_Review-g255100-d725490-Reviews-or10-Hanabishi_Japanese_Restaurant-Melbourne_Victoria.html]]></link>
</review>
<review>
	<rating>4.0</rating>
	<author><![CDATA[A TripAdvisor Contributor]]></author>
	<date>2007-12-19</date>
	<title><![CDATA[&#x201c;A bit pricey but worth...&#x201d;]]></title>
	<excerpt><![CDATA[A bit pricey but worth it :) more]]></excerpt>
	<link><![CDATA[http://www.tripadvisor.com/Restaurant_Review-g255100-d725490-Reviews-or10-Hanabishi_Japanese_Restaurant-Melbourne_Victoria.html]]></link>
</review>
<review>
	<rating>3.0</rating>
	<author><![CDATA[A TripAdvisor Contributor]]></author>
	<date>2007-12-18</date>
	<title><![CDATA[&#x201c;The lunch box was very...&#x201d;]]></title>
	<excerpt><![CDATA[The lunch box was very nice but a bit on the pricey side and it was hard to have a juicy conversation with the tables so close together. I'd go back f]]></excerpt>
	<link><![CDATA[http://www.tripadvisor.com/Restaurant_Review-g255100-d725490-Reviews-or10-Hanabishi_Japanese_Restaurant-Melbourne_Victoria.html]]></link>
</review>
<review>
	<rating>4.0</rating>
	<author><![CDATA[A TripAdvisor Contributor]]></author>
	<date>2007-12-16</date>
	<title><![CDATA[&#x201c;Smart.
One of...&#x201d;]]></title>
	<excerpt><![CDATA[Smart.
One of Melbourne's best Japanese restaurants. more]]></excerpt>
	<link><![CDATA[http://www.tripadvisor.com/Restaurant_Review-g255100-d725490-Reviews-or10-Hanabishi_Japanese_Restaurant-Melbourne_Victoria.html]]></link>
</review>
<review>
	<rating>4.0</rating>
	<author><![CDATA[A TripAdvisor Contributor]]></author>
	<date>2007-12-16</date>
	<title><![CDATA[&#x201c;expensive, but worth it!&#x201d;]]></title>
	<excerpt><![CDATA[expensive, but worth it! more]]></excerpt>
	<link><![CDATA[http://www.tripadvisor.com/Restaurant_Review-g255100-d725490-Reviews-or10-Hanabishi_Japanese_Restaurant-Melbourne_Victoria.html]]></link>
</review>
<review>
	<rating>4.0</rating>
	<author><![CDATA[A TripAdvisor Contributor]]></author>
	<date>2007-12-15</date>
	<title><![CDATA[&#x201c;decent japanese with a...&#x201d;]]></title>
	<excerpt><![CDATA[decent japanese with a 90min all you can eat BBQ, good sushi and other mainstream japanese dishes as well more]]></excerpt>
	<link><![CDATA[http://www.tripadvisor.com/Restaurant_Review-g255100-d725490-Reviews-or10-Hanabishi_Japanese_Restaurant-Melbourne_Victoria.html]]></link>
</review>
<review>
	<rating>5.0</rating>
	<author><![CDATA[A TripAdvisor Contributor]]></author>
	<date>2007-11-29</date>
	<title><![CDATA[&#x201c;Some of the best...&#x201d;]]></title>
	<excerpt><![CDATA[Some of the best Japanese food I have ever inhaled (authentically, might i add). excellent service more]]></excerpt>
	<link><![CDATA[http://www.tripadvisor.com/Restaurant_Review-g255100-d725490-Reviews-or10-Hanabishi_Japanese_Restaurant-Melbourne_Victoria.html]]></link>
</review>
<review>
	<rating>2.0</rating>
	<author><![CDATA[A TripAdvisor Contributor]]></author>
	<date>2007-11-27</date>
	<title><![CDATA[&#x201c;not so good....&#x201d;]]></title>
	<excerpt><![CDATA[not so good.... more]]></excerpt>
	<link><![CDATA[http://www.tripadvisor.com/Restaurant_Review-g255100-d725490-Reviews-or20-Hanabishi_Japanese_Restaurant-Melbourne_Victoria.html]]></link>
</review>
<review>
	<rating>4.0</rating>
	<author><![CDATA[A TripAdvisor Contributor]]></author>
	<date>2007-11-20</date>
	<title><![CDATA[&#x201c;Kobe beef, Yum...&#x201d;]]></title>
	<excerpt><![CDATA[Kobe beef, Yum... more]]></excerpt>
	<link><![CDATA[http://www.tripadvisor.com/Restaurant_Review-g255100-d725490-Reviews-or20-Hanabishi_Japanese_Restaurant-Melbourne_Victoria.html]]></link>
</review>
<review>
	<rating>4.0</rating>
	<author><![CDATA[A TripAdvisor Contributor]]></author>
	<date>2007-11-14</date>
	<title><![CDATA[&#x201c;love the butterfish...&#x201d;]]></title>
	<excerpt><![CDATA[love the butterfish served in smoking sandalwood! more]]></excerpt>
	<link><![CDATA[http://www.tripadvisor.com/Restaurant_Review-g255100-d725490-Reviews-or20-Hanabishi_Japanese_Restaurant-Melbourne_Victoria.html]]></link>
</review>
<review>
	<rating>4.0</rating>
	<author><![CDATA[A TripAdvisor Contributor]]></author>
	<date>2007-11-08</date>
	<title><![CDATA[&#x201c;OMG..where do I start...&#x201d;]]></title>
	<excerpt><![CDATA[OMG..where do I start! perfection! more]]></excerpt>
	<link><![CDATA[http://www.tripadvisor.com/Restaurant_Review-g255100-d725490-Reviews-or20-Hanabishi_Japanese_Restaurant-Melbourne_Victoria.html]]></link>
</review>
<review>
	<rating>5.0</rating>
	<author><![CDATA[A TripAdvisor Contributor]]></author>
	<date>2007-11-03</date>
	<title><![CDATA[&#x201c;My favourite Japanese...&#x201d;]]></title>
	<excerpt><![CDATA[My favourite Japanese restaurant in Melbourne. Best hotpot, gyusashi (raw beef), and ocean trout miso hotpot... Have to choose the dessert special whi]]></excerpt>
	<link><![CDATA[http://www.tripadvisor.com/Restaurant_Review-g255100-d725490-Reviews-or20-Hanabishi_Japanese_Restaurant-Melbourne_Victoria.html]]></link>
</review>
</source>