<source name="Trip Advisor" avg-rating="4.5">
<review>
	<rating>3.0</rating>
	<author><![CDATA[A TripAdvisor Contributor]]></author>
	<date>2008-04-04</date>
	<title><![CDATA[&#x201c;Fun atmosphere, good for...&#x201d;]]></title>
	<excerpt><![CDATA[Fun atmosphere, good for tourist, but average food. more]]></excerpt>
	<link><![CDATA[http://www.tripadvisor.com/Restaurant_Review-g255100-d737986-Reviews-Hofbrauhaus-Melbourne_Victoria.html]]></link>
</review>
<review>
	<rating>4.0</rating>
	<author><![CDATA[A TripAdvisor Contributor]]></author>
	<date>2008-02-23</date>
	<title><![CDATA[&#x201c;This gets an extra star...&#x201d;]]></title>
	<excerpt><![CDATA[This gets an extra star for the unique experience of having 'The Cuckoo' music and big beers in the heart of the city. Great fun. On the overpriced si]]></excerpt>
	<link><![CDATA[http://www.tripadvisor.com/Restaurant_Review-g255100-d737986-Reviews-Hofbrauhaus-Melbourne_Victoria.html]]></link>
</review>
<review>
	<rating>5.0</rating>
	<author><![CDATA[A TripAdvisor Contributor]]></author>
	<date>2008-01-25</date>
	<title><![CDATA[&#x201c;The only good German...&#x201d;]]></title>
	<excerpt><![CDATA[The only good German restaurant in Melbourne - with German alcohol you will not find anywhere else - except Germany! more]]></excerpt>
	<link><![CDATA[http://www.tripadvisor.com/Restaurant_Review-g255100-d737986-Reviews-Hofbrauhaus-Melbourne_Victoria.html]]></link>
</review>
<review>
	<rating>4.0</rating>
	<author><![CDATA[A TripAdvisor Contributor]]></author>
	<date>2007-11-21</date>
	<title><![CDATA[&#x201c;Food like my Oma used to...&#x201d;]]></title>
	<excerpt><![CDATA[Food like my Oma used to make! more]]></excerpt>
	<link><![CDATA[http://www.tripadvisor.com/Restaurant_Review-g255100-d737986-Reviews-Hofbrauhaus-Melbourne_Victoria.html]]></link>
</review>
<review>
	<rating>2.0</rating>
	<author><![CDATA[A TripAdvisor Contributor]]></author>
	<date>2007-11-19</date>
	<title><![CDATA[&#x201c;The veal is alright...&#x201d;]]></title>
	<excerpt><![CDATA[The veal is alright ... but not a restaurant I will frequent. more]]></excerpt>
	<link><![CDATA[http://www.tripadvisor.com/Restaurant_Review-g255100-d737986-Reviews-Hofbrauhaus-Melbourne_Victoria.html]]></link>
</review>
<review>
	<rating>3.0</rating>
	<author><![CDATA[A TripAdvisor Contributor]]></author>
	<date>2007-11-18</date>
	<title><![CDATA[&#x201c;Have to like german food...&#x201d;]]></title>
	<excerpt><![CDATA[Have to like german food though.... nice sausages more]]></excerpt>
	<link><![CDATA[http://www.tripadvisor.com/Restaurant_Review-g255100-d737986-Reviews-Hofbrauhaus-Melbourne_Victoria.html]]></link>
</review>
<review>
	<rating>4.0</rating>
	<author><![CDATA[A TripAdvisor Contributor]]></author>
	<date>2007-11-14</date>
	<title><![CDATA[&#x201c;If love love sausages...&#x201d;]]></title>
	<excerpt><![CDATA[If love love sausages, snitzels, great german beer and a sing a long, this is a great night out. Very entertaining. more]]></excerpt>
	<link><![CDATA[http://www.tripadvisor.com/Restaurant_Review-g255100-d737986-Reviews-Hofbrauhaus-Melbourne_Victoria.html]]></link>
</review>
<review>
	<rating>3.0</rating>
	<author><![CDATA[A TripAdvisor Contributor]]></author>
	<date>2007-11-07</date>
	<title><![CDATA[&#x201c;Cute novelty German...&#x201d;]]></title>
	<excerpt><![CDATA[Cute novelty German restaurant with a variety of beers. Live entertainment which would be good for groups. Food was ok. more]]></excerpt>
	<link><![CDATA[http://www.tripadvisor.com/Restaurant_Review-g255100-d737986-Reviews-Hofbrauhaus-Melbourne_Victoria.html]]></link>
</review>
</source>