<source name="Trip Advisor" avg-rating="4.0">
<review>
	<rating>4.0</rating>
	<author><![CDATA[A TripAdvisor Contributor]]></author>
	<date>2008-08-17</date>
	<title><![CDATA[&#x201c;Great value for money...&#x201d;]]></title>
	<excerpt><![CDATA[Great value for money with nice food along one of Melbourne's well known cafe streets. Can well understand why people love the pizza here - not sure i]]></excerpt>
	<link><![CDATA[http://www.tripadvisor.com/Restaurant_Review-g255100-d738257-Reviews-Il_Gambero-Melbourne_Victoria.html]]></link>
</review>
<review>
	<rating>5.0</rating>
	<author><![CDATA[A TripAdvisor Contributor]]></author>
	<date>2008-07-01</date>
	<title><![CDATA[&#x201c;Best gnocchi. Yummmmm.&#x201d;]]></title>
	<excerpt><![CDATA[Best gnocchi. Yummmmm. more]]></excerpt>
	<link><![CDATA[http://www.tripadvisor.com/Restaurant_Review-g255100-d738257-Reviews-Il_Gambero-Melbourne_Victoria.html]]></link>
</review>
<review>
	<rating>2.0</rating>
	<author><![CDATA[A TripAdvisor Contributor]]></author>
	<date>2008-04-27</date>
	<title><![CDATA[&#x201c;Thot everything was just...&#x201d;]]></title>
	<excerpt><![CDATA[Thot everything was just so-so like most places in Lygon.. more]]></excerpt>
	<link><![CDATA[http://www.tripadvisor.com/Restaurant_Review-g255100-d738257-Reviews-Il_Gambero-Melbourne_Victoria.html]]></link>
</review>
<review>
	<rating>4.0</rating>
	<author><![CDATA[A TripAdvisor Contributor]]></author>
	<date>2008-04-23</date>
	<title><![CDATA[&#x201c;Sad if I remember the...&#x201d;]]></title>
	<excerpt><![CDATA[Sad if I remember the last time I went there. It was my class's farewell party. Miss them heaps. more]]></excerpt>
	<link><![CDATA[http://www.tripadvisor.com/Restaurant_Review-g255100-d738257-Reviews-Il_Gambero-Melbourne_Victoria.html]]></link>
</review>
<review>
	<rating>4.0</rating>
	<author><![CDATA[A TripAdvisor Contributor]]></author>
	<date>2008-04-08</date>
	<title><![CDATA[&#x201c;Great Pasta!&#x201d;]]></title>
	<excerpt><![CDATA[Great Pasta! more]]></excerpt>
	<link><![CDATA[http://www.tripadvisor.com/Restaurant_Review-g255100-d738257-Reviews-Il_Gambero-Melbourne_Victoria.html]]></link>
</review>
<review>
	<rating>5.0</rating>
	<author><![CDATA[A TripAdvisor Contributor]]></author>
	<date>2008-02-03</date>
	<title><![CDATA[&#x201c;Have been going there...&#x201d;]]></title>
	<excerpt><![CDATA[Have been going there for years. Still the best more]]></excerpt>
	<link><![CDATA[http://www.tripadvisor.com/Restaurant_Review-g255100-d738257-Reviews-Il_Gambero-Melbourne_Victoria.html]]></link>
</review>
<review>
	<rating>5.0</rating>
	<author><![CDATA[A TripAdvisor Contributor]]></author>
	<date>2008-01-25</date>
	<title><![CDATA[&#x201c;Could go in running for...&#x201d;]]></title>
	<excerpt><![CDATA[Could go in running for best pizza on Lygon. more]]></excerpt>
	<link><![CDATA[http://www.tripadvisor.com/Restaurant_Review-g255100-d738257-Reviews-Il_Gambero-Melbourne_Victoria.html]]></link>
</review>
<review>
	<rating>2.0</rating>
	<author><![CDATA[A TripAdvisor Contributor]]></author>
	<date>2007-11-29</date>
	<title><![CDATA[&#x201c;Reasonable pizzas and...&#x201d;]]></title>
	<excerpt><![CDATA[Reasonable pizzas and pasta more]]></excerpt>
	<link><![CDATA[http://www.tripadvisor.com/Restaurant_Review-g255100-d738257-Reviews-Il_Gambero-Melbourne_Victoria.html]]></link>
</review>
<review>
	<rating>3.0</rating>
	<author><![CDATA[A TripAdvisor Contributor]]></author>
	<date>2007-11-17</date>
	<title><![CDATA[&#x201c;not a bad place for...&#x201d;]]></title>
	<excerpt><![CDATA[not a bad place for fish, but yeah...there is better more]]></excerpt>
	<link><![CDATA[http://www.tripadvisor.com/Restaurant_Review-g255100-d738257-Reviews-Il_Gambero-Melbourne_Victoria.html]]></link>
</review>
</source>