<source name="Trip Advisor" avg-rating="4.5">
<review>
	<rating>4.0</rating>
	<author><![CDATA[A TripAdvisor Contributor]]></author>
	<date>2008-09-08</date>
	<title><![CDATA[&#x201c;Great space beneath the...&#x201d;]]></title>
	<excerpt><![CDATA[Great space beneath the road level - nice and cosy. Food, if I can remember, was a good, solid effort, without being outstanding. Would go back. more]]></excerpt>
	<link><![CDATA[http://www.tripadvisor.com/Restaurant_Review-g255100-d794109-Reviews-Il_Solito_Posto-Melbourne_Victoria.html]]></link>
</review>
<review>
	<rating>3.0</rating>
	<author><![CDATA[A TripAdvisor Contributor]]></author>
	<date>2008-06-04</date>
	<title><![CDATA[&#x201c;7/10. Was good standard...&#x201d;]]></title>
	<excerpt><![CDATA[7/10. Was good standard italian but not exceptional. Busy, but reasonably spaced basement atmosphere is tranquil. more]]></excerpt>
	<link><![CDATA[http://www.tripadvisor.com/Restaurant_Review-g255100-d794109-Reviews-Il_Solito_Posto-Melbourne_Victoria.html]]></link>
</review>
<review>
	<rating>4.0</rating>
	<author><![CDATA[A TripAdvisor Contributor]]></author>
	<date>2008-05-16</date>
	<title><![CDATA[&#x201c;Best authentic cabonara...&#x201d;]]></title>
	<excerpt><![CDATA[Best authentic cabonara in Melb... with the DIY egg on top. Breakfast is always great there as well more]]></excerpt>
	<link><![CDATA[http://www.tripadvisor.com/Restaurant_Review-g255100-d794109-Reviews-Il_Solito_Posto-Melbourne_Victoria.html]]></link>
</review>
<review>
	<rating>3.0</rating>
	<author><![CDATA[A TripAdvisor Contributor]]></author>
	<date>2008-01-31</date>
	<title><![CDATA[&#x201c;food executed well but...&#x201d;]]></title>
	<excerpt><![CDATA[food executed well but nothing you can't get at any number of italian restaurants. more]]></excerpt>
	<link><![CDATA[http://www.tripadvisor.com/Restaurant_Review-g255100-d794109-Reviews-Il_Solito_Posto-Melbourne_Victoria.html]]></link>
</review>
<review>
	<rating>3.0</rating>
	<author><![CDATA[A TripAdvisor Contributor]]></author>
	<date>2008-01-11</date>
	<title><![CDATA[&#x201c;top italian food in a...&#x201d;]]></title>
	<excerpt><![CDATA[top italian food in a bunker more]]></excerpt>
	<link><![CDATA[http://www.tripadvisor.com/Restaurant_Review-g255100-d794109-Reviews-Il_Solito_Posto-Melbourne_Victoria.html]]></link>
</review>
<review>
	<rating>3.0</rating>
	<author><![CDATA[A TripAdvisor Contributor]]></author>
	<date>2008-01-08</date>
	<title><![CDATA[&#x201c;Always busy and hectic...&#x201d;]]></title>
	<excerpt><![CDATA[Always busy and hectic, you'll get a great Italian meal served with a smile. Pastas are served with love and very generous. With a good atmosphere in ]]></excerpt>
	<link><![CDATA[http://www.tripadvisor.com/Restaurant_Review-g255100-d794109-Reviews-Il_Solito_Posto-Melbourne_Victoria.html]]></link>
</review>
<review>
	<rating>3.0</rating>
	<author><![CDATA[A TripAdvisor Contributor]]></author>
	<date>2007-12-29</date>
	<title><![CDATA[&#x201c;This place has been...&#x201d;]]></title>
	<excerpt><![CDATA[This place has been around for yonks. Not as good as it used to be! more]]></excerpt>
	<link><![CDATA[http://www.tripadvisor.com/Restaurant_Review-g255100-d794109-Reviews-Il_Solito_Posto-Melbourne_Victoria.html]]></link>
</review>
<review>
	<rating>3.0</rating>
	<author><![CDATA[A TripAdvisor Contributor]]></author>
	<date>2007-12-27</date>
	<title><![CDATA[&#x201c;Recommend if looking for...&#x201d;]]></title>
	<excerpt><![CDATA[Recommend if looking for an classy Italian resturant in the CBD..
Pricey more]]></excerpt>
	<link><![CDATA[http://www.tripadvisor.com/Restaurant_Review-g255100-d794109-Reviews-Il_Solito_Posto-Melbourne_Victoria.html]]></link>
</review>
<review>
	<rating>5.0</rating>
	<author><![CDATA[A TripAdvisor Contributor]]></author>
	<date>2007-12-17</date>
	<title><![CDATA[&#x201c;'the usual place' is the...&#x201d;]]></title>
	<excerpt><![CDATA['the usual place' is the best in melbourne.. more]]></excerpt>
	<link><![CDATA[http://www.tripadvisor.com/Restaurant_Review-g255100-d794109-Reviews-Il_Solito_Posto-Melbourne_Victoria.html]]></link>
</review>
<review>
	<rating>3.0</rating>
	<author><![CDATA[A TripAdvisor Contributor]]></author>
	<date>2007-12-16</date>
	<title><![CDATA[&#x201c;Casual but smart.
Good...&#x201d;]]></title>
	<excerpt><![CDATA[Casual but smart.
Good food but not up there with the best. more]]></excerpt>
	<link><![CDATA[http://www.tripadvisor.com/Restaurant_Review-g255100-d794109-Reviews-Il_Solito_Posto-Melbourne_Victoria.html]]></link>
</review>
<review>
	<rating>4.0</rating>
	<author><![CDATA[A TripAdvisor Contributor]]></author>
	<date>2007-11-30</date>
	<title><![CDATA[&#x201c;Nice little place hidden...&#x201d;]]></title>
	<excerpt><![CDATA[Nice little place hidden off Collins St - nice food and atmosphere more]]></excerpt>
	<link><![CDATA[http://www.tripadvisor.com/Restaurant_Review-g255100-d794109-Reviews-or10-Il_Solito_Posto-Melbourne_Victoria.html]]></link>
</review>
<review>
	<rating>5.0</rating>
	<author><![CDATA[A TripAdvisor Contributor]]></author>
	<date>2007-11-30</date>
	<title><![CDATA[&#x201c;A must for any italian...&#x201d;]]></title>
	<excerpt><![CDATA[A must for any italian lover - the food has been perfect every time I have been. Make bookings, it is always packed. more]]></excerpt>
	<link><![CDATA[http://www.tripadvisor.com/Restaurant_Review-g255100-d794109-Reviews-or10-Il_Solito_Posto-Melbourne_Victoria.html]]></link>
</review>
</source>