<source name="Trip Advisor" avg-rating="4.0">
<review>
	<rating>4.0</rating>
	<author><![CDATA[LeighCMelbourne]]></author>
	<date>2009-03-04</date>
	<title><![CDATA[&#x201c;Great Thai food&#x201d;]]></title>
	<excerpt><![CDATA[Great Thai food more]]></excerpt>
	<link><![CDATA[http://www.tripadvisor.com/Restaurant_Review-g255100-d725893-Reviews-Isthmus_of_Kra-Melbourne_Victoria.html]]></link>
</review>
<review>
	<rating>3.0</rating>
	<author><![CDATA[A TripAdvisor Contributor]]></author>
	<date>2008-09-04</date>
	<title><![CDATA[&#x201c;DefinateLy overpriced !&#x201d;]]></title>
	<excerpt><![CDATA[DefinateLy overpriced ! more]]></excerpt>
	<link><![CDATA[http://www.tripadvisor.com/Restaurant_Review-g255100-d725893-Reviews-Isthmus_of_Kra-Melbourne_Victoria.html]]></link>
</review>
<review>
	<rating>3.0</rating>
	<author><![CDATA[A TripAdvisor Contributor]]></author>
	<date>2008-01-18</date>
	<title><![CDATA[&#x201c;Overpriced but the food...&#x201d;]]></title>
	<excerpt><![CDATA[Overpriced but the food is good. more]]></excerpt>
	<link><![CDATA[http://www.tripadvisor.com/Restaurant_Review-g255100-d725893-Reviews-Isthmus_of_Kra-Melbourne_Victoria.html]]></link>
</review>
<review>
	<rating>4.0</rating>
	<author><![CDATA[A TripAdvisor Contributor]]></author>
	<date>2007-12-30</date>
	<title><![CDATA[&#x201c;Great food but I have...&#x201d;]]></title>
	<excerpt><![CDATA[Great food but I have lost something everytime I have been to this restaurant ie: mobile phone, pressie etc. more]]></excerpt>
	<link><![CDATA[http://www.tripadvisor.com/Restaurant_Review-g255100-d725893-Reviews-Isthmus_of_Kra-Melbourne_Victoria.html]]></link>
</review>
<review>
	<rating>3.0</rating>
	<author><![CDATA[A TripAdvisor Contributor]]></author>
	<date>2007-11-21</date>
	<title><![CDATA[&#x201c;Was one of the best Thai...&#x201d;]]></title>
	<excerpt><![CDATA[Was one of the best Thai but standards has dropped a little. Still the best oysters and pandan chicken in town. more]]></excerpt>
	<link><![CDATA[http://www.tripadvisor.com/Restaurant_Review-g255100-d725893-Reviews-Isthmus_of_Kra-Melbourne_Victoria.html]]></link>
</review>
</source>