<source name="Trip Advisor" avg-rating="4.0">
<review>
	<rating>5.0</rating>
	<author><![CDATA[A TripAdvisor Contributor]]></author>
	<date>2008-10-26</date>
	<title><![CDATA[&#x201c;The best restaurant ever!&#x201d;]]></title>
	<excerpt><![CDATA[The best restaurant ever! more]]></excerpt>
	<link><![CDATA[http://www.tripadvisor.com/Restaurant_Review-g255100-d725976-Reviews-Jim_s_Greek_Tavern-Melbourne_Victoria.html]]></link>
</review>
<review>
	<rating>4.0</rating>
	<author><![CDATA[A TripAdvisor Contributor]]></author>
	<date>2008-06-16</date>
	<title><![CDATA[&#x201c;No menu's, great food...&#x201d;]]></title>
	<excerpt><![CDATA[No menu's, great food, crazy and loud, very Greek more]]></excerpt>
	<link><![CDATA[http://www.tripadvisor.com/Restaurant_Review-g255100-d725976-Reviews-Jim_s_Greek_Tavern-Melbourne_Victoria.html]]></link>
</review>
<review>
	<rating>5.0</rating>
	<author><![CDATA[A TripAdvisor Contributor]]></author>
	<date>2008-05-11</date>
	<title><![CDATA[&#x201c;When one attends Jim's...&#x201d;]]></title>
	<excerpt><![CDATA[When one attends Jim's Greek Tavern one should expect quite a boisterous atmosphere, absence of a menu and a cavalcade of colourful waiters. Needless ]]></excerpt>
	<link><![CDATA[http://www.tripadvisor.com/Restaurant_Review-g255100-d725976-Reviews-Jim_s_Greek_Tavern-Melbourne_Victoria.html]]></link>
</review>
<review>
	<rating>4.0</rating>
	<author><![CDATA[A TripAdvisor Contributor]]></author>
	<date>2008-04-29</date>
	<title><![CDATA[&#x201c;wonderful&#x201d;]]></title>
	<excerpt><![CDATA[wonderful more]]></excerpt>
	<link><![CDATA[http://www.tripadvisor.com/Restaurant_Review-g255100-d725976-Reviews-Jim_s_Greek_Tavern-Melbourne_Victoria.html]]></link>
</review>
<review>
	<rating>5.0</rating>
	<author><![CDATA[A TripAdvisor Contributor]]></author>
	<date>2008-04-01</date>
	<title><![CDATA[&#x201c;Food AWESOME...&#x201d;]]></title>
	<excerpt><![CDATA[Food AWESOME. Atmosphere HEAPS OF FUN (and lots of dancing). Also BYO. A fave of mine. more]]></excerpt>
	<link><![CDATA[http://www.tripadvisor.com/Restaurant_Review-g255100-d725976-Reviews-Jim_s_Greek_Tavern-Melbourne_Victoria.html]]></link>
</review>
<review>
	<rating>4.0</rating>
	<author><![CDATA[A TripAdvisor Contributor]]></author>
	<date>2008-02-02</date>
	<title><![CDATA[&#x201c;good food , good...&#x201d;]]></title>
	<excerpt><![CDATA[good food , good service, good price,, but boy do they squeeze the people in.. if you want to know what a sardine in a can is like.. more]]></excerpt>
	<link><![CDATA[http://www.tripadvisor.com/Restaurant_Review-g255100-d725976-Reviews-Jim_s_Greek_Tavern-Melbourne_Victoria.html]]></link>
</review>
<review>
	<rating>2.0</rating>
	<author><![CDATA[A TripAdvisor Contributor]]></author>
	<date>2008-01-19</date>
	<title><![CDATA[&#x201c;a good rustic atmosphere...&#x201d;]]></title>
	<excerpt><![CDATA[a good rustic atmosphere - the food is good, however it is far too noisy for any kind of discussion or chat! more]]></excerpt>
	<link><![CDATA[http://www.tripadvisor.com/Restaurant_Review-g255100-d725976-Reviews-Jim_s_Greek_Tavern-Melbourne_Victoria.html]]></link>
</review>
<review>
	<rating>3.0</rating>
	<author><![CDATA[A TripAdvisor Contributor]]></author>
	<date>2008-01-01</date>
	<title><![CDATA[&#x201c;Like most greek...&#x201d;]]></title>
	<excerpt><![CDATA[Like most greek restauarnts, you don't come here for a special intimate dinner, but it is great in a group or when you don't know what to eat and feel]]></excerpt>
	<link><![CDATA[http://www.tripadvisor.com/Restaurant_Review-g255100-d725976-Reviews-Jim_s_Greek_Tavern-Melbourne_Victoria.html]]></link>
</review>
<review>
	<rating>3.0</rating>
	<author><![CDATA[A TripAdvisor Contributor]]></author>
	<date>2007-12-27</date>
	<title><![CDATA[&#x201c;Good atmosphere but not...&#x201d;]]></title>
	<excerpt><![CDATA[Good atmosphere but not particularly special Greek food. more]]></excerpt>
	<link><![CDATA[http://www.tripadvisor.com/Restaurant_Review-g255100-d725976-Reviews-Jim_s_Greek_Tavern-Melbourne_Victoria.html]]></link>
</review>
<review>
	<rating>1.0</rating>
	<author><![CDATA[A TripAdvisor Contributor]]></author>
	<date>2007-12-16</date>
	<title><![CDATA[&#x201c;A bit of an icon but...&#x201d;]]></title>
	<excerpt><![CDATA[A bit of an icon but past it's best.
Crowded, noisy, bad service, no menu - you get what you're given. And poor value. more]]></excerpt>
	<link><![CDATA[http://www.tripadvisor.com/Restaurant_Review-g255100-d725976-Reviews-Jim_s_Greek_Tavern-Melbourne_Victoria.html]]></link>
</review>
<review>
	<rating>5.0</rating>
	<author><![CDATA[A TripAdvisor Contributor]]></author>
	<date>2007-12-11</date>
	<title><![CDATA[&#x201c;Located near the corner...&#x201d;]]></title>
	<excerpt><![CDATA[Located near the corner of Johnston and Smith streets in Collingwood, this is my fav Greek tavern in Melbourne. The staff, patrons and the restaurant ]]></excerpt>
	<link><![CDATA[http://www.tripadvisor.com/Restaurant_Review-g255100-d725976-Reviews-or10-Jim_s_Greek_Tavern-Melbourne_Victoria.html]]></link>
</review>
<review>
	<rating>2.0</rating>
	<author><![CDATA[A TripAdvisor Contributor]]></author>
	<date>2007-12-01</date>
	<title><![CDATA[&#x201c;Disappointing and...&#x201d;]]></title>
	<excerpt><![CDATA[Disappointing and expense seafood more]]></excerpt>
	<link><![CDATA[http://www.tripadvisor.com/Restaurant_Review-g255100-d725976-Reviews-or10-Jim_s_Greek_Tavern-Melbourne_Victoria.html]]></link>
</review>
<review>
	<rating>3.0</rating>
	<author><![CDATA[A TripAdvisor Contributor]]></author>
	<date>2007-11-29</date>
	<title><![CDATA[&#x201c;Real filling food and a...&#x201d;]]></title>
	<excerpt><![CDATA[Real filling food and a smoking room more]]></excerpt>
	<link><![CDATA[http://www.tripadvisor.com/Restaurant_Review-g255100-d725976-Reviews-or10-Jim_s_Greek_Tavern-Melbourne_Victoria.html]]></link>
</review>
<review>
	<rating>3.0</rating>
	<author><![CDATA[A TripAdvisor Contributor]]></author>
	<date>2007-11-27</date>
	<title><![CDATA[&#x201c;fun time&#x201d;]]></title>
	<excerpt><![CDATA[fun time more]]></excerpt>
	<link><![CDATA[http://www.tripadvisor.com/Restaurant_Review-g255100-d725976-Reviews-or10-Jim_s_Greek_Tavern-Melbourne_Victoria.html]]></link>
</review>
<review>
	<rating>4.0</rating>
	<author><![CDATA[A TripAdvisor Contributor]]></author>
	<date>2007-11-22</date>
	<title><![CDATA[&#x201c;This place is excellent...&#x201d;]]></title>
	<excerpt><![CDATA[This place is excellent. The banquet was great value. I love the business of the place and the personality of our waiter. I want to go back soon. more]]></excerpt>
	<link><![CDATA[http://www.tripadvisor.com/Restaurant_Review-g255100-d725976-Reviews-or10-Jim_s_Greek_Tavern-Melbourne_Victoria.html]]></link>
</review>
<review>
	<rating>5.0</rating>
	<author><![CDATA[A TripAdvisor Contributor]]></author>
	<date>2007-11-21</date>
	<title><![CDATA[&#x201c;The best Greek food here...&#x201d;]]></title>
	<excerpt><![CDATA[The best Greek food here in Melbourne. The food is just fantastic. The greek guys are funny and took good care of us. more]]></excerpt>
	<link><![CDATA[http://www.tripadvisor.com/Restaurant_Review-g255100-d725976-Reviews-or10-Jim_s_Greek_Tavern-Melbourne_Victoria.html]]></link>
</review>
<review>
	<rating>4.0</rating>
	<author><![CDATA[A TripAdvisor Contributor]]></author>
	<date>2007-11-20</date>
	<title><![CDATA[&#x201c;Very special atmosphere...&#x201d;]]></title>
	<excerpt><![CDATA[Very special atmosphere and great, fresh Greek food!! Awesome!! more]]></excerpt>
	<link><![CDATA[http://www.tripadvisor.com/Restaurant_Review-g255100-d725976-Reviews-or10-Jim_s_Greek_Tavern-Melbourne_Victoria.html]]></link>
</review>
<review>
	<rating>4.0</rating>
	<author><![CDATA[A TripAdvisor Contributor]]></author>
	<date>2007-11-18</date>
	<title><![CDATA[&#x201c;Good greek food.... but...&#x201d;]]></title>
	<excerpt><![CDATA[Good greek food.... but I always eat so much here? more]]></excerpt>
	<link><![CDATA[http://www.tripadvisor.com/Restaurant_Review-g255100-d725976-Reviews-or10-Jim_s_Greek_Tavern-Melbourne_Victoria.html]]></link>
</review>
<review>
	<rating>4.0</rating>
	<author><![CDATA[A TripAdvisor Contributor]]></author>
	<date>2007-11-14</date>
	<title><![CDATA[&#x201c;The food here is great...&#x201d;]]></title>
	<excerpt><![CDATA[The food here is great. Will definitely go back. more]]></excerpt>
	<link><![CDATA[http://www.tripadvisor.com/Restaurant_Review-g255100-d725976-Reviews-or10-Jim_s_Greek_Tavern-Melbourne_Victoria.html]]></link>
</review>
<review>
	<rating>4.0</rating>
	<author><![CDATA[A TripAdvisor Contributor]]></author>
	<date>2007-11-01</date>
	<title><![CDATA[&#x201c;fantastic food&#x201d;]]></title>
	<excerpt><![CDATA[fantastic food more]]></excerpt>
	<link><![CDATA[http://www.tripadvisor.com/Restaurant_Review-g255100-d725976-Reviews-or10-Jim_s_Greek_Tavern-Melbourne_Victoria.html]]></link>
</review>
</source>