<source name="Trip Advisor" avg-rating="4.0">
<review>
	<rating>5.0</rating>
	<author><![CDATA[A TripAdvisor Contributor]]></author>
	<date>2009-01-07</date>
	<title><![CDATA[&#x201c;What a food safari this...&#x201d;]]></title>
	<excerpt><![CDATA[What a food safari this place is. The seafood stirfry (more a paella) is delicious - as is everything on the menu!! more]]></excerpt>
	<link><![CDATA[http://www.tripadvisor.com/Restaurant_Review-g255100-d726208-Reviews-Kamel-Melbourne_Victoria.html]]></link>
</review>
<review>
	<rating>3.0</rating>
	<author><![CDATA[A TripAdvisor Contributor]]></author>
	<date>2008-04-27</date>
	<title><![CDATA[&#x201c;Nice lil Middle Eastern...&#x201d;]]></title>
	<excerpt><![CDATA[Nice lil Middle Eastern place, luv the interesting food there but it's bit far from where I live.. more]]></excerpt>
	<link><![CDATA[http://www.tripadvisor.com/Restaurant_Review-g255100-d726208-Reviews-Kamel-Melbourne_Victoria.html]]></link>
</review>
<review>
	<rating>4.0</rating>
	<author><![CDATA[A TripAdvisor Contributor]]></author>
	<date>2008-03-15</date>
	<title><![CDATA[&#x201c;Love going for a late...&#x201d;]]></title>
	<excerpt><![CDATA[Love going for a late breakfast - Field mushrooms and the butter beans are my favourite more]]></excerpt>
	<link><![CDATA[http://www.tripadvisor.com/Restaurant_Review-g255100-d726208-Reviews-Kamel-Melbourne_Victoria.html]]></link>
</review>
<review>
	<rating>4.0</rating>
	<author><![CDATA[A TripAdvisor Contributor]]></author>
	<date>2008-01-18</date>
	<title><![CDATA[&#x201c;Good tapas style food...&#x201d;]]></title>
	<excerpt><![CDATA[Good tapas style food with a good wine list and warm atmosphere. more]]></excerpt>
	<link><![CDATA[http://www.tripadvisor.com/Restaurant_Review-g255100-d726208-Reviews-Kamel-Melbourne_Victoria.html]]></link>
</review>
</source>