<source name="Trip Advisor" avg-rating="4.5">
<review>
	<rating>4.0</rating>
	<author><![CDATA[A TripAdvisor Contributor]]></author>
	<date>2008-12-06</date>
	<title><![CDATA[&#x201c;Another authentic jap...&#x201d;]]></title>
	<excerpt><![CDATA[Another authentic jap rest with great entree and dessert. more]]></excerpt>
	<link><![CDATA[http://www.tripadvisor.com/Restaurant_Review-g255100-d789677-Reviews-Kenzan-Melbourne_Victoria.html]]></link>
</review>
<review>
	<rating>5.0</rating>
	<author><![CDATA[A TripAdvisor Contributor]]></author>
	<date>2008-11-04</date>
	<title><![CDATA[&#x201c;the sushi is GREAT...&#x201d;]]></title>
	<excerpt><![CDATA[the sushi is GREAT. that's all u need to know. more]]></excerpt>
	<link><![CDATA[http://www.tripadvisor.com/Restaurant_Review-g255100-d789677-Reviews-Kenzan-Melbourne_Victoria.html]]></link>
</review>
<review>
	<rating>3.0</rating>
	<author><![CDATA[A TripAdvisor Contributor]]></author>
	<date>2008-10-20</date>
	<title><![CDATA[&#x201c;A fine Japanese...&#x201d;]]></title>
	<excerpt><![CDATA[A fine Japanese restaurant more]]></excerpt>
	<link><![CDATA[http://www.tripadvisor.com/Restaurant_Review-g255100-d789677-Reviews-Kenzan-Melbourne_Victoria.html]]></link>
</review>
<review>
	<rating>4.0</rating>
	<author><![CDATA[A TripAdvisor Contributor]]></author>
	<date>2008-08-18</date>
	<title><![CDATA[&#x201c;Love the food!&#x201d;]]></title>
	<excerpt><![CDATA[Love the food! more]]></excerpt>
	<link><![CDATA[http://www.tripadvisor.com/Restaurant_Review-g255100-d789677-Reviews-Kenzan-Melbourne_Victoria.html]]></link>
</review>
<review>
	<rating>4.0</rating>
	<author><![CDATA[A TripAdvisor Contributor]]></author>
	<date>2008-04-03</date>
	<title><![CDATA[&#x201c;Interesting 2-tier bento...&#x201d;]]></title>
	<excerpt><![CDATA[Interesting 2-tier bento box for lunch, quite expensive though. more]]></excerpt>
	<link><![CDATA[http://www.tripadvisor.com/Restaurant_Review-g255100-d789677-Reviews-Kenzan-Melbourne_Victoria.html]]></link>
</review>
<review>
	<rating>4.0</rating>
	<author><![CDATA[A TripAdvisor Contributor]]></author>
	<date>2008-01-31</date>
	<title><![CDATA[&#x201c;best japanese restaurant...&#x201d;]]></title>
	<excerpt><![CDATA[best japanese restaurant in the CBD - lucky for them nobu is outside the cbd...just. more]]></excerpt>
	<link><![CDATA[http://www.tripadvisor.com/Restaurant_Review-g255100-d789677-Reviews-Kenzan-Melbourne_Victoria.html]]></link>
</review>
<review>
	<rating>4.0</rating>
	<author><![CDATA[A TripAdvisor Contributor]]></author>
	<date>2008-01-25</date>
	<title><![CDATA[&#x201c;One of the best places...&#x201d;]]></title>
	<excerpt><![CDATA[One of the best places for Sushi in Melbourne more]]></excerpt>
	<link><![CDATA[http://www.tripadvisor.com/Restaurant_Review-g255100-d789677-Reviews-Kenzan-Melbourne_Victoria.html]]></link>
</review>
<review>
	<rating>3.0</rating>
	<author><![CDATA[A TripAdvisor Contributor]]></author>
	<date>2008-01-20</date>
	<title><![CDATA[&#x201c;(3.5 stars)
Kenzan...&#x201d;]]></title>
	<excerpt><![CDATA[(3.5 stars)
Kenzan may not push the envelope but if traditional, quality Japanese is what you're after, Kenzan may soon become your favourite Japanese]]></excerpt>
	<link><![CDATA[http://www.tripadvisor.com/Restaurant_Review-g255100-d789677-Reviews-Kenzan-Melbourne_Victoria.html]]></link>
</review>
<review>
	<rating>4.0</rating>
	<author><![CDATA[A TripAdvisor Contributor]]></author>
	<date>2007-12-27</date>
	<title><![CDATA[&#x201c;Very nice Japanese...&#x201d;]]></title>
	<excerpt><![CDATA[Very nice Japanese restaurant usually filled with Japanese businessmen. Booking advised. more]]></excerpt>
	<link><![CDATA[http://www.tripadvisor.com/Restaurant_Review-g255100-d789677-Reviews-Kenzan-Melbourne_Victoria.html]]></link>
</review>
<review>
	<rating>5.0</rating>
	<author><![CDATA[A TripAdvisor Contributor]]></author>
	<date>2007-12-20</date>
	<title><![CDATA[&#x201c;Sashimi is one of the...&#x201d;]]></title>
	<excerpt><![CDATA[Sashimi is one of the best. FRESH. more]]></excerpt>
	<link><![CDATA[http://www.tripadvisor.com/Restaurant_Review-g255100-d789677-Reviews-Kenzan-Melbourne_Victoria.html]]></link>
</review>
<review>
	<rating>5.0</rating>
	<author><![CDATA[A TripAdvisor Contributor]]></author>
	<date>2007-12-16</date>
	<title><![CDATA[&#x201c;it's a tradition! to...&#x201d;]]></title>
	<excerpt><![CDATA[it's a tradition! to meet up with any friend working in the city to just grab lunch @ kenzan ^_^ (the GPO one tho).. hehe more]]></excerpt>
	<link><![CDATA[http://www.tripadvisor.com/Restaurant_Review-g255100-d789677-Reviews-or10-Kenzan-Melbourne_Victoria.html]]></link>
</review>
<review>
	<rating>4.0</rating>
	<author><![CDATA[A TripAdvisor Contributor]]></author>
	<date>2007-12-04</date>
	<title><![CDATA[&#x201c;nice sushi&#x201d;]]></title>
	<excerpt><![CDATA[nice sushi more]]></excerpt>
	<link><![CDATA[http://www.tripadvisor.com/Restaurant_Review-g255100-d789677-Reviews-or10-Kenzan-Melbourne_Victoria.html]]></link>
</review>
<review>
	<rating>4.0</rating>
	<author><![CDATA[A TripAdvisor Contributor]]></author>
	<date>2007-11-29</date>
	<title><![CDATA[&#x201c;The chef's special sushi...&#x201d;]]></title>
	<excerpt><![CDATA[The chef's special sushi selection is as close as one will be eating in a top-end sushi restaurant in Japan. Kenzan and Shianuri are my favorites for ]]></excerpt>
	<link><![CDATA[http://www.tripadvisor.com/Restaurant_Review-g255100-d789677-Reviews-or10-Kenzan-Melbourne_Victoria.html]]></link>
</review>
</source>