<source name="Trip Advisor" avg-rating="4.0">
<review>
	<rating>3.0</rating>
	<author><![CDATA[KarenMChristchurch]]></author>
	<date>2008-08-26</date>
	<title><![CDATA[&#x201c;The veal was fabulous&#x201d;]]></title>
	<excerpt><![CDATA[The veal was fabulous more]]></excerpt>
	<link><![CDATA[http://www.tripadvisor.com/Restaurant_Review-g255100-d726249-Reviews-Key_On_The_Wall_Restaurant-Melbourne_Victoria.html]]></link>
</review>
<review>
	<rating>1.0</rating>
	<author><![CDATA[A TripAdvisor Contributor]]></author>
	<date>2008-06-30</date>
	<title><![CDATA[&#x201c;bad.&#x201d;]]></title>
	<excerpt><![CDATA[bad. more]]></excerpt>
	<link><![CDATA[http://www.tripadvisor.com/Restaurant_Review-g255100-d726249-Reviews-Key_On_The_Wall_Restaurant-Melbourne_Victoria.html]]></link>
</review>
<review>
	<rating>1.0</rating>
	<author><![CDATA[A TripAdvisor Contributor]]></author>
	<date>2008-06-30</date>
	<title><![CDATA[&#x201c;Terrible, go elsewhere...&#x201d;]]></title>
	<excerpt><![CDATA[Terrible, go elsewhere. Food and service not great. Try Brunetti. more]]></excerpt>
	<link><![CDATA[http://www.tripadvisor.com/Restaurant_Review-g255100-d726249-Reviews-Key_On_The_Wall_Restaurant-Melbourne_Victoria.html]]></link>
</review>
<review>
	<rating>1.0</rating>
	<author><![CDATA[A TripAdvisor Contributor]]></author>
	<date>2008-01-19</date>
	<title><![CDATA[&#x201c;This place had a sort of...&#x201d;]]></title>
	<excerpt><![CDATA[This place had a sort of rustic attraction to it and the service was good - but the food was not very nice at all - needs a new menu. more]]></excerpt>
	<link><![CDATA[http://www.tripadvisor.com/Restaurant_Review-g255100-d726249-Reviews-Key_On_The_Wall_Restaurant-Melbourne_Victoria.html]]></link>
</review>
<review>
	<rating>3.0</rating>
	<author><![CDATA[A TripAdvisor Contributor]]></author>
	<date>2007-12-04</date>
	<title><![CDATA[&#x201c;Fantastic service! The...&#x201d;]]></title>
	<excerpt><![CDATA[Fantastic service! The food in okay. more]]></excerpt>
	<link><![CDATA[http://www.tripadvisor.com/Restaurant_Review-g255100-d726249-Reviews-Key_On_The_Wall_Restaurant-Melbourne_Victoria.html]]></link>
</review>
</source>