<source name="Trip Advisor" avg-rating="4.5">
<review>
	<rating>3.0</rating>
	<author><![CDATA[A TripAdvisor Contributor]]></author>
	<date>2008-11-04</date>
	<title><![CDATA[&#x201c;decent jap food for a...&#x201d;]]></title>
	<excerpt><![CDATA[decent jap food for a big price. my friend worked as a teppanyaki chef there in uni (he's never cooked b4). figure that out yourself! more]]></excerpt>
	<link><![CDATA[http://www.tripadvisor.com/Restaurant_Review-g255100-d878051-Reviews-Koko-Melbourne_Victoria.html]]></link>
</review>
<review>
	<rating>3.0</rating>
	<author><![CDATA[A TripAdvisor Contributor]]></author>
	<date>2008-09-01</date>
	<title><![CDATA[&#x201c;Good tepanyaki.&#x201d;]]></title>
	<excerpt><![CDATA[Good tepanyaki. more]]></excerpt>
	<link><![CDATA[http://www.tripadvisor.com/Restaurant_Review-g255100-d878051-Reviews-Koko-Melbourne_Victoria.html]]></link>
</review>
<review>
	<rating>4.0</rating>
	<author><![CDATA[A TripAdvisor Contributor]]></author>
	<date>2008-08-30</date>
	<title><![CDATA[&#x201c;Been going there for...&#x201d;]]></title>
	<excerpt><![CDATA[Been going there for over a decade more]]></excerpt>
	<link><![CDATA[http://www.tripadvisor.com/Restaurant_Review-g255100-d878051-Reviews-Koko-Melbourne_Victoria.html]]></link>
</review>
<review>
	<rating>4.0</rating>
	<author><![CDATA[A TripAdvisor Contributor]]></author>
	<date>2008-08-14</date>
	<title><![CDATA[&#x201c;My husband proposed to...&#x201d;]]></title>
	<excerpt><![CDATA[My husband proposed to me here - food? What food? Tough to beat in my books! more]]></excerpt>
	<link><![CDATA[http://www.tripadvisor.com/Restaurant_Review-g255100-d878051-Reviews-Koko-Melbourne_Victoria.html]]></link>
</review>
<review>
	<rating>3.0</rating>
	<author><![CDATA[A TripAdvisor Contributor]]></author>
	<date>2008-05-16</date>
	<title><![CDATA[&#x201c;Not as good as...&#x201d;]]></title>
	<excerpt><![CDATA[Not as good as before...
tried the duck cooked three ways bloody good.... but now change to chicken or beef... so so more]]></excerpt>
	<link><![CDATA[http://www.tripadvisor.com/Restaurant_Review-g255100-d878051-Reviews-Koko-Melbourne_Victoria.html]]></link>
</review>
<review>
	<rating>5.0</rating>
	<author><![CDATA[A TripAdvisor Contributor]]></author>
	<date>2008-04-13</date>
	<title><![CDATA[&#x201c;Not my favourite, but...&#x201d;]]></title>
	<excerpt><![CDATA[Not my favourite, but excellent food... more]]></excerpt>
	<link><![CDATA[http://www.tripadvisor.com/Restaurant_Review-g255100-d878051-Reviews-Koko-Melbourne_Victoria.html]]></link>
</review>
<review>
	<rating>3.0</rating>
	<author><![CDATA[A TripAdvisor Contributor]]></author>
	<date>2008-04-04</date>
	<title><![CDATA[&#x201c;Good Japanese food, but...&#x201d;]]></title>
	<excerpt><![CDATA[Good Japanese food, but expensive. Great atmosphere. more]]></excerpt>
	<link><![CDATA[http://www.tripadvisor.com/Restaurant_Review-g255100-d878051-Reviews-Koko-Melbourne_Victoria.html]]></link>
</review>
<review>
	<rating>4.0</rating>
	<author><![CDATA[A TripAdvisor Contributor]]></author>
	<date>2008-03-03</date>
	<title><![CDATA[&#x201c;Delicately prepared...&#x201d;]]></title>
	<excerpt><![CDATA[Delicately prepared japanese dishes more]]></excerpt>
	<link><![CDATA[http://www.tripadvisor.com/Restaurant_Review-g255100-d878051-Reviews-Koko-Melbourne_Victoria.html]]></link>
</review>
<review>
	<rating>4.0</rating>
	<author><![CDATA[A TripAdvisor Contributor]]></author>
	<date>2008-02-20</date>
	<title><![CDATA[&#x201c;presentation, place and...&#x201d;]]></title>
	<excerpt><![CDATA[presentation, place and service was good, but food not great! more]]></excerpt>
	<link><![CDATA[http://www.tripadvisor.com/Restaurant_Review-g255100-d878051-Reviews-Koko-Melbourne_Victoria.html]]></link>
</review>
<review>
	<rating>3.0</rating>
	<author><![CDATA[A TripAdvisor Contributor]]></author>
	<date>2008-01-25</date>
	<title><![CDATA[&#x201c;Expensive place. Food is...&#x201d;]]></title>
	<excerpt><![CDATA[Expensive place. Food is ok more]]></excerpt>
	<link><![CDATA[http://www.tripadvisor.com/Restaurant_Review-g255100-d878051-Reviews-Koko-Melbourne_Victoria.html]]></link>
</review>
</source>