<source name="Trip Advisor" avg-rating="4.5">
<review>
	<rating>4.0</rating>
	<author><![CDATA[A TripAdvisor Contributor]]></author>
	<date>2008-06-28</date>
	<title><![CDATA[&#x201c;if you love meat you...&#x201d;]]></title>
	<excerpt><![CDATA[if you love meat you will love it more]]></excerpt>
	<link><![CDATA[http://www.tripadvisor.com/Restaurant_Review-g255100-d726481-Reviews-Kri_Kri-Melbourne_Victoria.html]]></link>
</review>
<review>
	<rating>4.0</rating>
	<author><![CDATA[Victorianlad]]></author>
	<date>2008-05-18</date>
	<title><![CDATA[&#x201c;Excellent Greek food&#x201d;]]></title>
	<excerpt><![CDATA[Kri Kri is in a trendy part of Melbourne's CBD, near Parliament House.
The decor is unmistakably colourful, reminiscent ofthe sea as befits the Greek ]]></excerpt>
	<link><![CDATA[http://www.tripadvisor.com/Restaurant_Review-g255100-d726481-Reviews-Kri_Kri-Melbourne_Victoria.html]]></link>
</review>
<review>
	<rating>3.0</rating>
	<author><![CDATA[A TripAdvisor Contributor]]></author>
	<date>2008-04-03</date>
	<title><![CDATA[&#x201c;Nice greek food&#x201d;]]></title>
	<excerpt><![CDATA[Nice greek food more]]></excerpt>
	<link><![CDATA[http://www.tripadvisor.com/Restaurant_Review-g255100-d726481-Reviews-Kri_Kri-Melbourne_Victoria.html]]></link>
</review>
<review>
	<rating>4.0</rating>
	<author><![CDATA[A TripAdvisor Contributor]]></author>
	<date>2008-01-31</date>
	<title><![CDATA[&#x201c;I really like this place&#x201d;]]></title>
	<excerpt><![CDATA[I really like this place more]]></excerpt>
	<link><![CDATA[http://www.tripadvisor.com/Restaurant_Review-g255100-d726481-Reviews-Kri_Kri-Melbourne_Victoria.html]]></link>
</review>
<review>
	<rating>3.0</rating>
	<author><![CDATA[A TripAdvisor Contributor]]></author>
	<date>2007-12-10</date>
	<title><![CDATA[&#x201c;late night eating...&#x201d;]]></title>
	<excerpt><![CDATA[late night eating - which is why we've usually ended up here. laneway location is appealing but food average. more]]></excerpt>
	<link><![CDATA[http://www.tripadvisor.com/Restaurant_Review-g255100-d726481-Reviews-Kri_Kri-Melbourne_Victoria.html]]></link>
</review>
<review>
	<rating>4.0</rating>
	<author><![CDATA[A TripAdvisor Contributor]]></author>
	<date>2008-07-29</date>
	<title><![CDATA[&#x201c;Mezze.&#x201d;]]></title>
	<excerpt><![CDATA[Mezze. more]]></excerpt>
	<link><![CDATA[http://www.tripadvisor.com/Restaurant_Review-g255100-d726481-Reviews-Kri_Kri-Melbourne_Victoria.html]]></link>
</review>
</source>