<source name="Trip Advisor" avg-rating="4.0">
<review>
	<rating>5.0</rating>
	<author><![CDATA[A TripAdvisor Contributor]]></author>
	<date>2007-12-21</date>
	<title><![CDATA[&#x201c;Good stuff. My fav Tom...&#x201d;]]></title>
	<excerpt><![CDATA[Good stuff. My fav Tom Yum Soup! more]]></excerpt>
	<link><![CDATA[http://www.tripadvisor.com/Restaurant_Review-g255100-d726483-Reviews-Kuala_Lumpur_Chinese_Restaurant-Melbourne_Victoria.html]]></link>
</review>
<review>
	<rating>5.0</rating>
	<author><![CDATA[A TripAdvisor Contributor]]></author>
	<date>2007-11-21</date>
	<title><![CDATA[&#x201c;nice food....
dem...&#x201d;]]></title>
	<excerpt><![CDATA[nice food....
dem nice.... more]]></excerpt>
	<link><![CDATA[http://www.tripadvisor.com/Restaurant_Review-g255100-d726483-Reviews-Kuala_Lumpur_Chinese_Restaurant-Melbourne_Victoria.html]]></link>
</review>
</source>