<source name="Trip Advisor" avg-rating="4.5">
<review>
	<rating>4.0</rating>
	<author><![CDATA[A TripAdvisor Contributor]]></author>
	<date>2008-11-04</date>
	<title><![CDATA[&#x201c;decent jap food for a...&#x201d;]]></title>
	<excerpt><![CDATA[decent jap food for a good price. more]]></excerpt>
	<link><![CDATA[http://www.tripadvisor.com/Restaurant_Review-g255100-d726486-Reviews-Kuni_s_Japanese_Restaurant-Melbourne_Victoria.html]]></link>
</review>
<review>
	<rating>3.0</rating>
	<author><![CDATA[A TripAdvisor Contributor]]></author>
	<date>2008-09-15</date>
	<title><![CDATA[&#x201c;Ordinary service...&#x201d;]]></title>
	<excerpt><![CDATA[Ordinary service & overpriced but good food. more]]></excerpt>
	<link><![CDATA[http://www.tripadvisor.com/Restaurant_Review-g255100-d726486-Reviews-Kuni_s_Japanese_Restaurant-Melbourne_Victoria.html]]></link>
</review>
<review>
	<rating>3.0</rating>
	<author><![CDATA[A TripAdvisor Contributor]]></author>
	<date>2008-08-18</date>
	<title><![CDATA[&#x201c;Good food, average...&#x201d;]]></title>
	<excerpt><![CDATA[Good food, average service. more]]></excerpt>
	<link><![CDATA[http://www.tripadvisor.com/Restaurant_Review-g255100-d726486-Reviews-Kuni_s_Japanese_Restaurant-Melbourne_Victoria.html]]></link>
</review>
<review>
	<rating>4.0</rating>
	<author><![CDATA[A TripAdvisor Contributor]]></author>
	<date>2008-04-07</date>
	<title><![CDATA[&#x201c;Real Japanese Cuisines&#x201d;]]></title>
	<excerpt><![CDATA[Real Japanese Cuisines more]]></excerpt>
	<link><![CDATA[http://www.tripadvisor.com/Restaurant_Review-g255100-d726486-Reviews-Kuni_s_Japanese_Restaurant-Melbourne_Victoria.html]]></link>
</review>
<review>
	<rating>5.0</rating>
	<author><![CDATA[A TripAdvisor Contributor]]></author>
	<date>2008-04-07</date>
	<title><![CDATA[&#x201c;It's just gorgeous...&#x201d;]]></title>
	<excerpt><![CDATA[It's just gorgeous reliable not overpriced Japanese food in a relaxed environment with lovely staff more]]></excerpt>
	<link><![CDATA[http://www.tripadvisor.com/Restaurant_Review-g255100-d726486-Reviews-Kuni_s_Japanese_Restaurant-Melbourne_Victoria.html]]></link>
</review>
<review>
	<rating>4.0</rating>
	<author><![CDATA[A TripAdvisor Contributor]]></author>
	<date>2008-01-29</date>
	<title><![CDATA[&#x201c;Kuni's is the place to...&#x201d;]]></title>
	<excerpt><![CDATA[Kuni's is the place to go for real Japanese cuisine: food is a real feast to eyes and tongue. more]]></excerpt>
	<link><![CDATA[http://www.tripadvisor.com/Restaurant_Review-g255100-d726486-Reviews-Kuni_s_Japanese_Restaurant-Melbourne_Victoria.html]]></link>
</review>
<review>
	<rating>1.0</rating>
	<author><![CDATA[A TripAdvisor Contributor]]></author>
	<date>2007-12-04</date>
	<title><![CDATA[&#x201c;overpriced n plain...&#x201d;]]></title>
	<excerpt><![CDATA[overpriced n plain taste, came here several times, once i tried the degustation menu, the other time i tried ramen, then sushi,all plain tasted more]]></excerpt>
	<link><![CDATA[http://www.tripadvisor.com/Restaurant_Review-g255100-d726486-Reviews-Kuni_s_Japanese_Restaurant-Melbourne_Victoria.html]]></link>
</review>
</source>