<source name="Trip Advisor" avg-rating="4.0">
<review>
	<rating>5.0</rating>
	<author><![CDATA[A TripAdvisor Contributor]]></author>
	<date>2008-04-27</date>
	<title><![CDATA[&#x201c;LUV this place.. The...&#x201d;]]></title>
	<excerpt><![CDATA[LUV this place.. The owner n waiters were extremely nice.. Excellent service and food.. I went for the $20 set menu, very worth it and they happily ad]]></excerpt>
	<link><![CDATA[http://www.tripadvisor.com/Restaurant_Review-g255100-d726552-Reviews-La_Paella_Spanish_and_Moroccan_Cuisine-Melbourne_Victoria.html]]></link>
</review>
<review>
	<rating>4.0</rating>
	<author><![CDATA[A TripAdvisor Contributor]]></author>
	<date>2008-01-10</date>
	<title><![CDATA[&#x201c;their mint tea is...&#x201d;]]></title>
	<excerpt><![CDATA[their mint tea is divine, and properly served! more]]></excerpt>
	<link><![CDATA[http://www.tripadvisor.com/Restaurant_Review-g255100-d726552-Reviews-La_Paella_Spanish_and_Moroccan_Cuisine-Melbourne_Victoria.html]]></link>
</review>
<review>
	<rating>5.0</rating>
	<author><![CDATA[A TripAdvisor Contributor]]></author>
	<date>2008-01-02</date>
	<title><![CDATA[&#x201c;excellent food. well...&#x201d;]]></title>
	<excerpt><![CDATA[excellent food. well worth it. more]]></excerpt>
	<link><![CDATA[http://www.tripadvisor.com/Restaurant_Review-g255100-d726552-Reviews-La_Paella_Spanish_and_Moroccan_Cuisine-Melbourne_Victoria.html]]></link>
</review>
<review>
	<rating>4.0</rating>
	<author><![CDATA[A TripAdvisor Contributor]]></author>
	<date>2007-12-13</date>
	<title><![CDATA[&#x201c;Really nice people run...&#x201d;]]></title>
	<excerpt><![CDATA[Really nice people run this place...it's Halal but surely you can contain yourself and make a quick diagonal dash to THE RETREAT after a sumptuous mea]]></excerpt>
	<link><![CDATA[http://www.tripadvisor.com/Restaurant_Review-g255100-d726552-Reviews-La_Paella_Spanish_and_Moroccan_Cuisine-Melbourne_Victoria.html]]></link>
</review>
</source>