<source name="Trip Advisor" avg-rating="4.0">
<review>
	<rating>2.0</rating>
	<author><![CDATA[A TripAdvisor Contributor]]></author>
	<date>2008-12-06</date>
	<title><![CDATA[&#x201c;best laksa house in melb&#x201d;]]></title>
	<excerpt><![CDATA[best laksa house in melb more]]></excerpt>
	<link><![CDATA[http://www.tripadvisor.com/Restaurant_Review-g255100-d947852-Reviews-Laksa_King-Melbourne_Victoria.html]]></link>
</review>
<review>
	<rating>1.0</rating>
	<author><![CDATA[A TripAdvisor Contributor]]></author>
	<date>2008-11-16</date>
	<title><![CDATA[&#x201c;No vege laksa.&#x201d;]]></title>
	<excerpt><![CDATA[No vege laksa. more]]></excerpt>
	<link><![CDATA[http://www.tripadvisor.com/Restaurant_Review-g255100-d947852-Reviews-Laksa_King-Melbourne_Victoria.html]]></link>
</review>
<review>
	<rating>4.0</rating>
	<author><![CDATA[A TripAdvisor Contributor]]></author>
	<date>2008-11-04</date>
	<title><![CDATA[&#x201c;laksa is number 2 in...&#x201d;]]></title>
	<excerpt><![CDATA[laksa is number 2 in melbourne. more]]></excerpt>
	<link><![CDATA[http://www.tripadvisor.com/Restaurant_Review-g255100-d947852-Reviews-Laksa_King-Melbourne_Victoria.html]]></link>
</review>
<review>
	<rating>5.0</rating>
	<author><![CDATA[A TripAdvisor Contributor]]></author>
	<date>2008-09-07</date>
	<title><![CDATA[&#x201c;Good, honest food. Cheap...&#x201d;]]></title>
	<excerpt><![CDATA[Good, honest food. Cheap too. more]]></excerpt>
	<link><![CDATA[http://www.tripadvisor.com/Restaurant_Review-g255100-d947852-Reviews-Laksa_King-Melbourne_Victoria.html]]></link>
</review>
<review>
	<rating>5.0</rating>
	<author><![CDATA[A TripAdvisor Contributor]]></author>
	<date>2008-06-24</date>
	<title><![CDATA[&#x201c;The best laksa out of...&#x201d;]]></title>
	<excerpt><![CDATA[The best laksa out of Malaysia more]]></excerpt>
	<link><![CDATA[http://www.tripadvisor.com/Restaurant_Review-g255100-d947852-Reviews-Laksa_King-Melbourne_Victoria.html]]></link>
</review>
<review>
	<rating>5.0</rating>
	<author><![CDATA[A TripAdvisor Contributor]]></author>
	<date>2008-06-07</date>
	<title><![CDATA[&#x201c;The best laksa you will...&#x201d;]]></title>
	<excerpt><![CDATA[The best laksa you will ever try!!!! more]]></excerpt>
	<link><![CDATA[http://www.tripadvisor.com/Restaurant_Review-g255100-d947852-Reviews-Laksa_King-Melbourne_Victoria.html]]></link>
</review>
<review>
	<rating>1.0</rating>
	<author><![CDATA[A TripAdvisor Contributor]]></author>
	<date>2008-05-19</date>
	<title><![CDATA[&#x201c;Food is nice but most of...&#x201d;]]></title>
	<excerpt><![CDATA[Food is nice but most of us have stomachache after having it. Service is hell especially the old man waiter, yell at us and being rude. Place is quite]]></excerpt>
	<link><![CDATA[http://www.tripadvisor.com/Restaurant_Review-g255100-d947852-Reviews-Laksa_King-Melbourne_Victoria.html]]></link>
</review>
<review>
	<rating>3.0</rating>
	<author><![CDATA[A TripAdvisor Contributor]]></author>
	<date>2008-03-14</date>
	<title><![CDATA[&#x201c;This place offers the...&#x201d;]]></title>
	<excerpt><![CDATA[This place offers the best Asam Laksa in melbourne. Also offering the other different varieties of laksa. Worth visiting though always packed on weeke]]></excerpt>
	<link><![CDATA[http://www.tripadvisor.com/Restaurant_Review-g255100-d947852-Reviews-Laksa_King-Melbourne_Victoria.html]]></link>
</review>
<review>
	<rating>4.0</rating>
	<author><![CDATA[A TripAdvisor Contributor]]></author>
	<date>2008-03-10</date>
	<title><![CDATA[&#x201c;Still looking for a...&#x201d;]]></title>
	<excerpt><![CDATA[Still looking for a better laksa more]]></excerpt>
	<link><![CDATA[http://www.tripadvisor.com/Restaurant_Review-g255100-d947852-Reviews-Laksa_King-Melbourne_Victoria.html]]></link>
</review>
<review>
	<rating>5.0</rating>
	<author><![CDATA[A TripAdvisor Contributor]]></author>
	<date>2008-02-20</date>
	<title><![CDATA[&#x201c;cheap delicious...&#x201d;]]></title>
	<excerpt><![CDATA[cheap delicious Malaysian food! Those laska soup noodles and many other dishes! Yum! more]]></excerpt>
	<link><![CDATA[http://www.tripadvisor.com/Restaurant_Review-g255100-d947852-Reviews-Laksa_King-Melbourne_Victoria.html]]></link>
</review>
<review>
	<rating>5.0</rating>
	<author><![CDATA[A TripAdvisor Contributor]]></author>
	<date>2008-01-21</date>
	<title><![CDATA[&#x201c;Great range of different...&#x201d;]]></title>
	<excerpt><![CDATA[Great range of different dishes. Packed from 6.15 onwards. Get in early for take-aways or book a table. Favourite is the salted pepper pork ribs. more]]></excerpt>
	<link><![CDATA[http://www.tripadvisor.com/Restaurant_Review-g255100-d947852-Reviews-or10-Laksa_King-Melbourne_Victoria.html]]></link>
</review>
</source>