<source name="Trip Advisor" avg-rating="4.5">
<review>
	<rating>5.0</rating>
	<author><![CDATA[A TripAdvisor Contributor]]></author>
	<date>2008-04-27</date>
	<title><![CDATA[&#x201c;The owner is very frenly...&#x201d;]]></title>
	<excerpt><![CDATA[The owner is very frenly n once he knows u, definitely will get special treatment hehe.. Trust him to arrange your meal, simply relax n enjoy the food]]></excerpt>
	<link><![CDATA[http://www.tripadvisor.com/Restaurant_Review-g255100-d944037-Reviews-Lebanese_House_Restaurant-Melbourne_Victoria.html]]></link>
</review>
<review>
	<rating>5.0</rating>
	<author><![CDATA[A TripAdvisor Contributor]]></author>
	<date>2008-01-26</date>
	<title><![CDATA[&#x201c;Always excellent food...&#x201d;]]></title>
	<excerpt><![CDATA[Always excellent food - and plenty of it for a good price more]]></excerpt>
	<link><![CDATA[http://www.tripadvisor.com/Restaurant_Review-g255100-d944037-Reviews-Lebanese_House_Restaurant-Melbourne_Victoria.html]]></link>
</review>
</source>