<source name="Trip Advisor" avg-rating="4.0">
<review>
	<rating>1.0</rating>
	<author><![CDATA[A TripAdvisor Contributor]]></author>
	<date>2008-07-21</date>
	<title><![CDATA[&#x201c;Dont go. Overpriced for...&#x201d;]]></title>
	<excerpt><![CDATA[Dont go. Overpriced for average food. more]]></excerpt>
	<link><![CDATA[http://www.tripadvisor.com/Restaurant_Review-g255100-d726827-Reviews-Lemongrass_Thai_Royal_Cuisine-Melbourne_Victoria.html]]></link>
</review>
<review>
	<rating>2.0</rating>
	<author><![CDATA[A TripAdvisor Contributor]]></author>
	<date>2008-03-20</date>
	<title><![CDATA[&#x201c;The food is not as...&#x201d;]]></title>
	<excerpt><![CDATA[The food is not as authentic as its decor looks more]]></excerpt>
	<link><![CDATA[http://www.tripadvisor.com/Restaurant_Review-g255100-d726827-Reviews-Lemongrass_Thai_Royal_Cuisine-Melbourne_Victoria.html]]></link>
</review>
<review>
	<rating>5.0</rating>
	<author><![CDATA[A TripAdvisor Contributor]]></author>
	<date>2008-03-02</date>
	<title><![CDATA[&#x201c;Top notch! Great food...&#x201d;]]></title>
	<excerpt><![CDATA[Top notch! Great food and faultless service!! more]]></excerpt>
	<link><![CDATA[http://www.tripadvisor.com/Restaurant_Review-g255100-d726827-Reviews-Lemongrass_Thai_Royal_Cuisine-Melbourne_Victoria.html]]></link>
</review>
</source>