<source name="Trip Advisor" avg-rating="4.0">
<review>
	<rating>4.0</rating>
	<author><![CDATA[A TripAdvisor Contributor]]></author>
	<date>2008-07-28</date>
	<title><![CDATA[&#x201c;You get what you expect.&#x201d;]]></title>
	<excerpt><![CDATA[You get what you expect. more]]></excerpt>
	<link><![CDATA[http://www.tripadvisor.com/Restaurant_Review-g255360-d944483-Reviews-Leo_s_Spaghetti_Bar-St_Kilda_Victoria.html]]></link>
</review>
<review>
	<rating>2.0</rating>
	<author><![CDATA[A TripAdvisor Contributor]]></author>
	<date>2008-01-27</date>
	<title><![CDATA[&#x201c;Good mid-week specials&#x201d;]]></title>
	<excerpt><![CDATA[Good mid-week specials more]]></excerpt>
	<link><![CDATA[http://www.tripadvisor.com/Restaurant_Review-g255360-d944483-Reviews-Leo_s_Spaghetti_Bar-St_Kilda_Victoria.html]]></link>
</review>
</source>