<source name="Trip Advisor" avg-rating="4.5">
<review>
	<rating>5.0</rating>
	<author><![CDATA[A TripAdvisor Contributor]]></author>
	<date>2008-11-04</date>
	<title><![CDATA[&#x201c;no MSG but yet so tasty...&#x201d;]]></title>
	<excerpt><![CDATA[no MSG but yet so tasty. makes me looove chiu chow food. more]]></excerpt>
	<link><![CDATA[http://www.tripadvisor.com/Restaurant_Review-g255100-d727081-Reviews-Mask_of_China-Melbourne_Victoria.html]]></link>
</review>
<review>
	<rating>3.0</rating>
	<author><![CDATA[A TripAdvisor Contributor]]></author>
	<date>2008-07-18</date>
	<title><![CDATA[&#x201c;Best quails i've eaten...&#x201d;]]></title>
	<excerpt><![CDATA[Best quails i've eaten so far!! Besides that, food is just so so.. more]]></excerpt>
	<link><![CDATA[http://www.tripadvisor.com/Restaurant_Review-g255100-d727081-Reviews-Mask_of_China-Melbourne_Victoria.html]]></link>
</review>
<review>
	<rating>4.0</rating>
	<author><![CDATA[A TripAdvisor Contributor]]></author>
	<date>2008-07-05</date>
	<title><![CDATA[&#x201c;Excellent service and an...&#x201d;]]></title>
	<excerpt><![CDATA[Excellent service and an innovative menu. more]]></excerpt>
	<link><![CDATA[http://www.tripadvisor.com/Restaurant_Review-g255100-d727081-Reviews-Mask_of_China-Melbourne_Victoria.html]]></link>
</review>
<review>
	<rating>4.0</rating>
	<author><![CDATA[A TripAdvisor Contributor]]></author>
	<date>2008-04-03</date>
	<title><![CDATA[&#x201c;Nice authentic Chiu Chow...&#x201d;]]></title>
	<excerpt><![CDATA[Nice authentic Chiu Chow cuisine. Great service but a bit expensive. more]]></excerpt>
	<link><![CDATA[http://www.tripadvisor.com/Restaurant_Review-g255100-d727081-Reviews-Mask_of_China-Melbourne_Victoria.html]]></link>
</review>
<review>
	<rating>5.0</rating>
	<author><![CDATA[A TripAdvisor Contributor]]></author>
	<date>2008-02-18</date>
	<title><![CDATA[&#x201c;Attentive service...&#x201d;]]></title>
	<excerpt><![CDATA[Attentive service. Innovative Chinese food. Expensive but worth it. more]]></excerpt>
	<link><![CDATA[http://www.tripadvisor.com/Restaurant_Review-g255100-d727081-Reviews-Mask_of_China-Melbourne_Victoria.html]]></link>
</review>
<review>
	<rating>4.0</rating>
	<author><![CDATA[A TripAdvisor Contributor]]></author>
	<date>2008-01-05</date>
	<title><![CDATA[&#x201c;Pretty small but cozy...&#x201d;]]></title>
	<excerpt><![CDATA[Pretty small but cozy chinese restaurant but the kitchen dished out some pretty delicious chinese standards. The peking duck wasn't bad. more]]></excerpt>
	<link><![CDATA[http://www.tripadvisor.com/Restaurant_Review-g255100-d727081-Reviews-Mask_of_China-Melbourne_Victoria.html]]></link>
</review>
<review>
	<rating>4.0</rating>
	<author><![CDATA[A TripAdvisor Contributor]]></author>
	<date>2007-11-19</date>
	<title><![CDATA[&#x201c;delicious&#x201d;]]></title>
	<excerpt><![CDATA[delicious more]]></excerpt>
	<link><![CDATA[http://www.tripadvisor.com/Restaurant_Review-g255100-d727081-Reviews-Mask_of_China-Melbourne_Victoria.html]]></link>
</review>
<review>
	<rating>4.0</rating>
	<author><![CDATA[A TripAdvisor Contributor]]></author>
	<date>2007-11-18</date>
	<title><![CDATA[&#x201c;Middle of chinatown...&#x201d;]]></title>
	<excerpt><![CDATA[Middle of chinatown... more]]></excerpt>
	<link><![CDATA[http://www.tripadvisor.com/Restaurant_Review-g255100-d727081-Reviews-Mask_of_China-Melbourne_Victoria.html]]></link>
</review>
</source>