<source name="Trip Advisor" avg-rating="4.0">
<review>
	<rating>4.0</rating>
	<author><![CDATA[A TripAdvisor Contributor]]></author>
	<date>2008-09-08</date>
	<title><![CDATA[&#x201c;Was surprised by the...&#x201d;]]></title>
	<excerpt><![CDATA[Was surprised by the high quality of the food here. Still, something was off the mark....decor maybe? more]]></excerpt>
	<link><![CDATA[http://www.tripadvisor.com/Restaurant_Review-g255100-d727092-Reviews-Matteo_s-Melbourne_Victoria.html]]></link>
</review>
<review>
	<rating>5.0</rating>
	<author><![CDATA[A TripAdvisor Contributor]]></author>
	<date>2008-07-05</date>
	<title><![CDATA[&#x201c;Brilliant innovative...&#x201d;]]></title>
	<excerpt><![CDATA[Brilliant innovative menu and sensational service. more]]></excerpt>
	<link><![CDATA[http://www.tripadvisor.com/Restaurant_Review-g255100-d727092-Reviews-Matteo_s-Melbourne_Victoria.html]]></link>
</review>
<review>
	<rating>5.0</rating>
	<author><![CDATA[A TripAdvisor Contributor]]></author>
	<date>2008-03-22</date>
	<title><![CDATA[&#x201c;An all time favorite for...&#x201d;]]></title>
	<excerpt><![CDATA[An all time favorite for us for a special night out. Food is fantastic but the waiters are what make it special. You can enjoy fine dining and they do]]></excerpt>
	<link><![CDATA[http://www.tripadvisor.com/Restaurant_Review-g255100-d727092-Reviews-Matteo_s-Melbourne_Victoria.html]]></link>
</review>
</source>