<source name="Trip Advisor" avg-rating="4.5">
<review>
	<rating>1.0</rating>
	<author><![CDATA[BrawBlether]]></author>
	<date>2009-02-19</date>
	<title><![CDATA[&#x201c;The worst hot chocolate ever!&#x201d;]]></title>
	<excerpt><![CDATA[OK so everyone's taste differ, but I truely cannot fathom how anyone could like Max Brenner's Hot Chocolates. It was honestly the worst I've ever had ]]></excerpt>
	<link><![CDATA[http://www.tripadvisor.com/Restaurant_Review-g255100-d778475-Reviews-Max_Brenner_Chocolate_Bar-Melbourne_Victoria.html]]></link>
</review>
<review>
	<rating>2.0</rating>
	<author><![CDATA[A TripAdvisor Contributor]]></author>
	<date>2009-01-26</date>
	<title><![CDATA[&#x201c;A very jazzy uptown...&#x201d;]]></title>
	<excerpt><![CDATA[A very jazzy uptown looking novelty cafe/bar offering - no surprises here - chocolate beverages and inspired desserts. I've been here with a couple of]]></excerpt>
	<link><![CDATA[http://www.tripadvisor.com/Restaurant_Review-g255100-d778475-Reviews-Max_Brenner_Chocolate_Bar-Melbourne_Victoria.html]]></link>
</review>
<review>
	<rating>5.0</rating>
	<author><![CDATA[A TripAdvisor Contributor]]></author>
	<date>2008-09-20</date>
	<title><![CDATA[&#x201c;tutti-frutti waffles...&#x201d;]]></title>
	<excerpt><![CDATA[tutti-frutti waffles.... love it!! more]]></excerpt>
	<link><![CDATA[http://www.tripadvisor.com/Restaurant_Review-g255100-d778475-Reviews-Max_Brenner_Chocolate_Bar-Melbourne_Victoria.html]]></link>
</review>
<review>
	<rating>4.0</rating>
	<author><![CDATA[A TripAdvisor Contributor]]></author>
	<date>2008-08-26</date>
	<title><![CDATA[&#x201c;Love the Waffles.&#x201d;]]></title>
	<excerpt><![CDATA[Love the Waffles. more]]></excerpt>
	<link><![CDATA[http://www.tripadvisor.com/Restaurant_Review-g255100-d778475-Reviews-Max_Brenner_Chocolate_Bar-Melbourne_Victoria.html]]></link>
</review>
<review>
	<rating>5.0</rating>
	<author><![CDATA[A TripAdvisor Contributor]]></author>
	<date>2008-08-17</date>
	<title><![CDATA[&#x201c;It's worse than...&#x201d;]]></title>
	<excerpt><![CDATA[It's worse than addiction ... far worse than obsession. It possessed you. Now that's what I called a guilty pleasure. more]]></excerpt>
	<link><![CDATA[http://www.tripadvisor.com/Restaurant_Review-g255100-d778475-Reviews-Max_Brenner_Chocolate_Bar-Melbourne_Victoria.html]]></link>
</review>
<review>
	<rating>4.0</rating>
	<author><![CDATA[A TripAdvisor Contributor]]></author>
	<date>2008-07-31</date>
	<title><![CDATA[&#x201c;I'm not a chocolate...&#x201d;]]></title>
	<excerpt><![CDATA[I'm not a chocolate person but I like their hot chocolate, not too sweet more]]></excerpt>
	<link><![CDATA[http://www.tripadvisor.com/Restaurant_Review-g255100-d778475-Reviews-Max_Brenner_Chocolate_Bar-Melbourne_Victoria.html]]></link>
</review>
<review>
	<rating>5.0</rating>
	<author><![CDATA[Bubbles325]]></author>
	<date>2008-07-07</date>
	<title><![CDATA[&#x201c;THE BEST HOT CHOCOLATE EVER!!!!!&#x201d;]]></title>
	<excerpt><![CDATA[I LOVE MAX BRENNER!!! I've been going to Max's for many years now - and they do the most delicious hot chocolates. A must try is their Italian Hot Cho]]></excerpt>
	<link><![CDATA[http://www.tripadvisor.com/Restaurant_Review-g255100-d778475-Reviews-Max_Brenner_Chocolate_Bar-Melbourne_Victoria.html]]></link>
</review>
<review>
	<rating>5.0</rating>
	<author><![CDATA[A TripAdvisor Contributor]]></author>
	<date>2008-06-29</date>
	<title><![CDATA[&#x201c;Love the hot chocolate...&#x201d;]]></title>
	<excerpt><![CDATA[Love the hot chocolate the the teardrop cake..unforgettable more]]></excerpt>
	<link><![CDATA[http://www.tripadvisor.com/Restaurant_Review-g255100-d778475-Reviews-Max_Brenner_Chocolate_Bar-Melbourne_Victoria.html]]></link>
</review>
<review>
	<rating>3.0</rating>
	<author><![CDATA[A TripAdvisor Contributor]]></author>
	<date>2008-06-24</date>
	<title><![CDATA[&#x201c;Great Belgium waffle&#x201d;]]></title>
	<excerpt><![CDATA[Great Belgium waffle more]]></excerpt>
	<link><![CDATA[http://www.tripadvisor.com/Restaurant_Review-g255100-d778475-Reviews-Max_Brenner_Chocolate_Bar-Melbourne_Victoria.html]]></link>
</review>
<review>
	<rating>5.0</rating>
	<author><![CDATA[A TripAdvisor Contributor]]></author>
	<date>2008-06-22</date>
	<title><![CDATA[&#x201c;love the hot choc, love...&#x201d;]]></title>
	<excerpt><![CDATA[love the hot choc, love the waffle, love the place... more]]></excerpt>
	<link><![CDATA[http://www.tripadvisor.com/Restaurant_Review-g255100-d778475-Reviews-Max_Brenner_Chocolate_Bar-Melbourne_Victoria.html]]></link>
</review>
<review>
	<rating>5.0</rating>
	<author><![CDATA[A TripAdvisor Contributor]]></author>
	<date>2008-06-17</date>
	<title><![CDATA[&#x201c;great place for hot...&#x201d;]]></title>
	<excerpt><![CDATA[great place for hot chocolate snacks especially when the weather is cold more]]></excerpt>
	<link><![CDATA[http://www.tripadvisor.com/Restaurant_Review-g255100-d778475-Reviews-or10-Max_Brenner_Chocolate_Bar-Melbourne_Victoria.html]]></link>
</review>
<review>
	<rating>4.0</rating>
	<author><![CDATA[A TripAdvisor Contributor]]></author>
	<date>2008-06-14</date>
	<title><![CDATA[&#x201c;niceeeeeee&#x201d;]]></title>
	<excerpt><![CDATA[niceeeeeee more]]></excerpt>
	<link><![CDATA[http://www.tripadvisor.com/Restaurant_Review-g255100-d778475-Reviews-or10-Max_Brenner_Chocolate_Bar-Melbourne_Victoria.html]]></link>
</review>
<review>
	<rating>5.0</rating>
	<author><![CDATA[A TripAdvisor Contributor]]></author>
	<date>2008-06-10</date>
	<title><![CDATA[&#x201c;Drink: Suckao. Snack...&#x201d;]]></title>
	<excerpt><![CDATA[Drink: Suckao. Snack: Tutti Fruity Waffle. Great chocolates! more]]></excerpt>
	<link><![CDATA[http://www.tripadvisor.com/Restaurant_Review-g255100-d778475-Reviews-or10-Max_Brenner_Chocolate_Bar-Melbourne_Victoria.html]]></link>
</review>
<review>
	<rating>4.0</rating>
	<author><![CDATA[A TripAdvisor Contributor]]></author>
	<date>2008-06-04</date>
	<title><![CDATA[&#x201c;great hang out place for...&#x201d;]]></title>
	<excerpt><![CDATA[great hang out place for 4 o clock hot chocolate drink more]]></excerpt>
	<link><![CDATA[http://www.tripadvisor.com/Restaurant_Review-g255100-d778475-Reviews-or10-Max_Brenner_Chocolate_Bar-Melbourne_Victoria.html]]></link>
</review>
<review>
	<rating>5.0</rating>
	<author><![CDATA[A TripAdvisor Contributor]]></author>
	<date>2008-05-18</date>
	<title><![CDATA[&#x201c;Share the souffle :)&#x201d;]]></title>
	<excerpt><![CDATA[Share the souffle :) more]]></excerpt>
	<link><![CDATA[http://www.tripadvisor.com/Restaurant_Review-g255100-d778475-Reviews-or10-Max_Brenner_Chocolate_Bar-Melbourne_Victoria.html]]></link>
</review>
<review>
	<rating>3.0</rating>
	<author><![CDATA[A TripAdvisor Contributor]]></author>
	<date>2008-05-16</date>
	<title><![CDATA[&#x201c;love it!&#x201d;]]></title>
	<excerpt><![CDATA[love it! more]]></excerpt>
	<link><![CDATA[http://www.tripadvisor.com/Restaurant_Review-g255100-d778475-Reviews-or10-Max_Brenner_Chocolate_Bar-Melbourne_Victoria.html]]></link>
</review>
<review>
	<rating>3.0</rating>
	<author><![CDATA[A TripAdvisor Contributor]]></author>
	<date>2008-05-16</date>
	<title><![CDATA[&#x201c;Good for a chocolate...&#x201d;]]></title>
	<excerpt><![CDATA[Good for a chocolate hit. There's more on the menu than the one at QV although the prices are more expensive! more]]></excerpt>
	<link><![CDATA[http://www.tripadvisor.com/Restaurant_Review-g255100-d778475-Reviews-or10-Max_Brenner_Chocolate_Bar-Melbourne_Victoria.html]]></link>
</review>
<review>
	<rating>3.0</rating>
	<author><![CDATA[A TripAdvisor Contributor]]></author>
	<date>2008-04-27</date>
	<title><![CDATA[&#x201c;Had the chocolate...&#x201d;]]></title>
	<excerpt><![CDATA[Had the chocolate covered strawberry, quite good but need to try the other things in their menu.. more]]></excerpt>
	<link><![CDATA[http://www.tripadvisor.com/Restaurant_Review-g255100-d778475-Reviews-or10-Max_Brenner_Chocolate_Bar-Melbourne_Victoria.html]]></link>
</review>
<review>
	<rating>3.0</rating>
	<author><![CDATA[A TripAdvisor Contributor]]></author>
	<date>2008-04-23</date>
	<title><![CDATA[&#x201c;It's just too difficult...&#x201d;]]></title>
	<excerpt><![CDATA[It's just too difficult to find a table in this place. The chocolate is okay, I prefer Koko Black and San Churro more. more]]></excerpt>
	<link><![CDATA[http://www.tripadvisor.com/Restaurant_Review-g255100-d778475-Reviews-or10-Max_Brenner_Chocolate_Bar-Melbourne_Victoria.html]]></link>
</review>
<review>
	<rating>4.0</rating>
	<author><![CDATA[A TripAdvisor Contributor]]></author>
	<date>2008-04-06</date>
	<title><![CDATA[&#x201c;It is a good place for...&#x201d;]]></title>
	<excerpt><![CDATA[It is a good place for chocolate lovers. There is a large range of choices and everything is moderately priced. Moreover, some of the products are qui]]></excerpt>
	<link><![CDATA[http://www.tripadvisor.com/Restaurant_Review-g255100-d778475-Reviews-or10-Max_Brenner_Chocolate_Bar-Melbourne_Victoria.html]]></link>
</review>
<review>
	<rating>4.0</rating>
	<author><![CDATA[A TripAdvisor Contributor]]></author>
	<date>2008-04-05</date>
	<title><![CDATA[&#x201c;Mmmm, chocolate&#x201d;]]></title>
	<excerpt><![CDATA[Mmmm, chocolate more]]></excerpt>
	<link><![CDATA[http://www.tripadvisor.com/Restaurant_Review-g255100-d778475-Reviews-or20-Max_Brenner_Chocolate_Bar-Melbourne_Victoria.html]]></link>
</review>
<review>
	<rating>4.0</rating>
	<author><![CDATA[A TripAdvisor Contributor]]></author>
	<date>2008-04-03</date>
	<title><![CDATA[&#x201c;I like the Suckao where...&#x201d;]]></title>
	<excerpt><![CDATA[I like the Suckao where you add your own chocolate bits to your drink, that's served over a tea light candle. Very special. more]]></excerpt>
	<link><![CDATA[http://www.tripadvisor.com/Restaurant_Review-g255100-d778475-Reviews-or20-Max_Brenner_Chocolate_Bar-Melbourne_Victoria.html]]></link>
</review>
<review>
	<rating>5.0</rating>
	<author><![CDATA[A TripAdvisor Contributor]]></author>
	<date>2008-04-03</date>
	<title><![CDATA[&#x201c;Chocolate HEAVEN...&#x201d;]]></title>
	<excerpt><![CDATA[Chocolate HEAVEN... You'll fit through the door on the way in but you might not be able to fit through on the way out! It's that good. It makes Death ]]></excerpt>
	<link><![CDATA[http://www.tripadvisor.com/Restaurant_Review-g255100-d778475-Reviews-or20-Max_Brenner_Chocolate_Bar-Melbourne_Victoria.html]]></link>
</review>
<review>
	<rating>1.0</rating>
	<author><![CDATA[A TripAdvisor Contributor]]></author>
	<date>2008-03-14</date>
	<title><![CDATA[&#x201c;The most overpriced...&#x201d;]]></title>
	<excerpt><![CDATA[The most overpriced place to get undertasty hot chocolate. more]]></excerpt>
	<link><![CDATA[http://www.tripadvisor.com/Restaurant_Review-g255100-d778475-Reviews-or20-Max_Brenner_Chocolate_Bar-Melbourne_Victoria.html]]></link>
</review>
<review>
	<rating>3.0</rating>
	<author><![CDATA[A TripAdvisor Contributor]]></author>
	<date>2008-03-08</date>
	<title><![CDATA[&#x201c;Lovely Food, and good...&#x201d;]]></title>
	<excerpt><![CDATA[Lovely Food, and good service when they're not busy - but stay away if they're busy - to disorganised more]]></excerpt>
	<link><![CDATA[http://www.tripadvisor.com/Restaurant_Review-g255100-d778475-Reviews-or20-Max_Brenner_Chocolate_Bar-Melbourne_Victoria.html]]></link>
</review>
<review>
	<rating>4.0</rating>
	<author><![CDATA[A TripAdvisor Contributor]]></author>
	<date>2008-03-01</date>
	<title><![CDATA[&#x201c;It is Chocolate... how...&#x201d;]]></title>
	<excerpt><![CDATA[It is Chocolate... how could it be bad. more]]></excerpt>
	<link><![CDATA[http://www.tripadvisor.com/Restaurant_Review-g255100-d778475-Reviews-or20-Max_Brenner_Chocolate_Bar-Melbourne_Victoria.html]]></link>
</review>
<review>
	<rating>2.0</rating>
	<author><![CDATA[A TripAdvisor Contributor]]></author>
	<date>2008-02-03</date>
	<title><![CDATA[&#x201c;The hot chocolate is...&#x201d;]]></title>
	<excerpt><![CDATA[The hot chocolate is nice. Better than average, but not the best. Never-the-less worth a try if you are near it. more]]></excerpt>
	<link><![CDATA[http://www.tripadvisor.com/Restaurant_Review-g255100-d778475-Reviews-or20-Max_Brenner_Chocolate_Bar-Melbourne_Victoria.html]]></link>
</review>
<review>
	<rating>5.0</rating>
	<author><![CDATA[A TripAdvisor Contributor]]></author>
	<date>2008-02-01</date>
	<title><![CDATA[&#x201c;Amazing, amazing...&#x201d;]]></title>
	<excerpt><![CDATA[Amazing, amazing, amazing. Chocolate heaven. From chocolate pizzas to chocolate covered waffles. I walk out of there completely and utterly happy and ]]></excerpt>
	<link><![CDATA[http://www.tripadvisor.com/Restaurant_Review-g255100-d778475-Reviews-or20-Max_Brenner_Chocolate_Bar-Melbourne_Victoria.html]]></link>
</review>
<review>
	<rating>3.0</rating>
	<author><![CDATA[A TripAdvisor Contributor]]></author>
	<date>2008-01-25</date>
	<title><![CDATA[&#x201c;Very gooey Hot choc. Not...&#x201d;]]></title>
	<excerpt><![CDATA[Very gooey Hot choc. Not for the faint hearted more]]></excerpt>
	<link><![CDATA[http://www.tripadvisor.com/Restaurant_Review-g255100-d778475-Reviews-or20-Max_Brenner_Chocolate_Bar-Melbourne_Victoria.html]]></link>
</review>
<review>
	<rating>4.0</rating>
	<author><![CDATA[A TripAdvisor Contributor]]></author>
	<date>2008-01-25</date>
	<title><![CDATA[&#x201c;Once upon a time was 5...&#x201d;]]></title>
	<excerpt><![CDATA[Once upon a time was 5 stars but now 4 because they took my favourite drink off the Menu and you can't have the Venezualan Dark Chocolate in a hug mug]]></excerpt>
	<link><![CDATA[http://www.tripadvisor.com/Restaurant_Review-g255100-d778475-Reviews-or20-Max_Brenner_Chocolate_Bar-Melbourne_Victoria.html]]></link>
</review>
<review>
	<rating>3.0</rating>
	<author><![CDATA[A TripAdvisor Contributor]]></author>
	<date>2008-01-20</date>
	<title><![CDATA[&#x201c;Whilst not a chocaholic...&#x201d;]]></title>
	<excerpt><![CDATA[Whilst not a chocaholic, they do indulge in very nice "all things chocolate. more]]></excerpt>
	<link><![CDATA[http://www.tripadvisor.com/Restaurant_Review-g255100-d778475-Reviews-or30-Max_Brenner_Chocolate_Bar-Melbourne_Victoria.html]]></link>
</review>
<review>
	<rating>5.0</rating>
	<author><![CDATA[A TripAdvisor Contributor]]></author>
	<date>2008-01-10</date>
	<title><![CDATA[&#x201c;love the waffle n...&#x201d;]]></title>
	<excerpt><![CDATA[love the waffle n suckao...but for location, i prefer QV... more]]></excerpt>
	<link><![CDATA[http://www.tripadvisor.com/Restaurant_Review-g255100-d778475-Reviews-or30-Max_Brenner_Chocolate_Bar-Melbourne_Victoria.html]]></link>
</review>
<review>
	<rating>5.0</rating>
	<author><![CDATA[A TripAdvisor Contributor]]></author>
	<date>2008-01-04</date>
	<title><![CDATA[&#x201c;If you can't get to...&#x201d;]]></title>
	<excerpt><![CDATA[If you can't get to Melbourne there is one in Harrods London - but not tried it. more]]></excerpt>
	<link><![CDATA[http://www.tripadvisor.com/Restaurant_Review-g255100-d778475-Reviews-or30-Max_Brenner_Chocolate_Bar-Melbourne_Victoria.html]]></link>
</review>
<review>
	<rating>5.0</rating>
	<author><![CDATA[A TripAdvisor Contributor]]></author>
	<date>2008-01-02</date>
	<title><![CDATA[&#x201c;This is the place to be...&#x201d;]]></title>
	<excerpt><![CDATA[This is the place to be if you only have a short time to ingest about 2 years worth of calorie intake. Hot chocolate is excellent and the chocolate ba]]></excerpt>
	<link><![CDATA[http://www.tripadvisor.com/Restaurant_Review-g255100-d778475-Reviews-or30-Max_Brenner_Chocolate_Bar-Melbourne_Victoria.html]]></link>
</review>
<review>
	<rating>4.0</rating>
	<author><![CDATA[A TripAdvisor Contributor]]></author>
	<date>2007-12-31</date>
	<title><![CDATA[&#x201c;great chocolate related...&#x201d;]]></title>
	<excerpt><![CDATA[great chocolate related stuff more]]></excerpt>
	<link><![CDATA[http://www.tripadvisor.com/Restaurant_Review-g255100-d778475-Reviews-or30-Max_Brenner_Chocolate_Bar-Melbourne_Victoria.html]]></link>
</review>
<review>
	<rating>5.0</rating>
	<author><![CDATA[A TripAdvisor Contributor]]></author>
	<date>2007-12-29</date>
	<title><![CDATA[&#x201c;Unforgettable place ever...&#x201d;]]></title>
	<excerpt><![CDATA[Unforgettable place ever when I was in Melbourne but now ... it's still!!! nice place to hang out ... great taste ... and for sure the chocolate melts]]></excerpt>
	<link><![CDATA[http://www.tripadvisor.com/Restaurant_Review-g255100-d778475-Reviews-or30-Max_Brenner_Chocolate_Bar-Melbourne_Victoria.html]]></link>
</review>
<review>
	<rating>4.0</rating>
	<author><![CDATA[A TripAdvisor Contributor]]></author>
	<date>2007-12-26</date>
	<title><![CDATA[&#x201c;Their hot chocolate and...&#x201d;]]></title>
	<excerpt><![CDATA[Their hot chocolate and waffle will melt in your mouth.. yummy more]]></excerpt>
	<link><![CDATA[http://www.tripadvisor.com/Restaurant_Review-g255100-d778475-Reviews-or30-Max_Brenner_Chocolate_Bar-Melbourne_Victoria.html]]></link>
</review>
<review>
	<rating>5.0</rating>
	<author><![CDATA[A TripAdvisor Contributor]]></author>
	<date>2007-12-21</date>
	<title><![CDATA[&#x201c;Treat yourself!&#x201d;]]></title>
	<excerpt><![CDATA[Treat yourself! more]]></excerpt>
	<link><![CDATA[http://www.tripadvisor.com/Restaurant_Review-g255100-d778475-Reviews-or30-Max_Brenner_Chocolate_Bar-Melbourne_Victoria.html]]></link>
</review>
<review>
	<rating>3.0</rating>
	<author><![CDATA[A TripAdvisor Contributor]]></author>
	<date>2007-12-16</date>
	<title><![CDATA[&#x201c;LOVE the granitas in...&#x201d;]]></title>
	<excerpt><![CDATA[LOVE the granitas in summer. Waffles in winter time ;) more]]></excerpt>
	<link><![CDATA[http://www.tripadvisor.com/Restaurant_Review-g255100-d778475-Reviews-or30-Max_Brenner_Chocolate_Bar-Melbourne_Victoria.html]]></link>
</review>
<review>
	<rating>3.0</rating>
	<author><![CDATA[A TripAdvisor Contributor]]></author>
	<date>2007-12-13</date>
	<title><![CDATA[&#x201c;Try the Dome....its...&#x201d;]]></title>
	<excerpt><![CDATA[Try the Dome....its chocolate mousse served with strawberries dipped in chocolate....Heavenly!!! more]]></excerpt>
	<link><![CDATA[http://www.tripadvisor.com/Restaurant_Review-g255100-d778475-Reviews-or30-Max_Brenner_Chocolate_Bar-Melbourne_Victoria.html]]></link>
</review>
<review>
	<rating>5.0</rating>
	<author><![CDATA[A TripAdvisor Contributor]]></author>
	<date>2007-12-12</date>
	<title><![CDATA[&#x201c;chocolate, chocolate...&#x201d;]]></title>
	<excerpt><![CDATA[chocolate, chocolate, chocolate! more]]></excerpt>
	<link><![CDATA[http://www.tripadvisor.com/Restaurant_Review-g255100-d778475-Reviews-or40-Max_Brenner_Chocolate_Bar-Melbourne_Victoria.html]]></link>
</review>
<review>
	<rating>3.0</rating>
	<author><![CDATA[A TripAdvisor Contributor]]></author>
	<date>2007-12-11</date>
	<title><![CDATA[&#x201c;So so&#x201d;]]></title>
	<excerpt><![CDATA[So so more]]></excerpt>
	<link><![CDATA[http://www.tripadvisor.com/Restaurant_Review-g255100-d778475-Reviews-or40-Max_Brenner_Chocolate_Bar-Melbourne_Victoria.html]]></link>
</review>
<review>
	<rating>4.0</rating>
	<author><![CDATA[A TripAdvisor Contributor]]></author>
	<date>2007-12-11</date>
	<title><![CDATA[&#x201c;fur chocolate...&#x201d;]]></title>
	<excerpt><![CDATA[fur chocolate lovers...
this place is ur heaven.... :P more]]></excerpt>
	<link><![CDATA[http://www.tripadvisor.com/Restaurant_Review-g255100-d778475-Reviews-or40-Max_Brenner_Chocolate_Bar-Melbourne_Victoria.html]]></link>
</review>
<review>
	<rating>5.0</rating>
	<author><![CDATA[A TripAdvisor Contributor]]></author>
	<date>2007-12-05</date>
	<title><![CDATA[&#x201c;The white chocolate...&#x201d;]]></title>
	<excerpt><![CDATA[The white chocolate suckao is die die must try. They opened another cafe in Singapore, but it still can't catch up with the one in Melbourne more]]></excerpt>
	<link><![CDATA[http://www.tripadvisor.com/Restaurant_Review-g255100-d778475-Reviews-or40-Max_Brenner_Chocolate_Bar-Melbourne_Victoria.html]]></link>
</review>
<review>
	<rating>4.0</rating>
	<author><![CDATA[A TripAdvisor Contributor]]></author>
	<date>2007-12-04</date>
	<title><![CDATA[&#x201c;good hot choc!!! and...&#x201d;]]></title>
	<excerpt><![CDATA[good hot choc!!! and some of the desserts are yummie toooo... more]]></excerpt>
	<link><![CDATA[http://www.tripadvisor.com/Restaurant_Review-g255100-d778475-Reviews-or40-Max_Brenner_Chocolate_Bar-Melbourne_Victoria.html]]></link>
</review>
<review>
	<rating>5.0</rating>
	<author><![CDATA[A TripAdvisor Contributor]]></author>
	<date>2007-12-04</date>
	<title><![CDATA[&#x201c;the waffle is to die...&#x201d;]]></title>
	<excerpt><![CDATA[the waffle is to die for, who doesnt know that more]]></excerpt>
	<link><![CDATA[http://www.tripadvisor.com/Restaurant_Review-g255100-d778475-Reviews-or40-Max_Brenner_Chocolate_Bar-Melbourne_Victoria.html]]></link>
</review>
<review>
	<rating>3.0</rating>
	<author><![CDATA[A TripAdvisor Contributor]]></author>
	<date>2007-11-25</date>
	<title><![CDATA[&#x201c;Can't beat the belgian...&#x201d;]]></title>
	<excerpt><![CDATA[Can't beat the belgian waffles with banana or strawberry as a late night snack... more]]></excerpt>
	<link><![CDATA[http://www.tripadvisor.com/Restaurant_Review-g255100-d778475-Reviews-or40-Max_Brenner_Chocolate_Bar-Melbourne_Victoria.html]]></link>
</review>
</source>