<source name="Trip Advisor" avg-rating="4.0">
<review>
	<rating>4.0</rating>
	<author><![CDATA[A TripAdvisor Contributor]]></author>
	<date>2008-11-04</date>
	<title><![CDATA[&#x201c;nice setting. great...&#x201d;]]></title>
	<excerpt><![CDATA[nice setting. great place to go first time. but all these tapas-style places recently have made it seem a bit "old". more]]></excerpt>
	<link><![CDATA[http://www.tripadvisor.com/Restaurant_Review-g255100-d727114-Reviews-Mecca_Bah-Melbourne_Victoria.html]]></link>
</review>
<review>
	<rating>4.0</rating>
	<author><![CDATA[A TripAdvisor Contributor]]></author>
	<date>2008-10-22</date>
	<title><![CDATA[&#x201c;The reason why I love...&#x201d;]]></title>
	<excerpt><![CDATA[The reason why I love middle eastern. Flavours are rich. Ambience is relax. Decor - cosy fireplace, over the docks. Loved the lamb. more]]></excerpt>
	<link><![CDATA[http://www.tripadvisor.com/Restaurant_Review-g255100-d727114-Reviews-Mecca_Bah-Melbourne_Victoria.html]]></link>
</review>
<review>
	<rating>2.0</rating>
	<author><![CDATA[A TripAdvisor Contributor]]></author>
	<date>2008-07-01</date>
	<title><![CDATA[&#x201c;Great view and unique...&#x201d;]]></title>
	<excerpt><![CDATA[Great view and unique foods more]]></excerpt>
	<link><![CDATA[http://www.tripadvisor.com/Restaurant_Review-g255100-d727114-Reviews-Mecca_Bah-Melbourne_Victoria.html]]></link>
</review>
<review>
	<rating>4.0</rating>
	<author><![CDATA[A TripAdvisor Contributor]]></author>
	<date>2008-06-19</date>
	<title><![CDATA[&#x201c;Finally! I had a really...&#x201d;]]></title>
	<excerpt><![CDATA[Finally! I had a really good reason to try this restaurant last Monday. I love every dish I tried that day, from entree to dessert. more]]></excerpt>
	<link><![CDATA[http://www.tripadvisor.com/Restaurant_Review-g255100-d727114-Reviews-Mecca_Bah-Melbourne_Victoria.html]]></link>
</review>
<review>
	<rating>2.0</rating>
	<author><![CDATA[DiemEst]]></author>
	<date>2008-05-21</date>
	<title><![CDATA[&#x201c;Real service issues&#x201d;]]></title>
	<excerpt><![CDATA[Went here once and loved it, wanted to bring a friend back on Monday night when he landed in Melbourne. Couldn't make a booking but was promised the r]]></excerpt>
	<link><![CDATA[http://www.tripadvisor.com/Restaurant_Review-g255100-d727114-Reviews-Mecca_Bah-Melbourne_Victoria.html]]></link>
</review>
<review>
	<rating>4.0</rating>
	<author><![CDATA[A TripAdvisor Contributor]]></author>
	<date>2008-04-27</date>
	<title><![CDATA[&#x201c;Luv their boat-shaped...&#x201d;]]></title>
	<excerpt><![CDATA[Luv their boat-shaped pizza.. It's bit pricey.. more]]></excerpt>
	<link><![CDATA[http://www.tripadvisor.com/Restaurant_Review-g255100-d727114-Reviews-Mecca_Bah-Melbourne_Victoria.html]]></link>
</review>
<review>
	<rating>5.0</rating>
	<author><![CDATA[MelbourneChum]]></author>
	<date>2008-04-22</date>
	<title><![CDATA[&#x201c;Yummy yum&#x201d;]]></title>
	<excerpt><![CDATA[Just happened upon this mention this arvo.. and my husband and I went there for dinner last night! You can't book - but it was a Monday so we felt pre]]></excerpt>
	<link><![CDATA[http://www.tripadvisor.com/Restaurant_Review-g255100-d727114-Reviews-Mecca_Bah-Melbourne_Victoria.html]]></link>
</review>
<review>
	<rating>3.0</rating>
	<author><![CDATA[A TripAdvisor Contributor]]></author>
	<date>2008-04-21</date>
	<title><![CDATA[&#x201c;decent for drinks&#x201d;]]></title>
	<excerpt><![CDATA[decent for drinks more]]></excerpt>
	<link><![CDATA[http://www.tripadvisor.com/Restaurant_Review-g255100-d727114-Reviews-Mecca_Bah-Melbourne_Victoria.html]]></link>
</review>
<review>
	<rating>4.0</rating>
	<author><![CDATA[A TripAdvisor Contributor]]></author>
	<date>2008-04-03</date>
	<title><![CDATA[&#x201c;Have a relax meal by the...&#x201d;]]></title>
	<excerpt><![CDATA[Have a relax meal by the sea side. Food is great for sharing. No bookings required. more]]></excerpt>
	<link><![CDATA[http://www.tripadvisor.com/Restaurant_Review-g255100-d727114-Reviews-Mecca_Bah-Melbourne_Victoria.html]]></link>
</review>
<review>
	<rating>3.0</rating>
	<author><![CDATA[A TripAdvisor Contributor]]></author>
	<date>2008-03-14</date>
	<title><![CDATA[&#x201c;Another great place to...&#x201d;]]></title>
	<excerpt><![CDATA[Another great place to get a Morrocan feed. The only place in the Docklands worth eating at. more]]></excerpt>
	<link><![CDATA[http://www.tripadvisor.com/Restaurant_Review-g255100-d727114-Reviews-Mecca_Bah-Melbourne_Victoria.html]]></link>
</review>
<review>
	<rating>3.0</rating>
	<author><![CDATA[A TripAdvisor Contributor]]></author>
	<date>2008-02-29</date>
	<title><![CDATA[&#x201c;great view & food...&#x201d;]]></title>
	<excerpt><![CDATA[great view & food although not a big fan of middle eastern food. more]]></excerpt>
	<link><![CDATA[http://www.tripadvisor.com/Restaurant_Review-g255100-d727114-Reviews-or10-Mecca_Bah-Melbourne_Victoria.html]]></link>
</review>
<review>
	<rating>5.0</rating>
	<author><![CDATA[A TripAdvisor Contributor]]></author>
	<date>2008-02-23</date>
	<title><![CDATA[&#x201c;Love to get all shared...&#x201d;]]></title>
	<excerpt><![CDATA[Love to get all shared dishes. It has a well matched selection of wines too. Great for a garlic fix or something really different. more]]></excerpt>
	<link><![CDATA[http://www.tripadvisor.com/Restaurant_Review-g255100-d727114-Reviews-or10-Mecca_Bah-Melbourne_Victoria.html]]></link>
</review>
<review>
	<rating>4.0</rating>
	<author><![CDATA[A TripAdvisor Contributor]]></author>
	<date>2008-01-30</date>
	<title><![CDATA[&#x201c;great food, great...&#x201d;]]></title>
	<excerpt><![CDATA[great food, great service and great place but hate no booking! more]]></excerpt>
	<link><![CDATA[http://www.tripadvisor.com/Restaurant_Review-g255100-d727114-Reviews-or10-Mecca_Bah-Melbourne_Victoria.html]]></link>
</review>
<review>
	<rating>5.0</rating>
	<author><![CDATA[A TripAdvisor Contributor]]></author>
	<date>2008-01-26</date>
	<title><![CDATA[&#x201c;I only get pissed off...&#x201d;]]></title>
	<excerpt><![CDATA[I only get pissed off with this place because you can't reserve tables - but worth the wait! Best Middle Eastern food in the CBD/Docklands. more]]></excerpt>
	<link><![CDATA[http://www.tripadvisor.com/Restaurant_Review-g255100-d727114-Reviews-or10-Mecca_Bah-Melbourne_Victoria.html]]></link>
</review>
<review>
	<rating>3.0</rating>
	<author><![CDATA[A TripAdvisor Contributor]]></author>
	<date>2008-01-10</date>
	<title><![CDATA[&#x201c;great restaurant but the...&#x201d;]]></title>
	<excerpt><![CDATA[great restaurant but the staff need more training and understanding the delivery of culture of middle east and morroco more]]></excerpt>
	<link><![CDATA[http://www.tripadvisor.com/Restaurant_Review-g255100-d727114-Reviews-or10-Mecca_Bah-Melbourne_Victoria.html]]></link>
</review>
<review>
	<rating>5.0</rating>
	<author><![CDATA[A TripAdvisor Contributor]]></author>
	<date>2008-01-06</date>
	<title><![CDATA[&#x201c;Great food, atmosphere...&#x201d;]]></title>
	<excerpt><![CDATA[Great food, atmosphere and service more]]></excerpt>
	<link><![CDATA[http://www.tripadvisor.com/Restaurant_Review-g255100-d727114-Reviews-or10-Mecca_Bah-Melbourne_Victoria.html]]></link>
</review>
<review>
	<rating>1.0</rating>
	<author><![CDATA[A TripAdvisor Contributor]]></author>
	<date>2008-01-05</date>
	<title><![CDATA[&#x201c;Terrible service.&#x201d;]]></title>
	<excerpt><![CDATA[Terrible service. more]]></excerpt>
	<link><![CDATA[http://www.tripadvisor.com/Restaurant_Review-g255100-d727114-Reviews-or10-Mecca_Bah-Melbourne_Victoria.html]]></link>
</review>
<review>
	<rating>4.0</rating>
	<author><![CDATA[A TripAdvisor Contributor]]></author>
	<date>2008-01-02</date>
	<title><![CDATA[&#x201c;Beautiful Morrocan food...&#x201d;]]></title>
	<excerpt><![CDATA[Beautiful Morrocan food and a gorgeous view of the water to enjoy. Great meeting place. more]]></excerpt>
	<link><![CDATA[http://www.tripadvisor.com/Restaurant_Review-g255100-d727114-Reviews-or10-Mecca_Bah-Melbourne_Victoria.html]]></link>
</review>
<review>
	<rating>5.0</rating>
	<author><![CDATA[A TripAdvisor Contributor]]></author>
	<date>2007-12-20</date>
	<title><![CDATA[&#x201c;yummy, great place&#x201d;]]></title>
	<excerpt><![CDATA[yummy, great place more]]></excerpt>
	<link><![CDATA[http://www.tripadvisor.com/Restaurant_Review-g255100-d727114-Reviews-or10-Mecca_Bah-Melbourne_Victoria.html]]></link>
</review>
<review>
	<rating>4.0</rating>
	<author><![CDATA[A TripAdvisor Contributor]]></author>
	<date>2007-12-05</date>
	<title><![CDATA[&#x201c;Food average, price...&#x201d;]]></title>
	<excerpt><![CDATA[Food average, price expensive, atmosphere friendly, service good more]]></excerpt>
	<link><![CDATA[http://www.tripadvisor.com/Restaurant_Review-g255100-d727114-Reviews-or10-Mecca_Bah-Melbourne_Victoria.html]]></link>
</review>
<review>
	<rating>3.0</rating>
	<author><![CDATA[A TripAdvisor Contributor]]></author>
	<date>2007-11-26</date>
	<title><![CDATA[&#x201c;it was OK.....food was...&#x201d;]]></title>
	<excerpt><![CDATA[it was OK.....food was interesting but not especially memorable. The person I was with was distracted! more]]></excerpt>
	<link><![CDATA[http://www.tripadvisor.com/Restaurant_Review-g255100-d727114-Reviews-or20-Mecca_Bah-Melbourne_Victoria.html]]></link>
</review>
<review>
	<rating>4.0</rating>
	<author><![CDATA[A TripAdvisor Contributor]]></author>
	<date>2007-11-25</date>
	<title><![CDATA[&#x201c;Great food - highly...&#x201d;]]></title>
	<excerpt><![CDATA[Great food - highly recommended. Just be warned that they do not take bookings and the wait can be up to 1hr on friday & saturday nights. more]]></excerpt>
	<link><![CDATA[http://www.tripadvisor.com/Restaurant_Review-g255100-d727114-Reviews-or20-Mecca_Bah-Melbourne_Victoria.html]]></link>
</review>
<review>
	<rating>2.0</rating>
	<author><![CDATA[A TripAdvisor Contributor]]></author>
	<date>2007-11-24</date>
	<title><![CDATA[&#x201c;Food was excellent...&#x201d;]]></title>
	<excerpt><![CDATA[Food was excellent, service was appalling. Wanted to take a friend there for dinner, and could not make a booking, though they assured us they would b]]></excerpt>
	<link><![CDATA[http://www.tripadvisor.com/Restaurant_Review-g255100-d727114-Reviews-or20-Mecca_Bah-Melbourne_Victoria.html]]></link>
</review>
<review>
	<rating>5.0</rating>
	<author><![CDATA[A TripAdvisor Contributor]]></author>
	<date>2007-11-24</date>
	<title><![CDATA[&#x201c;Awesome pizza's!!&#x201d;]]></title>
	<excerpt><![CDATA[Awesome pizza's!! more]]></excerpt>
	<link><![CDATA[http://www.tripadvisor.com/Restaurant_Review-g255100-d727114-Reviews-or20-Mecca_Bah-Melbourne_Victoria.html]]></link>
</review>
<review>
	<rating>4.0</rating>
	<author><![CDATA[A TripAdvisor Contributor]]></author>
	<date>2007-11-22</date>
	<title><![CDATA[&#x201c;Nice atmosphere&#x201d;]]></title>
	<excerpt><![CDATA[Nice atmosphere more]]></excerpt>
	<link><![CDATA[http://www.tripadvisor.com/Restaurant_Review-g255100-d727114-Reviews-or20-Mecca_Bah-Melbourne_Victoria.html]]></link>
</review>
<review>
	<rating>3.0</rating>
	<author><![CDATA[A TripAdvisor Contributor]]></author>
	<date>2007-11-18</date>
	<title><![CDATA[&#x201c;Food ok. View is ace!&#x201d;]]></title>
	<excerpt><![CDATA[Food ok. View is ace! more]]></excerpt>
	<link><![CDATA[http://www.tripadvisor.com/Restaurant_Review-g255100-d727114-Reviews-or20-Mecca_Bah-Melbourne_Victoria.html]]></link>
</review>
<review>
	<rating>5.0</rating>
	<author><![CDATA[A TripAdvisor Contributor]]></author>
	<date>2007-11-16</date>
	<title><![CDATA[&#x201c;Very nice food,good...&#x201d;]]></title>
	<excerpt><![CDATA[Very nice food,good atmosphere with a nice view on melbourne and candle lights.Go for it! more]]></excerpt>
	<link><![CDATA[http://www.tripadvisor.com/Restaurant_Review-g255100-d727114-Reviews-or20-Mecca_Bah-Melbourne_Victoria.html]]></link>
</review>
<review>
	<rating>5.0</rating>
	<author><![CDATA[A TripAdvisor Contributor]]></author>
	<date>2007-11-09</date>
	<title><![CDATA[&#x201c;Best indian in Melbourne...&#x201d;]]></title>
	<excerpt><![CDATA[Best indian in Melbourne in my opinion. more]]></excerpt>
	<link><![CDATA[http://www.tripadvisor.com/Restaurant_Review-g255100-d727114-Reviews-or20-Mecca_Bah-Melbourne_Victoria.html]]></link>
</review>
<review>
	<rating>2.0</rating>
	<author><![CDATA[A TripAdvisor Contributor]]></author>
	<date>2007-11-03</date>
	<title><![CDATA[&#x201c;Not too bad.&#x201d;]]></title>
	<excerpt><![CDATA[Not too bad. more]]></excerpt>
	<link><![CDATA[http://www.tripadvisor.com/Restaurant_Review-g255100-d727114-Reviews-or20-Mecca_Bah-Melbourne_Victoria.html]]></link>
</review>
</source>