<source name="Trip Advisor" avg-rating="4.5">
<review>
	<rating>3.0</rating>
	<author><![CDATA[A TripAdvisor Contributor]]></author>
	<date>2008-12-03</date>
	<title><![CDATA[&#x201c;Ideally a 3 and a...&#x201d;]]></title>
	<excerpt><![CDATA[Ideally a 3 and a half... pretty good buffet food at a reasonable price given the quality of the food. more]]></excerpt>
	<link><![CDATA[http://www.tripadvisor.com/Restaurant_Review-g255100-d1077929-Reviews-Melba_at_The_Langham_Melbourne-Melbourne_Victoria.html]]></link>
</review>
<review>
	<rating>5.0</rating>
	<author><![CDATA[A TripAdvisor Contributor]]></author>
	<date>2008-11-02</date>
	<title><![CDATA[&#x201c;Good buffet especially...&#x201d;]]></title>
	<excerpt><![CDATA[Good buffet especially if you like indian food. I like the freshly made naan bread, peking duck pancake and dessert. The ice cream selection was quite]]></excerpt>
	<link><![CDATA[http://www.tripadvisor.com/Restaurant_Review-g255100-d1077929-Reviews-Melba_at_The_Langham_Melbourne-Melbourne_Victoria.html]]></link>
</review>
<review>
	<rating>3.0</rating>
	<author><![CDATA[A TripAdvisor Contributor]]></author>
	<date>2008-10-15</date>
	<title><![CDATA[&#x201c;Buffet&#x201d;]]></title>
	<excerpt><![CDATA[Buffet more]]></excerpt>
	<link><![CDATA[http://www.tripadvisor.com/Restaurant_Review-g255100-d1077929-Reviews-Melba_at_The_Langham_Melbourne-Melbourne_Victoria.html]]></link>
</review>
<review>
	<rating>2.0</rating>
	<author><![CDATA[A TripAdvisor Contributor]]></author>
	<date>2008-10-10</date>
	<title><![CDATA[&#x201c;Review on the seafood...&#x201d;]]></title>
	<excerpt><![CDATA[Review on the seafood buffet. more]]></excerpt>
	<link><![CDATA[http://www.tripadvisor.com/Restaurant_Review-g255100-d1077929-Reviews-Melba_at_The_Langham_Melbourne-Melbourne_Victoria.html]]></link>
</review>
<review>
	<rating>4.0</rating>
	<author><![CDATA[Victorianlad]]></author>
	<date>2008-06-12</date>
	<title><![CDATA[&#x201c;For Melbourne - great, but deficient to the best Manila hotel buffets&#x201d;]]></title>
	<excerpt><![CDATA[It offers a $45 lunchtime buffet with basic drinks such as beer priced at A$7 - $8.
The food selection is excellent, even if the best Australian hotel]]></excerpt>
	<link><![CDATA[http://www.tripadvisor.com/Restaurant_Review-g255100-d1077929-Reviews-Melba_at_The_Langham_Melbourne-Melbourne_Victoria.html]]></link>
</review>
</source>