<source name="Trip Advisor" avg-rating="4.0">
<review>
	<rating>3.0</rating>
	<author><![CDATA[ConnaghNMelbourne]]></author>
	<date>2009-02-18</date>
	<title><![CDATA[&#x201c;Used to be fantastic...&#x201d;]]></title>
	<excerpt><![CDATA[Used to be fantastic before their fire now it's ok. more]]></excerpt>
	<link><![CDATA[http://www.tripadvisor.com/Restaurant_Review-g255100-d727206-Reviews-Misuzu_s-Melbourne_Victoria.html]]></link>
</review>
<review>
	<rating>4.0</rating>
	<author><![CDATA[A TripAdvisor Contributor]]></author>
	<date>2008-09-17</date>
	<title><![CDATA[&#x201c;Delicious! Authentic...&#x201d;]]></title>
	<excerpt><![CDATA[Delicious! Authentic village style japanese. Everything from the little sushi to the salads is just yum! more]]></excerpt>
	<link><![CDATA[http://www.tripadvisor.com/Restaurant_Review-g255100-d727206-Reviews-Misuzu_s-Melbourne_Victoria.html]]></link>
</review>
<review>
	<rating>3.0</rating>
	<author><![CDATA[A TripAdvisor Contributor]]></author>
	<date>2008-08-22</date>
	<title><![CDATA[&#x201c;Great Different Japanese...&#x201d;]]></title>
	<excerpt><![CDATA[Great Different Japanese experience. Just review your Bill at the end. more]]></excerpt>
	<link><![CDATA[http://www.tripadvisor.com/Restaurant_Review-g255100-d727206-Reviews-Misuzu_s-Melbourne_Victoria.html]]></link>
</review>
<review>
	<rating>4.0</rating>
	<author><![CDATA[A TripAdvisor Contributor]]></author>
	<date>2008-07-29</date>
	<title><![CDATA[&#x201c;I didn't like Japanese...&#x201d;]]></title>
	<excerpt><![CDATA[I didn't like Japanese food until I went here. more]]></excerpt>
	<link><![CDATA[http://www.tripadvisor.com/Restaurant_Review-g255100-d727206-Reviews-Misuzu_s-Melbourne_Victoria.html]]></link>
</review>
<review>
	<rating>3.0</rating>
	<author><![CDATA[A TripAdvisor Contributor]]></author>
	<date>2008-07-25</date>
	<title><![CDATA[&#x201c;Great gourmet Japanese a...&#x201d;]]></title>
	<excerpt><![CDATA[Great gourmet Japanese a la carte menu. I recommend ordering the meat or vegetarian sushi platter (ideal to share for two), for a measely $18...wonder]]></excerpt>
	<link><![CDATA[http://www.tripadvisor.com/Restaurant_Review-g255100-d727206-Reviews-Misuzu_s-Melbourne_Victoria.html]]></link>
</review>
<review>
	<rating>4.0</rating>
	<author><![CDATA[A TripAdvisor Contributor]]></author>
	<date>2008-05-13</date>
	<title><![CDATA[&#x201c;Love the food! Variety...&#x201d;]]></title>
	<excerpt><![CDATA[Love the food! Variety of sake to drink.. love the atmosphere.. cant wait to go back! more]]></excerpt>
	<link><![CDATA[http://www.tripadvisor.com/Restaurant_Review-g255100-d727206-Reviews-Misuzu_s-Melbourne_Victoria.html]]></link>
</review>
<review>
	<rating>5.0</rating>
	<author><![CDATA[A TripAdvisor Contributor]]></author>
	<date>2008-03-15</date>
	<title><![CDATA[&#x201c;Sad to hear it burnt...&#x201d;]]></title>
	<excerpt><![CDATA[Sad to hear it burnt down... Loved this place. One of few Japanese places in Melbourne that I frequented whilst living there. Can get pricey but it's ]]></excerpt>
	<link><![CDATA[http://www.tripadvisor.com/Restaurant_Review-g255100-d727206-Reviews-Misuzu_s-Melbourne_Victoria.html]]></link>
</review>
<review>
	<rating>4.0</rating>
	<author><![CDATA[A TripAdvisor Contributor]]></author>
	<date>2008-01-25</date>
	<title><![CDATA[&#x201c;A Melbourne favorite...&#x201d;]]></title>
	<excerpt><![CDATA[A Melbourne favorite. Recently gutted by fire. We're all awaiting its return! more]]></excerpt>
	<link><![CDATA[http://www.tripadvisor.com/Restaurant_Review-g255100-d727206-Reviews-Misuzu_s-Melbourne_Victoria.html]]></link>
</review>
<review>
	<rating>4.0</rating>
	<author><![CDATA[A TripAdvisor Contributor]]></author>
	<date>2008-01-07</date>
	<title><![CDATA[&#x201c;Great food... too bad...&#x201d;]]></title>
	<excerpt><![CDATA[Great food... too bad they had a fire and burnt the place down... more]]></excerpt>
	<link><![CDATA[http://www.tripadvisor.com/Restaurant_Review-g255100-d727206-Reviews-Misuzu_s-Melbourne_Victoria.html]]></link>
</review>
<review>
	<rating>5.0</rating>
	<author><![CDATA[A TripAdvisor Contributor]]></author>
	<date>2007-12-27</date>
	<title><![CDATA[&#x201c;My kind of food - we...&#x201d;]]></title>
	<excerpt><![CDATA[My kind of food - we love we love more]]></excerpt>
	<link><![CDATA[http://www.tripadvisor.com/Restaurant_Review-g255100-d727206-Reviews-Misuzu_s-Melbourne_Victoria.html]]></link>
</review>
<review>
	<rating>4.0</rating>
	<author><![CDATA[A TripAdvisor Contributor]]></author>
	<date>2007-12-21</date>
	<title><![CDATA[&#x201c;Currently closed, burnt...&#x201d;]]></title>
	<excerpt><![CDATA[Currently closed, burnt out, but lovely when open! more]]></excerpt>
	<link><![CDATA[http://www.tripadvisor.com/Restaurant_Review-g255100-d727206-Reviews-or10-Misuzu_s-Melbourne_Victoria.html]]></link>
</review>
<review>
	<rating>4.0</rating>
	<author><![CDATA[A TripAdvisor Contributor]]></author>
	<date>2007-11-23</date>
	<title><![CDATA[&#x201c;Great takeaway and...&#x201d;]]></title>
	<excerpt><![CDATA[Great takeaway and fantastic Japanese dining on the footpath more]]></excerpt>
	<link><![CDATA[http://www.tripadvisor.com/Restaurant_Review-g255100-d727206-Reviews-or10-Misuzu_s-Melbourne_Victoria.html]]></link>
</review>
<review>
	<rating>3.0</rating>
	<author><![CDATA[A TripAdvisor Contributor]]></author>
	<date>2007-11-19</date>
	<title><![CDATA[&#x201c;Great peasant style Jap...&#x201d;]]></title>
	<excerpt><![CDATA[Great peasant style Jap food & a huge array of salads... forego the sushi this time! more]]></excerpt>
	<link><![CDATA[http://www.tripadvisor.com/Restaurant_Review-g255100-d727206-Reviews-or10-Misuzu_s-Melbourne_Victoria.html]]></link>
</review>
<review>
	<rating>4.0</rating>
	<author><![CDATA[A TripAdvisor Contributor]]></author>
	<date>2007-11-19</date>
	<title><![CDATA[&#x201c;Excellent twists on...&#x201d;]]></title>
	<excerpt><![CDATA[Excellent twists on traditional Japanese dishes, ingredients are top notch. more]]></excerpt>
	<link><![CDATA[http://www.tripadvisor.com/Restaurant_Review-g255100-d727206-Reviews-or10-Misuzu_s-Melbourne_Victoria.html]]></link>
</review>
<review>
	<rating>4.0</rating>
	<author><![CDATA[A TripAdvisor Contributor]]></author>
	<date>2007-11-18</date>
	<title><![CDATA[&#x201c;Highly recommend...&#x201d;]]></title>
	<excerpt><![CDATA[Highly recommend... Tuuls loved the sushi more]]></excerpt>
	<link><![CDATA[http://www.tripadvisor.com/Restaurant_Review-g255100-d727206-Reviews-or10-Misuzu_s-Melbourne_Victoria.html]]></link>
</review>
<review>
	<rating>3.0</rating>
	<author><![CDATA[A TripAdvisor Contributor]]></author>
	<date>2007-11-03</date>
	<title><![CDATA[&#x201c;I like the ambience. A...&#x201d;]]></title>
	<excerpt><![CDATA[I like the ambience. A perfect visit for a sunny Sunday arvo. My favourite is the salad bar where you have more than 20 choices to pick from and of co]]></excerpt>
	<link><![CDATA[http://www.tripadvisor.com/Restaurant_Review-g255100-d727206-Reviews-or10-Misuzu_s-Melbourne_Victoria.html]]></link>
</review>
</source>