<source name="Trip Advisor" avg-rating="4.5">
<review>
	<rating>4.0</rating>
	<author><![CDATA[A TripAdvisor Contributor]]></author>
	<date>2008-04-13</date>
	<title><![CDATA[&#x201c;Quite good here...&#x201d;]]></title>
	<excerpt><![CDATA[Quite good here... trivia on Wednesday's is also good fun! more]]></excerpt>
	<link><![CDATA[http://www.tripadvisor.com/Restaurant_Review-g255100-d727207-Reviews-The_Mitre_Tavern-Melbourne_Victoria.html]]></link>
</review>
<review>
	<rating>1.0</rating>
	<author><![CDATA[A TripAdvisor Contributor]]></author>
	<date>2008-03-14</date>
	<title><![CDATA[&#x201c;Come here for a drink in...&#x201d;]]></title>
	<excerpt><![CDATA[Come here for a drink in the afternoon if you want to be surrounded by tools. more]]></excerpt>
	<link><![CDATA[http://www.tripadvisor.com/Restaurant_Review-g255100-d727207-Reviews-The_Mitre_Tavern-Melbourne_Victoria.html]]></link>
</review>
<review>
	<rating>2.0</rating>
	<author><![CDATA[A TripAdvisor Contributor]]></author>
	<date>2008-01-18</date>
	<title><![CDATA[&#x201c;Basic pub food. Go for...&#x201d;]]></title>
	<excerpt><![CDATA[Basic pub food. Go for the burger. more]]></excerpt>
	<link><![CDATA[http://www.tripadvisor.com/Restaurant_Review-g255100-d727207-Reviews-The_Mitre_Tavern-Melbourne_Victoria.html]]></link>
</review>
<review>
	<rating>2.0</rating>
	<author><![CDATA[A TripAdvisor Contributor]]></author>
	<date>2007-12-02</date>
	<title><![CDATA[&#x201c;After work drinks.&#x201d;]]></title>
	<excerpt><![CDATA[After work drinks. more]]></excerpt>
	<link><![CDATA[http://www.tripadvisor.com/Restaurant_Review-g255100-d727207-Reviews-The_Mitre_Tavern-Melbourne_Victoria.html]]></link>
</review>
<review>
	<rating>3.0</rating>
	<author><![CDATA[A TripAdvisor Contributor]]></author>
	<date>2007-11-12</date>
	<title><![CDATA[&#x201c;Good for Friday night...&#x201d;]]></title>
	<excerpt><![CDATA[Good for Friday night drinks and a quick bite to eat more]]></excerpt>
	<link><![CDATA[http://www.tripadvisor.com/Restaurant_Review-g255100-d727207-Reviews-The_Mitre_Tavern-Melbourne_Victoria.html]]></link>
</review>
</source>