<source name="Trip Advisor" avg-rating="4.0">
<review>
	<rating>5.0</rating>
	<author><![CDATA[A TripAdvisor Contributor]]></author>
	<date>2008-11-19</date>
	<title><![CDATA[&#x201c;Delicious vegetarian...&#x201d;]]></title>
	<excerpt><![CDATA[Delicious vegetarian food. more]]></excerpt>
	<link><![CDATA[http://www.tripadvisor.com/Restaurant_Review-g255100-d727277-Reviews-Moroccan_Soup_Bar-Melbourne_Victoria.html]]></link>
</review>
<review>
	<rating>4.0</rating>
	<author><![CDATA[A TripAdvisor Contributor]]></author>
	<date>2008-06-26</date>
	<title><![CDATA[&#x201c;For someone who doesn't...&#x201d;]]></title>
	<excerpt><![CDATA[For someone who doesn't eat vegetarian food, I actually really like the food here and they have great service. more]]></excerpt>
	<link><![CDATA[http://www.tripadvisor.com/Restaurant_Review-g255100-d727277-Reviews-Moroccan_Soup_Bar-Melbourne_Victoria.html]]></link>
</review>
<review>
	<rating>5.0</rating>
	<author><![CDATA[A TripAdvisor Contributor]]></author>
	<date>2008-06-13</date>
	<title><![CDATA[&#x201c;Wonderfully yumm food...&#x201d;]]></title>
	<excerpt><![CDATA[Wonderfully yumm food and so well-priced. more]]></excerpt>
	<link><![CDATA[http://www.tripadvisor.com/Restaurant_Review-g255100-d727277-Reviews-Moroccan_Soup_Bar-Melbourne_Victoria.html]]></link>
</review>
<review>
	<rating>5.0</rating>
	<author><![CDATA[A TripAdvisor Contributor]]></author>
	<date>2008-06-07</date>
	<title><![CDATA[&#x201c;This was my favorite...&#x201d;]]></title>
	<excerpt><![CDATA[This was my favorite eating experience in melbourne so far. you can order, or get a banquet where they bring you some of whatever they are making that]]></excerpt>
	<link><![CDATA[http://www.tripadvisor.com/Restaurant_Review-g255100-d727277-Reviews-Moroccan_Soup_Bar-Melbourne_Victoria.html]]></link>
</review>
<review>
	<rating>4.0</rating>
	<author><![CDATA[A TripAdvisor Contributor]]></author>
	<date>2008-05-26</date>
	<title><![CDATA[&#x201c;Great Moroccan food...&#x201d;]]></title>
	<excerpt><![CDATA[Great Moroccan food - good, friendly service - homely. more]]></excerpt>
	<link><![CDATA[http://www.tripadvisor.com/Restaurant_Review-g255100-d727277-Reviews-Moroccan_Soup_Bar-Melbourne_Victoria.html]]></link>
</review>
<review>
	<rating>5.0</rating>
	<author><![CDATA[A TripAdvisor Contributor]]></author>
	<date>2008-05-06</date>
	<title><![CDATA[&#x201c;Great food, atmosphere...&#x201d;]]></title>
	<excerpt><![CDATA[Great food, atmosphere, service at a good price. Defiantly recommend. more]]></excerpt>
	<link><![CDATA[http://www.tripadvisor.com/Restaurant_Review-g255100-d727277-Reviews-Moroccan_Soup_Bar-Melbourne_Victoria.html]]></link>
</review>
<review>
	<rating>3.0</rating>
	<author><![CDATA[A TripAdvisor Contributor]]></author>
	<date>2008-04-27</date>
	<title><![CDATA[&#x201c;Busy veg place with set...&#x201d;]]></title>
	<excerpt><![CDATA[Busy veg place with set menu but had to wait 1 hour to get seats n that's for only 2 ppl! Plus, they ran out of their special dessert. Myb we're just ]]></excerpt>
	<link><![CDATA[http://www.tripadvisor.com/Restaurant_Review-g255100-d727277-Reviews-Moroccan_Soup_Bar-Melbourne_Victoria.html]]></link>
</review>
<review>
	<rating>4.0</rating>
	<author><![CDATA[A TripAdvisor Contributor]]></author>
	<date>2008-04-08</date>
	<title><![CDATA[&#x201c;Awesome food at great...&#x201d;]]></title>
	<excerpt><![CDATA[Awesome food at great price. Love the lentils with tomatoes rice and briyani rice topped with grilled eggplant. Have to come really early since they a]]></excerpt>
	<link><![CDATA[http://www.tripadvisor.com/Restaurant_Review-g255100-d727277-Reviews-Moroccan_Soup_Bar-Melbourne_Victoria.html]]></link>
</review>
<review>
	<rating>5.0</rating>
	<author><![CDATA[A TripAdvisor Contributor]]></author>
	<date>2008-04-01</date>
	<title><![CDATA[&#x201c;the best vegetarin place...&#x201d;]]></title>
	<excerpt><![CDATA[the best vegetarin place getting around. Even serious meat eaters love it. more]]></excerpt>
	<link><![CDATA[http://www.tripadvisor.com/Restaurant_Review-g255100-d727277-Reviews-Moroccan_Soup_Bar-Melbourne_Victoria.html]]></link>
</review>
<review>
	<rating>4.0</rating>
	<author><![CDATA[A TripAdvisor Contributor]]></author>
	<date>2008-03-14</date>
	<title><![CDATA[&#x201c;One of the best $$ to...&#x201d;]]></title>
	<excerpt><![CDATA[One of the best $$ to taste ratios in Melbourne. And it's healthy!! If I lived in Fitzroy I would come here every night! I think it's all vege, but it]]></excerpt>
	<link><![CDATA[http://www.tripadvisor.com/Restaurant_Review-g255100-d727277-Reviews-Moroccan_Soup_Bar-Melbourne_Victoria.html]]></link>
</review>
<review>
	<rating>5.0</rating>
	<author><![CDATA[A TripAdvisor Contributor]]></author>
	<date>2008-01-18</date>
	<title><![CDATA[&#x201c;I love this place...&#x201d;]]></title>
	<excerpt><![CDATA[I love this place! Wonderful middle east vegetarian food. Just get the banquet and tell them how hungry you are. more]]></excerpt>
	<link><![CDATA[http://www.tripadvisor.com/Restaurant_Review-g255100-d727277-Reviews-or10-Moroccan_Soup_Bar-Melbourne_Victoria.html]]></link>
</review>
<review>
	<rating>5.0</rating>
	<author><![CDATA[A TripAdvisor Contributor]]></author>
	<date>2008-01-08</date>
	<title><![CDATA[&#x201c;Brilliant, vegetarian...&#x201d;]]></title>
	<excerpt><![CDATA[Brilliant, vegetarian, moroccan dishes!! more]]></excerpt>
	<link><![CDATA[http://www.tripadvisor.com/Restaurant_Review-g255100-d727277-Reviews-or10-Moroccan_Soup_Bar-Melbourne_Victoria.html]]></link>
</review>
<review>
	<rating>5.0</rating>
	<author><![CDATA[A TripAdvisor Contributor]]></author>
	<date>2007-12-30</date>
	<title><![CDATA[&#x201c;Food is awesome - and...&#x201d;]]></title>
	<excerpt><![CDATA[Food is awesome - and there is a lot of it. All vegetarian. Nice atmosphere but always full. Cannot book ahead. Lovely owner. Verbal menus. more]]></excerpt>
	<link><![CDATA[http://www.tripadvisor.com/Restaurant_Review-g255100-d727277-Reviews-or10-Moroccan_Soup_Bar-Melbourne_Victoria.html]]></link>
</review>
</source>