<source name="Trip Advisor" avg-rating="4.5">
<review>
	<rating>3.0</rating>
	<author><![CDATA[chai77]]></author>
	<date>2009-03-14</date>
	<title><![CDATA[&#x201c;Salty !&#x201d;]]></title>
	<excerpt><![CDATA[after hearing about modiva - how it is hard to get a booking and how good the food was, i was abit disappointed when i got there. we booked sunday lun]]></excerpt>
	<link><![CDATA[http://www.tripadvisor.com/Restaurant_Review-g255100-d727291-Reviews-MoVida-Melbourne_Victoria.html]]></link>
</review>
<review>
	<rating>5.0</rating>
	<author><![CDATA[A TripAdvisor Contributor]]></author>
	<date>2009-03-05</date>
	<title><![CDATA[&#x201c;Book weeks ahead to...&#x201d;]]></title>
	<excerpt><![CDATA[Book weeks ahead to avoid disappointment. more]]></excerpt>
	<link><![CDATA[http://www.tripadvisor.com/Restaurant_Review-g255100-d727291-Reviews-MoVida-Melbourne_Victoria.html]]></link>
</review>
<review>
	<rating>5.0</rating>
	<author><![CDATA[BeHappyM8]]></author>
	<date>2009-02-13</date>
	<title><![CDATA[&#x201c;Great Tapas&#x201d;]]></title>
	<excerpt><![CDATA[We have wanted to go here for ages but it is so hard to get into.
So when Wicked finished at the Regent at 5.30pm we thought maybe an early tapas woul]]></excerpt>
	<link><![CDATA[http://www.tripadvisor.com/Restaurant_Review-g255100-d727291-Reviews-MoVida-Melbourne_Victoria.html]]></link>
</review>
<review>
	<rating>4.0</rating>
	<author><![CDATA[A TripAdvisor Contributor]]></author>
	<date>2008-11-30</date>
	<title><![CDATA[&#x201c;Great food, great wine...&#x201d;]]></title>
	<excerpt><![CDATA[Great food, great wine, but make sure you book! more]]></excerpt>
	<link><![CDATA[http://www.tripadvisor.com/Restaurant_Review-g255100-d727291-Reviews-MoVida-Melbourne_Victoria.html]]></link>
</review>
<review>
	<rating>5.0</rating>
	<author><![CDATA[katesjourneys]]></author>
	<date>2008-11-14</date>
	<title><![CDATA[&#x201c;Tiny and Fabulous&#x201d;]]></title>
	<excerpt><![CDATA[This is one very hard to get into restaurant (our hotel said 3 weeks ahead was the going reservation recommendation -- we wanted to go that night).
An]]></excerpt>
	<link><![CDATA[http://www.tripadvisor.com/Restaurant_Review-g255100-d727291-Reviews-MoVida-Melbourne_Victoria.html]]></link>
</review>
<review>
	<rating>2.0</rating>
	<author><![CDATA[A TripAdvisor Contributor]]></author>
	<date>2008-11-13</date>
	<title><![CDATA[&#x201c;The food was good, the...&#x201d;]]></title>
	<excerpt><![CDATA[The food was good, the decor very poor, the location I think is pretty cheesy for a laneway top notch restaurant in city. Waited over 2 months to get ]]></excerpt>
	<link><![CDATA[http://www.tripadvisor.com/Restaurant_Review-g255100-d727291-Reviews-MoVida-Melbourne_Victoria.html]]></link>
</review>
<review>
	<rating>4.0</rating>
	<author><![CDATA[A TripAdvisor Contributor]]></author>
	<date>2008-11-12</date>
	<title><![CDATA[&#x201c;Took 3 girlfriends from...&#x201d;]]></title>
	<excerpt><![CDATA[Took 3 girlfriends from Sydney and enjoyed a very sex in the city type evening. Great wine list! more]]></excerpt>
	<link><![CDATA[http://www.tripadvisor.com/Restaurant_Review-g255100-d727291-Reviews-MoVida-Melbourne_Victoria.html]]></link>
</review>
<review>
	<rating>3.0</rating>
	<author><![CDATA[Kbel3]]></author>
	<date>2008-09-22</date>
	<title><![CDATA[&#x201c;I just don't get it...&#x201d;]]></title>
	<excerpt><![CDATA[I have been here several times and I still don't get what the fuss is about. The service is often dismissive and snooty and they seem to have a policy]]></excerpt>
	<link><![CDATA[http://www.tripadvisor.com/Restaurant_Review-g255100-d727291-Reviews-MoVida-Melbourne_Victoria.html]]></link>
</review>
<review>
	<rating>4.0</rating>
	<author><![CDATA[burna]]></author>
	<date>2008-09-17</date>
	<title><![CDATA[&#x201c;yummy tapas, great service!&#x201d;]]></title>
	<excerpt><![CDATA[With the knowledge that post baby there will be fewer and fewer lovely meals out we have decided to start working our way through the 2009 Good Food G]]></excerpt>
	<link><![CDATA[http://www.tripadvisor.com/Restaurant_Review-g255100-d727291-Reviews-MoVida-Melbourne_Victoria.html]]></link>
</review>
<review>
	<rating>4.0</rating>
	<author><![CDATA[A TripAdvisor Contributor]]></author>
	<date>2008-09-07</date>
	<title><![CDATA[&#x201c;Great food - ends up...&#x201d;]]></title>
	<excerpt><![CDATA[Great food - ends up being pretty pricey...last time I went, we were entertained by this wanker at the next table who reckoned he got a foreign object]]></excerpt>
	<link><![CDATA[http://www.tripadvisor.com/Restaurant_Review-g255100-d727291-Reviews-MoVida-Melbourne_Victoria.html]]></link>
</review>
<review>
	<rating>5.0</rating>
	<author><![CDATA[A TripAdvisor Contributor]]></author>
	<date>2008-09-01</date>
	<title><![CDATA[&#x201c;Maybe the best...&#x201d;]]></title>
	<excerpt><![CDATA[Maybe the best restaurant I've ever been to. Suberb tapas, great service and atmosphere. more]]></excerpt>
	<link><![CDATA[http://www.tripadvisor.com/Restaurant_Review-g255100-d727291-Reviews-or10-MoVida-Melbourne_Victoria.html]]></link>
</review>
<review>
	<rating>4.0</rating>
	<author><![CDATA[marcusfoodus]]></author>
	<date>2008-07-18</date>
	<title><![CDATA[&#x201c;all class&#x201d;]]></title>
	<excerpt><![CDATA[great food, awesome service and atmosphere.. the only downside is its so popular you might have to book waaay in advance. a little on the pricey side ]]></excerpt>
	<link><![CDATA[http://www.tripadvisor.com/Restaurant_Review-g255100-d727291-Reviews-or10-MoVida-Melbourne_Victoria.html]]></link>
</review>
<review>
	<rating>3.0</rating>
	<author><![CDATA[A TripAdvisor Contributor]]></author>
	<date>2008-07-14</date>
	<title><![CDATA[&#x201c;BEST TAPPAs IN TOWN...&#x201d;]]></title>
	<excerpt><![CDATA[BEST TAPPAs IN TOWN GREAT ATMOSPHERE OFTEN LONG WAIT FOR TABLE more]]></excerpt>
	<link><![CDATA[http://www.tripadvisor.com/Restaurant_Review-g255100-d727291-Reviews-or10-MoVida-Melbourne_Victoria.html]]></link>
</review>
<review>
	<rating>5.0</rating>
	<author><![CDATA[A TripAdvisor Contributor]]></author>
	<date>2008-06-30</date>
	<title><![CDATA[&#x201c;I crave the tapas...&#x201d;]]></title>
	<excerpt><![CDATA[I crave the tapas. Bought the chef's book and he autographed it for me!! more]]></excerpt>
	<link><![CDATA[http://www.tripadvisor.com/Restaurant_Review-g255100-d727291-Reviews-or10-MoVida-Melbourne_Victoria.html]]></link>
</review>
<review>
	<rating>5.0</rating>
	<author><![CDATA[A TripAdvisor Contributor]]></author>
	<date>2008-06-30</date>
	<title><![CDATA[&#x201c;Great tapas! Fun...&#x201d;]]></title>
	<excerpt><![CDATA[Great tapas! Fun atmosphere. more]]></excerpt>
	<link><![CDATA[http://www.tripadvisor.com/Restaurant_Review-g255100-d727291-Reviews-or10-MoVida-Melbourne_Victoria.html]]></link>
</review>
<review>
	<rating>2.0</rating>
	<author><![CDATA[A TripAdvisor Contributor]]></author>
	<date>2008-06-24</date>
	<title><![CDATA[&#x201c;If you're into...&#x201d;]]></title>
	<excerpt><![CDATA[If you're into experimental flavours you'll enjoy the food more than me. I prefer traditional spanish food. They use really good quality ingredients I]]></excerpt>
	<link><![CDATA[http://www.tripadvisor.com/Restaurant_Review-g255100-d727291-Reviews-or10-MoVida-Melbourne_Victoria.html]]></link>
</review>
<review>
	<rating>4.0</rating>
	<author><![CDATA[A TripAdvisor Contributor]]></author>
	<date>2008-06-09</date>
	<title><![CDATA[&#x201c;love this place, cosy...&#x201d;]]></title>
	<excerpt><![CDATA[love this place, cosy good food based on traditional spanish tapas and great service. Price is in the mid range. more]]></excerpt>
	<link><![CDATA[http://www.tripadvisor.com/Restaurant_Review-g255100-d727291-Reviews-or10-MoVida-Melbourne_Victoria.html]]></link>
</review>
<review>
	<rating>4.0</rating>
	<author><![CDATA[A TripAdvisor Contributor]]></author>
	<date>2008-06-03</date>
	<title><![CDATA[&#x201c;Loved the food (have as...&#x201d;]]></title>
	<excerpt><![CDATA[Loved the food (have as many tapas as you can), loved the wine but nearly impossible to book a table!!! That should speak for itself. more]]></excerpt>
	<link><![CDATA[http://www.tripadvisor.com/Restaurant_Review-g255100-d727291-Reviews-or10-MoVida-Melbourne_Victoria.html]]></link>
</review>
<review>
	<rating>3.0</rating>
	<author><![CDATA[A TripAdvisor Contributor]]></author>
	<date>2008-05-27</date>
	<title><![CDATA[&#x201c;Cosy warm atmosphere and...&#x201d;]]></title>
	<excerpt><![CDATA[Cosy warm atmosphere and nice wine! However we only tried the octopus tapas and it was bland. more]]></excerpt>
	<link><![CDATA[http://www.tripadvisor.com/Restaurant_Review-g255100-d727291-Reviews-or10-MoVida-Melbourne_Victoria.html]]></link>
</review>
<review>
	<rating>5.0</rating>
	<author><![CDATA[A TripAdvisor Contributor]]></author>
	<date>2008-05-26</date>
	<title><![CDATA[&#x201c;Great tapas..delicious...&#x201d;]]></title>
	<excerpt><![CDATA[Great tapas..delicious and modern. more]]></excerpt>
	<link><![CDATA[http://www.tripadvisor.com/Restaurant_Review-g255100-d727291-Reviews-or10-MoVida-Melbourne_Victoria.html]]></link>
</review>
<review>
	<rating>3.0</rating>
	<author><![CDATA[A TripAdvisor Contributor]]></author>
	<date>2008-05-21</date>
	<title><![CDATA[&#x201c;A bit of a hit and miss...&#x201d;]]></title>
	<excerpt><![CDATA[A bit of a hit and miss, some dishes were fantastic while others didn't really do it for me. As for the so-called dish of the year (cecina)? It was no]]></excerpt>
	<link><![CDATA[http://www.tripadvisor.com/Restaurant_Review-g255100-d727291-Reviews-or20-MoVida-Melbourne_Victoria.html]]></link>
</review>
<review>
	<rating>4.0</rating>
	<author><![CDATA[A TripAdvisor Contributor]]></author>
	<date>2008-05-15</date>
	<title><![CDATA[&#x201c;The best place to share...&#x201d;]]></title>
	<excerpt><![CDATA[The best place to share a meal with friends more]]></excerpt>
	<link><![CDATA[http://www.tripadvisor.com/Restaurant_Review-g255100-d727291-Reviews-or20-MoVida-Melbourne_Victoria.html]]></link>
</review>
<review>
	<rating>4.0</rating>
	<author><![CDATA[A TripAdvisor Contributor]]></author>
	<date>2008-05-09</date>
	<title><![CDATA[&#x201c;Touted by the Australian...&#x201d;]]></title>
	<excerpt><![CDATA[Touted by the Australian Gourmet Traveller as 'the best Spanish restaurant in the country', MoVida is still as popular as when it first burst onto the]]></excerpt>
	<link><![CDATA[http://www.tripadvisor.com/Restaurant_Review-g255100-d727291-Reviews-or20-MoVida-Melbourne_Victoria.html]]></link>
</review>
<review>
	<rating>4.0</rating>
	<author><![CDATA[A TripAdvisor Contributor]]></author>
	<date>2008-05-06</date>
	<title><![CDATA[&#x201c;Good tapas, good...&#x201d;]]></title>
	<excerpt><![CDATA[Good tapas, good service, good price for quality. more]]></excerpt>
	<link><![CDATA[http://www.tripadvisor.com/Restaurant_Review-g255100-d727291-Reviews-or20-MoVida-Melbourne_Victoria.html]]></link>
</review>
<review>
	<rating>3.0</rating>
	<author><![CDATA[A TripAdvisor Contributor]]></author>
	<date>2008-05-02</date>
	<title><![CDATA[&#x201c;A bit rushed, and...&#x201d;]]></title>
	<excerpt><![CDATA[A bit rushed, and over-rated, but pleasant enough. Interested to see how it will hold up against "real" Spanish tapas more]]></excerpt>
	<link><![CDATA[http://www.tripadvisor.com/Restaurant_Review-g255100-d727291-Reviews-or20-MoVida-Melbourne_Victoria.html]]></link>
</review>
<review>
	<rating>3.0</rating>
	<author><![CDATA[A TripAdvisor Contributor]]></author>
	<date>2008-04-08</date>
	<title><![CDATA[&#x201c;Great atmosphere and...&#x201d;]]></title>
	<excerpt><![CDATA[Great atmosphere and Churros! Haven't tried the Tapas yet, but will do! more]]></excerpt>
	<link><![CDATA[http://www.tripadvisor.com/Restaurant_Review-g255100-d727291-Reviews-or20-MoVida-Melbourne_Victoria.html]]></link>
</review>
<review>
	<rating>4.0</rating>
	<author><![CDATA[A TripAdvisor Contributor]]></author>
	<date>2008-03-29</date>
	<title><![CDATA[&#x201c;love tapas, love Movida...&#x201d;]]></title>
	<excerpt><![CDATA[love tapas, love Movida. Only problem is getting a booking. more]]></excerpt>
	<link><![CDATA[http://www.tripadvisor.com/Restaurant_Review-g255100-d727291-Reviews-or20-MoVida-Melbourne_Victoria.html]]></link>
</review>
<review>
	<rating>2.0</rating>
	<author><![CDATA[A TripAdvisor Contributor]]></author>
	<date>2008-03-14</date>
	<title><![CDATA[&#x201c;Great ambiance but too...&#x201d;]]></title>
	<excerpt><![CDATA[Great ambiance but too hard to get a table and food is too salty for my liking. more]]></excerpt>
	<link><![CDATA[http://www.tripadvisor.com/Restaurant_Review-g255100-d727291-Reviews-or20-MoVida-Melbourne_Victoria.html]]></link>
</review>
<review>
	<rating>4.0</rating>
	<author><![CDATA[A TripAdvisor Contributor]]></author>
	<date>2008-03-14</date>
	<title><![CDATA[&#x201c;The best tapas in town.&#x201d;]]></title>
	<excerpt><![CDATA[The best tapas in town. more]]></excerpt>
	<link><![CDATA[http://www.tripadvisor.com/Restaurant_Review-g255100-d727291-Reviews-or20-MoVida-Melbourne_Victoria.html]]></link>
</review>
<review>
	<rating>5.0</rating>
	<author><![CDATA[A TripAdvisor Contributor]]></author>
	<date>2008-02-10</date>
	<title><![CDATA[&#x201c;Tapas. Hot Ganache.&#x201d;]]></title>
	<excerpt><![CDATA[Tapas. Hot Ganache. more]]></excerpt>
	<link><![CDATA[http://www.tripadvisor.com/Restaurant_Review-g255100-d727291-Reviews-or20-MoVida-Melbourne_Victoria.html]]></link>
</review>
<review>
	<rating>2.0</rating>
	<author><![CDATA[A TripAdvisor Contributor]]></author>
	<date>2008-02-05</date>
	<title><![CDATA[&#x201c;always packed and quite...&#x201d;]]></title>
	<excerpt><![CDATA[always packed and quite noisy- good luck in getting a booking more]]></excerpt>
	<link><![CDATA[http://www.tripadvisor.com/Restaurant_Review-g255100-d727291-Reviews-or30-MoVida-Melbourne_Victoria.html]]></link>
</review>
<review>
	<rating>4.0</rating>
	<author><![CDATA[A TripAdvisor Contributor]]></author>
	<date>2008-02-02</date>
	<title><![CDATA[&#x201c;Best tapas in melbourne!&#x201d;]]></title>
	<excerpt><![CDATA[Best tapas in melbourne! more]]></excerpt>
	<link><![CDATA[http://www.tripadvisor.com/Restaurant_Review-g255100-d727291-Reviews-or30-MoVida-Melbourne_Victoria.html]]></link>
</review>
<review>
	<rating>3.0</rating>
	<author><![CDATA[A TripAdvisor Contributor]]></author>
	<date>2008-02-02</date>
	<title><![CDATA[&#x201c;Slightly overrated on my...&#x201d;]]></title>
	<excerpt><![CDATA[Slightly overrated on my visit. The selection was good, but a lot of things were very average (such as the churros for dessert). Perhaps next time I w]]></excerpt>
	<link><![CDATA[http://www.tripadvisor.com/Restaurant_Review-g255100-d727291-Reviews-or30-MoVida-Melbourne_Victoria.html]]></link>
</review>
<review>
	<rating>4.0</rating>
	<author><![CDATA[A TripAdvisor Contributor]]></author>
	<date>2008-01-30</date>
	<title><![CDATA[&#x201c;this is one of my...&#x201d;]]></title>
	<excerpt><![CDATA[this is one of my favourite restaurants in melbourne. more]]></excerpt>
	<link><![CDATA[http://www.tripadvisor.com/Restaurant_Review-g255100-d727291-Reviews-or30-MoVida-Melbourne_Victoria.html]]></link>
</review>
<review>
	<rating>5.0</rating>
	<author><![CDATA[A TripAdvisor Contributor]]></author>
	<date>2008-01-29</date>
	<title><![CDATA[&#x201c;One of my favourite...&#x201d;]]></title>
	<excerpt><![CDATA[One of my favourite restaurant in Melbourne! Yummy Spanish food.....simply delicious tapas with a glass of wine or two :) the superb chocolate ganache]]></excerpt>
	<link><![CDATA[http://www.tripadvisor.com/Restaurant_Review-g255100-d727291-Reviews-or30-MoVida-Melbourne_Victoria.html]]></link>
</review>
<review>
	<rating>4.0</rating>
	<author><![CDATA[A TripAdvisor Contributor]]></author>
	<date>2008-01-29</date>
	<title><![CDATA[&#x201c;fantastic selection and...&#x201d;]]></title>
	<excerpt><![CDATA[fantastic selection and delicious food at more than reasonable prices. The only probles are trying to get a booking and the fact they took the cured w]]></excerpt>
	<link><![CDATA[http://www.tripadvisor.com/Restaurant_Review-g255100-d727291-Reviews-or30-MoVida-Melbourne_Victoria.html]]></link>
</review>
<review>
	<rating>2.0</rating>
	<author><![CDATA[A TripAdvisor Contributor]]></author>
	<date>2008-01-27</date>
	<title><![CDATA[&#x201c;paella good but not...&#x201d;]]></title>
	<excerpt><![CDATA[paella good but not great..great little place. more]]></excerpt>
	<link><![CDATA[http://www.tripadvisor.com/Restaurant_Review-g255100-d727291-Reviews-or30-MoVida-Melbourne_Victoria.html]]></link>
</review>
<review>
	<rating>4.0</rating>
	<author><![CDATA[A TripAdvisor Contributor]]></author>
	<date>2008-01-27</date>
	<title><![CDATA[&#x201c;Love it! Best tapas...&#x201d;]]></title>
	<excerpt><![CDATA[Love it! Best tapas around the CBD!!! more]]></excerpt>
	<link><![CDATA[http://www.tripadvisor.com/Restaurant_Review-g255100-d727291-Reviews-or30-MoVida-Melbourne_Victoria.html]]></link>
</review>
<review>
	<rating>5.0</rating>
	<author><![CDATA[A TripAdvisor Contributor]]></author>
	<date>2008-01-25</date>
	<title><![CDATA[&#x201c;Wonderful, interesting...&#x201d;]]></title>
	<excerpt><![CDATA[Wonderful, interesting food. Tastes you would never think go together. more]]></excerpt>
	<link><![CDATA[http://www.tripadvisor.com/Restaurant_Review-g255100-d727291-Reviews-or30-MoVida-Melbourne_Victoria.html]]></link>
</review>
<review>
	<rating>4.0</rating>
	<author><![CDATA[A TripAdvisor Contributor]]></author>
	<date>2008-01-22</date>
	<title><![CDATA[&#x201c;great food great place...&#x201d;]]></title>
	<excerpt><![CDATA[great food great place but book early
! more]]></excerpt>
	<link><![CDATA[http://www.tripadvisor.com/Restaurant_Review-g255100-d727291-Reviews-or30-MoVida-Melbourne_Victoria.html]]></link>
</review>
<review>
	<rating>5.0</rating>
	<author><![CDATA[A TripAdvisor Contributor]]></author>
	<date>2008-01-21</date>
	<title><![CDATA[&#x201c;Try everything  it...&#x201d;]]></title>
	<excerpt><![CDATA[Try everything  it won't let you down. more]]></excerpt>
	<link><![CDATA[http://www.tripadvisor.com/Restaurant_Review-g255100-d727291-Reviews-or40-MoVida-Melbourne_Victoria.html]]></link>
</review>
<review>
	<rating>3.0</rating>
	<author><![CDATA[A TripAdvisor Contributor]]></author>
	<date>2008-01-10</date>
	<title><![CDATA[&#x201c;great atmosphere; great...&#x201d;]]></title>
	<excerpt><![CDATA[great atmosphere; great food, lack of space and privacy; low in service standards more]]></excerpt>
	<link><![CDATA[http://www.tripadvisor.com/Restaurant_Review-g255100-d727291-Reviews-or40-MoVida-Melbourne_Victoria.html]]></link>
</review>
<review>
	<rating>5.0</rating>
	<author><![CDATA[A TripAdvisor Contributor]]></author>
	<date>2008-01-04</date>
	<title><![CDATA[&#x201c;A great night out. Sit...&#x201d;]]></title>
	<excerpt><![CDATA[A great night out. Sit at the bar and start enjoying yourself. more]]></excerpt>
	<link><![CDATA[http://www.tripadvisor.com/Restaurant_Review-g255100-d727291-Reviews-or40-MoVida-Melbourne_Victoria.html]]></link>
</review>
<review>
	<rating>4.0</rating>
	<author><![CDATA[A TripAdvisor Contributor]]></author>
	<date>2007-12-26</date>
	<title><![CDATA[&#x201c;A little over rated...&#x201d;]]></title>
	<excerpt><![CDATA[A little over rated, still very good more]]></excerpt>
	<link><![CDATA[http://www.tripadvisor.com/Restaurant_Review-g255100-d727291-Reviews-or40-MoVida-Melbourne_Victoria.html]]></link>
</review>
<review>
	<rating>4.0</rating>
	<author><![CDATA[A TripAdvisor Contributor]]></author>
	<date>2007-12-25</date>
	<title><![CDATA[&#x201c;Wasn't too bad, but not...&#x201d;]]></title>
	<excerpt><![CDATA[Wasn't too bad, but not much authentic Spanish food. more]]></excerpt>
	<link><![CDATA[http://www.tripadvisor.com/Restaurant_Review-g255100-d727291-Reviews-or40-MoVida-Melbourne_Victoria.html]]></link>
</review>
<review>
	<rating>3.0</rating>
	<author><![CDATA[A TripAdvisor Contributor]]></author>
	<date>2007-12-21</date>
	<title><![CDATA[&#x201c;interesting flavour...&#x201d;]]></title>
	<excerpt><![CDATA[interesting flavour, smoke tomato sorbet... more]]></excerpt>
	<link><![CDATA[http://www.tripadvisor.com/Restaurant_Review-g255100-d727291-Reviews-or40-MoVida-Melbourne_Victoria.html]]></link>
</review>
<review>
	<rating>4.0</rating>
	<author><![CDATA[A TripAdvisor Contributor]]></author>
	<date>2007-12-20</date>
	<title><![CDATA[&#x201c;Great spanish food...&#x201d;]]></title>
	<excerpt><![CDATA[Great spanish food. Crowded and noisy sometimes due to popularity. more]]></excerpt>
	<link><![CDATA[http://www.tripadvisor.com/Restaurant_Review-g255100-d727291-Reviews-or40-MoVida-Melbourne_Victoria.html]]></link>
</review>
<review>
	<rating>4.0</rating>
	<author><![CDATA[A TripAdvisor Contributor]]></author>
	<date>2007-12-20</date>
	<title><![CDATA[&#x201c;wonderful place for...&#x201d;]]></title>
	<excerpt><![CDATA[wonderful place for brunch more]]></excerpt>
	<link><![CDATA[http://www.tripadvisor.com/Restaurant_Review-g255100-d727291-Reviews-or40-MoVida-Melbourne_Victoria.html]]></link>
</review>
<review>
	<rating>5.0</rating>
	<author><![CDATA[A TripAdvisor Contributor]]></author>
	<date>2007-12-18</date>
	<title><![CDATA[&#x201c;need to book in advance++&#x201d;]]></title>
	<excerpt><![CDATA[need to book in advance++ more]]></excerpt>
	<link><![CDATA[http://www.tripadvisor.com/Restaurant_Review-g255100-d727291-Reviews-or40-MoVida-Melbourne_Victoria.html]]></link>
</review>
<review>
	<rating>4.0</rating>
	<author><![CDATA[A TripAdvisor Contributor]]></author>
	<date>2007-12-18</date>
	<title><![CDATA[&#x201c;Fantastic tapas!&#x201d;]]></title>
	<excerpt><![CDATA[Fantastic tapas! more]]></excerpt>
	<link><![CDATA[http://www.tripadvisor.com/Restaurant_Review-g255100-d727291-Reviews-or40-MoVida-Melbourne_Victoria.html]]></link>
</review>
<review>
	<rating>3.0</rating>
	<author><![CDATA[A TripAdvisor Contributor]]></author>
	<date>2007-12-17</date>
	<title><![CDATA[&#x201c;Great little tapas bar...&#x201d;]]></title>
	<excerpt><![CDATA[Great little tapas bar, service is a bit sketchy more]]></excerpt>
	<link><![CDATA[http://www.tripadvisor.com/Restaurant_Review-g255100-d727291-Reviews-or50-MoVida-Melbourne_Victoria.html]]></link>
</review>
<review>
	<rating>3.0</rating>
	<author><![CDATA[A TripAdvisor Contributor]]></author>
	<date>2007-12-16</date>
	<title><![CDATA[&#x201c;Great food although the...&#x201d;]]></title>
	<excerpt><![CDATA[Great food although the tapas serves are really small and not so great value for money. Service often has a bit of 'attitude' which can be a bit off p]]></excerpt>
	<link><![CDATA[http://www.tripadvisor.com/Restaurant_Review-g255100-d727291-Reviews-or50-MoVida-Melbourne_Victoria.html]]></link>
</review>
<review>
	<rating>4.0</rating>
	<author><![CDATA[A TripAdvisor Contributor]]></author>
	<date>2007-12-16</date>
	<title><![CDATA[&#x201c;Casual.
THE place in...&#x201d;]]></title>
	<excerpt><![CDATA[Casual.
THE place in melborne for great spanish food. Hidden down a lane, always busy and a good vibe. Take the waiter's advice on what's good. more]]></excerpt>
	<link><![CDATA[http://www.tripadvisor.com/Restaurant_Review-g255100-d727291-Reviews-or50-MoVida-Melbourne_Victoria.html]]></link>
</review>
<review>
	<rating>5.0</rating>
	<author><![CDATA[A TripAdvisor Contributor]]></author>
	<date>2007-12-15</date>
	<title><![CDATA[&#x201c;love it
friendly staff...&#x201d;]]></title>
	<excerpt><![CDATA[love it
friendly staff, excellent service and beautiful food you can share with a friend
The waiter did recomand the perfect wine to match our food
mu]]></excerpt>
	<link><![CDATA[http://www.tripadvisor.com/Restaurant_Review-g255100-d727291-Reviews-or50-MoVida-Melbourne_Victoria.html]]></link>
</review>
<review>
	<rating>4.0</rating>
	<author><![CDATA[A TripAdvisor Contributor]]></author>
	<date>2007-12-14</date>
	<title><![CDATA[&#x201c;Sit at the bar for the...&#x201d;]]></title>
	<excerpt><![CDATA[Sit at the bar for the best of this place. more]]></excerpt>
	<link><![CDATA[http://www.tripadvisor.com/Restaurant_Review-g255100-d727291-Reviews-or50-MoVida-Melbourne_Victoria.html]]></link>
</review>
<review>
	<rating>5.0</rating>
	<author><![CDATA[A TripAdvisor Contributor]]></author>
	<date>2007-12-14</date>
	<title><![CDATA[&#x201c;Love it love it love it...&#x201d;]]></title>
	<excerpt><![CDATA[Love it love it love it! One of my favorite! Love the graffiti on the lane too! more]]></excerpt>
	<link><![CDATA[http://www.tripadvisor.com/Restaurant_Review-g255100-d727291-Reviews-or50-MoVida-Melbourne_Victoria.html]]></link>
</review>
<review>
	<rating>4.0</rating>
	<author><![CDATA[A TripAdvisor Contributor]]></author>
	<date>2007-12-13</date>
	<title><![CDATA[&#x201c;yum yum&#x201d;]]></title>
	<excerpt><![CDATA[yum yum more]]></excerpt>
	<link><![CDATA[http://www.tripadvisor.com/Restaurant_Review-g255100-d727291-Reviews-or50-MoVida-Melbourne_Victoria.html]]></link>
</review>
<review>
	<rating>5.0</rating>
	<author><![CDATA[A TripAdvisor Contributor]]></author>
	<date>2007-12-12</date>
	<title><![CDATA[&#x201c;my favourite restaurant...&#x201d;]]></title>
	<excerpt><![CDATA[my favourite restaurant - get Dante to order your food and match wines with it more]]></excerpt>
	<link><![CDATA[http://www.tripadvisor.com/Restaurant_Review-g255100-d727291-Reviews-or50-MoVida-Melbourne_Victoria.html]]></link>
</review>
<review>
	<rating>5.0</rating>
	<author><![CDATA[A TripAdvisor Contributor]]></author>
	<date>2007-12-12</date>
	<title><![CDATA[&#x201c;great food, wine...&#x201d;]]></title>
	<excerpt><![CDATA[great food, wine, service, wine. Overall fantastic restaurant more]]></excerpt>
	<link><![CDATA[http://www.tripadvisor.com/Restaurant_Review-g255100-d727291-Reviews-or50-MoVida-Melbourne_Victoria.html]]></link>
</review>
<review>
	<rating>5.0</rating>
	<author><![CDATA[A TripAdvisor Contributor]]></author>
	<date>2007-12-10</date>
	<title><![CDATA[&#x201c;For the best tappas...&#x201d;]]></title>
	<excerpt><![CDATA[For the best tappas experience in melbourne, authentic spanish wines and beers plus gorgeous staff. you'll think you're in barcelone. more]]></excerpt>
	<link><![CDATA[http://www.tripadvisor.com/Restaurant_Review-g255100-d727291-Reviews-or50-MoVida-Melbourne_Victoria.html]]></link>
</review>
<review>
	<rating>4.0</rating>
	<author><![CDATA[A TripAdvisor Contributor]]></author>
	<date>2007-12-07</date>
	<title><![CDATA[&#x201c;Fantasic food - Not too...&#x201d;]]></title>
	<excerpt><![CDATA[Fantasic food - Not too fussy and generally leave without feeling too loaded more]]></excerpt>
	<link><![CDATA[http://www.tripadvisor.com/Restaurant_Review-g255100-d727291-Reviews-or60-MoVida-Melbourne_Victoria.html]]></link>
</review>
<review>
	<rating>5.0</rating>
	<author><![CDATA[A TripAdvisor Contributor]]></author>
	<date>2007-12-04</date>
	<title><![CDATA[&#x201c;Best Tapas in the City...&#x201d;]]></title>
	<excerpt><![CDATA[Best Tapas in the City - Love this place. Must book though. more]]></excerpt>
	<link><![CDATA[http://www.tripadvisor.com/Restaurant_Review-g255100-d727291-Reviews-or60-MoVida-Melbourne_Victoria.html]]></link>
</review>
<review>
	<rating>5.0</rating>
	<author><![CDATA[A TripAdvisor Contributor]]></author>
	<date>2007-12-04</date>
	<title><![CDATA[&#x201c;Always an enjoyable...&#x201d;]]></title>
	<excerpt><![CDATA[Always an enjoyable dinning experience (even with the long wait for a table). more]]></excerpt>
	<link><![CDATA[http://www.tripadvisor.com/Restaurant_Review-g255100-d727291-Reviews-or60-MoVida-Melbourne_Victoria.html]]></link>
</review>
<review>
	<rating>3.0</rating>
	<author><![CDATA[A TripAdvisor Contributor]]></author>
	<date>2007-12-03</date>
	<title><![CDATA[&#x201c;love this place..great...&#x201d;]]></title>
	<excerpt><![CDATA[love this place..great spanish tapas, one of favorite place. more]]></excerpt>
	<link><![CDATA[http://www.tripadvisor.com/Restaurant_Review-g255100-d727291-Reviews-or60-MoVida-Melbourne_Victoria.html]]></link>
</review>
<review>
	<rating>4.0</rating>
	<author><![CDATA[A TripAdvisor Contributor]]></author>
	<date>2007-12-02</date>
	<title><![CDATA[&#x201c;Mad tapas by the bar and...&#x201d;]]></title>
	<excerpt><![CDATA[Mad tapas by the bar and fresh, fruity olive oil from Geelong to go with that crusty bread. Insane lane. more]]></excerpt>
	<link><![CDATA[http://www.tripadvisor.com/Restaurant_Review-g255100-d727291-Reviews-or60-MoVida-Melbourne_Victoria.html]]></link>
</review>
<review>
	<rating>5.0</rating>
	<author><![CDATA[A TripAdvisor Contributor]]></author>
	<date>2007-12-01</date>
	<title><![CDATA[&#x201c;hot ganache - its a must...&#x201d;]]></title>
	<excerpt><![CDATA[hot ganache - its a must try for choco lovers :) more]]></excerpt>
	<link><![CDATA[http://www.tripadvisor.com/Restaurant_Review-g255100-d727291-Reviews-or60-MoVida-Melbourne_Victoria.html]]></link>
</review>
<review>
	<rating>4.0</rating>
	<author><![CDATA[A TripAdvisor Contributor]]></author>
	<date>2007-12-01</date>
	<title><![CDATA[&#x201c;Definitely the best...&#x201d;]]></title>
	<excerpt><![CDATA[Definitely the best Tapas I have come across in Melbourne. Book early - it's very popular. more]]></excerpt>
	<link><![CDATA[http://www.tripadvisor.com/Restaurant_Review-g255100-d727291-Reviews-or60-MoVida-Melbourne_Victoria.html]]></link>
</review>
<review>
	<rating>3.0</rating>
	<author><![CDATA[A TripAdvisor Contributor]]></author>
	<date>2007-12-01</date>
	<title><![CDATA[&#x201c;Pricy and a bit snoty at...&#x201d;]]></title>
	<excerpt><![CDATA[Pricy and a bit snoty at times, try Yu Yu around the corner more]]></excerpt>
	<link><![CDATA[http://www.tripadvisor.com/Restaurant_Review-g255100-d727291-Reviews-or60-MoVida-Melbourne_Victoria.html]]></link>
</review>
<review>
	<rating>3.0</rating>
	<author><![CDATA[A TripAdvisor Contributor]]></author>
	<date>2007-11-29</date>
	<title><![CDATA[&#x201c;Great food, but desserts...&#x201d;]]></title>
	<excerpt><![CDATA[Great food, but desserts let them down - perhaps I just didn't choose wisely more]]></excerpt>
	<link><![CDATA[http://www.tripadvisor.com/Restaurant_Review-g255100-d727291-Reviews-or60-MoVida-Melbourne_Victoria.html]]></link>
</review>
<review>
	<rating>4.0</rating>
	<author><![CDATA[A TripAdvisor Contributor]]></author>
	<date>2007-11-28</date>
	<title><![CDATA[&#x201c;Great Tapas...&#x201d;]]></title>
	<excerpt><![CDATA[Great Tapas... more]]></excerpt>
	<link><![CDATA[http://www.tripadvisor.com/Restaurant_Review-g255100-d727291-Reviews-or60-MoVida-Melbourne_Victoria.html]]></link>
</review>
<review>
	<rating>5.0</rating>
	<author><![CDATA[A TripAdvisor Contributor]]></author>
	<date>2007-11-26</date>
	<title><![CDATA[&#x201c;by far, the best spanish...&#x201d;]]></title>
	<excerpt><![CDATA[by far, the best spanish tapas I've had. Especially love the Ceccina (air cured wagyu w/ truffle foam and poached eggs) and the mushroom croquette. mo]]></excerpt>
	<link><![CDATA[http://www.tripadvisor.com/Restaurant_Review-g255100-d727291-Reviews-or70-MoVida-Melbourne_Victoria.html]]></link>
</review>
<review>
	<rating>3.0</rating>
	<author><![CDATA[A TripAdvisor Contributor]]></author>
	<date>2007-11-26</date>
	<title><![CDATA[&#x201c;Well, not much like what...&#x201d;]]></title>
	<excerpt><![CDATA[Well, not much like what I have expected to be. took a while for the food to be served and pretty small portions too. But still authentic Spainish foo]]></excerpt>
	<link><![CDATA[http://www.tripadvisor.com/Restaurant_Review-g255100-d727291-Reviews-or70-MoVida-Melbourne_Victoria.html]]></link>
</review>
<review>
	<rating>3.0</rating>
	<author><![CDATA[A TripAdvisor Contributor]]></author>
	<date>2007-11-25</date>
	<title><![CDATA[&#x201c;Great selection of...&#x201d;]]></title>
	<excerpt><![CDATA[Great selection of tapas. Ask for the waiters recommendations and go with an empty stomach! more]]></excerpt>
	<link><![CDATA[http://www.tripadvisor.com/Restaurant_Review-g255100-d727291-Reviews-or70-MoVida-Melbourne_Victoria.html]]></link>
</review>
<review>
	<rating>5.0</rating>
	<author><![CDATA[A TripAdvisor Contributor]]></author>
	<date>2007-11-25</date>
	<title><![CDATA[&#x201c;Try the lamb cutlets...&#x201d;]]></title>
	<excerpt><![CDATA[Try the lamb cutlets wrapped in prosciuto and pesto sauce... more]]></excerpt>
	<link><![CDATA[http://www.tripadvisor.com/Restaurant_Review-g255100-d727291-Reviews-or70-MoVida-Melbourne_Victoria.html]]></link>
</review>
<review>
	<rating>1.0</rating>
	<author><![CDATA[A TripAdvisor Contributor]]></author>
	<date>2007-11-24</date>
	<title><![CDATA[&#x201c;They might have good...&#x201d;]]></title>
	<excerpt><![CDATA[They might have good food, but the staff are incredibly rude and pretentious. It's been banned. more]]></excerpt>
	<link><![CDATA[http://www.tripadvisor.com/Restaurant_Review-g255100-d727291-Reviews-or70-MoVida-Melbourne_Victoria.html]]></link>
</review>
<review>
	<rating>4.0</rating>
	<author><![CDATA[A TripAdvisor Contributor]]></author>
	<date>2007-11-21</date>
	<title><![CDATA[&#x201c;Great Place. Book a week...&#x201d;]]></title>
	<excerpt><![CDATA[Great Place. Book a week in advanced. more]]></excerpt>
	<link><![CDATA[http://www.tripadvisor.com/Restaurant_Review-g255100-d727291-Reviews-or70-MoVida-Melbourne_Victoria.html]]></link>
</review>
<review>
	<rating>4.0</rating>
	<author><![CDATA[A TripAdvisor Contributor]]></author>
	<date>2007-11-21</date>
	<title><![CDATA[&#x201c;Fantastic. Better to...&#x201d;]]></title>
	<excerpt><![CDATA[Fantastic. Better to sit at the bar. Downside is sometimes hard to get into. more]]></excerpt>
	<link><![CDATA[http://www.tripadvisor.com/Restaurant_Review-g255100-d727291-Reviews-or70-MoVida-Melbourne_Victoria.html]]></link>
</review>
<review>
	<rating>5.0</rating>
	<author><![CDATA[A TripAdvisor Contributor]]></author>
	<date>2007-11-20</date>
	<title><![CDATA[&#x201c;It's all about the pork...&#x201d;]]></title>
	<excerpt><![CDATA[It's all about the pork belly more]]></excerpt>
	<link><![CDATA[http://www.tripadvisor.com/Restaurant_Review-g255100-d727291-Reviews-or70-MoVida-Melbourne_Victoria.html]]></link>
</review>
<review>
	<rating>5.0</rating>
	<author><![CDATA[A TripAdvisor Contributor]]></author>
	<date>2007-11-20</date>
	<title><![CDATA[&#x201c;Great food, atmosphere...&#x201d;]]></title>
	<excerpt><![CDATA[Great food, atmosphere, and best of all, great desserts! Recommend the churros with drinking chocolate more]]></excerpt>
	<link><![CDATA[http://www.tripadvisor.com/Restaurant_Review-g255100-d727291-Reviews-or70-MoVida-Melbourne_Victoria.html]]></link>
</review>
<review>
	<rating>4.0</rating>
	<author><![CDATA[A TripAdvisor Contributor]]></author>
	<date>2007-11-19</date>
	<title><![CDATA[&#x201c;Superb resturant, just...&#x201d;]]></title>
	<excerpt><![CDATA[Superb resturant, just don't go in the first sitting or you'll be hustled out the door. more]]></excerpt>
	<link><![CDATA[http://www.tripadvisor.com/Restaurant_Review-g255100-d727291-Reviews-or70-MoVida-Melbourne_Victoria.html]]></link>
</review>
<review>
	<rating>4.0</rating>
	<author><![CDATA[A TripAdvisor Contributor]]></author>
	<date>2007-11-18</date>
	<title><![CDATA[&#x201c;Melbourne ally cool. If...&#x201d;]]></title>
	<excerpt><![CDATA[Melbourne ally cool. If the food doesnt do it for you the stencils and the graffitis out side the doorstep will. more]]></excerpt>
	<link><![CDATA[http://www.tripadvisor.com/Restaurant_Review-g255100-d727291-Reviews-or80-MoVida-Melbourne_Victoria.html]]></link>
</review>
<review>
	<rating>4.0</rating>
	<author><![CDATA[A TripAdvisor Contributor]]></author>
	<date>2007-11-18</date>
	<title><![CDATA[&#x201c;I am taking one star off...&#x201d;]]></title>
	<excerpt><![CDATA[I am taking one star off because it is almost impossible to get a table at a good time unless you book 2-3 weeks in advance! more]]></excerpt>
	<link><![CDATA[http://www.tripadvisor.com/Restaurant_Review-g255100-d727291-Reviews-or80-MoVida-Melbourne_Victoria.html]]></link>
</review>
<review>
	<rating>4.0</rating>
	<author><![CDATA[A TripAdvisor Contributor]]></author>
	<date>2007-11-18</date>
	<title><![CDATA[&#x201c;Good spanish tapas&#x201d;]]></title>
	<excerpt><![CDATA[Good spanish tapas more]]></excerpt>
	<link><![CDATA[http://www.tripadvisor.com/Restaurant_Review-g255100-d727291-Reviews-or80-MoVida-Melbourne_Victoria.html]]></link>
</review>
<review>
	<rating>4.0</rating>
	<author><![CDATA[A TripAdvisor Contributor]]></author>
	<date>2007-11-18</date>
	<title><![CDATA[&#x201c;fantastic food, great...&#x201d;]]></title>
	<excerpt><![CDATA[fantastic food, great spanish wines and very friendly helpful staff more]]></excerpt>
	<link><![CDATA[http://www.tripadvisor.com/Restaurant_Review-g255100-d727291-Reviews-or80-MoVida-Melbourne_Victoria.html]]></link>
</review>
<review>
	<rating>5.0</rating>
	<author><![CDATA[A TripAdvisor Contributor]]></author>
	<date>2007-11-15</date>
	<title><![CDATA[&#x201c;They have the best...&#x201d;]]></title>
	<excerpt><![CDATA[They have the best rabbit, if you're like me and hate rabbit from when you were a kid, this will certainly change your mind! All the food was sublime!]]></excerpt>
	<link><![CDATA[http://www.tripadvisor.com/Restaurant_Review-g255100-d727291-Reviews-or80-MoVida-Melbourne_Victoria.html]]></link>
</review>
<review>
	<rating>5.0</rating>
	<author><![CDATA[A TripAdvisor Contributor]]></author>
	<date>2007-11-15</date>
	<title><![CDATA[&#x201c;fabulous if you can get...&#x201d;]]></title>
	<excerpt><![CDATA[fabulous if you can get a table more]]></excerpt>
	<link><![CDATA[http://www.tripadvisor.com/Restaurant_Review-g255100-d727291-Reviews-or80-MoVida-Melbourne_Victoria.html]]></link>
</review>
<review>
	<rating>5.0</rating>
	<author><![CDATA[A TripAdvisor Contributor]]></author>
	<date>2007-11-15</date>
	<title><![CDATA[&#x201c;Wonderful food, service...&#x201d;]]></title>
	<excerpt><![CDATA[Wonderful food, service and atmosphere more]]></excerpt>
	<link><![CDATA[http://www.tripadvisor.com/Restaurant_Review-g255100-d727291-Reviews-or80-MoVida-Melbourne_Victoria.html]]></link>
</review>
<review>
	<rating>5.0</rating>
	<author><![CDATA[A TripAdvisor Contributor]]></author>
	<date>2007-11-13</date>
	<title><![CDATA[&#x201c;Fantastic sanghria's and...&#x201d;]]></title>
	<excerpt><![CDATA[Fantastic sanghria's and great tapas selections more]]></excerpt>
	<link><![CDATA[http://www.tripadvisor.com/Restaurant_Review-g255100-d727291-Reviews-or80-MoVida-Melbourne_Victoria.html]]></link>
</review>
<review>
	<rating>5.0</rating>
	<author><![CDATA[A TripAdvisor Contributor]]></author>
	<date>2007-11-12</date>
	<title><![CDATA[&#x201c;a fave - that ortiz...&#x201d;]]></title>
	<excerpt><![CDATA[a fave - that ortiz anchovy with smoked tomato sorbet - mmm! more]]></excerpt>
	<link><![CDATA[http://www.tripadvisor.com/Restaurant_Review-g255100-d727291-Reviews-or80-MoVida-Melbourne_Victoria.html]]></link>
</review>
<review>
	<rating>5.0</rating>
	<author><![CDATA[A TripAdvisor Contributor]]></author>
	<date>2007-11-09</date>
	<title><![CDATA[&#x201c;Great atmosphere - it is...&#x201d;]]></title>
	<excerpt><![CDATA[Great atmosphere - it is a 'real' spanish tapas bar. Best wine list - spanish wines to die for. One of my top top favs! more]]></excerpt>
	<link><![CDATA[http://www.tripadvisor.com/Restaurant_Review-g255100-d727291-Reviews-or80-MoVida-Melbourne_Victoria.html]]></link>
</review>
<review>
	<rating>5.0</rating>
	<author><![CDATA[A TripAdvisor Contributor]]></author>
	<date>2007-10-31</date>
	<title><![CDATA[&#x201c;Best Tapas in Melbourne&#x201d;]]></title>
	<excerpt><![CDATA[Best Tapas in Melbourne more]]></excerpt>
	<link><![CDATA[http://www.tripadvisor.com/Restaurant_Review-g255100-d727291-Reviews-or90-MoVida-Melbourne_Victoria.html]]></link>
</review>
</source>