<source name="Trip Advisor" avg-rating="4.5">
<review>
	<rating>4.0</rating>
	<author><![CDATA[A TripAdvisor Contributor]]></author>
	<date>2008-05-30</date>
	<title><![CDATA[&#x201c;Interesting game meat...&#x201d;]]></title>
	<excerpt><![CDATA[Interesting game meat Japanese style more]]></excerpt>
	<link><![CDATA[http://www.tripadvisor.com/Restaurant_Review-g255100-d727304-Reviews-Murasaki_Japanese_Restaurant-Melbourne_Victoria.html]]></link>
</review>
<review>
	<rating>3.0</rating>
	<author><![CDATA[A TripAdvisor Contributor]]></author>
	<date>2008-04-18</date>
	<title><![CDATA[&#x201c;"Hotaruika" was very...&#x201d;]]></title>
	<excerpt><![CDATA["Hotaruika" was very nice!! more]]></excerpt>
	<link><![CDATA[http://www.tripadvisor.com/Restaurant_Review-g255100-d727304-Reviews-Murasaki_Japanese_Restaurant-Melbourne_Victoria.html]]></link>
</review>
<review>
	<rating>4.0</rating>
	<author><![CDATA[A TripAdvisor Contributor]]></author>
	<date>2008-03-20</date>
	<title><![CDATA[&#x201c;Favourite because of its...&#x201d;]]></title>
	<excerpt><![CDATA[Favourite because of its authenticity.... more]]></excerpt>
	<link><![CDATA[http://www.tripadvisor.com/Restaurant_Review-g255100-d727304-Reviews-Murasaki_Japanese_Restaurant-Melbourne_Victoria.html]]></link>
</review>
<review>
	<rating>4.0</rating>
	<author><![CDATA[A TripAdvisor Contributor]]></author>
	<date>2008-02-21</date>
	<title><![CDATA[&#x201c;DACHO TATAKI Very rare...&#x201d;]]></title>
	<excerpt><![CDATA[DACHO TATAKI Very rare ostrich thinly sliced. more]]></excerpt>
	<link><![CDATA[http://www.tripadvisor.com/Restaurant_Review-g255100-d727304-Reviews-Murasaki_Japanese_Restaurant-Melbourne_Victoria.html]]></link>
</review>
<review>
	<rating>4.0</rating>
	<author><![CDATA[A TripAdvisor Contributor]]></author>
	<date>2007-11-19</date>
	<title><![CDATA[&#x201c;Excellent food. A...&#x201d;]]></title>
	<excerpt><![CDATA[Excellent food. A little more expensive then your typical Japanese but worth it. more]]></excerpt>
	<link><![CDATA[http://www.tripadvisor.com/Restaurant_Review-g255100-d727304-Reviews-Murasaki_Japanese_Restaurant-Melbourne_Victoria.html]]></link>
</review>
<review>
	<rating>4.0</rating>
	<author><![CDATA[A TripAdvisor Contributor]]></author>
	<date>2007-11-13</date>
	<title><![CDATA[&#x201c;This place is great...&#x201d;]]></title>
	<excerpt><![CDATA[This place is great. Great menu selection and atmosphere. more]]></excerpt>
	<link><![CDATA[http://www.tripadvisor.com/Restaurant_Review-g255100-d727304-Reviews-Murasaki_Japanese_Restaurant-Melbourne_Victoria.html]]></link>
</review>
</source>