<source name="Trip Advisor" avg-rating="4.0">
<review>
	<rating>3.0</rating>
	<author><![CDATA[A TripAdvisor Contributor]]></author>
	<date>2008-12-08</date>
	<title><![CDATA[&#x201c;Indonesian food ! I like...&#x201d;]]></title>
	<excerpt><![CDATA[Indonesian food ! I like the es campur, the rendang, the mie ayam ( chicken noodle) slrrp more]]></excerpt>
	<link><![CDATA[http://www.tripadvisor.com/Restaurant_Review-g255100-d727356-Reviews-Nelayan_Indonesian_Restaurant-Melbourne_Victoria.html]]></link>
</review>
<review>
	<rating>4.0</rating>
	<author><![CDATA[A TripAdvisor Contributor]]></author>
	<date>2008-09-15</date>
	<title><![CDATA[&#x201c;Nice Indo food!! pretty...&#x201d;]]></title>
	<excerpt><![CDATA[Nice Indo food!! pretty cheap n tasty. The service is very friendly.Good for your pocket too! more]]></excerpt>
	<link><![CDATA[http://www.tripadvisor.com/Restaurant_Review-g255100-d727356-Reviews-Nelayan_Indonesian_Restaurant-Melbourne_Victoria.html]]></link>
</review>
<review>
	<rating>3.0</rating>
	<author><![CDATA[A TripAdvisor Contributor]]></author>
	<date>2008-08-18</date>
	<title><![CDATA[&#x201c;Cheap Food!&#x201d;]]></title>
	<excerpt><![CDATA[Cheap Food! more]]></excerpt>
	<link><![CDATA[http://www.tripadvisor.com/Restaurant_Review-g255100-d727356-Reviews-Nelayan_Indonesian_Restaurant-Melbourne_Victoria.html]]></link>
</review>
<review>
	<rating>3.0</rating>
	<author><![CDATA[A TripAdvisor Contributor]]></author>
	<date>2008-06-14</date>
	<title><![CDATA[&#x201c;best if u miss indon...&#x201d;]]></title>
	<excerpt><![CDATA[best if u miss indon food while you're there more]]></excerpt>
	<link><![CDATA[http://www.tripadvisor.com/Restaurant_Review-g255100-d727356-Reviews-Nelayan_Indonesian_Restaurant-Melbourne_Victoria.html]]></link>
</review>
<review>
	<rating>3.0</rating>
	<author><![CDATA[A TripAdvisor Contributor]]></author>
	<date>2008-05-01</date>
	<title><![CDATA[&#x201c;Remembrance of...&#x201d;]]></title>
	<excerpt><![CDATA[Remembrance of Indonesian food. more]]></excerpt>
	<link><![CDATA[http://www.tripadvisor.com/Restaurant_Review-g255100-d727356-Reviews-Nelayan_Indonesian_Restaurant-Melbourne_Victoria.html]]></link>
</review>
<review>
	<rating>1.0</rating>
	<author><![CDATA[A TripAdvisor Contributor]]></author>
	<date>2008-04-23</date>
	<title><![CDATA[&#x201c;As an Indonesian, I...&#x201d;]]></title>
	<excerpt><![CDATA[As an Indonesian, I never be able to like this restaurant. more]]></excerpt>
	<link><![CDATA[http://www.tripadvisor.com/Restaurant_Review-g255100-d727356-Reviews-Nelayan_Indonesian_Restaurant-Melbourne_Victoria.html]]></link>
</review>
<review>
	<rating>3.0</rating>
	<author><![CDATA[A TripAdvisor Contributor]]></author>
	<date>2008-03-23</date>
	<title><![CDATA[&#x201c;Cheap and fast!&#x201d;]]></title>
	<excerpt><![CDATA[Cheap and fast! more]]></excerpt>
	<link><![CDATA[http://www.tripadvisor.com/Restaurant_Review-g255100-d727356-Reviews-Nelayan_Indonesian_Restaurant-Melbourne_Victoria.html]]></link>
</review>
<review>
	<rating>4.0</rating>
	<author><![CDATA[A TripAdvisor Contributor]]></author>
	<date>2008-01-27</date>
	<title><![CDATA[&#x201c;great nasi goren&#x201d;]]></title>
	<excerpt><![CDATA[great nasi goren more]]></excerpt>
	<link><![CDATA[http://www.tripadvisor.com/Restaurant_Review-g255100-d727356-Reviews-Nelayan_Indonesian_Restaurant-Melbourne_Victoria.html]]></link>
</review>
<review>
	<rating>4.0</rating>
	<author><![CDATA[A TripAdvisor Contributor]]></author>
	<date>2008-01-25</date>
	<title><![CDATA[&#x201c;Cheap and cheerful...&#x201d;]]></title>
	<excerpt><![CDATA[Cheap and cheerful. specialty in Bain marie dishes. Recommended! more]]></excerpt>
	<link><![CDATA[http://www.tripadvisor.com/Restaurant_Review-g255100-d727356-Reviews-Nelayan_Indonesian_Restaurant-Melbourne_Victoria.html]]></link>
</review>
<review>
	<rating>4.0</rating>
	<author><![CDATA[A TripAdvisor Contributor]]></author>
	<date>2008-01-25</date>
	<title><![CDATA[&#x201c;Isn't there one of these...&#x201d;]]></title>
	<excerpt><![CDATA[Isn't there one of these on Swanston? That one is pretty good. more]]></excerpt>
	<link><![CDATA[http://www.tripadvisor.com/Restaurant_Review-g255100-d727356-Reviews-Nelayan_Indonesian_Restaurant-Melbourne_Victoria.html]]></link>
</review>
<review>
	<rating>4.0</rating>
	<author><![CDATA[A TripAdvisor Contributor]]></author>
	<date>2008-01-18</date>
	<title><![CDATA[&#x201c;Nice fried rice. The...&#x201d;]]></title>
	<excerpt><![CDATA[Nice fried rice. The place to go when you miss local foods....Tho' some not quite as good, but anything will do in foreign land! more]]></excerpt>
	<link><![CDATA[http://www.tripadvisor.com/Restaurant_Review-g255100-d727356-Reviews-or10-Nelayan_Indonesian_Restaurant-Melbourne_Victoria.html]]></link>
</review>
<review>
	<rating>5.0</rating>
	<author><![CDATA[A TripAdvisor Contributor]]></author>
	<date>2008-01-07</date>
	<title><![CDATA[&#x201c;semua masakannya enak...&#x201d;]]></title>
	<excerpt><![CDATA[semua masakannya enak.. waitressnya jg cantik2..hahaha narsis!! ;p more]]></excerpt>
	<link><![CDATA[http://www.tripadvisor.com/Restaurant_Review-g255100-d727356-Reviews-or10-Nelayan_Indonesian_Restaurant-Melbourne_Victoria.html]]></link>
</review>
<review>
	<rating>4.0</rating>
	<author><![CDATA[A TripAdvisor Contributor]]></author>
	<date>2007-12-29</date>
	<title><![CDATA[&#x201c;good price ... good food...&#x201d;]]></title>
	<excerpt><![CDATA[good price ... good food ... was my first choice when I miss Indonesian food ... more]]></excerpt>
	<link><![CDATA[http://www.tripadvisor.com/Restaurant_Review-g255100-d727356-Reviews-or10-Nelayan_Indonesian_Restaurant-Melbourne_Victoria.html]]></link>
</review>
<review>
	<rating>4.0</rating>
	<author><![CDATA[A TripAdvisor Contributor]]></author>
	<date>2007-12-26</date>
	<title><![CDATA[&#x201c;Nice and cheap but it is...&#x201d;]]></title>
	<excerpt><![CDATA[Nice and cheap but it is very good. more]]></excerpt>
	<link><![CDATA[http://www.tripadvisor.com/Restaurant_Review-g255100-d727356-Reviews-or10-Nelayan_Indonesian_Restaurant-Melbourne_Victoria.html]]></link>
</review>
<review>
	<rating>4.0</rating>
	<author><![CDATA[A TripAdvisor Contributor]]></author>
	<date>2007-12-13</date>
	<title><![CDATA[&#x201c;DEKET RUMAH, both...&#x201d;]]></title>
	<excerpt><![CDATA[DEKET RUMAH, both location & rasa.. Sangat ngebantu kalo kangen masakan rumah :) more]]></excerpt>
	<link><![CDATA[http://www.tripadvisor.com/Restaurant_Review-g255100-d727356-Reviews-or10-Nelayan_Indonesian_Restaurant-Melbourne_Victoria.html]]></link>
</review>
<review>
	<rating>3.0</rating>
	<author><![CDATA[A TripAdvisor Contributor]]></author>
	<date>2007-12-05</date>
	<title><![CDATA[&#x201c;Great place for a Malay...&#x201d;]]></title>
	<excerpt><![CDATA[Great place for a Malay food craving pig-out session more]]></excerpt>
	<link><![CDATA[http://www.tripadvisor.com/Restaurant_Review-g255100-d727356-Reviews-or10-Nelayan_Indonesian_Restaurant-Melbourne_Victoria.html]]></link>
</review>
<review>
	<rating>3.0</rating>
	<author><![CDATA[A TripAdvisor Contributor]]></author>
	<date>2007-11-20</date>
	<title><![CDATA[&#x201c;Not the best of all Indo...&#x201d;]]></title>
	<excerpt><![CDATA[Not the best of all Indo restaurant, but this one has survived for many years now. more]]></excerpt>
	<link><![CDATA[http://www.tripadvisor.com/Restaurant_Review-g255100-d727356-Reviews-or10-Nelayan_Indonesian_Restaurant-Melbourne_Victoria.html]]></link>
</review>
<review>
	<rating>5.0</rating>
	<author><![CDATA[A TripAdvisor Contributor]]></author>
	<date>2007-11-18</date>
	<title><![CDATA[&#x201c;Traditional family...&#x201d;]]></title>
	<excerpt><![CDATA[Traditional family favourite amoungst my cousins more]]></excerpt>
	<link><![CDATA[http://www.tripadvisor.com/Restaurant_Review-g255100-d727356-Reviews-or10-Nelayan_Indonesian_Restaurant-Melbourne_Victoria.html]]></link>
</review>
<review>
	<rating>4.0</rating>
	<author><![CDATA[A TripAdvisor Contributor]]></author>
	<date>2007-11-11</date>
	<title><![CDATA[&#x201c;lot of varieties of indo...&#x201d;]]></title>
	<excerpt><![CDATA[lot of varieties of indo foods with good taste. Strategic location more]]></excerpt>
	<link><![CDATA[http://www.tripadvisor.com/Restaurant_Review-g255100-d727356-Reviews-or10-Nelayan_Indonesian_Restaurant-Melbourne_Victoria.html]]></link>
</review>
<review>
	<rating>3.0</rating>
	<author><![CDATA[A TripAdvisor Contributor]]></author>
	<date>2007-11-06</date>
	<title><![CDATA[&#x201c;Decent good indonesian...&#x201d;]]></title>
	<excerpt><![CDATA[Decent good indonesian foods with lots of varieties more]]></excerpt>
	<link><![CDATA[http://www.tripadvisor.com/Restaurant_Review-g255100-d727356-Reviews-or10-Nelayan_Indonesian_Restaurant-Melbourne_Victoria.html]]></link>
</review>
</source>