<source name="Trip Advisor" avg-rating="4.0">
<review>
	<rating>3.0</rating>
	<author><![CDATA[A TripAdvisor Contributor]]></author>
	<date>2008-05-26</date>
	<title><![CDATA[&#x201c;In a word...&#x201d;]]></title>
	<excerpt><![CDATA[In a word: Overpriced.
Food =7
Value=3
Atmosphere=6
The most expensive Indian I have ever had. while the food was nice, it's not as good as other plac]]></excerpt>
	<link><![CDATA[http://www.tripadvisor.com/Restaurant_Review-g255100-d794114-Reviews-Nirankar_Indian_Restaurant-Melbourne_Victoria.html]]></link>
</review>
<review>
	<rating>3.0</rating>
	<author><![CDATA[A TripAdvisor Contributor]]></author>
	<date>2008-04-03</date>
	<title><![CDATA[&#x201c;Good atmosphere, good...&#x201d;]]></title>
	<excerpt><![CDATA[Good atmosphere, good Indian food. more]]></excerpt>
	<link><![CDATA[http://www.tripadvisor.com/Restaurant_Review-g255100-d794114-Reviews-Nirankar_Indian_Restaurant-Melbourne_Victoria.html]]></link>
</review>
<review>
	<rating>5.0</rating>
	<author><![CDATA[A TripAdvisor Contributor]]></author>
	<date>2008-03-02</date>
	<title><![CDATA[&#x201c;Simply loved the food...&#x201d;]]></title>
	<excerpt><![CDATA[Simply loved the food. Service is also good and the Pistachio kulfi is heavenly.... more]]></excerpt>
	<link><![CDATA[http://www.tripadvisor.com/Restaurant_Review-g255100-d794114-Reviews-Nirankar_Indian_Restaurant-Melbourne_Victoria.html]]></link>
</review>
<review>
	<rating>4.0</rating>
	<author><![CDATA[A TripAdvisor Contributor]]></author>
	<date>2008-02-19</date>
	<title><![CDATA[&#x201c;love eating here...&#x201d;]]></title>
	<excerpt><![CDATA[love eating here everytime I visit Melbourne more]]></excerpt>
	<link><![CDATA[http://www.tripadvisor.com/Restaurant_Review-g255100-d794114-Reviews-Nirankar_Indian_Restaurant-Melbourne_Victoria.html]]></link>
</review>
</source>