<source name="Trip Advisor" avg-rating="4.5">
<review>
	<rating>3.0</rating>
	<author><![CDATA[A TripAdvisor Contributor]]></author>
	<date>2009-02-10</date>
	<title><![CDATA[&#x201c;Trendy with riverfront...&#x201d;]]></title>
	<excerpt><![CDATA[Trendy with riverfront views. The service was fantastic. Starters -
poached egg with rocket & truffles, pasta - were good. Everything after struggled ]]></excerpt>
	<link><![CDATA[http://www.tripadvisor.com/Restaurant_Review-g255100-d794264-Reviews-Number_8_Restaurant_Wine_Bar-Melbourne_Victoria.html]]></link>
</review>
<review>
	<rating>4.0</rating>
	<author><![CDATA[pinan]]></author>
	<date>2009-01-25</date>
	<title><![CDATA[&#x201c;Ambience & Food top notch&#x201d;]]></title>
	<excerpt><![CDATA[Recently we had a lovely lunch at Number 8.
We had the Green asparagus and goat's cheese ravioli with walnut oil. The ingredients were very fresh and ]]></excerpt>
	<link><![CDATA[http://www.tripadvisor.com/Restaurant_Review-g255100-d794264-Reviews-Number_8_Restaurant_Wine_Bar-Melbourne_Victoria.html]]></link>
</review>
<review>
	<rating>2.0</rating>
	<author><![CDATA[AussieinSeoul]]></author>
	<date>2008-12-28</date>
	<title><![CDATA[&#x201c;Why location does not indicate quality&#x201d;]]></title>
	<excerpt><![CDATA[We visited Number 8 Restaurant as a group of four, ambience and decor was nothing spcecial considering the premium location and cost of the meal.
We s]]></excerpt>
	<link><![CDATA[http://www.tripadvisor.com/Restaurant_Review-g255100-d794264-Reviews-Number_8_Restaurant_Wine_Bar-Melbourne_Victoria.html]]></link>
</review>
<review>
	<rating>4.0</rating>
	<author><![CDATA[A TripAdvisor Contributor]]></author>
	<date>2008-12-20</date>
	<title><![CDATA[&#x201c;7.5/10 - quality eaterie...&#x201d;]]></title>
	<excerpt><![CDATA[7.5/10 - quality eaterie a cut above avg. in southbank. more]]></excerpt>
	<link><![CDATA[http://www.tripadvisor.com/Restaurant_Review-g255100-d794264-Reviews-Number_8_Restaurant_Wine_Bar-Melbourne_Victoria.html]]></link>
</review>
<review>
	<rating>4.0</rating>
	<author><![CDATA[A TripAdvisor Contributor]]></author>
	<date>2008-08-07</date>
	<title><![CDATA[&#x201c;Good Wine Selection.&#x201d;]]></title>
	<excerpt><![CDATA[Good Wine Selection. more]]></excerpt>
	<link><![CDATA[http://www.tripadvisor.com/Restaurant_Review-g255100-d794264-Reviews-Number_8_Restaurant_Wine_Bar-Melbourne_Victoria.html]]></link>
</review>
<review>
	<rating>5.0</rating>
	<author><![CDATA[A TripAdvisor Contributor]]></author>
	<date>2008-07-31</date>
	<title><![CDATA[&#x201c;Loved its steak, service...&#x201d;]]></title>
	<excerpt><![CDATA[Loved its steak, service was good but not as good as The Meat & Wine Co and Rockpool. more]]></excerpt>
	<link><![CDATA[http://www.tripadvisor.com/Restaurant_Review-g255100-d794264-Reviews-Number_8_Restaurant_Wine_Bar-Melbourne_Victoria.html]]></link>
</review>
<review>
	<rating>3.0</rating>
	<author><![CDATA[A TripAdvisor Contributor]]></author>
	<date>2008-05-27</date>
	<title><![CDATA[&#x201c;so so&#x201d;]]></title>
	<excerpt><![CDATA[so so more]]></excerpt>
	<link><![CDATA[http://www.tripadvisor.com/Restaurant_Review-g255100-d794264-Reviews-Number_8_Restaurant_Wine_Bar-Melbourne_Victoria.html]]></link>
</review>
<review>
	<rating>4.0</rating>
	<author><![CDATA[A TripAdvisor Contributor]]></author>
	<date>2008-05-02</date>
	<title><![CDATA[&#x201c;Really like this place...&#x201d;]]></title>
	<excerpt><![CDATA[Really like this place. Outdoor seating can be very nice by the yarra, and the food is great and not overly expensive. Don't bother trying the tasters]]></excerpt>
	<link><![CDATA[http://www.tripadvisor.com/Restaurant_Review-g255100-d794264-Reviews-Number_8_Restaurant_Wine_Bar-Melbourne_Victoria.html]]></link>
</review>
<review>
	<rating>3.0</rating>
	<author><![CDATA[A TripAdvisor Contributor]]></author>
	<date>2008-04-13</date>
	<title><![CDATA[&#x201c;Reasonable...&#x201d;]]></title>
	<excerpt><![CDATA[Reasonable... more]]></excerpt>
	<link><![CDATA[http://www.tripadvisor.com/Restaurant_Review-g255100-d794264-Reviews-Number_8_Restaurant_Wine_Bar-Melbourne_Victoria.html]]></link>
</review>
<review>
	<rating>5.0</rating>
	<author><![CDATA[A TripAdvisor Contributor]]></author>
	<date>2008-04-01</date>
	<title><![CDATA[&#x201c;the food is great and...&#x201d;]]></title>
	<excerpt><![CDATA[the food is great and reasonbly priced, but the wine list is a tad expensive more]]></excerpt>
	<link><![CDATA[http://www.tripadvisor.com/Restaurant_Review-g255100-d794264-Reviews-Number_8_Restaurant_Wine_Bar-Melbourne_Victoria.html]]></link>
</review>
<review>
	<rating>3.0</rating>
	<author><![CDATA[A TripAdvisor Contributor]]></author>
	<date>2008-03-14</date>
	<title><![CDATA[&#x201c;Fantastic food and great...&#x201d;]]></title>
	<excerpt><![CDATA[Fantastic food and great wines by the glass. They used to have Grange by the glass but I don't think they do anymore. They do a pretty good steak too,]]></excerpt>
	<link><![CDATA[http://www.tripadvisor.com/Restaurant_Review-g255100-d794264-Reviews-or10-Number_8_Restaurant_Wine_Bar-Melbourne_Victoria.html]]></link>
</review>
<review>
	<rating>4.0</rating>
	<author><![CDATA[A TripAdvisor Contributor]]></author>
	<date>2008-02-25</date>
	<title><![CDATA[&#x201c;Sime's Favorite~~but I...&#x201d;]]></title>
	<excerpt><![CDATA[Sime's Favorite~~but I like their bread and dip more]]></excerpt>
	<link><![CDATA[http://www.tripadvisor.com/Restaurant_Review-g255100-d794264-Reviews-or10-Number_8_Restaurant_Wine_Bar-Melbourne_Victoria.html]]></link>
</review>
<review>
	<rating>5.0</rating>
	<author><![CDATA[A TripAdvisor Contributor]]></author>
	<date>2008-01-30</date>
	<title><![CDATA[&#x201c;food, service, wine list...&#x201d;]]></title>
	<excerpt><![CDATA[food, service, wine list are all great! of course comes with a price! But so worth it! more]]></excerpt>
	<link><![CDATA[http://www.tripadvisor.com/Restaurant_Review-g255100-d794264-Reviews-or10-Number_8_Restaurant_Wine_Bar-Melbourne_Victoria.html]]></link>
</review>
<review>
	<rating>3.0</rating>
	<author><![CDATA[A TripAdvisor Contributor]]></author>
	<date>2008-01-19</date>
	<title><![CDATA[&#x201c;good service, a bit...&#x201d;]]></title>
	<excerpt><![CDATA[good service, a bit overpriced with average serving more]]></excerpt>
	<link><![CDATA[http://www.tripadvisor.com/Restaurant_Review-g255100-d794264-Reviews-or10-Number_8_Restaurant_Wine_Bar-Melbourne_Victoria.html]]></link>
</review>
<review>
	<rating>2.0</rating>
	<author><![CDATA[A TripAdvisor Contributor]]></author>
	<date>2008-01-15</date>
	<title><![CDATA[&#x201c;Shocking service...&#x201d;]]></title>
	<excerpt><![CDATA[Shocking service, average food, great-looking Australian menu, lovely desserts more]]></excerpt>
	<link><![CDATA[http://www.tripadvisor.com/Restaurant_Review-g255100-d794264-Reviews-or10-Number_8_Restaurant_Wine_Bar-Melbourne_Victoria.html]]></link>
</review>
<review>
	<rating>1.0</rating>
	<author><![CDATA[A TripAdvisor Contributor]]></author>
	<date>2008-01-10</date>
	<title><![CDATA[&#x201c;need development, only...&#x201d;]]></title>
	<excerpt><![CDATA[need development, only the views, gone down in service standards since it opened. menu need smething new to keep up with the rest of the south bank re]]></excerpt>
	<link><![CDATA[http://www.tripadvisor.com/Restaurant_Review-g255100-d794264-Reviews-or10-Number_8_Restaurant_Wine_Bar-Melbourne_Victoria.html]]></link>
</review>
<review>
	<rating>3.0</rating>
	<author><![CDATA[A TripAdvisor Contributor]]></author>
	<date>2008-01-07</date>
	<title><![CDATA[&#x201c;Good food, but crappy...&#x201d;]]></title>
	<excerpt><![CDATA[Good food, but crappy service. more]]></excerpt>
	<link><![CDATA[http://www.tripadvisor.com/Restaurant_Review-g255100-d794264-Reviews-or10-Number_8_Restaurant_Wine_Bar-Melbourne_Victoria.html]]></link>
</review>
<review>
	<rating>4.0</rating>
	<author><![CDATA[A TripAdvisor Contributor]]></author>
	<date>2008-01-05</date>
	<title><![CDATA[&#x201c;Slick, suave and modern...&#x201d;]]></title>
	<excerpt><![CDATA[Slick, suave and modern New York-ish inspired interior. Food was just as good. For starters we had the Seafood sampling plate consisting of 4 seafood ]]></excerpt>
	<link><![CDATA[http://www.tripadvisor.com/Restaurant_Review-g255100-d794264-Reviews-or10-Number_8_Restaurant_Wine_Bar-Melbourne_Victoria.html]]></link>
</review>
<review>
	<rating>4.0</rating>
	<author><![CDATA[A TripAdvisor Contributor]]></author>
	<date>2007-12-30</date>
	<title><![CDATA[&#x201c;Nice meal.&#x201d;]]></title>
	<excerpt><![CDATA[Nice meal. more]]></excerpt>
	<link><![CDATA[http://www.tripadvisor.com/Restaurant_Review-g255100-d794264-Reviews-or10-Number_8_Restaurant_Wine_Bar-Melbourne_Victoria.html]]></link>
</review>
<review>
	<rating>5.0</rating>
	<author><![CDATA[A TripAdvisor Contributor]]></author>
	<date>2007-12-26</date>
	<title><![CDATA[&#x201c;Delicious...&#x201d;]]></title>
	<excerpt><![CDATA[Delicious food....amazing wine....beautiful for a special night out. Had the seafood journey, would definitely recommend! more]]></excerpt>
	<link><![CDATA[http://www.tripadvisor.com/Restaurant_Review-g255100-d794264-Reviews-or10-Number_8_Restaurant_Wine_Bar-Melbourne_Victoria.html]]></link>
</review>
<review>
	<rating>5.0</rating>
	<author><![CDATA[A TripAdvisor Contributor]]></author>
	<date>2007-12-22</date>
	<title><![CDATA[&#x201c;mh... Hells Kitchen with...&#x201d;]]></title>
	<excerpt><![CDATA[mh... Hells Kitchen with fabulous fantastic Food & Wine more]]></excerpt>
	<link><![CDATA[http://www.tripadvisor.com/Restaurant_Review-g255100-d794264-Reviews-or20-Number_8_Restaurant_Wine_Bar-Melbourne_Victoria.html]]></link>
</review>
<review>
	<rating>3.0</rating>
	<author><![CDATA[A TripAdvisor Contributor]]></author>
	<date>2007-12-19</date>
	<title><![CDATA[&#x201c;Nice food a little over...&#x201d;]]></title>
	<excerpt><![CDATA[Nice food a little over priced. more]]></excerpt>
	<link><![CDATA[http://www.tripadvisor.com/Restaurant_Review-g255100-d794264-Reviews-or20-Number_8_Restaurant_Wine_Bar-Melbourne_Victoria.html]]></link>
</review>
<review>
	<rating>4.0</rating>
	<author><![CDATA[A TripAdvisor Contributor]]></author>
	<date>2007-12-12</date>
	<title><![CDATA[&#x201c;Always a favourite for a...&#x201d;]]></title>
	<excerpt><![CDATA[Always a favourite for a special night, Number 8 is famous for the extensive winelist. Decent wines are all $50+ however. The Kangaroo is always a fav]]></excerpt>
	<link><![CDATA[http://www.tripadvisor.com/Restaurant_Review-g255100-d794264-Reviews-or20-Number_8_Restaurant_Wine_Bar-Melbourne_Victoria.html]]></link>
</review>
<review>
	<rating>5.0</rating>
	<author><![CDATA[A TripAdvisor Contributor]]></author>
	<date>2007-12-11</date>
	<title><![CDATA[&#x201c;Love it&#x201d;]]></title>
	<excerpt><![CDATA[Love it more]]></excerpt>
	<link><![CDATA[http://www.tripadvisor.com/Restaurant_Review-g255100-d794264-Reviews-or20-Number_8_Restaurant_Wine_Bar-Melbourne_Victoria.html]]></link>
</review>
<review>
	<rating>3.0</rating>
	<author><![CDATA[A TripAdvisor Contributor]]></author>
	<date>2007-12-01</date>
	<title><![CDATA[&#x201c;high ceiling...&#x201d;]]></title>
	<excerpt><![CDATA[high ceiling, contemporary art and city views - nice atmosphere :) more]]></excerpt>
	<link><![CDATA[http://www.tripadvisor.com/Restaurant_Review-g255100-d794264-Reviews-or20-Number_8_Restaurant_Wine_Bar-Melbourne_Victoria.html]]></link>
</review>
</source>