<source name="Trip Advisor" avg-rating="4.0">
<review>
	<rating>3.0</rating>
	<author><![CDATA[A TripAdvisor Contributor]]></author>
	<date>2008-07-10</date>
	<title><![CDATA[&#x201c;Had been dying to go...&#x201d;]]></title>
	<excerpt><![CDATA[Had been dying to go here and wasnt dissappointed. Tip. Make a booking as there is always a queue and dont sit on the raised section, the wait staff s]]></excerpt>
	<link><![CDATA[http://www.tripadvisor.com/Restaurant_Review-g255100-d721711-Reviews-AY_Oriental_Tea_House-Melbourne_Victoria.html]]></link>
</review>
<review>
	<rating>1.0</rating>
	<author><![CDATA[A TripAdvisor Contributor]]></author>
	<date>2008-05-16</date>
	<title><![CDATA[&#x201c;Westernised yum cha...&#x201d;]]></title>
	<excerpt><![CDATA[Westernised yum cha. Food concept, sells well. but not for people who want authentic yum cha! more]]></excerpt>
	<link><![CDATA[http://www.tripadvisor.com/Restaurant_Review-g255100-d721711-Reviews-AY_Oriental_Tea_House-Melbourne_Victoria.html]]></link>
</review>
<review>
	<rating>1.0</rating>
	<author><![CDATA[A TripAdvisor Contributor]]></author>
	<date>2008-04-27</date>
	<title><![CDATA[&#x201c;Too pricey for yum cha...&#x201d;]]></title>
	<excerpt><![CDATA[Too pricey for yum cha, better yum cha places out there.. more]]></excerpt>
	<link><![CDATA[http://www.tripadvisor.com/Restaurant_Review-g255100-d721711-Reviews-AY_Oriental_Tea_House-Melbourne_Victoria.html]]></link>
</review>
<review>
	<rating>3.0</rating>
	<author><![CDATA[A TripAdvisor Contributor]]></author>
	<date>2008-04-03</date>
	<title><![CDATA[&#x201c;Tea is good, but more...&#x201d;]]></title>
	<excerpt><![CDATA[Tea is good, but more expensive than other yum cha restaurants. more]]></excerpt>
	<link><![CDATA[http://www.tripadvisor.com/Restaurant_Review-g255100-d721711-Reviews-AY_Oriental_Tea_House-Melbourne_Victoria.html]]></link>
</review>
<review>
	<rating>5.0</rating>
	<author><![CDATA[A TripAdvisor Contributor]]></author>
	<date>2008-01-02</date>
	<title><![CDATA[&#x201c;Best damn yum cha on the...&#x201d;]]></title>
	<excerpt><![CDATA[Best damn yum cha on the planet more]]></excerpt>
	<link><![CDATA[http://www.tripadvisor.com/Restaurant_Review-g255100-d721711-Reviews-AY_Oriental_Tea_House-Melbourne_Victoria.html]]></link>
</review>
<review>
	<rating>2.0</rating>
	<author><![CDATA[A TripAdvisor Contributor]]></author>
	<date>2007-12-16</date>
	<title><![CDATA[&#x201c;it's nothing special...&#x201d;]]></title>
	<excerpt><![CDATA[it's nothing special. not worth the price either. more]]></excerpt>
	<link><![CDATA[http://www.tripadvisor.com/Restaurant_Review-g255100-d721711-Reviews-AY_Oriental_Tea_House-Melbourne_Victoria.html]]></link>
</review>
<review>
	<rating>4.0</rating>
	<author><![CDATA[A TripAdvisor Contributor]]></author>
	<date>2007-12-13</date>
	<title><![CDATA[&#x201c;Awesome yum cha!&#x201d;]]></title>
	<excerpt><![CDATA[Awesome yum cha! more]]></excerpt>
	<link><![CDATA[http://www.tripadvisor.com/Restaurant_Review-g255100-d721711-Reviews-AY_Oriental_Tea_House-Melbourne_Victoria.html]]></link>
</review>
<review>
	<rating>5.0</rating>
	<author><![CDATA[A TripAdvisor Contributor]]></author>
	<date>2007-12-07</date>
	<title><![CDATA[&#x201c;best yum cha i've ever...&#x201d;]]></title>
	<excerpt><![CDATA[best yum cha i've ever had.. and LOVE the tea as well... a great concept store with great food. more]]></excerpt>
	<link><![CDATA[http://www.tripadvisor.com/Restaurant_Review-g255100-d721711-Reviews-AY_Oriental_Tea_House-Melbourne_Victoria.html]]></link>
</review>
<review>
	<rating>4.0</rating>
	<author><![CDATA[A TripAdvisor Contributor]]></author>
	<date>2007-12-04</date>
	<title><![CDATA[&#x201c;i like the ambiance more...&#x201d;]]></title>
	<excerpt><![CDATA[i like the ambiance more than the food here more]]></excerpt>
	<link><![CDATA[http://www.tripadvisor.com/Restaurant_Review-g255100-d721711-Reviews-AY_Oriental_Tea_House-Melbourne_Victoria.html]]></link>
</review>
<review>
	<rating>4.0</rating>
	<author><![CDATA[A TripAdvisor Contributor]]></author>
	<date>2007-11-29</date>
	<title><![CDATA[&#x201c;yum cha any time of the...&#x201d;]]></title>
	<excerpt><![CDATA[yum cha any time of the day... with jazz music on sat nites :) more]]></excerpt>
	<link><![CDATA[http://www.tripadvisor.com/Restaurant_Review-g255100-d721711-Reviews-AY_Oriental_Tea_House-Melbourne_Victoria.html]]></link>
</review>
<review>
	<rating>4.0</rating>
	<author><![CDATA[A TripAdvisor Contributor]]></author>
	<date>2007-11-29</date>
	<title><![CDATA[&#x201c;great for Yum Cha and...&#x201d;]]></title>
	<excerpt><![CDATA[great for Yum Cha and desserts... more]]></excerpt>
	<link><![CDATA[http://www.tripadvisor.com/Restaurant_Review-g255100-d721711-Reviews-or10-AY_Oriental_Tea_House-Melbourne_Victoria.html]]></link>
</review>
<review>
	<rating>3.0</rating>
	<author><![CDATA[A TripAdvisor Contributor]]></author>
	<date>2007-11-19</date>
	<title><![CDATA[&#x201c;Top quality yum cha...&#x201d;]]></title>
	<excerpt><![CDATA[Top quality yum cha although quite pricey, huge range of teas more]]></excerpt>
	<link><![CDATA[http://www.tripadvisor.com/Restaurant_Review-g255100-d721711-Reviews-or10-AY_Oriental_Tea_House-Melbourne_Victoria.html]]></link>
</review>
<review>
	<rating>3.0</rating>
	<author><![CDATA[A TripAdvisor Contributor]]></author>
	<date>2007-11-18</date>
	<title><![CDATA[&#x201c;Best service I ever got...&#x201d;]]></title>
	<excerpt><![CDATA[Best service I ever got at a yum cha joint though I sure am paying for it! Yum Cha is not bad but could have wider variety. more]]></excerpt>
	<link><![CDATA[http://www.tripadvisor.com/Restaurant_Review-g255100-d721711-Reviews-or10-AY_Oriental_Tea_House-Melbourne_Victoria.html]]></link>
</review>
<review>
	<rating>3.0</rating>
	<author><![CDATA[A TripAdvisor Contributor]]></author>
	<date>2007-11-18</date>
	<title><![CDATA[&#x201c;Yum-cha not bad... but...&#x201d;]]></title>
	<excerpt><![CDATA[Yum-cha not bad... but pricey.. more]]></excerpt>
	<link><![CDATA[http://www.tripadvisor.com/Restaurant_Review-g255100-d721711-Reviews-or10-AY_Oriental_Tea_House-Melbourne_Victoria.html]]></link>
</review>
<review>
	<rating>4.0</rating>
	<author><![CDATA[A TripAdvisor Contributor]]></author>
	<date>2007-11-14</date>
	<title><![CDATA[&#x201c;Best dumplings I've ever...&#x201d;]]></title>
	<excerpt><![CDATA[Best dumplings I've ever tasted and extensive selection of exotic chinese tea's. Very cosy atmosphere. more]]></excerpt>
	<link><![CDATA[http://www.tripadvisor.com/Restaurant_Review-g255100-d721711-Reviews-or10-AY_Oriental_Tea_House-Melbourne_Victoria.html]]></link>
</review>
<review>
	<rating>4.0</rating>
	<author><![CDATA[A TripAdvisor Contributor]]></author>
	<date>2007-11-09</date>
	<title><![CDATA[&#x201c;Where to go to get a...&#x201d;]]></title>
	<excerpt><![CDATA[Where to go to get a dumpling fix - they are the real deal. Great teas in the shop too. more]]></excerpt>
	<link><![CDATA[http://www.tripadvisor.com/Restaurant_Review-g255100-d721711-Reviews-or10-AY_Oriental_Tea_House-Melbourne_Victoria.html]]></link>
</review>
<review>
	<rating>4.0</rating>
	<author><![CDATA[A TripAdvisor Contributor]]></author>
	<date>2007-11-07</date>
	<title><![CDATA[&#x201c;Nice yum cha in a cute...&#x201d;]]></title>
	<excerpt><![CDATA[Nice yum cha in a cute cafe/shop/restaurant. A good pit stop on Chapel! more]]></excerpt>
	<link><![CDATA[http://www.tripadvisor.com/Restaurant_Review-g255100-d721711-Reviews-or10-AY_Oriental_Tea_House-Melbourne_Victoria.html]]></link>
</review>
</source>