<source name="Trip Advisor" avg-rating="4.0">
<review>
	<rating>3.0</rating>
	<author><![CDATA[A TripAdvisor Contributor]]></author>
	<date>2008-02-18</date>
	<title><![CDATA[&#x201c;The old venue almost...&#x201d;]]></title>
	<excerpt><![CDATA[The old venue almost turned me out the door, but the food was absolutely superb. Must try is the californian rolls and sashimi plate. more]]></excerpt>
	<link><![CDATA[http://www.tripadvisor.com/Restaurant_Review-g255360-d944477-Reviews-Osaka_Japanese_Restaurant-St_Kilda_Victoria.html]]></link>
</review>
</source>