<source name="Trip Advisor" avg-rating="4.5">
<review>
	<rating>3.0</rating>
	<author><![CDATA[A TripAdvisor Contributor]]></author>
	<date>2008-08-06</date>
	<title><![CDATA[&#x201c;Oysters are good. Rest...&#x201d;]]></title>
	<excerpt><![CDATA[Oysters are good. Rest of the food is okay. Service is a bit slow. Otherwise, fine. more]]></excerpt>
	<link><![CDATA[http://www.tripadvisor.com/Restaurant_Review-g255100-d757271-Reviews-Oyster_Little_Bourke-Melbourne_Victoria.html]]></link>
</review>
</source>