<source name="Trip Advisor" avg-rating="4.0">
<review>
	<rating>4.0</rating>
	<author><![CDATA[A TripAdvisor Contributor]]></author>
	<date>2008-02-23</date>
	<title><![CDATA[&#x201c;Love this place, but the...&#x201d;]]></title>
	<excerpt><![CDATA[Love this place, but the food is inconsistent - can love something one visit but then disappointing the next. An extra star for their innovative and f]]></excerpt>
	<link><![CDATA[http://www.tripadvisor.com/Restaurant_Review-g255100-d756524-Reviews-Pasta_Rustica_Ristorante-Melbourne_Victoria.html]]></link>
</review>
</source>