<source name="Trip Advisor" avg-rating="4.0">
<review>
	<rating>3.0</rating>
	<author><![CDATA[A TripAdvisor Contributor]]></author>
	<date>2008-08-26</date>
	<title><![CDATA[&#x201c;Good food.&#x201d;]]></title>
	<excerpt><![CDATA[Good food. more]]></excerpt>
	<link><![CDATA[http://www.tripadvisor.com/Restaurant_Review-g255100-d727754-Reviews-Plume_chinese_restaurant-Melbourne_Victoria.html]]></link>
</review>
<review>
	<rating>4.0</rating>
	<author><![CDATA[A TripAdvisor Contributor]]></author>
	<date>2008-05-16</date>
	<title><![CDATA[&#x201c;Quality is pretty good...&#x201d;]]></title>
	<excerpt><![CDATA[Quality is pretty good, with standard prices! more]]></excerpt>
	<link><![CDATA[http://www.tripadvisor.com/Restaurant_Review-g255100-d727754-Reviews-Plume_chinese_restaurant-Melbourne_Victoria.html]]></link>
</review>
<review>
	<rating>4.0</rating>
	<author><![CDATA[A TripAdvisor Contributor]]></author>
	<date>2008-01-21</date>
	<title><![CDATA[&#x201c;great yum cha. bit...&#x201d;]]></title>
	<excerpt><![CDATA[great yum cha. bit pricey though. thought the service was really good actually. more]]></excerpt>
	<link><![CDATA[http://www.tripadvisor.com/Restaurant_Review-g255100-d727754-Reviews-Plume_chinese_restaurant-Melbourne_Victoria.html]]></link>
</review>
<review>
	<rating>4.0</rating>
	<author><![CDATA[A TripAdvisor Contributor]]></author>
	<date>2008-01-12</date>
	<title><![CDATA[&#x201c;Fantastic Yum Cha!!&#x201d;]]></title>
	<excerpt><![CDATA[Fantastic Yum Cha!! more]]></excerpt>
	<link><![CDATA[http://www.tripadvisor.com/Restaurant_Review-g255100-d727754-Reviews-Plume_chinese_restaurant-Melbourne_Victoria.html]]></link>
</review>
<review>
	<rating>4.0</rating>
	<author><![CDATA[A TripAdvisor Contributor]]></author>
	<date>2007-12-27</date>
	<title><![CDATA[&#x201c;Excellent for Sundays...&#x201d;]]></title>
	<excerpt><![CDATA[Excellent for Sundays for Yum Cha - run like a military operation with excellent food, attentive service and with the staff only too willing to cater ]]></excerpt>
	<link><![CDATA[http://www.tripadvisor.com/Restaurant_Review-g255100-d727754-Reviews-Plume_chinese_restaurant-Melbourne_Victoria.html]]></link>
</review>
<review>
	<rating>2.0</rating>
	<author><![CDATA[A TripAdvisor Contributor]]></author>
	<date>2007-12-24</date>
	<title><![CDATA[&#x201c;Food is good but...&#x201d;]]></title>
	<excerpt><![CDATA[Food is good but expensive, service is ordinary! more]]></excerpt>
	<link><![CDATA[http://www.tripadvisor.com/Restaurant_Review-g255100-d727754-Reviews-Plume_chinese_restaurant-Melbourne_Victoria.html]]></link>
</review>
</source>