<source name="Trip Advisor" avg-rating="4.0">
<review>
	<rating>4.0</rating>
	<author><![CDATA[A TripAdvisor Contributor]]></author>
	<date>2008-06-09</date>
	<title><![CDATA[&#x201c;Great food, wonderful...&#x201d;]]></title>
	<excerpt><![CDATA[Great food, wonderful service more]]></excerpt>
	<link><![CDATA[http://www.tripadvisor.com/Restaurant_Review-g255100-d727768-Reviews-Poppy_s_Thai_Restaurant-Melbourne_Victoria.html]]></link>
</review>
<review>
	<rating>3.0</rating>
	<author><![CDATA[A TripAdvisor Contributor]]></author>
	<date>2008-05-16</date>
	<title><![CDATA[&#x201c;Slightly westernised...&#x201d;]]></title>
	<excerpt><![CDATA[Slightly westernised Thai. It's not bad though. more]]></excerpt>
	<link><![CDATA[http://www.tripadvisor.com/Restaurant_Review-g255100-d727768-Reviews-Poppy_s_Thai_Restaurant-Melbourne_Victoria.html]]></link>
</review>
<review>
	<rating>3.0</rating>
	<author><![CDATA[A TripAdvisor Contributor]]></author>
	<date>2008-01-15</date>
	<title><![CDATA[&#x201c;Not cheap but very yummy...&#x201d;]]></title>
	<excerpt><![CDATA[Not cheap but very yummy ;) more]]></excerpt>
	<link><![CDATA[http://www.tripadvisor.com/Restaurant_Review-g255100-d727768-Reviews-Poppy_s_Thai_Restaurant-Melbourne_Victoria.html]]></link>
</review>
<review>
	<rating>3.0</rating>
	<author><![CDATA[A TripAdvisor Contributor]]></author>
	<date>2007-12-09</date>
	<title><![CDATA[&#x201c;Pleasant Thai cuisine in...&#x201d;]]></title>
	<excerpt><![CDATA[Pleasant Thai cuisine in friendly atmosphere... more]]></excerpt>
	<link><![CDATA[http://www.tripadvisor.com/Restaurant_Review-g255100-d727768-Reviews-Poppy_s_Thai_Restaurant-Melbourne_Victoria.html]]></link>
</review>
</source>