<source name="Trip Advisor" avg-rating="4.5">
<review>
	<rating>5.0</rating>
	<author><![CDATA[SittingbourneOwl]]></author>
	<date>2009-03-01</date>
	<title><![CDATA[&#x201c;Great food and views&#x201d;]]></title>
	<excerpt><![CDATA[Visited this renowned Chinese Restaurant on 2 occasions in February, the location is right on The Southbank with great views of the Yarra River from t]]></excerpt>
	<link><![CDATA[http://www.tripadvisor.com/Restaurant_Review-g255100-d727891-Reviews-Red_Emperor_Chinese_Restaurant-Melbourne_Victoria.html]]></link>
</review>
</source>