<source name="Trip Advisor" avg-rating="4.0">
<review>
	<rating>4.0</rating>
	<author><![CDATA[A TripAdvisor Contributor]]></author>
	<date>2008-10-17</date>
	<title><![CDATA[&#x201c;Cute restaurant with...&#x201d;]]></title>
	<excerpt><![CDATA[Cute restaurant with beautiful food. more]]></excerpt>
	<link><![CDATA[http://www.tripadvisor.com/Restaurant_Review-g255100-d727955-Reviews-Retro_Cafe-Melbourne_Victoria.html]]></link>
</review>
<review>
	<rating>3.0</rating>
	<author><![CDATA[A TripAdvisor Contributor]]></author>
	<date>2008-04-03</date>
	<title><![CDATA[&#x201c;Great to take the kids...&#x201d;]]></title>
	<excerpt><![CDATA[Great to take the kids to. more]]></excerpt>
	<link><![CDATA[http://www.tripadvisor.com/Restaurant_Review-g255100-d727955-Reviews-Retro_Cafe-Melbourne_Victoria.html]]></link>
</review>
<review>
	<rating>2.0</rating>
	<author><![CDATA[A TripAdvisor Contributor]]></author>
	<date>2007-12-10</date>
	<title><![CDATA[&#x201c;Food wasn't bad, but I...&#x201d;]]></title>
	<excerpt><![CDATA[Food wasn't bad, but I loved the interior and atmosphere of the place. more]]></excerpt>
	<link><![CDATA[http://www.tripadvisor.com/Restaurant_Review-g255100-d727955-Reviews-Retro_Cafe-Melbourne_Victoria.html]]></link>
</review>
<review>
	<rating>2.0</rating>
	<author><![CDATA[A TripAdvisor Contributor]]></author>
	<date>2007-12-04</date>
	<title><![CDATA[&#x201c;A Fitzroy institution. A...&#x201d;]]></title>
	<excerpt><![CDATA[A Fitzroy institution. A great place to meet for a chat and coffee. more]]></excerpt>
	<link><![CDATA[http://www.tripadvisor.com/Restaurant_Review-g255100-d727955-Reviews-Retro_Cafe-Melbourne_Victoria.html]]></link>
</review>
<review>
	<rating>2.0</rating>
	<author><![CDATA[A TripAdvisor Contributor]]></author>
	<date>2007-11-27</date>
	<title><![CDATA[&#x201c;Yes different&#x201d;]]></title>
	<excerpt><![CDATA[Yes different more]]></excerpt>
	<link><![CDATA[http://www.tripadvisor.com/Restaurant_Review-g255100-d727955-Reviews-Retro_Cafe-Melbourne_Victoria.html]]></link>
</review>
</source>