<source name="Trip Advisor" avg-rating="4.0">
<review>
	<rating>4.0</rating>
	<author><![CDATA[A TripAdvisor Contributor]]></author>
	<date>2008-09-02</date>
	<title><![CDATA[&#x201c;Best Breakfast.&#x201d;]]></title>
	<excerpt><![CDATA[Best Breakfast. more]]></excerpt>
	<link><![CDATA[http://www.tripadvisor.com/Restaurant_Review-g255100-d727969-Reviews-Richmond_Hill_Cafe_Larder-Melbourne_Victoria.html]]></link>
</review>
<review>
	<rating>3.0</rating>
	<author><![CDATA[A TripAdvisor Contributor]]></author>
	<date>2008-07-28</date>
	<title><![CDATA[&#x201c;Wasn't overly excited by...&#x201d;]]></title>
	<excerpt><![CDATA[Wasn't overly excited by it. more]]></excerpt>
	<link><![CDATA[http://www.tripadvisor.com/Restaurant_Review-g255100-d727969-Reviews-Richmond_Hill_Cafe_Larder-Melbourne_Victoria.html]]></link>
</review>
<review>
	<rating>1.0</rating>
	<author><![CDATA[A TripAdvisor Contributor]]></author>
	<date>2008-03-26</date>
	<title><![CDATA[&#x201c;A one-hour wait for...&#x201d;]]></title>
	<excerpt><![CDATA[A one-hour wait for glorified toast which was cold when it arrived? Very unimpressed. more]]></excerpt>
	<link><![CDATA[http://www.tripadvisor.com/Restaurant_Review-g255100-d727969-Reviews-Richmond_Hill_Cafe_Larder-Melbourne_Victoria.html]]></link>
</review>
<review>
	<rating>3.0</rating>
	<author><![CDATA[A TripAdvisor Contributor]]></author>
	<date>2008-03-14</date>
	<title><![CDATA[&#x201c;Come here for your...&#x201d;]]></title>
	<excerpt><![CDATA[Come here for your cheese. They have a cheese room. It smells like a dirty sock, but damn they have good cheese. more]]></excerpt>
	<link><![CDATA[http://www.tripadvisor.com/Restaurant_Review-g255100-d727969-Reviews-Richmond_Hill_Cafe_Larder-Melbourne_Victoria.html]]></link>
</review>
<review>
	<rating>4.0</rating>
	<author><![CDATA[A TripAdvisor Contributor]]></author>
	<date>2008-01-20</date>
	<title><![CDATA[&#x201c;Love the cheeses etc...&#x201d;]]></title>
	<excerpt><![CDATA[Love the cheeses etc. Food lovely, be early. more]]></excerpt>
	<link><![CDATA[http://www.tripadvisor.com/Restaurant_Review-g255100-d727969-Reviews-Richmond_Hill_Cafe_Larder-Melbourne_Victoria.html]]></link>
</review>
<review>
	<rating>3.0</rating>
	<author><![CDATA[A TripAdvisor Contributor]]></author>
	<date>2008-01-08</date>
	<title><![CDATA[&#x201c;The place to go for...&#x201d;]]></title>
	<excerpt><![CDATA[The place to go for cheese lovers. Check out the humidified cheese room, where you can taste the carefully monitored rounds and mounds and squares of ]]></excerpt>
	<link><![CDATA[http://www.tripadvisor.com/Restaurant_Review-g255100-d727969-Reviews-Richmond_Hill_Cafe_Larder-Melbourne_Victoria.html]]></link>
</review>
<review>
	<rating>5.0</rating>
	<author><![CDATA[A TripAdvisor Contributor]]></author>
	<date>2007-12-29</date>
	<title><![CDATA[&#x201c;Great place for foodies.&#x201d;]]></title>
	<excerpt><![CDATA[Great place for foodies. more]]></excerpt>
	<link><![CDATA[http://www.tripadvisor.com/Restaurant_Review-g255100-d727969-Reviews-Richmond_Hill_Cafe_Larder-Melbourne_Victoria.html]]></link>
</review>
<review>
	<rating>4.0</rating>
	<author><![CDATA[A TripAdvisor Contributor]]></author>
	<date>2007-12-21</date>
	<title><![CDATA[&#x201c;Beautiful. cheese...&#x201d;]]></title>
	<excerpt><![CDATA[Beautiful. cheese plates, brekky, fantastic. more]]></excerpt>
	<link><![CDATA[http://www.tripadvisor.com/Restaurant_Review-g255100-d727969-Reviews-Richmond_Hill_Cafe_Larder-Melbourne_Victoria.html]]></link>
</review>
<review>
	<rating>3.0</rating>
	<author><![CDATA[A TripAdvisor Contributor]]></author>
	<date>2007-12-17</date>
	<title><![CDATA[&#x201c;(3.5 stars)
If you're...&#x201d;]]></title>
	<excerpt><![CDATA[(3.5 stars)
If you're a cheese lover and you haven't yet been to the Richmond Hill Cafe and Larder, get thee to Bridge Road immediately! The cafe and ]]></excerpt>
	<link><![CDATA[http://www.tripadvisor.com/Restaurant_Review-g255100-d727969-Reviews-Richmond_Hill_Cafe_Larder-Melbourne_Victoria.html]]></link>
</review>
<review>
	<rating>3.0</rating>
	<author><![CDATA[A TripAdvisor Contributor]]></author>
	<date>2007-12-16</date>
	<title><![CDATA[&#x201c;Casual.
They do a good...&#x201d;]]></title>
	<excerpt><![CDATA[Casual.
They do a good steak sandwich amongst other things.
Also has a fantastic cheese room. more]]></excerpt>
	<link><![CDATA[http://www.tripadvisor.com/Restaurant_Review-g255100-d727969-Reviews-Richmond_Hill_Cafe_Larder-Melbourne_Victoria.html]]></link>
</review>
<review>
	<rating>5.0</rating>
	<author><![CDATA[A TripAdvisor Contributor]]></author>
	<date>2007-11-28</date>
	<title><![CDATA[&#x201c;absolutely fantastic...&#x201d;]]></title>
	<excerpt><![CDATA[absolutely fantastic! Great mediterranean food in a really wonderful lively and energetic environment with informed staff who are there because they j]]></excerpt>
	<link><![CDATA[http://www.tripadvisor.com/Restaurant_Review-g255100-d727969-Reviews-or10-Richmond_Hill_Cafe_Larder-Melbourne_Victoria.html]]></link>
</review>
<review>
	<rating>3.0</rating>
	<author><![CDATA[A TripAdvisor Contributor]]></author>
	<date>2007-11-28</date>
	<title><![CDATA[&#x201c;is always buzzing with...&#x201d;]]></title>
	<excerpt><![CDATA[is always buzzing with life. has a great variety of food and the cheese area is simply amazing more]]></excerpt>
	<link><![CDATA[http://www.tripadvisor.com/Restaurant_Review-g255100-d727969-Reviews-or10-Richmond_Hill_Cafe_Larder-Melbourne_Victoria.html]]></link>
</review>
<review>
	<rating>4.0</rating>
	<author><![CDATA[A TripAdvisor Contributor]]></author>
	<date>2007-11-18</date>
	<title><![CDATA[&#x201c;Best. Cheesy. Toast...&#x201d;]]></title>
	<excerpt><![CDATA[Best. Cheesy. Toast. Ever.
Well at $10 a pop it better be! more]]></excerpt>
	<link><![CDATA[http://www.tripadvisor.com/Restaurant_Review-g255100-d727969-Reviews-or10-Richmond_Hill_Cafe_Larder-Melbourne_Victoria.html]]></link>
</review>
<review>
	<rating>4.0</rating>
	<author><![CDATA[A TripAdvisor Contributor]]></author>
	<date>2007-11-18</date>
	<title><![CDATA[&#x201c;Nice food...&#x201d;]]></title>
	<excerpt><![CDATA[Nice food... more]]></excerpt>
	<link><![CDATA[http://www.tripadvisor.com/Restaurant_Review-g255100-d727969-Reviews-or10-Richmond_Hill_Cafe_Larder-Melbourne_Victoria.html]]></link>
</review>
<review>
	<rating>5.0</rating>
	<author><![CDATA[A TripAdvisor Contributor]]></author>
	<date>2007-11-16</date>
	<title><![CDATA[&#x201c;try the cheesy toast&#x201d;]]></title>
	<excerpt><![CDATA[try the cheesy toast more]]></excerpt>
	<link><![CDATA[http://www.tripadvisor.com/Restaurant_Review-g255100-d727969-Reviews-or10-Richmond_Hill_Cafe_Larder-Melbourne_Victoria.html]]></link>
</review>
<review>
	<rating>3.0</rating>
	<author><![CDATA[A TripAdvisor Contributor]]></author>
	<date>2007-11-14</date>
	<title><![CDATA[&#x201c;Good food and atmosphere...&#x201d;]]></title>
	<excerpt><![CDATA[Good food and atmosphere though service can sometimes be a little slow more]]></excerpt>
	<link><![CDATA[http://www.tripadvisor.com/Restaurant_Review-g255100-d727969-Reviews-or10-Richmond_Hill_Cafe_Larder-Melbourne_Victoria.html]]></link>
</review>
<review>
	<rating>4.0</rating>
	<author><![CDATA[A TripAdvisor Contributor]]></author>
	<date>2007-11-07</date>
	<title><![CDATA[&#x201c;Yum! Great cheese and...&#x201d;]]></title>
	<excerpt><![CDATA[Yum! Great cheese and breakfast! Try the avocado sourdough with chilli, olive oil and I think mint?! more]]></excerpt>
	<link><![CDATA[http://www.tripadvisor.com/Restaurant_Review-g255100-d727969-Reviews-or10-Richmond_Hill_Cafe_Larder-Melbourne_Victoria.html]]></link>
</review>
<review>
	<rating>4.0</rating>
	<author><![CDATA[A TripAdvisor Contributor]]></author>
	<date>2007-11-01</date>
	<title><![CDATA[&#x201c;Great atmosphere and...&#x201d;]]></title>
	<excerpt><![CDATA[Great atmosphere and great food and wine! more]]></excerpt>
	<link><![CDATA[http://www.tripadvisor.com/Restaurant_Review-g255100-d727969-Reviews-or10-Richmond_Hill_Cafe_Larder-Melbourne_Victoria.html]]></link>
</review>
</source>