<source name="Trip Advisor" avg-rating="4.0">
<review>
	<rating>5.0</rating>
	<author><![CDATA[HalalChoice]]></author>
	<date>2008-08-31</date>
	<title><![CDATA[&#x201c;The Best Halal Pizza in Melbourne!&#x201d;]]></title>
	<excerpt><![CDATA[Sahara Pizza is located near CBD area. The Best halal pizza in Melbourne i've ever had. Not only pizza, they also have a selection of cake (its cheese]]></excerpt>
	<link><![CDATA[http://www.tripadvisor.com/Restaurant_Review-g255100-d728093-Reviews-Sahara_Pizzas-Melbourne_Victoria.html]]></link>
</review>
<review>
	<rating>5.0</rating>
	<author><![CDATA[A TripAdvisor Contributor]]></author>
	<date>2008-04-27</date>
	<title><![CDATA[&#x201c;My fav place for pizza...&#x201d;]]></title>
	<excerpt><![CDATA[My fav place for pizza.. It's halal, cheap, and the owner's friendly.. Their cake slices are like at Cafe Greco but much cheaper, definitely worth a v]]></excerpt>
	<link><![CDATA[http://www.tripadvisor.com/Restaurant_Review-g255100-d728093-Reviews-Sahara_Pizzas-Melbourne_Victoria.html]]></link>
</review>
<review>
	<rating>5.0</rating>
	<author><![CDATA[A TripAdvisor Contributor]]></author>
	<date>2007-12-08</date>
	<title><![CDATA[&#x201c;The yummiest pizza I've...&#x201d;]]></title>
	<excerpt><![CDATA[The yummiest pizza I've ever had !!! more]]></excerpt>
	<link><![CDATA[http://www.tripadvisor.com/Restaurant_Review-g255100-d728093-Reviews-Sahara_Pizzas-Melbourne_Victoria.html]]></link>
</review>
</source>