<source name="Trip Advisor" avg-rating="4.0">
<review>
	<rating>5.0</rating>
	<author><![CDATA[fulstoneflyer]]></author>
	<date>2008-12-17</date>
	<title><![CDATA[&#x201c;Why has no-one from Tripadvisor been here!!!!!&#x201d;]]></title>
	<excerpt><![CDATA[When we visited St Kilda in Dec 08 we checked out Tripadvisor for restaurants before going. However when we arrived our host recommended Sapore. We de]]></excerpt>
	<link><![CDATA[http://www.tripadvisor.com/Restaurant_Review-g255100-d728171-Reviews-Sapore_Ristorante-Melbourne_Victoria.html]]></link>
</review>
<review>
	<rating>2.0</rating>
	<author><![CDATA[pinan]]></author>
	<date>2008-08-31</date>
	<title><![CDATA[&#x201c;Very Average&#x201d;]]></title>
	<excerpt><![CDATA[This was our first visit to Sapore since it changed owners a few years back.
We had Mothers Day lunch. Whilst the restaurant Decor, location and ambia]]></excerpt>
	<link><![CDATA[http://www.tripadvisor.com/Restaurant_Review-g255100-d728171-Reviews-Sapore_Ristorante-Melbourne_Victoria.html]]></link>
</review>
<review>
	<rating>5.0</rating>
	<author><![CDATA[A TripAdvisor Contributor]]></author>
	<date>2008-01-07</date>
	<title><![CDATA[&#x201c;My favourite!&#x201d;]]></title>
	<excerpt><![CDATA[My favourite! more]]></excerpt>
	<link><![CDATA[http://www.tripadvisor.com/Restaurant_Review-g255100-d728171-Reviews-Sapore_Ristorante-Melbourne_Victoria.html]]></link>
</review>
<review>
	<rating>3.0</rating>
	<author><![CDATA[A TripAdvisor Contributor]]></author>
	<date>2007-12-27</date>
	<title><![CDATA[&#x201c;Yummo - great for hens...&#x201d;]]></title>
	<excerpt><![CDATA[Yummo - great for hens or Babyp-showers in the function room upstairs! more]]></excerpt>
	<link><![CDATA[http://www.tripadvisor.com/Restaurant_Review-g255100-d728171-Reviews-Sapore_Ristorante-Melbourne_Victoria.html]]></link>
</review>
<review>
	<rating>4.0</rating>
	<author><![CDATA[A TripAdvisor Contributor]]></author>
	<date>2007-11-26</date>
	<title><![CDATA[&#x201c;Good food, especially...&#x201d;]]></title>
	<excerpt><![CDATA[Good food, especially the risottos. Service ok but could be a little more attentive. Interesting ambiance. more]]></excerpt>
	<link><![CDATA[http://www.tripadvisor.com/Restaurant_Review-g255100-d728171-Reviews-Sapore_Ristorante-Melbourne_Victoria.html]]></link>
</review>
</source>