<source name="Trip Advisor" avg-rating="4.5">
<review>
	<rating>4.0</rating>
	<author><![CDATA[A TripAdvisor Contributor]]></author>
	<date>2008-08-17</date>
	<title><![CDATA[&#x201c;I've only been there...&#x201d;]]></title>
	<excerpt><![CDATA[I've only been there once. I was totally clueless about what to order ... I asked for some recommendation to a waiter. And I got a deep-fried squid wi]]></excerpt>
	<link><![CDATA[http://www.tripadvisor.com/Restaurant_Review-g255100-d944232-Reviews-Sawasdee_Thai_Restaurant-Melbourne_Victoria.html]]></link>
</review>
<review>
	<rating>5.0</rating>
	<author><![CDATA[A TripAdvisor Contributor]]></author>
	<date>2008-06-03</date>
	<title><![CDATA[&#x201c;The Best Thai Restaurant...&#x201d;]]></title>
	<excerpt><![CDATA[The Best Thai Restaurant in Aussie more]]></excerpt>
	<link><![CDATA[http://www.tripadvisor.com/Restaurant_Review-g255100-d944232-Reviews-Sawasdee_Thai_Restaurant-Melbourne_Victoria.html]]></link>
</review>
<review>
	<rating>3.0</rating>
	<author><![CDATA[A TripAdvisor Contributor]]></author>
	<date>2008-05-16</date>
	<title><![CDATA[&#x201c;a bit pricy..... nice...&#x201d;]]></title>
	<excerpt><![CDATA[a bit pricy..... nice food though more]]></excerpt>
	<link><![CDATA[http://www.tripadvisor.com/Restaurant_Review-g255100-d944232-Reviews-Sawasdee_Thai_Restaurant-Melbourne_Victoria.html]]></link>
</review>
<review>
	<rating>5.0</rating>
	<author><![CDATA[A TripAdvisor Contributor]]></author>
	<date>2008-04-27</date>
	<title><![CDATA[&#x201c;Excellent halal Thai...&#x201d;]]></title>
	<excerpt><![CDATA[Excellent halal Thai food.. Yes pricey but food and service all great.. Come with a bunch of people and book their special seats, definitely worth it!]]></excerpt>
	<link><![CDATA[http://www.tripadvisor.com/Restaurant_Review-g255100-d944232-Reviews-Sawasdee_Thai_Restaurant-Melbourne_Victoria.html]]></link>
</review>
<review>
	<rating>3.0</rating>
	<author><![CDATA[A TripAdvisor Contributor]]></author>
	<date>2008-04-04</date>
	<title><![CDATA[&#x201c;Good Thai food.&#x201d;]]></title>
	<excerpt><![CDATA[Good Thai food. more]]></excerpt>
	<link><![CDATA[http://www.tripadvisor.com/Restaurant_Review-g255100-d944232-Reviews-Sawasdee_Thai_Restaurant-Melbourne_Victoria.html]]></link>
</review>
</source>