<source name="Trip Advisor" avg-rating="4.5">
<review>
	<rating>4.0</rating>
	<author><![CDATA[A TripAdvisor Contributor]]></author>
	<date>2008-06-23</date>
	<title><![CDATA[&#x201c;Dressed up asian food...&#x201d;]]></title>
	<excerpt><![CDATA[Dressed up asian food. Nice. more]]></excerpt>
	<link><![CDATA[http://www.tripadvisor.com/Restaurant_Review-g255100-d1010993-Reviews-Seamstress-Melbourne_Victoria.html]]></link>
</review>
<review>
	<rating>4.0</rating>
	<author><![CDATA[A TripAdvisor Contributor]]></author>
	<date>2008-05-19</date>
	<title><![CDATA[&#x201c;another hidden treasure...&#x201d;]]></title>
	<excerpt><![CDATA[another hidden treasure. cute decor and tasty food.Great service. more]]></excerpt>
	<link><![CDATA[http://www.tripadvisor.com/Restaurant_Review-g255100-d1010993-Reviews-Seamstress-Melbourne_Victoria.html]]></link>
</review>
</source>