<source name="Trip Advisor" avg-rating="4.5">
<review>
	<rating>4.0</rating>
	<author><![CDATA[A TripAdvisor Contributor]]></author>
	<date>2008-05-16</date>
	<title><![CDATA[&#x201c;Love the potato noodle...&#x201d;]]></title>
	<excerpt><![CDATA[Love the potato noodle and ginseng chicken soup! more]]></excerpt>
	<link><![CDATA[http://www.tripadvisor.com/Restaurant_Review-g255100-d728253-Reviews-Seoul_Restaurant-Melbourne_Victoria.html]]></link>
</review>
<review>
	<rating>5.0</rating>
	<author><![CDATA[A TripAdvisor Contributor]]></author>
	<date>2008-03-19</date>
	<title><![CDATA[&#x201c;Best Sam Gye Tang in...&#x201d;]]></title>
	<excerpt><![CDATA[Best Sam Gye Tang in town! more]]></excerpt>
	<link><![CDATA[http://www.tripadvisor.com/Restaurant_Review-g255100-d728253-Reviews-Seoul_Restaurant-Melbourne_Victoria.html]]></link>
</review>
</source>