<source name="Trip Advisor" avg-rating="4.0">
<review>
	<rating>2.0</rating>
	<author><![CDATA[Poppy682]]></author>
	<date>2008-08-04</date>
	<title><![CDATA[&#x201c;Sorry but not impressed...&#x201d;]]></title>
	<excerpt><![CDATA[Was all excited to be eating here for my Birthday but was unimpressed with the lack luster food...
Almost pub-ish fare, quite greasy. Wouldn't go back]]></excerpt>
	<link><![CDATA[http://www.tripadvisor.com/Restaurant_Review-g255100-d728264-Reviews-Shakahari_Vegetarian_Restaurant-Melbourne_Victoria.html]]></link>
</review>
<review>
	<rating>5.0</rating>
	<author><![CDATA[A TripAdvisor Contributor]]></author>
	<date>2008-05-15</date>
	<title><![CDATA[&#x201c;friendly staff, great...&#x201d;]]></title>
	<excerpt><![CDATA[friendly staff, great food more]]></excerpt>
	<link><![CDATA[http://www.tripadvisor.com/Restaurant_Review-g255100-d728264-Reviews-Shakahari_Vegetarian_Restaurant-Melbourne_Victoria.html]]></link>
</review>
<review>
	<rating>3.0</rating>
	<author><![CDATA[A TripAdvisor Contributor]]></author>
	<date>2008-04-27</date>
	<title><![CDATA[&#x201c;Nice place for veg fine...&#x201d;]]></title>
	<excerpt><![CDATA[Nice place for veg fine dining.. Pricey and there are better veg places in Melbourne.. more]]></excerpt>
	<link><![CDATA[http://www.tripadvisor.com/Restaurant_Review-g255100-d728264-Reviews-Shakahari_Vegetarian_Restaurant-Melbourne_Victoria.html]]></link>
</review>
<review>
	<rating>2.0</rating>
	<author><![CDATA[A TripAdvisor Contributor]]></author>
	<date>2008-04-07</date>
	<title><![CDATA[&#x201c;Does nothing to dispel...&#x201d;]]></title>
	<excerpt><![CDATA[Does nothing to dispel the myth that vegetarian food must be dull and bland more]]></excerpt>
	<link><![CDATA[http://www.tripadvisor.com/Restaurant_Review-g255100-d728264-Reviews-Shakahari_Vegetarian_Restaurant-Melbourne_Victoria.html]]></link>
</review>
<review>
	<rating>4.0</rating>
	<author><![CDATA[A TripAdvisor Contributor]]></author>
	<date>2008-03-13</date>
	<title><![CDATA[&#x201c;One of the Best...&#x201d;]]></title>
	<excerpt><![CDATA[One of the Best Vegetarian Eating Destinations in Melbourne. Professional service with a calming atmosphere and as mentioned Fabulous Food. more]]></excerpt>
	<link><![CDATA[http://www.tripadvisor.com/Restaurant_Review-g255100-d728264-Reviews-Shakahari_Vegetarian_Restaurant-Melbourne_Victoria.html]]></link>
</review>
<review>
	<rating>4.0</rating>
	<author><![CDATA[A TripAdvisor Contributor]]></author>
	<date>2008-03-02</date>
	<title><![CDATA[&#x201c;Servings were a tad...&#x201d;]]></title>
	<excerpt><![CDATA[Servings were a tad small, but delicious! more]]></excerpt>
	<link><![CDATA[http://www.tripadvisor.com/Restaurant_Review-g255100-d728264-Reviews-Shakahari_Vegetarian_Restaurant-Melbourne_Victoria.html]]></link>
</review>
<review>
	<rating>4.0</rating>
	<author><![CDATA[A TripAdvisor Contributor]]></author>
	<date>2008-03-02</date>
	<title><![CDATA[&#x201c;An exquisite hidden...&#x201d;]]></title>
	<excerpt><![CDATA[An exquisite hidden restaurant! You can't find it without searching for it.. A must try: "Tale avocado rolls" signature dish. Highly recommended drink]]></excerpt>
	<link><![CDATA[http://www.tripadvisor.com/Restaurant_Review-g255100-d728264-Reviews-Shakahari_Vegetarian_Restaurant-Melbourne_Victoria.html]]></link>
</review>
<review>
	<rating>4.0</rating>
	<author><![CDATA[A TripAdvisor Contributor]]></author>
	<date>2008-02-10</date>
	<title><![CDATA[&#x201c;Best vegetarian&#x201d;]]></title>
	<excerpt><![CDATA[Best vegetarian more]]></excerpt>
	<link><![CDATA[http://www.tripadvisor.com/Restaurant_Review-g255100-d728264-Reviews-Shakahari_Vegetarian_Restaurant-Melbourne_Victoria.html]]></link>
</review>
<review>
	<rating>5.0</rating>
	<author><![CDATA[A TripAdvisor Contributor]]></author>
	<date>2008-02-03</date>
	<title><![CDATA[&#x201c;Best for Less&#x201d;]]></title>
	<excerpt><![CDATA[Best for Less more]]></excerpt>
	<link><![CDATA[http://www.tripadvisor.com/Restaurant_Review-g255100-d728264-Reviews-Shakahari_Vegetarian_Restaurant-Melbourne_Victoria.html]]></link>
</review>
<review>
	<rating>4.0</rating>
	<author><![CDATA[A TripAdvisor Contributor]]></author>
	<date>2008-01-25</date>
	<title><![CDATA[&#x201c;Great vegetarian&#x201d;]]></title>
	<excerpt><![CDATA[Great vegetarian more]]></excerpt>
	<link><![CDATA[http://www.tripadvisor.com/Restaurant_Review-g255100-d728264-Reviews-Shakahari_Vegetarian_Restaurant-Melbourne_Victoria.html]]></link>
</review>
<review>
	<rating>4.0</rating>
	<author><![CDATA[A TripAdvisor Contributor]]></author>
	<date>2008-01-08</date>
	<title><![CDATA[&#x201c;This is a great place to...&#x201d;]]></title>
	<excerpt><![CDATA[This is a great place to eat with friends, even if just to check out all the different meals. Wonderful place to take carnivores who don't believe veg]]></excerpt>
	<link><![CDATA[http://www.tripadvisor.com/Restaurant_Review-g255100-d728264-Reviews-or10-Shakahari_Vegetarian_Restaurant-Melbourne_Victoria.html]]></link>
</review>
<review>
	<rating>5.0</rating>
	<author><![CDATA[A TripAdvisor Contributor]]></author>
	<date>2008-01-08</date>
	<title><![CDATA[&#x201c;Exquisite, fine dining...&#x201d;]]></title>
	<excerpt><![CDATA[Exquisite, fine dining for vegetarians! more]]></excerpt>
	<link><![CDATA[http://www.tripadvisor.com/Restaurant_Review-g255100-d728264-Reviews-or10-Shakahari_Vegetarian_Restaurant-Melbourne_Victoria.html]]></link>
</review>
<review>
	<rating>4.0</rating>
	<author><![CDATA[A TripAdvisor Contributor]]></author>
	<date>2007-12-01</date>
	<title><![CDATA[&#x201c;Are u sure its...&#x201d;]]></title>
	<excerpt><![CDATA[Are u sure its vegetarian?
must try CROQUETTES FULULU - yummy more]]></excerpt>
	<link><![CDATA[http://www.tripadvisor.com/Restaurant_Review-g255100-d728264-Reviews-or10-Shakahari_Vegetarian_Restaurant-Melbourne_Victoria.html]]></link>
</review>
<review>
	<rating>3.0</rating>
	<author><![CDATA[A TripAdvisor Contributor]]></author>
	<date>2007-11-29</date>
	<title><![CDATA[&#x201c;been there a few...&#x201d;]]></title>
	<excerpt><![CDATA[been there a few times... it is near melb uni... quite nice though the menu never changes more]]></excerpt>
	<link><![CDATA[http://www.tripadvisor.com/Restaurant_Review-g255100-d728264-Reviews-or10-Shakahari_Vegetarian_Restaurant-Melbourne_Victoria.html]]></link>
</review>
</source>