<source name="Trip Advisor" avg-rating="4.5">
<review>
	<rating>3.0</rating>
	<author><![CDATA[A TripAdvisor Contributor]]></author>
	<date>2008-06-26</date>
	<title><![CDATA[&#x201c;Decent yum cha&#x201d;]]></title>
	<excerpt><![CDATA[Decent yum cha more]]></excerpt>
	<link><![CDATA[http://www.tripadvisor.com/Restaurant_Review-g255100-d728273-Reviews-Shark_Fin_House-Melbourne_Victoria.html]]></link>
</review>
<review>
	<rating>4.0</rating>
	<author><![CDATA[A TripAdvisor Contributor]]></author>
	<date>2008-04-27</date>
	<title><![CDATA[&#x201c;My first yum cha in...&#x201d;]]></title>
	<excerpt><![CDATA[My first yum cha in Melbourne.. Ate with great frens, so food and all felt great.. Wanna go again one day.. more]]></excerpt>
	<link><![CDATA[http://www.tripadvisor.com/Restaurant_Review-g255100-d728273-Reviews-Shark_Fin_House-Melbourne_Victoria.html]]></link>
</review>
<review>
	<rating>4.0</rating>
	<author><![CDATA[A TripAdvisor Contributor]]></author>
	<date>2008-04-13</date>
	<title><![CDATA[&#x201c;Yum Cha also great...&#x201d;]]></title>
	<excerpt><![CDATA[Yum Cha also great, although my favourite has been the Inn... more]]></excerpt>
	<link><![CDATA[http://www.tripadvisor.com/Restaurant_Review-g255100-d728273-Reviews-Shark_Fin_House-Melbourne_Victoria.html]]></link>
</review>
<review>
	<rating>5.0</rating>
	<author><![CDATA[A TripAdvisor Contributor]]></author>
	<date>2008-03-08</date>
	<title><![CDATA[&#x201c;Wow - doesn't try to be...&#x201d;]]></title>
	<excerpt><![CDATA[Wow - doesn't try to be anything else - great yum cha, great service more]]></excerpt>
	<link><![CDATA[http://www.tripadvisor.com/Restaurant_Review-g255100-d728273-Reviews-Shark_Fin_House-Melbourne_Victoria.html]]></link>
</review>
<review>
	<rating>4.0</rating>
	<author><![CDATA[A TripAdvisor Contributor]]></author>
	<date>2007-12-04</date>
	<title><![CDATA[&#x201c;Cooking here slightly...&#x201d;]]></title>
	<excerpt><![CDATA[Cooking here slightly superior... yummy crab, ginger and shallots, oysters and peking duck. yum yum. more]]></excerpt>
	<link><![CDATA[http://www.tripadvisor.com/Restaurant_Review-g255100-d728273-Reviews-Shark_Fin_House-Melbourne_Victoria.html]]></link>
</review>
<review>
	<rating>3.0</rating>
	<author><![CDATA[A TripAdvisor Contributor]]></author>
	<date>2007-11-24</date>
	<title><![CDATA[&#x201c;The yum cha is good :)&#x201d;]]></title>
	<excerpt><![CDATA[The yum cha is good :) more]]></excerpt>
	<link><![CDATA[http://www.tripadvisor.com/Restaurant_Review-g255100-d728273-Reviews-Shark_Fin_House-Melbourne_Victoria.html]]></link>
</review>
<review>
	<rating>1.0</rating>
	<author><![CDATA[A TripAdvisor Contributor]]></author>
	<date>2007-11-19</date>
	<title><![CDATA[&#x201c;Not good for dim sum&#x201d;]]></title>
	<excerpt><![CDATA[Not good for dim sum more]]></excerpt>
	<link><![CDATA[http://www.tripadvisor.com/Restaurant_Review-g255100-d728273-Reviews-Shark_Fin_House-Melbourne_Victoria.html]]></link>
</review>
<review>
	<rating>4.0</rating>
	<author><![CDATA[A TripAdvisor Contributor]]></author>
	<date>2007-11-18</date>
	<title><![CDATA[&#x201c;Smae as Dragon Boat...&#x201d;]]></title>
	<excerpt><![CDATA[Smae as Dragon Boat.... good Yum-Cha more]]></excerpt>
	<link><![CDATA[http://www.tripadvisor.com/Restaurant_Review-g255100-d728273-Reviews-Shark_Fin_House-Melbourne_Victoria.html]]></link>
</review>
<review>
	<rating>3.0</rating>
	<author><![CDATA[A TripAdvisor Contributor]]></author>
	<date>2007-11-13</date>
	<title><![CDATA[&#x201c;Good fresh seafood...&#x201d;]]></title>
	<excerpt><![CDATA[Good fresh seafood selection with reasonable prices. more]]></excerpt>
	<link><![CDATA[http://www.tripadvisor.com/Restaurant_Review-g255100-d728273-Reviews-Shark_Fin_House-Melbourne_Victoria.html]]></link>
</review>
<review>
	<rating>1.0</rating>
	<author><![CDATA[A TripAdvisor Contributor]]></author>
	<date>2007-11-03</date>
	<title><![CDATA[&#x201c;Yum Cha is good...&#x201d;]]></title>
	<excerpt><![CDATA[Yum Cha is good. Pre-booking essential. Service is pretty poor though. more]]></excerpt>
	<link><![CDATA[http://www.tripadvisor.com/Restaurant_Review-g255100-d728273-Reviews-Shark_Fin_House-Melbourne_Victoria.html]]></link>
</review>
<review>
	<rating>4.0</rating>
	<author><![CDATA[A TripAdvisor Contributor]]></author>
	<date>2007-10-31</date>
	<title><![CDATA[&#x201c;Great Yum Cha&#x201d;]]></title>
	<excerpt><![CDATA[Great Yum Cha more]]></excerpt>
	<link><![CDATA[http://www.tripadvisor.com/Restaurant_Review-g255100-d728273-Reviews-or10-Shark_Fin_House-Melbourne_Victoria.html]]></link>
</review>
</source>