<source name="Trip Advisor" avg-rating="4.5">
<review>
	<rating>4.0</rating>
	<author><![CDATA[A TripAdvisor Contributor]]></author>
	<date>2008-09-16</date>
	<title><![CDATA[&#x201c;Good food and Service.&#x201d;]]></title>
	<excerpt><![CDATA[Good food and Service. more]]></excerpt>
	<link><![CDATA[http://www.tripadvisor.com/Restaurant_Review-g255100-d728319-Reviews-Silks_at_Crown_Entertainment_Complex-Melbourne_Victoria.html]]></link>
</review>
<review>
	<rating>4.0</rating>
	<author><![CDATA[A TripAdvisor Contributor]]></author>
	<date>2008-08-25</date>
	<title><![CDATA[&#x201c;good chinese food.&#x201d;]]></title>
	<excerpt><![CDATA[good chinese food. more]]></excerpt>
	<link><![CDATA[http://www.tripadvisor.com/Restaurant_Review-g255100-d728319-Reviews-Silks_at_Crown_Entertainment_Complex-Melbourne_Victoria.html]]></link>
</review>
<review>
	<rating>4.0</rating>
	<author><![CDATA[A TripAdvisor Contributor]]></author>
	<date>2008-08-01</date>
	<title><![CDATA[&#x201c;Best Chinese food ever!&#x201d;]]></title>
	<excerpt><![CDATA[Best Chinese food ever! more]]></excerpt>
	<link><![CDATA[http://www.tripadvisor.com/Restaurant_Review-g255100-d728319-Reviews-Silks_at_Crown_Entertainment_Complex-Melbourne_Victoria.html]]></link>
</review>
</source>