<source name="Trip Advisor" avg-rating="4.0">
<review>
	<rating>3.0</rating>
	<author><![CDATA[A TripAdvisor Contributor]]></author>
	<date>2008-08-28</date>
	<title><![CDATA[&#x201c;Our very local Chinese...&#x201d;]]></title>
	<excerpt><![CDATA[Our very local Chinese; good for quick family meal or take away more]]></excerpt>
	<link><![CDATA[http://www.tripadvisor.com/Restaurant_Review-g255100-d728320-Reviews-Silky_Apple_Chinese_Restaurant-Melbourne_Victoria.html]]></link>
</review>
<review>
	<rating>2.0</rating>
	<author><![CDATA[A TripAdvisor Contributor]]></author>
	<date>2008-04-03</date>
	<title><![CDATA[&#x201c;Over rated and over...&#x201d;]]></title>
	<excerpt><![CDATA[Over rated and over priced more]]></excerpt>
	<link><![CDATA[http://www.tripadvisor.com/Restaurant_Review-g255100-d728320-Reviews-Silky_Apple_Chinese_Restaurant-Melbourne_Victoria.html]]></link>
</review>
</source>