<source name="Trip Advisor" avg-rating="4.0">
<review>
	<rating>4.0</rating>
	<author><![CDATA[A TripAdvisor Contributor]]></author>
	<date>2008-08-04</date>
	<title><![CDATA[&#x201c;Good food.&#x201d;]]></title>
	<excerpt><![CDATA[Good food. more]]></excerpt>
	<link><![CDATA[http://www.tripadvisor.com/Restaurant_Review-g255100-d782782-Reviews-Soul_Mama-Melbourne_Victoria.html]]></link>
</review>
<review>
	<rating>2.0</rating>
	<author><![CDATA[A TripAdvisor Contributor]]></author>
	<date>2008-04-27</date>
	<title><![CDATA[&#x201c;Bit pricey while the...&#x201d;]]></title>
	<excerpt><![CDATA[Bit pricey while the food was average n not much.. But good location.. more]]></excerpt>
	<link><![CDATA[http://www.tripadvisor.com/Restaurant_Review-g255100-d782782-Reviews-Soul_Mama-Melbourne_Victoria.html]]></link>
</review>
<review>
	<rating>3.0</rating>
	<author><![CDATA[A TripAdvisor Contributor]]></author>
	<date>2008-03-04</date>
	<title><![CDATA[&#x201c;Great for vegie food and...&#x201d;]]></title>
	<excerpt><![CDATA[Great for vegie food and a beautiful view of the bay. more]]></excerpt>
	<link><![CDATA[http://www.tripadvisor.com/Restaurant_Review-g255100-d782782-Reviews-Soul_Mama-Melbourne_Victoria.html]]></link>
</review>
<review>
	<rating>3.0</rating>
	<author><![CDATA[A TripAdvisor Contributor]]></author>
	<date>2008-01-27</date>
	<title><![CDATA[&#x201c;Great price and...&#x201d;]]></title>
	<excerpt><![CDATA[Great price and selection, great view of the sea. Really enjoyed it more]]></excerpt>
	<link><![CDATA[http://www.tripadvisor.com/Restaurant_Review-g255100-d782782-Reviews-Soul_Mama-Melbourne_Victoria.html]]></link>
</review>
<review>
	<rating>5.0</rating>
	<author><![CDATA[A TripAdvisor Contributor]]></author>
	<date>2008-01-25</date>
	<title><![CDATA[&#x201c;Another really good...&#x201d;]]></title>
	<excerpt><![CDATA[Another really good vegetarian place - they give you sooo much and awesome selection. more]]></excerpt>
	<link><![CDATA[http://www.tripadvisor.com/Restaurant_Review-g255100-d782782-Reviews-Soul_Mama-Melbourne_Victoria.html]]></link>
</review>
<review>
	<rating>1.0</rating>
	<author><![CDATA[A TripAdvisor Contributor]]></author>
	<date>2008-01-18</date>
	<title><![CDATA[&#x201c;Horrible - just don't go!&#x201d;]]></title>
	<excerpt><![CDATA[Horrible - just don't go! more]]></excerpt>
	<link><![CDATA[http://www.tripadvisor.com/Restaurant_Review-g255100-d782782-Reviews-Soul_Mama-Melbourne_Victoria.html]]></link>
</review>
<review>
	<rating>4.0</rating>
	<author><![CDATA[A TripAdvisor Contributor]]></author>
	<date>2008-01-08</date>
	<title><![CDATA[&#x201c;Great vego stuff, very...&#x201d;]]></title>
	<excerpt><![CDATA[Great vego stuff, very nice wines.... more]]></excerpt>
	<link><![CDATA[http://www.tripadvisor.com/Restaurant_Review-g255100-d782782-Reviews-Soul_Mama-Melbourne_Victoria.html]]></link>
</review>
</source>