<source name="Trip Advisor" avg-rating="4.0">
<review>
	<rating>4.0</rating>
	<author><![CDATA[Purjelentaja]]></author>
	<date>2009-02-22</date>
	<title><![CDATA[&#x201c;Fine dining&#x201d;]]></title>
	<excerpt><![CDATA[Fine dining in relaxed atmosphere. Good service, excellent wines to go with your dinner, sommeliers really know their business. Food imaginative and d]]></excerpt>
	<link><![CDATA[http://www.tripadvisor.com/Restaurant_Review-g255100-d728638-Reviews-Taxi_Dining_Room-Melbourne_Victoria.html]]></link>
</review>
<review>
	<rating>2.0</rating>
	<author><![CDATA[A TripAdvisor Contributor]]></author>
	<date>2009-01-22</date>
	<title><![CDATA[&#x201c;fine dining upstairs is...&#x201d;]]></title>
	<excerpt><![CDATA[fine dining upstairs is not my scene, counter meals downstairs are great. more]]></excerpt>
	<link><![CDATA[http://www.tripadvisor.com/Restaurant_Review-g255100-d728638-Reviews-Taxi_Dining_Room-Melbourne_Victoria.html]]></link>
</review>
<review>
	<rating>5.0</rating>
	<author><![CDATA[spoilt_pink_princess]]></author>
	<date>2008-09-24</date>
	<title><![CDATA[&#x201c;My favourite resturant.&#x201d;]]></title>
	<excerpt><![CDATA[I live in melbourne and go to this resturant often. I just cannot rave a bout it enough. The restraunt is large and formal, but a layed back fromal. T]]></excerpt>
	<link><![CDATA[http://www.tripadvisor.com/Restaurant_Review-g255100-d728638-Reviews-Taxi_Dining_Room-Melbourne_Victoria.html]]></link>
</review>
<review>
	<rating>5.0</rating>
	<author><![CDATA[A TripAdvisor Contributor]]></author>
	<date>2008-09-10</date>
	<title><![CDATA[&#x201c;Fine dining at its best...&#x201d;]]></title>
	<excerpt><![CDATA[Fine dining at its best. Modern Oz/Japanese more]]></excerpt>
	<link><![CDATA[http://www.tripadvisor.com/Restaurant_Review-g255100-d728638-Reviews-Taxi_Dining_Room-Melbourne_Victoria.html]]></link>
</review>
<review>
	<rating>5.0</rating>
	<author><![CDATA[A TripAdvisor Contributor]]></author>
	<date>2008-08-28</date>
	<title><![CDATA[&#x201c;Best place to take...&#x201d;]]></title>
	<excerpt><![CDATA[Best place to take tourists more]]></excerpt>
	<link><![CDATA[http://www.tripadvisor.com/Restaurant_Review-g255100-d728638-Reviews-Taxi_Dining_Room-Melbourne_Victoria.html]]></link>
</review>
<review>
	<rating>4.0</rating>
	<author><![CDATA[A TripAdvisor Contributor]]></author>
	<date>2008-07-29</date>
	<title><![CDATA[&#x201c;great food.. but very...&#x201d;]]></title>
	<excerpt><![CDATA[great food.. but very slow service. we had to wait for our main course for almost an hour! more]]></excerpt>
	<link><![CDATA[http://www.tripadvisor.com/Restaurant_Review-g255100-d728638-Reviews-Taxi_Dining_Room-Melbourne_Victoria.html]]></link>
</review>
<review>
	<rating>5.0</rating>
	<author><![CDATA[A TripAdvisor Contributor]]></author>
	<date>2008-07-05</date>
	<title><![CDATA[&#x201c;Fabulous restaurant...&#x201d;]]></title>
	<excerpt><![CDATA[Fabulous restaurant. Innovative Japanese menu with an Australian twist. Great service and (as long as you're not facing the setting sun through that h]]></excerpt>
	<link><![CDATA[http://www.tripadvisor.com/Restaurant_Review-g255100-d728638-Reviews-Taxi_Dining_Room-Melbourne_Victoria.html]]></link>
</review>
<review>
	<rating>5.0</rating>
	<author><![CDATA[A TripAdvisor Contributor]]></author>
	<date>2008-06-25</date>
	<title><![CDATA[&#x201c;Service - immaculate...&#x201d;]]></title>
	<excerpt><![CDATA[Service - immaculate, they pay attention to every little detail, sommelier - full of wine knowledge and the food - just fabulous more]]></excerpt>
	<link><![CDATA[http://www.tripadvisor.com/Restaurant_Review-g255100-d728638-Reviews-Taxi_Dining_Room-Melbourne_Victoria.html]]></link>
</review>
<review>
	<rating>4.0</rating>
	<author><![CDATA[A TripAdvisor Contributor]]></author>
	<date>2008-05-16</date>
	<title><![CDATA[&#x201c;One word. Wagyu.&#x201d;]]></title>
	<excerpt><![CDATA[One word. Wagyu. more]]></excerpt>
	<link><![CDATA[http://www.tripadvisor.com/Restaurant_Review-g255100-d728638-Reviews-Taxi_Dining_Room-Melbourne_Victoria.html]]></link>
</review>
<review>
	<rating>5.0</rating>
	<author><![CDATA[A TripAdvisor Contributor]]></author>
	<date>2008-04-05</date>
	<title><![CDATA[&#x201c;Wow, Just Great. Food is...&#x201d;]]></title>
	<excerpt><![CDATA[Wow, Just Great. Food is divine, same as the view. more]]></excerpt>
	<link><![CDATA[http://www.tripadvisor.com/Restaurant_Review-g255100-d728638-Reviews-Taxi_Dining_Room-Melbourne_Victoria.html]]></link>
</review>
<review>
	<rating>4.0</rating>
	<author><![CDATA[A TripAdvisor Contributor]]></author>
	<date>2008-03-01</date>
	<title><![CDATA[&#x201c;Great scene and the...&#x201d;]]></title>
	<excerpt><![CDATA[Great scene and the staff are great. The 9 course degustation was to die for. Loved Linc the WIne Guy - who couldnt do with a Linc! more]]></excerpt>
	<link><![CDATA[http://www.tripadvisor.com/Restaurant_Review-g255100-d728638-Reviews-or10-Taxi_Dining_Room-Melbourne_Victoria.html]]></link>
</review>
<review>
	<rating>5.0</rating>
	<author><![CDATA[A TripAdvisor Contributor]]></author>
	<date>2008-02-20</date>
	<title><![CDATA[&#x201c;Absolute indulgence...&#x201d;]]></title>
	<excerpt><![CDATA[Absolute indulgence, attention to detail and style. Fab from the front door down to the L'occitane hand soap in the toilets. Food is 5 star with an ex]]></excerpt>
	<link><![CDATA[http://www.tripadvisor.com/Restaurant_Review-g255100-d728638-Reviews-or10-Taxi_Dining_Room-Melbourne_Victoria.html]]></link>
</review>
<review>
	<rating>5.0</rating>
	<author><![CDATA[A TripAdvisor Contributor]]></author>
	<date>2008-02-12</date>
	<title><![CDATA[&#x201c;Food was fantastic...&#x201d;]]></title>
	<excerpt><![CDATA[Food was fantastic, Service was professional. more]]></excerpt>
	<link><![CDATA[http://www.tripadvisor.com/Restaurant_Review-g255100-d728638-Reviews-or10-Taxi_Dining_Room-Melbourne_Victoria.html]]></link>
</review>
<review>
	<rating>5.0</rating>
	<author><![CDATA[A TripAdvisor Contributor]]></author>
	<date>2008-01-31</date>
	<title><![CDATA[&#x201c;The closest thing...&#x201d;]]></title>
	<excerpt><![CDATA[The closest thing Melbourne has to a 'must go' restaurant. more]]></excerpt>
	<link><![CDATA[http://www.tripadvisor.com/Restaurant_Review-g255100-d728638-Reviews-or10-Taxi_Dining_Room-Melbourne_Victoria.html]]></link>
</review>
<review>
	<rating>4.0</rating>
	<author><![CDATA[A TripAdvisor Contributor]]></author>
	<date>2007-12-22</date>
	<title><![CDATA[&#x201c;This designer restaurant...&#x201d;]]></title>
	<excerpt><![CDATA[This designer restaurant is waay stylish w a view to compliment. Food is surprisingly fantastic! more]]></excerpt>
	<link><![CDATA[http://www.tripadvisor.com/Restaurant_Review-g255100-d728638-Reviews-or10-Taxi_Dining_Room-Melbourne_Victoria.html]]></link>
</review>
<review>
	<rating>3.0</rating>
	<author><![CDATA[A TripAdvisor Contributor]]></author>
	<date>2007-12-21</date>
	<title><![CDATA[&#x201c;Japanese...&#x201d;]]></title>
	<excerpt><![CDATA[Japanese influence...food is nice. more]]></excerpt>
	<link><![CDATA[http://www.tripadvisor.com/Restaurant_Review-g255100-d728638-Reviews-or10-Taxi_Dining_Room-Melbourne_Victoria.html]]></link>
</review>
<review>
	<rating>5.0</rating>
	<author><![CDATA[A TripAdvisor Contributor]]></author>
	<date>2007-12-21</date>
	<title><![CDATA[&#x201c;S'wonderful...&#x201d;]]></title>
	<excerpt><![CDATA[S'wonderful~~
S'marvellous!!
Im totally in love with this rest.!
Their fusion dishes are all very delicious and creative =]
Will definitely go again!
]]></excerpt>
	<link><![CDATA[http://www.tripadvisor.com/Restaurant_Review-g255100-d728638-Reviews-or10-Taxi_Dining_Room-Melbourne_Victoria.html]]></link>
</review>
<review>
	<rating>5.0</rating>
	<author><![CDATA[A TripAdvisor Contributor]]></author>
	<date>2007-11-30</date>
	<title><![CDATA[&#x201c;Fine dining experience...&#x201d;]]></title>
	<excerpt><![CDATA[Fine dining experience with a great view of the Yarra in the evening more]]></excerpt>
	<link><![CDATA[http://www.tripadvisor.com/Restaurant_Review-g255100-d728638-Reviews-or10-Taxi_Dining_Room-Melbourne_Victoria.html]]></link>
</review>
<review>
	<rating>5.0</rating>
	<author><![CDATA[A TripAdvisor Contributor]]></author>
	<date>2007-11-29</date>
	<title><![CDATA[&#x201c;Great food, great space...&#x201d;]]></title>
	<excerpt><![CDATA[Great food, great space, great service! more]]></excerpt>
	<link><![CDATA[http://www.tripadvisor.com/Restaurant_Review-g255100-d728638-Reviews-or10-Taxi_Dining_Room-Melbourne_Victoria.html]]></link>
</review>
<review>
	<rating>4.0</rating>
	<author><![CDATA[A TripAdvisor Contributor]]></author>
	<date>2007-11-23</date>
	<title><![CDATA[&#x201c;Yet another Aussie chef...&#x201d;]]></title>
	<excerpt><![CDATA[Yet another Aussie chef who has a flair for the Asian. Of the many restaurants at Fed Square, Taxi is head and shoulders above the rest. The Best Rest]]></excerpt>
	<link><![CDATA[http://www.tripadvisor.com/Restaurant_Review-g255100-d728638-Reviews-or10-Taxi_Dining_Room-Melbourne_Victoria.html]]></link>
</review>
</source>