<source name="Trip Advisor" avg-rating="4.0">
<review>
	<rating>4.0</rating>
	<author><![CDATA[A TripAdvisor Contributor]]></author>
	<date>2007-12-30</date>
	<title><![CDATA[&#x201c;Good Indian food...&#x201d;]]></title>
	<excerpt><![CDATA[Good Indian food. Reasonable prices. more]]></excerpt>
	<link><![CDATA[http://www.tripadvisor.com/Restaurant_Review-g255100-d722597-Reviews-Bombay_Beat-Melbourne_Victoria.html]]></link>
</review>
<review>
	<rating>4.0</rating>
	<author><![CDATA[A TripAdvisor Contributor]]></author>
	<date>2007-12-09</date>
	<title><![CDATA[&#x201c;Great curries at...&#x201d;]]></title>
	<excerpt><![CDATA[Great curries at affordable prices.. more]]></excerpt>
	<link><![CDATA[http://www.tripadvisor.com/Restaurant_Review-g255100-d722597-Reviews-Bombay_Beat-Melbourne_Victoria.html]]></link>
</review>
</source>