<source name="Trip Advisor" avg-rating="4.0">
<review>
	<rating>3.0</rating>
	<author><![CDATA[A TripAdvisor Contributor]]></author>
	<date>2008-08-17</date>
	<title><![CDATA[&#x201c;over rated but glad its...&#x201d;]]></title>
	<excerpt><![CDATA[over rated but glad its there. more]]></excerpt>
	<link><![CDATA[http://www.tripadvisor.com/Restaurant_Review-g255100-d729095-Reviews-The_Vegie_Bar-Melbourne_Victoria.html]]></link>
</review>
<review>
	<rating>5.0</rating>
	<author><![CDATA[burna]]></author>
	<date>2008-08-15</date>
	<title><![CDATA[&#x201c;always good food!&#x201d;]]></title>
	<excerpt><![CDATA[Every time I come here I am impressed by the food... It is always busy but there is nothing better then one of their outdoor tables on a summers night]]></excerpt>
	<link><![CDATA[http://www.tripadvisor.com/Restaurant_Review-g255100-d729095-Reviews-The_Vegie_Bar-Melbourne_Victoria.html]]></link>
</review>
<review>
	<rating>5.0</rating>
	<author><![CDATA[A TripAdvisor Contributor]]></author>
	<date>2008-08-02</date>
	<title><![CDATA[&#x201c;Awesome food, reasonably...&#x201d;]]></title>
	<excerpt><![CDATA[Awesome food, reasonably priced. more]]></excerpt>
	<link><![CDATA[http://www.tripadvisor.com/Restaurant_Review-g255100-d729095-Reviews-The_Vegie_Bar-Melbourne_Victoria.html]]></link>
</review>
<review>
	<rating>4.0</rating>
	<author><![CDATA[A TripAdvisor Contributor]]></author>
	<date>2008-07-07</date>
	<title><![CDATA[&#x201c;Always good&#x201d;]]></title>
	<excerpt><![CDATA[Always good more]]></excerpt>
	<link><![CDATA[http://www.tripadvisor.com/Restaurant_Review-g255100-d729095-Reviews-The_Vegie_Bar-Melbourne_Victoria.html]]></link>
</review>
<review>
	<rating>4.0</rating>
	<author><![CDATA[A TripAdvisor Contributor]]></author>
	<date>2008-06-28</date>
	<title><![CDATA[&#x201c;Yummy, healthy n good...&#x201d;]]></title>
	<excerpt><![CDATA[Yummy, healthy n good value! Didn't know vegetarian could be so good! more]]></excerpt>
	<link><![CDATA[http://www.tripadvisor.com/Restaurant_Review-g255100-d729095-Reviews-The_Vegie_Bar-Melbourne_Victoria.html]]></link>
</review>
<review>
	<rating>3.0</rating>
	<author><![CDATA[jvhs]]></author>
	<date>2008-06-21</date>
	<title><![CDATA[&#x201c;Don't like the seating arrangements&#x201d;]]></title>
	<excerpt><![CDATA[The food is very good and we always enjoy it but it seems they put reserved signs on the tables and only let certain sized groups sit there. We have t]]></excerpt>
	<link><![CDATA[http://www.tripadvisor.com/Restaurant_Review-g255100-d729095-Reviews-The_Vegie_Bar-Melbourne_Victoria.html]]></link>
</review>
<review>
	<rating>5.0</rating>
	<author><![CDATA[A TripAdvisor Contributor]]></author>
	<date>2008-06-07</date>
	<title><![CDATA[&#x201c;love it!!! Tasty, cheap...&#x201d;]]></title>
	<excerpt><![CDATA[love it!!! Tasty, cheap, great atmosphere...and no meat!!!!!yay more]]></excerpt>
	<link><![CDATA[http://www.tripadvisor.com/Restaurant_Review-g255100-d729095-Reviews-The_Vegie_Bar-Melbourne_Victoria.html]]></link>
</review>
<review>
	<rating>4.0</rating>
	<author><![CDATA[A TripAdvisor Contributor]]></author>
	<date>2008-06-01</date>
	<title><![CDATA[&#x201c;Favorite place to have...&#x201d;]]></title>
	<excerpt><![CDATA[Favorite place to have lunch and chat! Niiiice! more]]></excerpt>
	<link><![CDATA[http://www.tripadvisor.com/Restaurant_Review-g255100-d729095-Reviews-The_Vegie_Bar-Melbourne_Victoria.html]]></link>
</review>
<review>
	<rating>4.0</rating>
	<author><![CDATA[A TripAdvisor Contributor]]></author>
	<date>2008-05-24</date>
	<title><![CDATA[&#x201c;Great food,always busy.&#x201d;]]></title>
	<excerpt><![CDATA[Great food,always busy. more]]></excerpt>
	<link><![CDATA[http://www.tripadvisor.com/Restaurant_Review-g255100-d729095-Reviews-The_Vegie_Bar-Melbourne_Victoria.html]]></link>
</review>
<review>
	<rating>3.0</rating>
	<author><![CDATA[A TripAdvisor Contributor]]></author>
	<date>2008-05-18</date>
	<title><![CDATA[&#x201c;Good price and yummy...&#x201d;]]></title>
	<excerpt><![CDATA[Good price and yummy food. But it can be really busy and slow service... more]]></excerpt>
	<link><![CDATA[http://www.tripadvisor.com/Restaurant_Review-g255100-d729095-Reviews-The_Vegie_Bar-Melbourne_Victoria.html]]></link>
</review>
<review>
	<rating>5.0</rating>
	<author><![CDATA[A TripAdvisor Contributor]]></author>
	<date>2008-05-15</date>
	<title><![CDATA[&#x201c;cool, fun, awesome food!&#x201d;]]></title>
	<excerpt><![CDATA[cool, fun, awesome food! more]]></excerpt>
	<link><![CDATA[http://www.tripadvisor.com/Restaurant_Review-g255100-d729095-Reviews-or10-The_Vegie_Bar-Melbourne_Victoria.html]]></link>
</review>
<review>
	<rating>3.0</rating>
	<author><![CDATA[A TripAdvisor Contributor]]></author>
	<date>2008-05-02</date>
	<title><![CDATA[&#x201c;Cheap, quick, tasty fare...&#x201d;]]></title>
	<excerpt><![CDATA[Cheap, quick, tasty fare for vegos and their non-vege friends alike. The wait staff can be a bit too "fabulous" for their own good sometimes though mo]]></excerpt>
	<link><![CDATA[http://www.tripadvisor.com/Restaurant_Review-g255100-d729095-Reviews-or10-The_Vegie_Bar-Melbourne_Victoria.html]]></link>
</review>
<review>
	<rating>4.0</rating>
	<author><![CDATA[A TripAdvisor Contributor]]></author>
	<date>2008-04-27</date>
	<title><![CDATA[&#x201c;Wide range of food in...&#x201d;]]></title>
	<excerpt><![CDATA[Wide range of food in their menu, really spoiled for options if ur a veg n even non veg like myself.. However, quite pricey mains but hey can always o]]></excerpt>
	<link><![CDATA[http://www.tripadvisor.com/Restaurant_Review-g255100-d729095-Reviews-or10-The_Vegie_Bar-Melbourne_Victoria.html]]></link>
</review>
<review>
	<rating>3.0</rating>
	<author><![CDATA[A TripAdvisor Contributor]]></author>
	<date>2008-04-13</date>
	<title><![CDATA[&#x201c;Haven't been for ages...&#x201d;]]></title>
	<excerpt><![CDATA[Haven't been for ages... need to go again more]]></excerpt>
	<link><![CDATA[http://www.tripadvisor.com/Restaurant_Review-g255100-d729095-Reviews-or10-The_Vegie_Bar-Melbourne_Victoria.html]]></link>
</review>
<review>
	<rating>3.0</rating>
	<author><![CDATA[A TripAdvisor Contributor]]></author>
	<date>2008-04-07</date>
	<title><![CDATA[&#x201c;only for the tempeh and...&#x201d;]]></title>
	<excerpt><![CDATA[only for the tempeh and greens more]]></excerpt>
	<link><![CDATA[http://www.tripadvisor.com/Restaurant_Review-g255100-d729095-Reviews-or10-The_Vegie_Bar-Melbourne_Victoria.html]]></link>
</review>
<review>
	<rating>3.0</rating>
	<author><![CDATA[A TripAdvisor Contributor]]></author>
	<date>2008-04-03</date>
	<title><![CDATA[&#x201c;Great fast food.&#x201d;]]></title>
	<excerpt><![CDATA[Great fast food. more]]></excerpt>
	<link><![CDATA[http://www.tripadvisor.com/Restaurant_Review-g255100-d729095-Reviews-or10-The_Vegie_Bar-Melbourne_Victoria.html]]></link>
</review>
<review>
	<rating>3.0</rating>
	<author><![CDATA[A TripAdvisor Contributor]]></author>
	<date>2008-03-22</date>
	<title><![CDATA[&#x201c;Great food. Although its...&#x201d;]]></title>
	<excerpt><![CDATA[Great food. Although its often busy and I feel that the staff try to move you off quickly after your meal. more]]></excerpt>
	<link><![CDATA[http://www.tripadvisor.com/Restaurant_Review-g255100-d729095-Reviews-or10-The_Vegie_Bar-Melbourne_Victoria.html]]></link>
</review>
<review>
	<rating>4.0</rating>
	<author><![CDATA[A TripAdvisor Contributor]]></author>
	<date>2008-03-04</date>
	<title><![CDATA[&#x201c;great range of...&#x201d;]]></title>
	<excerpt><![CDATA[great range of vegetarian meals, good size, good price more]]></excerpt>
	<link><![CDATA[http://www.tripadvisor.com/Restaurant_Review-g255100-d729095-Reviews-or10-The_Vegie_Bar-Melbourne_Victoria.html]]></link>
</review>
<review>
	<rating>4.0</rating>
	<author><![CDATA[A TripAdvisor Contributor]]></author>
	<date>2008-02-25</date>
	<title><![CDATA[&#x201c;Amazing.&#x201d;]]></title>
	<excerpt><![CDATA[Amazing. more]]></excerpt>
	<link><![CDATA[http://www.tripadvisor.com/Restaurant_Review-g255100-d729095-Reviews-or10-The_Vegie_Bar-Melbourne_Victoria.html]]></link>
</review>
<review>
	<rating>4.0</rating>
	<author><![CDATA[A TripAdvisor Contributor]]></author>
	<date>2008-02-25</date>
	<title><![CDATA[&#x201c;Excellent food and...&#x201d;]]></title>
	<excerpt><![CDATA[Excellent food and atmosphere! Haven't had anything I didn't *love* from here yet! Fantastic fresh juices! Love this place! more]]></excerpt>
	<link><![CDATA[http://www.tripadvisor.com/Restaurant_Review-g255100-d729095-Reviews-or10-The_Vegie_Bar-Melbourne_Victoria.html]]></link>
</review>
<review>
	<rating>4.0</rating>
	<author><![CDATA[A TripAdvisor Contributor]]></author>
	<date>2008-01-23</date>
	<title><![CDATA[&#x201c;Great for cheap eats...&#x201d;]]></title>
	<excerpt><![CDATA[Great for cheap eats & casual dining - fun atmosphere more]]></excerpt>
	<link><![CDATA[http://www.tripadvisor.com/Restaurant_Review-g255100-d729095-Reviews-or20-The_Vegie_Bar-Melbourne_Victoria.html]]></link>
</review>
<review>
	<rating>5.0</rating>
	<author><![CDATA[A TripAdvisor Contributor]]></author>
	<date>2008-01-16</date>
	<title><![CDATA[&#x201c;Yum :-]&#x201d;]]></title>
	<excerpt><![CDATA[Yum :-] more]]></excerpt>
	<link><![CDATA[http://www.tripadvisor.com/Restaurant_Review-g255100-d729095-Reviews-or20-The_Vegie_Bar-Melbourne_Victoria.html]]></link>
</review>
<review>
	<rating>5.0</rating>
	<author><![CDATA[A TripAdvisor Contributor]]></author>
	<date>2008-01-09</date>
	<title><![CDATA[&#x201c;Best & cheapest veggie...&#x201d;]]></title>
	<excerpt><![CDATA[Best & cheapest veggie meals in town! more]]></excerpt>
	<link><![CDATA[http://www.tripadvisor.com/Restaurant_Review-g255100-d729095-Reviews-or20-The_Vegie_Bar-Melbourne_Victoria.html]]></link>
</review>
<review>
	<rating>1.0</rating>
	<author><![CDATA[A TripAdvisor Contributor]]></author>
	<date>2008-01-08</date>
	<title><![CDATA[&#x201c;This used to be one of...&#x201d;]]></title>
	<excerpt><![CDATA[This used to be one of my favourites for a healthy vegetarian meal - their tofu burger was a treat. Then it all went downhill - tastes and textures ju]]></excerpt>
	<link><![CDATA[http://www.tripadvisor.com/Restaurant_Review-g255100-d729095-Reviews-or20-The_Vegie_Bar-Melbourne_Victoria.html]]></link>
</review>
<review>
	<rating>3.0</rating>
	<author><![CDATA[A TripAdvisor Contributor]]></author>
	<date>2008-01-08</date>
	<title><![CDATA[&#x201c;great entrees!!&#x201d;]]></title>
	<excerpt><![CDATA[great entrees!! more]]></excerpt>
	<link><![CDATA[http://www.tripadvisor.com/Restaurant_Review-g255100-d729095-Reviews-or20-The_Vegie_Bar-Melbourne_Victoria.html]]></link>
</review>
<review>
	<rating>4.0</rating>
	<author><![CDATA[A TripAdvisor Contributor]]></author>
	<date>2008-01-05</date>
	<title><![CDATA[&#x201c;I'm not really into...&#x201d;]]></title>
	<excerpt><![CDATA[I'm not really into vegetarian but this was good and I thoroughly enjoyed my Mexican Burrito served with brown rice- Sounds bland but it was yummy! Ve]]></excerpt>
	<link><![CDATA[http://www.tripadvisor.com/Restaurant_Review-g255100-d729095-Reviews-or20-The_Vegie_Bar-Melbourne_Victoria.html]]></link>
</review>
<review>
	<rating>4.0</rating>
	<author><![CDATA[A TripAdvisor Contributor]]></author>
	<date>2008-01-04</date>
	<title><![CDATA[&#x201c;Good servings. Great...&#x201d;]]></title>
	<excerpt><![CDATA[Good servings. Great food. Very cheap.
Awesome vibe! more]]></excerpt>
	<link><![CDATA[http://www.tripadvisor.com/Restaurant_Review-g255100-d729095-Reviews-or20-The_Vegie_Bar-Melbourne_Victoria.html]]></link>
</review>
<review>
	<rating>4.0</rating>
	<author><![CDATA[A TripAdvisor Contributor]]></author>
	<date>2007-12-30</date>
	<title><![CDATA[&#x201c;Good food and heaps of...&#x201d;]]></title>
	<excerpt><![CDATA[Good food and heaps of it for something different. more]]></excerpt>
	<link><![CDATA[http://www.tripadvisor.com/Restaurant_Review-g255100-d729095-Reviews-or20-The_Vegie_Bar-Melbourne_Victoria.html]]></link>
</review>
<review>
	<rating>3.0</rating>
	<author><![CDATA[A TripAdvisor Contributor]]></author>
	<date>2007-12-27</date>
	<title><![CDATA[&#x201c;Very nice, well priced...&#x201d;]]></title>
	<excerpt><![CDATA[Very nice, well priced and imaginative vegetarian food in a loud lively atmosphere. Even carnivores will like the food more]]></excerpt>
	<link><![CDATA[http://www.tripadvisor.com/Restaurant_Review-g255100-d729095-Reviews-or20-The_Vegie_Bar-Melbourne_Victoria.html]]></link>
</review>
<review>
	<rating>3.0</rating>
	<author><![CDATA[A TripAdvisor Contributor]]></author>
	<date>2007-12-21</date>
	<title><![CDATA[&#x201c;Cheap, huge servings...&#x201d;]]></title>
	<excerpt><![CDATA[Cheap, huge servings, sometimes very bland. more]]></excerpt>
	<link><![CDATA[http://www.tripadvisor.com/Restaurant_Review-g255100-d729095-Reviews-or20-The_Vegie_Bar-Melbourne_Victoria.html]]></link>
</review>
<review>
	<rating>5.0</rating>
	<author><![CDATA[A TripAdvisor Contributor]]></author>
	<date>2007-12-21</date>
	<title><![CDATA[&#x201c;fantastic! super cheap...&#x201d;]]></title>
	<excerpt><![CDATA[fantastic! super cheap and awesome vego food more]]></excerpt>
	<link><![CDATA[http://www.tripadvisor.com/Restaurant_Review-g255100-d729095-Reviews-or30-The_Vegie_Bar-Melbourne_Victoria.html]]></link>
</review>
<review>
	<rating>5.0</rating>
	<author><![CDATA[A TripAdvisor Contributor]]></author>
	<date>2007-12-21</date>
	<title><![CDATA[&#x201c;5 VEGIE STARS&#x201d;]]></title>
	<excerpt><![CDATA[5 VEGIE STARS more]]></excerpt>
	<link><![CDATA[http://www.tripadvisor.com/Restaurant_Review-g255100-d729095-Reviews-or30-The_Vegie_Bar-Melbourne_Victoria.html]]></link>
</review>
<review>
	<rating>4.0</rating>
	<author><![CDATA[A TripAdvisor Contributor]]></author>
	<date>2007-12-20</date>
	<title><![CDATA[&#x201c;An old favourite. The...&#x201d;]]></title>
	<excerpt><![CDATA[An old favourite. The Tofu Burger is so yummy, with peanut sauce. And the rice balls are the best I've ever had (again with peanut sauce. Here you don]]></excerpt>
	<link><![CDATA[http://www.tripadvisor.com/Restaurant_Review-g255100-d729095-Reviews-or30-The_Vegie_Bar-Melbourne_Victoria.html]]></link>
</review>
<review>
	<rating>4.0</rating>
	<author><![CDATA[A TripAdvisor Contributor]]></author>
	<date>2007-12-17</date>
	<title><![CDATA[&#x201c;Wonderful, healthy and...&#x201d;]]></title>
	<excerpt><![CDATA[Wonderful, healthy and tasty vego food. Love it. more]]></excerpt>
	<link><![CDATA[http://www.tripadvisor.com/Restaurant_Review-g255100-d729095-Reviews-or30-The_Vegie_Bar-Melbourne_Victoria.html]]></link>
</review>
<review>
	<rating>3.0</rating>
	<author><![CDATA[A TripAdvisor Contributor]]></author>
	<date>2007-12-16</date>
	<title><![CDATA[&#x201c;the concept is good...&#x201d;]]></title>
	<excerpt><![CDATA[the concept is good.. but not really 'asian' vegetarian... lots of beans... more]]></excerpt>
	<link><![CDATA[http://www.tripadvisor.com/Restaurant_Review-g255100-d729095-Reviews-or30-The_Vegie_Bar-Melbourne_Victoria.html]]></link>
</review>
<review>
	<rating>4.0</rating>
	<author><![CDATA[A TripAdvisor Contributor]]></author>
	<date>2007-12-15</date>
	<title><![CDATA[&#x201c;Best Veggie food in...&#x201d;]]></title>
	<excerpt><![CDATA[Best Veggie food in Melbourne, cool atmosphere, good price. more]]></excerpt>
	<link><![CDATA[http://www.tripadvisor.com/Restaurant_Review-g255100-d729095-Reviews-or30-The_Vegie_Bar-Melbourne_Victoria.html]]></link>
</review>
<review>
	<rating>4.0</rating>
	<author><![CDATA[A TripAdvisor Contributor]]></author>
	<date>2007-12-15</date>
	<title><![CDATA[&#x201c;Try the rice balls!
The...&#x201d;]]></title>
	<excerpt><![CDATA[Try the rice balls!
The mains can be rather large (or at least they used to be). Can be a bit too noisy to have proper conversations. more]]></excerpt>
	<link><![CDATA[http://www.tripadvisor.com/Restaurant_Review-g255100-d729095-Reviews-or30-The_Vegie_Bar-Melbourne_Victoria.html]]></link>
</review>
<review>
	<rating>4.0</rating>
	<author><![CDATA[A TripAdvisor Contributor]]></author>
	<date>2007-12-11</date>
	<title><![CDATA[&#x201c;Healthy food but with...&#x201d;]]></title>
	<excerpt><![CDATA[Healthy food but with great taste. I love the mushroom risotto more]]></excerpt>
	<link><![CDATA[http://www.tripadvisor.com/Restaurant_Review-g255100-d729095-Reviews-or30-The_Vegie_Bar-Melbourne_Victoria.html]]></link>
</review>
<review>
	<rating>4.0</rating>
	<author><![CDATA[A TripAdvisor Contributor]]></author>
	<date>2007-12-05</date>
	<title><![CDATA[&#x201c;Food good, price cheap...&#x201d;]]></title>
	<excerpt><![CDATA[Food good, price cheap, atmosphere friendly (a bit noisy and crowded), service average more]]></excerpt>
	<link><![CDATA[http://www.tripadvisor.com/Restaurant_Review-g255100-d729095-Reviews-or30-The_Vegie_Bar-Melbourne_Victoria.html]]></link>
</review>
<review>
	<rating>4.0</rating>
	<author><![CDATA[A TripAdvisor Contributor]]></author>
	<date>2007-12-01</date>
	<title><![CDATA[&#x201c;Pretty good for...&#x201d;]]></title>
	<excerpt><![CDATA[Pretty good for vegetarian, if fact you hardly realise that it is the food is that tasty. more]]></excerpt>
	<link><![CDATA[http://www.tripadvisor.com/Restaurant_Review-g255100-d729095-Reviews-or30-The_Vegie_Bar-Melbourne_Victoria.html]]></link>
</review>
<review>
	<rating>4.0</rating>
	<author><![CDATA[A TripAdvisor Contributor]]></author>
	<date>2007-12-01</date>
	<title><![CDATA[&#x201c;filling and tasty meals...&#x201d;]]></title>
	<excerpt><![CDATA[filling and tasty meals :) more]]></excerpt>
	<link><![CDATA[http://www.tripadvisor.com/Restaurant_Review-g255100-d729095-Reviews-or40-The_Vegie_Bar-Melbourne_Victoria.html]]></link>
</review>
<review>
	<rating>4.0</rating>
	<author><![CDATA[A TripAdvisor Contributor]]></author>
	<date>2007-11-27</date>
	<title><![CDATA[&#x201c;Cool and fun!&#x201d;]]></title>
	<excerpt><![CDATA[Cool and fun! more]]></excerpt>
	<link><![CDATA[http://www.tripadvisor.com/Restaurant_Review-g255100-d729095-Reviews-or40-The_Vegie_Bar-Melbourne_Victoria.html]]></link>
</review>
<review>
	<rating>3.0</rating>
	<author><![CDATA[A TripAdvisor Contributor]]></author>
	<date>2007-11-22</date>
	<title><![CDATA[&#x201c;Cool and casual...&#x201d;]]></title>
	<excerpt><![CDATA[Cool and casual vegetarian menu with an alternative atmosphere. more]]></excerpt>
	<link><![CDATA[http://www.tripadvisor.com/Restaurant_Review-g255100-d729095-Reviews-or40-The_Vegie_Bar-Melbourne_Victoria.html]]></link>
</review>
<review>
	<rating>2.0</rating>
	<author><![CDATA[A TripAdvisor Contributor]]></author>
	<date>2007-11-19</date>
	<title><![CDATA[&#x201c;Nice ... but being an...&#x201d;]]></title>
	<excerpt><![CDATA[Nice ... but being an omnivore, I was still unsatisfied!!! more]]></excerpt>
	<link><![CDATA[http://www.tripadvisor.com/Restaurant_Review-g255100-d729095-Reviews-or40-The_Vegie_Bar-Melbourne_Victoria.html]]></link>
</review>
<review>
	<rating>3.0</rating>
	<author><![CDATA[A TripAdvisor Contributor]]></author>
	<date>2007-11-18</date>
	<title><![CDATA[&#x201c;"Makes you feel good...&#x201d;]]></title>
	<excerpt><![CDATA["Makes you feel good" food.. more]]></excerpt>
	<link><![CDATA[http://www.tripadvisor.com/Restaurant_Review-g255100-d729095-Reviews-or40-The_Vegie_Bar-Melbourne_Victoria.html]]></link>
</review>
<review>
	<rating>5.0</rating>
	<author><![CDATA[itsuchi]]></author>
	<date>2008-08-20</date>
	<title><![CDATA[&#x201c;&#x201d;]]></title>
	<excerpt><![CDATA[
]]></excerpt>
	<link><![CDATA[http://www.tripadvisor.com/Restaurant_Review-g255100-d729095-Reviews-or40-The_Vegie_Bar-Melbourne_Victoria.html]]></link>
</review>
</source>