<source name="Trip Advisor" avg-rating="4.0">
<review>
	<rating>2.0</rating>
	<author><![CDATA[A TripAdvisor Contributor]]></author>
	<date>2008-12-12</date>
	<title><![CDATA[&#x201c;Ordinary&#x201d;]]></title>
	<excerpt><![CDATA[Ordinary more]]></excerpt>
	<link><![CDATA[http://www.tripadvisor.com/Restaurant_Review-g255100-d723993-Reviews-Curry_Club_Cafe-Melbourne_Victoria.html]]></link>
</review>
<review>
	<rating>5.0</rating>
	<author><![CDATA[drmsdiff4rmreality]]></author>
	<date>2008-06-30</date>
	<title><![CDATA[&#x201c;A modern Asian Cuisine Restaurant&#x201d;]]></title>
	<excerpt><![CDATA[Its Uncle Bob's Brain Child , a great Place to eat , perfect pricing , good quality food , be early on weekends .
Also try Out food at Veg Out time ( ]]></excerpt>
	<link><![CDATA[http://www.tripadvisor.com/Restaurant_Review-g255100-d723993-Reviews-Curry_Club_Cafe-Melbourne_Victoria.html]]></link>
</review>
<review>
	<rating>2.0</rating>
	<author><![CDATA[A TripAdvisor Contributor]]></author>
	<date>2008-04-27</date>
	<title><![CDATA[&#x201c;Overrated not as good as...&#x201d;]]></title>
	<excerpt><![CDATA[Overrated not as good as some other Indian places.. more]]></excerpt>
	<link><![CDATA[http://www.tripadvisor.com/Restaurant_Review-g255100-d723993-Reviews-Curry_Club_Cafe-Melbourne_Victoria.html]]></link>
</review>
<review>
	<rating>3.0</rating>
	<author><![CDATA[A TripAdvisor Contributor]]></author>
	<date>2008-04-15</date>
	<title><![CDATA[&#x201c;I found this curry joint...&#x201d;]]></title>
	<excerpt><![CDATA[I found this curry joint VERY AVERAGE! more]]></excerpt>
	<link><![CDATA[http://www.tripadvisor.com/Restaurant_Review-g255100-d723993-Reviews-Curry_Club_Cafe-Melbourne_Victoria.html]]></link>
</review>
<review>
	<rating>1.0</rating>
	<author><![CDATA[A TripAdvisor Contributor]]></author>
	<date>2008-03-08</date>
	<title><![CDATA[&#x201c;Something about curry is...&#x201d;]]></title>
	<excerpt><![CDATA[Something about curry is Australia - it's just rubbish - you'd expect that at least the curry club would get it right - you're better off at the India]]></excerpt>
	<link><![CDATA[http://www.tripadvisor.com/Restaurant_Review-g255100-d723993-Reviews-Curry_Club_Cafe-Melbourne_Victoria.html]]></link>
</review>
<review>
	<rating>5.0</rating>
	<author><![CDATA[A TripAdvisor Contributor]]></author>
	<date>2008-01-08</date>
	<title><![CDATA[&#x201c;most certainly some of...&#x201d;]]></title>
	<excerpt><![CDATA[most certainly some of the best contemporary indian cuisine you'll ever eat without breaking the bank! more]]></excerpt>
	<link><![CDATA[http://www.tripadvisor.com/Restaurant_Review-g255100-d723993-Reviews-Curry_Club_Cafe-Melbourne_Victoria.html]]></link>
</review>
<review>
	<rating>3.0</rating>
	<author><![CDATA[A TripAdvisor Contributor]]></author>
	<date>2008-01-01</date>
	<title><![CDATA[&#x201c;Have been here a number...&#x201d;]]></title>
	<excerpt><![CDATA[Have been here a number of times, typical Indian food, tasty, nice sauces, tender meats and altogether a great place to go with friends. more]]></excerpt>
	<link><![CDATA[http://www.tripadvisor.com/Restaurant_Review-g255100-d723993-Reviews-Curry_Club_Cafe-Melbourne_Victoria.html]]></link>
</review>
<review>
	<rating>3.0</rating>
	<author><![CDATA[A TripAdvisor Contributor]]></author>
	<date>2007-12-16</date>
	<title><![CDATA[&#x201c;Casual.
Good food, take...&#x201d;]]></title>
	<excerpt><![CDATA[Casual.
Good food, take your ear plugs, more]]></excerpt>
	<link><![CDATA[http://www.tripadvisor.com/Restaurant_Review-g255100-d723993-Reviews-Curry_Club_Cafe-Melbourne_Victoria.html]]></link>
</review>
<review>
	<rating>3.0</rating>
	<author><![CDATA[A TripAdvisor Contributor]]></author>
	<date>2007-12-04</date>
	<title><![CDATA[&#x201c;A good reliable place...&#x201d;]]></title>
	<excerpt><![CDATA[A good reliable place for a curry. more]]></excerpt>
	<link><![CDATA[http://www.tripadvisor.com/Restaurant_Review-g255100-d723993-Reviews-Curry_Club_Cafe-Melbourne_Victoria.html]]></link>
</review>
<review>
	<rating>4.0</rating>
	<author><![CDATA[A TripAdvisor Contributor]]></author>
	<date>2007-12-04</date>
	<title><![CDATA[&#x201c;decent price all u can...&#x201d;]]></title>
	<excerpt><![CDATA[decent price all u can eat, dunno whether they still have that option again,last time there was 4 years ago more]]></excerpt>
	<link><![CDATA[http://www.tripadvisor.com/Restaurant_Review-g255100-d723993-Reviews-Curry_Club_Cafe-Melbourne_Victoria.html]]></link>
</review>
<review>
	<rating>4.0</rating>
	<author><![CDATA[A TripAdvisor Contributor]]></author>
	<date>2007-11-22</date>
	<title><![CDATA[&#x201c;Good food&#x201d;]]></title>
	<excerpt><![CDATA[Good food more]]></excerpt>
	<link><![CDATA[http://www.tripadvisor.com/Restaurant_Review-g255100-d723993-Reviews-or10-Curry_Club_Cafe-Melbourne_Victoria.html]]></link>
</review>
<review>
	<rating>4.0</rating>
	<author><![CDATA[A TripAdvisor Contributor]]></author>
	<date>2007-11-18</date>
	<title><![CDATA[&#x201c;Good choice...... but...&#x201d;]]></title>
	<excerpt><![CDATA[Good choice...... but the vindaloo is damn hot!! more]]></excerpt>
	<link><![CDATA[http://www.tripadvisor.com/Restaurant_Review-g255100-d723993-Reviews-or10-Curry_Club_Cafe-Melbourne_Victoria.html]]></link>
</review>
<review>
	<rating>3.0</rating>
	<author><![CDATA[A TripAdvisor Contributor]]></author>
	<date>2007-11-14</date>
	<title><![CDATA[&#x201c;Great variety of curry...&#x201d;]]></title>
	<excerpt><![CDATA[Great variety of curry dishes, well priced menu and friendly service. more]]></excerpt>
	<link><![CDATA[http://www.tripadvisor.com/Restaurant_Review-g255100-d723993-Reviews-or10-Curry_Club_Cafe-Melbourne_Victoria.html]]></link>
</review>
<review>
	<rating>4.0</rating>
	<author><![CDATA[A TripAdvisor Contributor]]></author>
	<date>2007-11-13</date>
	<title><![CDATA[&#x201c;Decent curry experience...&#x201d;]]></title>
	<excerpt><![CDATA[Decent curry experience in a fine setting, once inside you won't even notice busy Bridge Road. more]]></excerpt>
	<link><![CDATA[http://www.tripadvisor.com/Restaurant_Review-g255100-d723993-Reviews-or10-Curry_Club_Cafe-Melbourne_Victoria.html]]></link>
</review>
<review>
	<rating>4.0</rating>
	<author><![CDATA[A TripAdvisor Contributor]]></author>
	<date>2007-11-09</date>
	<title><![CDATA[&#x201c;I am pretty sure this is...&#x201d;]]></title>
	<excerpt><![CDATA[I am pretty sure this is THE curry house DG and I would frequent... ahhh, cold beer and rogan josh... more]]></excerpt>
	<link><![CDATA[http://www.tripadvisor.com/Restaurant_Review-g255100-d723993-Reviews-or10-Curry_Club_Cafe-Melbourne_Victoria.html]]></link>
</review>
</source>