<source name="Trip Advisor" avg-rating="4.0">
<review>
	<rating>4.0</rating>
	<author><![CDATA[babyishj]]></author>
	<date>2008-11-09</date>
	<title><![CDATA[&#x201c;Best iced chocolate EVER&#x201d;]]></title>
	<excerpt><![CDATA[They've got this iced chocolate with hazelnut cream. there's only one word to describe it. Heavenly. more]]></excerpt>
	<link><![CDATA[http://www.tripadvisor.com/Restaurant_Review-g255100-d722378-Reviews-Black_Cat-Melbourne_Victoria.html]]></link>
</review>
<review>
	<rating>3.0</rating>
	<author><![CDATA[A TripAdvisor Contributor]]></author>
	<date>2007-12-04</date>
	<title><![CDATA[&#x201c;Another Brunswick St...&#x201d;]]></title>
	<excerpt><![CDATA[Another Brunswick St. icon. Great place to catch up with friends. more]]></excerpt>
	<link><![CDATA[http://www.tripadvisor.com/Restaurant_Review-g255100-d722378-Reviews-Black_Cat-Melbourne_Victoria.html]]></link>
</review>
</source>