<source name="Trip Advisor" avg-rating="4.0">
<review>
	<rating>5.0</rating>
	<author><![CDATA[A TripAdvisor Contributor]]></author>
	<date>2008-09-08</date>
	<title><![CDATA[&#x201c;Went a while back and...&#x201d;]]></title>
	<excerpt><![CDATA[Went a while back and really liked it. Tried to go and sample McConnells new gig - Cumulus Inc - recently (because the guy can obviously cook) but sto]]></excerpt>
	<link><![CDATA[http://www.tripadvisor.com/Restaurant_Review-g255100-d780776-Reviews-Three_One_Two-Melbourne_Victoria.html]]></link>
</review>
<review>
	<rating>4.0</rating>
	<author><![CDATA[A TripAdvisor Contributor]]></author>
	<date>2008-05-04</date>
	<title><![CDATA[&#x201c;Nice atmosphere...&#x201d;]]></title>
	<excerpt><![CDATA[Nice atmosphere, friendly staff, and excellent food. Seperate vegetarian menu was helpful. more]]></excerpt>
	<link><![CDATA[http://www.tripadvisor.com/Restaurant_Review-g255100-d780776-Reviews-Three_One_Two-Melbourne_Victoria.html]]></link>
</review>
<review>
	<rating>4.0</rating>
	<author><![CDATA[A TripAdvisor Contributor]]></author>
	<date>2008-02-21</date>
	<title><![CDATA[&#x201c;Golden broth with...&#x201d;]]></title>
	<excerpt><![CDATA[Golden broth with aromatics, shaved abalone & picked crab meat more]]></excerpt>
	<link><![CDATA[http://www.tripadvisor.com/Restaurant_Review-g255100-d780776-Reviews-Three_One_Two-Melbourne_Victoria.html]]></link>
</review>
<review>
	<rating>4.0</rating>
	<author><![CDATA[A TripAdvisor Contributor]]></author>
	<date>2008-01-27</date>
	<title><![CDATA[&#x201c;I ordered degustation...&#x201d;]]></title>
	<excerpt><![CDATA[I ordered degustation, That was Ok. but Steak was the best I ever had! Service was good!! I wanna order port next time! more]]></excerpt>
	<link><![CDATA[http://www.tripadvisor.com/Restaurant_Review-g255100-d780776-Reviews-Three_One_Two-Melbourne_Victoria.html]]></link>
</review>
<review>
	<rating>5.0</rating>
	<author><![CDATA[A TripAdvisor Contributor]]></author>
	<date>2007-12-16</date>
	<title><![CDATA[&#x201c;Special.
Another fave...&#x201d;]]></title>
	<excerpt><![CDATA[Special.
Another fave of mine.
Wonderful food and amazing wine list. The somm will happily wine match your food.
GO THERE! more]]></excerpt>
	<link><![CDATA[http://www.tripadvisor.com/Restaurant_Review-g255100-d780776-Reviews-Three_One_Two-Melbourne_Victoria.html]]></link>
</review>
<review>
	<rating>1.0</rating>
	<author><![CDATA[A TripAdvisor Contributor]]></author>
	<date>2007-12-15</date>
	<title><![CDATA[&#x201c;Extremely overrated...&#x201d;]]></title>
	<excerpt><![CDATA[Extremely overrated, there are a lot better in Melbourne. more]]></excerpt>
	<link><![CDATA[http://www.tripadvisor.com/Restaurant_Review-g255100-d780776-Reviews-Three_One_Two-Melbourne_Victoria.html]]></link>
</review>
<review>
	<rating>2.0</rating>
	<author><![CDATA[A TripAdvisor Contributor]]></author>
	<date>2007-12-14</date>
	<title><![CDATA[&#x201c;Haven't been back since...&#x201d;]]></title>
	<excerpt><![CDATA[Haven't been back since I had the worst table, poor service and a long wait between courses. more]]></excerpt>
	<link><![CDATA[http://www.tripadvisor.com/Restaurant_Review-g255100-d780776-Reviews-Three_One_Two-Melbourne_Victoria.html]]></link>
</review>
<review>
	<rating>5.0</rating>
	<author><![CDATA[A TripAdvisor Contributor]]></author>
	<date>2007-12-02</date>
	<title><![CDATA[&#x201c;After consistently...&#x201d;]]></title>
	<excerpt><![CDATA[After consistently blowing away punters and critics alike year after year at Circa, Andrew McConnell switched to Three, One, Two as owner/chef, remain]]></excerpt>
	<link><![CDATA[http://www.tripadvisor.com/Restaurant_Review-g255100-d780776-Reviews-Three_One_Two-Melbourne_Victoria.html]]></link>
</review>
<review>
	<rating>4.0</rating>
	<author><![CDATA[A TripAdvisor Contributor]]></author>
	<date>2007-11-29</date>
	<title><![CDATA[&#x201c;excellento! chef from...&#x201d;]]></title>
	<excerpt><![CDATA[excellento! chef from Circa the Prince more]]></excerpt>
	<link><![CDATA[http://www.tripadvisor.com/Restaurant_Review-g255100-d780776-Reviews-Three_One_Two-Melbourne_Victoria.html]]></link>
</review>
<review>
	<rating>4.0</rating>
	<author><![CDATA[A TripAdvisor Contributor]]></author>
	<date>2007-11-26</date>
	<title><![CDATA[&#x201c;high quality food in...&#x201d;]]></title>
	<excerpt><![CDATA[high quality food in tight space....book miles ahead and don't be late more]]></excerpt>
	<link><![CDATA[http://www.tripadvisor.com/Restaurant_Review-g255100-d780776-Reviews-Three_One_Two-Melbourne_Victoria.html]]></link>
</review>
</source>