<source name="Trip Advisor" avg-rating="4.0">
<review>
	<rating>5.0</rating>
	<author><![CDATA[A TripAdvisor Contributor]]></author>
	<date>2008-09-07</date>
	<title><![CDATA[&#x201c;A staple - always good...&#x201d;]]></title>
	<excerpt><![CDATA[A staple - always good. Calamari Fritti and Tortellini in Brodo are my highlights. more]]></excerpt>
	<link><![CDATA[http://www.tripadvisor.com/Restaurant_Review-g255100-d804873-Reviews-Tiamo-Melbourne_Victoria.html]]></link>
</review>
<review>
	<rating>4.0</rating>
	<author><![CDATA[A TripAdvisor Contributor]]></author>
	<date>2008-07-11</date>
	<title><![CDATA[&#x201c;great steak&#x201d;]]></title>
	<excerpt><![CDATA[great steak more]]></excerpt>
	<link><![CDATA[http://www.tripadvisor.com/Restaurant_Review-g255100-d804873-Reviews-Tiamo-Melbourne_Victoria.html]]></link>
</review>
<review>
	<rating>3.0</rating>
	<author><![CDATA[A TripAdvisor Contributor]]></author>
	<date>2008-06-17</date>
	<title><![CDATA[&#x201c;An old institution...&#x201d;]]></title>
	<excerpt><![CDATA[An old institution. Solid on the fod. Average on the coffee. Readings and Borders just next door. more]]></excerpt>
	<link><![CDATA[http://www.tripadvisor.com/Restaurant_Review-g255100-d804873-Reviews-Tiamo-Melbourne_Victoria.html]]></link>
</review>
<review>
	<rating>4.0</rating>
	<author><![CDATA[A TripAdvisor Contributor]]></author>
	<date>2008-05-29</date>
	<title><![CDATA[&#x201c;Great pasta! Love the...&#x201d;]]></title>
	<excerpt><![CDATA[Great pasta! Love the bar area where you can have a quick coffee or a meal. more]]></excerpt>
	<link><![CDATA[http://www.tripadvisor.com/Restaurant_Review-g255100-d804873-Reviews-Tiamo-Melbourne_Victoria.html]]></link>
</review>
<review>
	<rating>5.0</rating>
	<author><![CDATA[MiaSienna]]></author>
	<date>2008-05-14</date>
	<title><![CDATA[&#x201c;Another fave... along with Tiamo2&#x201d;]]></title>
	<excerpt><![CDATA[This is a bit of a biased review. Tiamo is my girlfriend's and mine favourite restaurant in Melbourne. Its got great pasta, and now its more modern lo]]></excerpt>
	<link><![CDATA[http://www.tripadvisor.com/Restaurant_Review-g255100-d804873-Reviews-Tiamo-Melbourne_Victoria.html]]></link>
</review>
<review>
	<rating>5.0</rating>
	<author><![CDATA[A TripAdvisor Contributor]]></author>
	<date>2008-04-26</date>
	<title><![CDATA[&#x201c;This is a bit of a...&#x201d;]]></title>
	<excerpt><![CDATA[This is a bit of a biased review. Tiamo is my girlfriend's and mine favourite restaurant in Melbourne. Its got great pasta, and now its more modern lo]]></excerpt>
	<link><![CDATA[http://www.tripadvisor.com/Restaurant_Review-g255100-d804873-Reviews-Tiamo-Melbourne_Victoria.html]]></link>
</review>
<review>
	<rating>3.0</rating>
	<author><![CDATA[A TripAdvisor Contributor]]></author>
	<date>2008-04-23</date>
	<title><![CDATA[&#x201c;Okay.&#x201d;]]></title>
	<excerpt><![CDATA[Okay. more]]></excerpt>
	<link><![CDATA[http://www.tripadvisor.com/Restaurant_Review-g255100-d804873-Reviews-Tiamo-Melbourne_Victoria.html]]></link>
</review>
<review>
	<rating>5.0</rating>
	<author><![CDATA[A TripAdvisor Contributor]]></author>
	<date>2008-02-03</date>
	<title><![CDATA[&#x201c;Love at first...&#x201d;]]></title>
	<excerpt><![CDATA[Love at first site...Tiamo Bella more]]></excerpt>
	<link><![CDATA[http://www.tripadvisor.com/Restaurant_Review-g255100-d804873-Reviews-Tiamo-Melbourne_Victoria.html]]></link>
</review>
</source>