<source name="Trip Advisor" avg-rating="4.0">
<review>
	<rating>1.0</rating>
	<author><![CDATA[eliza61]]></author>
	<date>2008-04-26</date>
	<title><![CDATA[&#x201c;How it has changed&#x201d;]]></title>
	<excerpt><![CDATA[How it has changed
I first discovered Toto's in the late 90's while staying in Lygon Street on holidays. It was outstanding, the atmosphere, the food ]]></excerpt>
	<link><![CDATA[http://www.tripadvisor.com/Restaurant_Review-g255100-d756537-Reviews-Toto_s_Pizza_House-Melbourne_Victoria.html]]></link>
</review>
<review>
	<rating>3.0</rating>
	<author><![CDATA[A TripAdvisor Contributor]]></author>
	<date>2008-01-08</date>
	<title><![CDATA[&#x201c;Food good, service ok.&#x201d;]]></title>
	<excerpt><![CDATA[Food good, service ok. more]]></excerpt>
	<link><![CDATA[http://www.tripadvisor.com/Restaurant_Review-g255100-d756537-Reviews-Toto_s_Pizza_House-Melbourne_Victoria.html]]></link>
</review>
<review>
	<rating>3.0</rating>
	<author><![CDATA[A TripAdvisor Contributor]]></author>
	<date>2008-01-08</date>
	<title><![CDATA[&#x201c;It was fine&#x201d;]]></title>
	<excerpt><![CDATA[It was fine more]]></excerpt>
	<link><![CDATA[http://www.tripadvisor.com/Restaurant_Review-g255100-d756537-Reviews-Toto_s_Pizza_House-Melbourne_Victoria.html]]></link>
</review>
<review>
	<rating>2.0</rating>
	<author><![CDATA[A TripAdvisor Contributor]]></author>
	<date>2007-12-27</date>
	<title><![CDATA[&#x201c;Crap overpriced Italian&#x201d;]]></title>
	<excerpt><![CDATA[Crap overpriced Italian more]]></excerpt>
	<link><![CDATA[http://www.tripadvisor.com/Restaurant_Review-g255100-d756537-Reviews-Toto_s_Pizza_House-Melbourne_Victoria.html]]></link>
</review>
<review>
	<rating>3.0</rating>
	<author><![CDATA[A TripAdvisor Contributor]]></author>
	<date>2007-12-04</date>
	<title><![CDATA[&#x201c;Typical cheap Lygon St...&#x201d;]]></title>
	<excerpt><![CDATA[Typical cheap Lygon St Italian. A great place for friends and family. more]]></excerpt>
	<link><![CDATA[http://www.tripadvisor.com/Restaurant_Review-g255100-d756537-Reviews-Toto_s_Pizza_House-Melbourne_Victoria.html]]></link>
</review>
<review>
	<rating>3.0</rating>
	<author><![CDATA[A TripAdvisor Contributor]]></author>
	<date>2007-12-02</date>
	<title><![CDATA[&#x201c;Oldy but a goody!&#x201d;]]></title>
	<excerpt><![CDATA[Oldy but a goody! more]]></excerpt>
	<link><![CDATA[http://www.tripadvisor.com/Restaurant_Review-g255100-d756537-Reviews-Toto_s_Pizza_House-Melbourne_Victoria.html]]></link>
</review>
<review>
	<rating>3.0</rating>
	<author><![CDATA[A TripAdvisor Contributor]]></author>
	<date>2007-11-17</date>
	<title><![CDATA[&#x201c;once upon a time had one...&#x201d;]]></title>
	<excerpt><![CDATA[once upon a time had one of the best pizzas in town. owners changed hands and thats never a good thing. more]]></excerpt>
	<link><![CDATA[http://www.tripadvisor.com/Restaurant_Review-g255100-d756537-Reviews-Toto_s_Pizza_House-Melbourne_Victoria.html]]></link>
</review>
</source>