<source name="Trip Advisor" avg-rating="4.5">
<review>
	<rating>1.0</rating>
	<author><![CDATA[mjloco]]></author>
	<date>2008-11-28</date>
	<title><![CDATA[&#x201c;Terrible.&#x201d;]]></title>
	<excerpt><![CDATA[The location and atmosphere of this restaurant lead one to think that a dining experience here would be pretty good, however we were proven wrong. The]]></excerpt>
	<link><![CDATA[http://www.tripadvisor.com/Restaurant_Review-g255100-d729050-Reviews-Tutto_bene-Melbourne_Victoria.html]]></link>
</review>
<review>
	<rating>4.0</rating>
	<author><![CDATA[A TripAdvisor Contributor]]></author>
	<date>2008-11-16</date>
	<title><![CDATA[&#x201c;The only destination for...&#x201d;]]></title>
	<excerpt><![CDATA[The only destination for risotto in Melbourne. Simon Humble is the undisputed risotto king of Australia! more]]></excerpt>
	<link><![CDATA[http://www.tripadvisor.com/Restaurant_Review-g255100-d729050-Reviews-Tutto_bene-Melbourne_Victoria.html]]></link>
</review>
<review>
	<rating>5.0</rating>
	<author><![CDATA[A TripAdvisor Contributor]]></author>
	<date>2008-08-18</date>
	<title><![CDATA[&#x201c;Yummie risotto&#x201d;]]></title>
	<excerpt><![CDATA[Yummie risotto more]]></excerpt>
	<link><![CDATA[http://www.tripadvisor.com/Restaurant_Review-g255100-d729050-Reviews-Tutto_bene-Melbourne_Victoria.html]]></link>
</review>
<review>
	<rating>5.0</rating>
	<author><![CDATA[A TripAdvisor Contributor]]></author>
	<date>2008-08-01</date>
	<title><![CDATA[&#x201c;Best Risotto! Excellent...&#x201d;]]></title>
	<excerpt><![CDATA[Best Risotto! Excellent service, friendly and efficent. more]]></excerpt>
	<link><![CDATA[http://www.tripadvisor.com/Restaurant_Review-g255100-d729050-Reviews-Tutto_bene-Melbourne_Victoria.html]]></link>
</review>
</source>