<source name="Trip Advisor" avg-rating="4.0">
<review>
	<rating>3.0</rating>
	<author><![CDATA[A TripAdvisor Contributor]]></author>
	<date>2008-01-25</date>
	<title><![CDATA[&#x201c;Good for a vegetarian...&#x201d;]]></title>
	<excerpt><![CDATA[Good for a vegetarian take away place. more]]></excerpt>
	<link><![CDATA[http://www.tripadvisor.com/Restaurant_Review-g255100-d729090-Reviews-Veg_Out_Time-Melbourne_Victoria.html]]></link>
</review>
<review>
	<rating>4.0</rating>
	<author><![CDATA[A TripAdvisor Contributor]]></author>
	<date>2007-12-30</date>
	<title><![CDATA[&#x201c;Reasonably nice...&#x201d;]]></title>
	<excerpt><![CDATA[Reasonably nice vegetarian food. Fusion of Indian/Chinese type foods. Food already made and can be eaten instantly! Reasonably cheap. more]]></excerpt>
	<link><![CDATA[http://www.tripadvisor.com/Restaurant_Review-g255100-d729090-Reviews-Veg_Out_Time-Melbourne_Victoria.html]]></link>
</review>
<review>
	<rating>4.0</rating>
	<author><![CDATA[A TripAdvisor Contributor]]></author>
	<date>2007-12-22</date>
	<title><![CDATA[&#x201c;Cheap and cheerful, big...&#x201d;]]></title>
	<excerpt><![CDATA[Cheap and cheerful, big portions, nice staff! more]]></excerpt>
	<link><![CDATA[http://www.tripadvisor.com/Restaurant_Review-g255100-d729090-Reviews-Veg_Out_Time-Melbourne_Victoria.html]]></link>
</review>
<review>
	<rating>5.0</rating>
	<author><![CDATA[A TripAdvisor Contributor]]></author>
	<date>2007-11-13</date>
	<title><![CDATA[&#x201c;Great food at ridiculous...&#x201d;]]></title>
	<excerpt><![CDATA[Great food at ridiculous prices! Two meals for $7 for me more]]></excerpt>
	<link><![CDATA[http://www.tripadvisor.com/Restaurant_Review-g255100-d729090-Reviews-Veg_Out_Time-Melbourne_Victoria.html]]></link>
</review>
</source>