<source name="Trip Advisor" avg-rating="4.0">
<review>
	<rating>4.0</rating>
	<author><![CDATA[A TripAdvisor Contributor]]></author>
	<date>2008-06-01</date>
	<title><![CDATA[&#x201c;Service was fun...&#x201d;]]></title>
	<excerpt><![CDATA[Service was fun, friendly and quick. Obviously its a brilliant location. The menu gave plenty of interesting choice and the food was divine! I trie]]></excerpt>
	<link><![CDATA[http://www.tripadvisor.com/Restaurant_Review-g255100-d729098-Reviews-Veludo-Melbourne_Victoria.html]]></link>
</review>
<review>
	<rating>3.0</rating>
	<author><![CDATA[A TripAdvisor Contributor]]></author>
	<date>2008-05-19</date>
	<title><![CDATA[&#x201c;Great breakfast&#x201d;]]></title>
	<excerpt><![CDATA[Great breakfast more]]></excerpt>
	<link><![CDATA[http://www.tripadvisor.com/Restaurant_Review-g255100-d729098-Reviews-Veludo-Melbourne_Victoria.html]]></link>
</review>
<review>
	<rating>2.0</rating>
	<author><![CDATA[A TripAdvisor Contributor]]></author>
	<date>2008-04-23</date>
	<title><![CDATA[&#x201c;Food is ok, but bit...&#x201d;]]></title>
	<excerpt><![CDATA[Food is ok, but bit lacking in flavour more]]></excerpt>
	<link><![CDATA[http://www.tripadvisor.com/Restaurant_Review-g255100-d729098-Reviews-Veludo-Melbourne_Victoria.html]]></link>
</review>
<review>
	<rating>4.0</rating>
	<author><![CDATA[A TripAdvisor Contributor]]></author>
	<date>2007-11-22</date>
	<title><![CDATA[&#x201c;Great casual dining, and...&#x201d;]]></title>
	<excerpt><![CDATA[Great casual dining, and a great diverse menu. more]]></excerpt>
	<link><![CDATA[http://www.tripadvisor.com/Restaurant_Review-g255100-d729098-Reviews-Veludo-Melbourne_Victoria.html]]></link>
</review>
<review>
	<rating>2.0</rating>
	<author><![CDATA[A TripAdvisor Contributor]]></author>
	<date>2007-11-18</date>
	<title><![CDATA[&#x201c;Ok. It's just... ok.&#x201d;]]></title>
	<excerpt><![CDATA[Ok. It's just... ok. more]]></excerpt>
	<link><![CDATA[http://www.tripadvisor.com/Restaurant_Review-g255100-d729098-Reviews-Veludo-Melbourne_Victoria.html]]></link>
</review>
<review>
	<rating>4.0</rating>
	<author><![CDATA[A TripAdvisor Contributor]]></author>
	<date>2007-11-13</date>
	<title><![CDATA[&#x201c;Good menu&#x201d;]]></title>
	<excerpt><![CDATA[Good menu more]]></excerpt>
	<link><![CDATA[http://www.tripadvisor.com/Restaurant_Review-g255100-d729098-Reviews-Veludo-Melbourne_Victoria.html]]></link>
</review>
</source>