<source name="Trip Advisor" avg-rating="4.5">
<review>
	<rating>4.0</rating>
	<author><![CDATA[A TripAdvisor Contributor]]></author>
	<date>2008-12-20</date>
	<title><![CDATA[&#x201c;8/10. One of my old...&#x201d;]]></title>
	<excerpt><![CDATA[8/10. One of my old faves. more]]></excerpt>
	<link><![CDATA[http://www.tripadvisor.com/Restaurant_Review-g255100-d729105-Reviews-Verge-Melbourne_Victoria.html]]></link>
</review>
<review>
	<rating>5.0</rating>
	<author><![CDATA[SteveandTam]]></author>
	<date>2008-11-29</date>
	<title><![CDATA[&#x201c;Truely Amazing&#x201d;]]></title>
	<excerpt><![CDATA[As a regular restaurant goer, mostly on business, it takes a lot to impress me, but I was blown away with the food and service at Verge. The degustati]]></excerpt>
	<link><![CDATA[http://www.tripadvisor.com/Restaurant_Review-g255100-d729105-Reviews-Verge-Melbourne_Victoria.html]]></link>
</review>
<review>
	<rating>5.0</rating>
	<author><![CDATA[parsifal18]]></author>
	<date>2008-10-09</date>
	<title><![CDATA[&#x201c;Almost perfect&#x201d;]]></title>
	<excerpt><![CDATA[I have been to Verge 3 times in the last 9 months.
The service has been incredible each time with very attentive waiters. The ambience and view of the]]></excerpt>
	<link><![CDATA[http://www.tripadvisor.com/Restaurant_Review-g255100-d729105-Reviews-Verge-Melbourne_Victoria.html]]></link>
</review>
<review>
	<rating>1.0</rating>
	<author><![CDATA[A TripAdvisor Contributor]]></author>
	<date>2008-09-07</date>
	<title><![CDATA[&#x201c;This place is a bit of a...&#x201d;]]></title>
	<excerpt><![CDATA[This place is a bit of a wank. Oh, but my soba noodle (note the lack of an 's' at the end of 'noodle') was delicious. Had to go and get a kebab after ]]></excerpt>
	<link><![CDATA[http://www.tripadvisor.com/Restaurant_Review-g255100-d729105-Reviews-Verge-Melbourne_Victoria.html]]></link>
</review>
<review>
	<rating>3.0</rating>
	<author><![CDATA[A TripAdvisor Contributor]]></author>
	<date>2008-08-25</date>
	<title><![CDATA[&#x201c;tables too close to each...&#x201d;]]></title>
	<excerpt><![CDATA[tables too close to each other. more]]></excerpt>
	<link><![CDATA[http://www.tripadvisor.com/Restaurant_Review-g255100-d729105-Reviews-Verge-Melbourne_Victoria.html]]></link>
</review>
<review>
	<rating>1.0</rating>
	<author><![CDATA[A TripAdvisor Contributor]]></author>
	<date>2008-05-14</date>
	<title><![CDATA[&#x201c;Style but no substance...&#x201d;]]></title>
	<excerpt><![CDATA[Style but no substance. On paper, a 5 course degustation for $80 sounds cheap but when the dishes are bland, molecular-sized and a total mess of misma]]></excerpt>
	<link><![CDATA[http://www.tripadvisor.com/Restaurant_Review-g255100-d729105-Reviews-Verge-Melbourne_Victoria.html]]></link>
</review>
<review>
	<rating>4.0</rating>
	<author><![CDATA[A TripAdvisor Contributor]]></author>
	<date>2008-05-10</date>
	<title><![CDATA[&#x201c;great wine bar, with...&#x201d;]]></title>
	<excerpt><![CDATA[great wine bar, with euro-asian tapas, to start the night off more]]></excerpt>
	<link><![CDATA[http://www.tripadvisor.com/Restaurant_Review-g255100-d729105-Reviews-Verge-Melbourne_Victoria.html]]></link>
</review>
<review>
	<rating>3.0</rating>
	<author><![CDATA[A TripAdvisor Contributor]]></author>
	<date>2007-12-17</date>
	<title><![CDATA[&#x201c;This used to be good a...&#x201d;]]></title>
	<excerpt><![CDATA[This used to be good a few years ago however the serves are really, really small. more]]></excerpt>
	<link><![CDATA[http://www.tripadvisor.com/Restaurant_Review-g255100-d729105-Reviews-Verge-Melbourne_Victoria.html]]></link>
</review>
<review>
	<rating>3.0</rating>
	<author><![CDATA[A TripAdvisor Contributor]]></author>
	<date>2007-12-16</date>
	<title><![CDATA[&#x201c;Smart and...&#x201d;]]></title>
	<excerpt><![CDATA[Smart and stylish.
Hangout of the beautifuls.
Competent in every way and a lovely view over the Treasury Gardens. more]]></excerpt>
	<link><![CDATA[http://www.tripadvisor.com/Restaurant_Review-g255100-d729105-Reviews-Verge-Melbourne_Victoria.html]]></link>
</review>
<review>
	<rating>3.0</rating>
	<author><![CDATA[A TripAdvisor Contributor]]></author>
	<date>2007-12-03</date>
	<title><![CDATA[&#x201c;I am unsure of the...&#x201d;]]></title>
	<excerpt><![CDATA[I am unsure of the Japanese fusion here! Admittedly I went here for my 25th and was very unwell so I really shouldn't comment too much until I give it]]></excerpt>
	<link><![CDATA[http://www.tripadvisor.com/Restaurant_Review-g255100-d729105-Reviews-Verge-Melbourne_Victoria.html]]></link>
</review>
</source>