<source name="Trip Advisor" avg-rating="4.0">
<review>
	<rating>3.0</rating>
	<author><![CDATA[A TripAdvisor Contributor]]></author>
	<date>2007-12-06</date>
	<title><![CDATA[&#x201c;Good hoppers...was in a...&#x201d;]]></title>
	<excerpt><![CDATA[Good hoppers...was in a rush but everything looked promising and what I ate I enjoyed...prompt attentive service mindful of my being in a hurry...have]]></excerpt>
	<link><![CDATA[http://www.tripadvisor.com/Restaurant_Review-g255100-d729137-Reviews-Village_Curry_House-Melbourne_Victoria.html]]></link>
</review>
</source>