<source name="Trip Advisor" avg-rating="4.0">
<review>
	<rating>3.0</rating>
	<author><![CDATA[ConnaghNMelbourne]]></author>
	<date>2009-02-18</date>
	<title><![CDATA[&#x201c;Delicious if you LOVE...&#x201d;]]></title>
	<excerpt><![CDATA[Delicious if you LOVE meat! more]]></excerpt>
	<link><![CDATA[http://www.tripadvisor.com/Restaurant_Review-g255100-d729155-Reviews-Vlado_s-Melbourne_Victoria.html]]></link>
</review>
<review>
	<rating>5.0</rating>
	<author><![CDATA[A TripAdvisor Contributor]]></author>
	<date>2008-09-07</date>
	<title><![CDATA[&#x201c;Awsome! This is serious...&#x201d;]]></title>
	<excerpt><![CDATA[Awsome! This is serious steak. The hereford mural is great also. more]]></excerpt>
	<link><![CDATA[http://www.tripadvisor.com/Restaurant_Review-g255100-d729155-Reviews-Vlado_s-Melbourne_Victoria.html]]></link>
</review>
<review>
	<rating>5.0</rating>
	<author><![CDATA[A TripAdvisor Contributor]]></author>
	<date>2008-08-25</date>
	<title><![CDATA[&#x201c;Best steak ever&#x201d;]]></title>
	<excerpt><![CDATA[Best steak ever more]]></excerpt>
	<link><![CDATA[http://www.tripadvisor.com/Restaurant_Review-g255100-d729155-Reviews-Vlado_s-Melbourne_Victoria.html]]></link>
</review>
<review>
	<rating>4.0</rating>
	<author><![CDATA[A TripAdvisor Contributor]]></author>
	<date>2008-07-28</date>
	<title><![CDATA[&#x201c;No surprises at Vlado's&#x201d;]]></title>
	<excerpt><![CDATA[No surprises at Vlado's more]]></excerpt>
	<link><![CDATA[http://www.tripadvisor.com/Restaurant_Review-g255100-d729155-Reviews-Vlado_s-Melbourne_Victoria.html]]></link>
</review>
<review>
	<rating>1.0</rating>
	<author><![CDATA[A TripAdvisor Contributor]]></author>
	<date>2008-07-05</date>
	<title><![CDATA[&#x201c;It's a long time ago...&#x201d;]]></title>
	<excerpt><![CDATA[It's a long time ago, but I haven't forgotten this place. If you love steak, it's probably heaven, but they could try a whole lot harder with their ve]]></excerpt>
	<link><![CDATA[http://www.tripadvisor.com/Restaurant_Review-g255100-d729155-Reviews-Vlado_s-Melbourne_Victoria.html]]></link>
</review>
<review>
	<rating>4.0</rating>
	<author><![CDATA[A TripAdvisor Contributor]]></author>
	<date>2008-06-17</date>
	<title><![CDATA[&#x201c;Great steak&#x201d;]]></title>
	<excerpt><![CDATA[Great steak more]]></excerpt>
	<link><![CDATA[http://www.tripadvisor.com/Restaurant_Review-g255100-d729155-Reviews-Vlado_s-Melbourne_Victoria.html]]></link>
</review>
<review>
	<rating>4.0</rating>
	<author><![CDATA[A TripAdvisor Contributor]]></author>
	<date>2008-06-16</date>
	<title><![CDATA[&#x201c;Great for meat lovers...&#x201d;]]></title>
	<excerpt><![CDATA[Great for meat lovers, tender juicy steaks, basic menu and posters of cows adorn the walls, just in case you forgot what you were eating more]]></excerpt>
	<link><![CDATA[http://www.tripadvisor.com/Restaurant_Review-g255100-d729155-Reviews-Vlado_s-Melbourne_Victoria.html]]></link>
</review>
<review>
	<rating>5.0</rating>
	<author><![CDATA[A TripAdvisor Contributor]]></author>
	<date>2008-04-20</date>
	<title><![CDATA[&#x201c;Compulsory for...&#x201d;]]></title>
	<excerpt><![CDATA[Compulsory for meat-lovers. The best steak house in the country without a doubt. Renowned for quality and quantity. more]]></excerpt>
	<link><![CDATA[http://www.tripadvisor.com/Restaurant_Review-g255100-d729155-Reviews-Vlado_s-Melbourne_Victoria.html]]></link>
</review>
<review>
	<rating>2.0</rating>
	<author><![CDATA[A TripAdvisor Contributor]]></author>
	<date>2008-04-08</date>
	<title><![CDATA[&#x201c;From what I remember...&#x201d;]]></title>
	<excerpt><![CDATA[From what I remember, it's overrated. more]]></excerpt>
	<link><![CDATA[http://www.tripadvisor.com/Restaurant_Review-g255100-d729155-Reviews-Vlado_s-Melbourne_Victoria.html]]></link>
</review>
<review>
	<rating>4.0</rating>
	<author><![CDATA[A TripAdvisor Contributor]]></author>
	<date>2008-04-03</date>
	<title><![CDATA[&#x201c;Old Skool Steak House...&#x201d;]]></title>
	<excerpt><![CDATA[Old Skool Steak House... not for the girls or Vego's more]]></excerpt>
	<link><![CDATA[http://www.tripadvisor.com/Restaurant_Review-g255100-d729155-Reviews-Vlado_s-Melbourne_Victoria.html]]></link>
</review>
<review>
	<rating>4.0</rating>
	<author><![CDATA[A TripAdvisor Contributor]]></author>
	<date>2008-03-17</date>
	<title><![CDATA[&#x201c;Steak.&#x201d;]]></title>
	<excerpt><![CDATA[Steak. more]]></excerpt>
	<link><![CDATA[http://www.tripadvisor.com/Restaurant_Review-g255100-d729155-Reviews-or10-Vlado_s-Melbourne_Victoria.html]]></link>
</review>
<review>
	<rating>3.0</rating>
	<author><![CDATA[A TripAdvisor Contributor]]></author>
	<date>2008-01-31</date>
	<title><![CDATA[&#x201c;icon for meat lovers...&#x201d;]]></title>
	<excerpt><![CDATA[icon for meat lovers across melbourne and a graveyard for cattle everywhere. more]]></excerpt>
	<link><![CDATA[http://www.tripadvisor.com/Restaurant_Review-g255100-d729155-Reviews-or10-Vlado_s-Melbourne_Victoria.html]]></link>
</review>
<review>
	<rating>5.0</rating>
	<author><![CDATA[A TripAdvisor Contributor]]></author>
	<date>2008-01-11</date>
	<title><![CDATA[&#x201c;Best aged steaks!!&#x201d;]]></title>
	<excerpt><![CDATA[Best aged steaks!! more]]></excerpt>
	<link><![CDATA[http://www.tripadvisor.com/Restaurant_Review-g255100-d729155-Reviews-or10-Vlado_s-Melbourne_Victoria.html]]></link>
</review>
<review>
	<rating>5.0</rating>
	<author><![CDATA[A TripAdvisor Contributor]]></author>
	<date>2008-01-03</date>
	<title><![CDATA[&#x201c;If you have a big...&#x201d;]]></title>
	<excerpt><![CDATA[If you have a big appetite and wallet. more]]></excerpt>
	<link><![CDATA[http://www.tripadvisor.com/Restaurant_Review-g255100-d729155-Reviews-or10-Vlado_s-Melbourne_Victoria.html]]></link>
</review>
<review>
	<rating>4.0</rating>
	<author><![CDATA[A TripAdvisor Contributor]]></author>
	<date>2007-12-27</date>
	<title><![CDATA[&#x201c;One of the first and...&#x201d;]]></title>
	<excerpt><![CDATA[One of the first and still one of the best more]]></excerpt>
	<link><![CDATA[http://www.tripadvisor.com/Restaurant_Review-g255100-d729155-Reviews-or10-Vlado_s-Melbourne_Victoria.html]]></link>
</review>
<review>
	<rating>5.0</rating>
	<author><![CDATA[A TripAdvisor Contributor]]></author>
	<date>2007-12-20</date>
	<title><![CDATA[&#x201c;Meat glorious meat...&#x201d;]]></title>
	<excerpt><![CDATA[Meat glorious meat. Succulent and the best prepared in the world...so far for me. You will get a cabbage salad and MEAT and you can have meat as an en]]></excerpt>
	<link><![CDATA[http://www.tripadvisor.com/Restaurant_Review-g255100-d729155-Reviews-or10-Vlado_s-Melbourne_Victoria.html]]></link>
</review>
<review>
	<rating>3.0</rating>
	<author><![CDATA[A TripAdvisor Contributor]]></author>
	<date>2007-12-16</date>
	<title><![CDATA[&#x201c;Steak joint.
Good...&#x201d;]]></title>
	<excerpt><![CDATA[Steak joint.
Good steaks, limited menu, patchy service.
A bit past it. more]]></excerpt>
	<link><![CDATA[http://www.tripadvisor.com/Restaurant_Review-g255100-d729155-Reviews-or10-Vlado_s-Melbourne_Victoria.html]]></link>
</review>
<review>
	<rating>4.0</rating>
	<author><![CDATA[A TripAdvisor Contributor]]></author>
	<date>2007-12-12</date>
	<title><![CDATA[&#x201c;if you awant a simple...&#x201d;]]></title>
	<excerpt><![CDATA[if you awant a simple steak cooked perfectly, this is the place! (not for Vego's!) more]]></excerpt>
	<link><![CDATA[http://www.tripadvisor.com/Restaurant_Review-g255100-d729155-Reviews-or10-Vlado_s-Melbourne_Victoria.html]]></link>
</review>
<review>
	<rating>5.0</rating>
	<author><![CDATA[A TripAdvisor Contributor]]></author>
	<date>2007-12-12</date>
	<title><![CDATA[&#x201c;Beautiful steak!!!&#x201d;]]></title>
	<excerpt><![CDATA[Beautiful steak!!! more]]></excerpt>
	<link><![CDATA[http://www.tripadvisor.com/Restaurant_Review-g255100-d729155-Reviews-or10-Vlado_s-Melbourne_Victoria.html]]></link>
</review>
<review>
	<rating>4.0</rating>
	<author><![CDATA[A TripAdvisor Contributor]]></author>
	<date>2007-11-18</date>
	<title><![CDATA[&#x201c;big steaks....&#x201d;]]></title>
	<excerpt><![CDATA[big steaks.... more]]></excerpt>
	<link><![CDATA[http://www.tripadvisor.com/Restaurant_Review-g255100-d729155-Reviews-or10-Vlado_s-Melbourne_Victoria.html]]></link>
</review>
<review>
	<rating>5.0</rating>
	<author><![CDATA[A TripAdvisor Contributor]]></author>
	<date>2007-11-13</date>
	<title><![CDATA[&#x201c;Definitely the best...&#x201d;]]></title>
	<excerpt><![CDATA[Definitely the best steak house in Melbourne. more]]></excerpt>
	<link><![CDATA[http://www.tripadvisor.com/Restaurant_Review-g255100-d729155-Reviews-or20-Vlado_s-Melbourne_Victoria.html]]></link>
</review>
<review>
	<rating>5.0</rating>
	<author><![CDATA[A TripAdvisor Contributor]]></author>
	<date>2007-11-10</date>
	<title><![CDATA[&#x201c;Best steak in melbourne&#x201d;]]></title>
	<excerpt><![CDATA[Best steak in melbourne more]]></excerpt>
	<link><![CDATA[http://www.tripadvisor.com/Restaurant_Review-g255100-d729155-Reviews-or20-Vlado_s-Melbourne_Victoria.html]]></link>
</review>
<review>
	<rating>3.0</rating>
	<author><![CDATA[A TripAdvisor Contributor]]></author>
	<date>2007-11-09</date>
	<title><![CDATA[&#x201c;Ok, it is an...&#x201d;]]></title>
	<excerpt><![CDATA[Ok, it is an experience.. dont take any vegetarians with you. Steak does take amazing. more]]></excerpt>
	<link><![CDATA[http://www.tripadvisor.com/Restaurant_Review-g255100-d729155-Reviews-or20-Vlado_s-Melbourne_Victoria.html]]></link>
</review>
<review>
	<rating>3.0</rating>
	<author><![CDATA[A TripAdvisor Contributor]]></author>
	<date>2007-11-07</date>
	<title><![CDATA[&#x201c;Well known for good...&#x201d;]]></title>
	<excerpt><![CDATA[Well known for good steak! and that's about all the variety there is. A restaurant with no windows and cows in the paddock wallpaper..it's amusing. Wa]]></excerpt>
	<link><![CDATA[http://www.tripadvisor.com/Restaurant_Review-g255100-d729155-Reviews-or20-Vlado_s-Melbourne_Victoria.html]]></link>
</review>
</source>