<source name="Trip Advisor" avg-rating="4.0">
<review>
	<rating>5.0</rating>
	<author><![CDATA[chai77]]></author>
	<date>2009-03-10</date>
	<title><![CDATA[&#x201c;Unbelievably good - wow !!&#x201d;]]></title>
	<excerpt><![CDATA[i must say this would have to be the best restaurant I have ever been too, yes it is expensive, but wow the food/service and experience of it all even]]></excerpt>
	<link><![CDATA[http://www.tripadvisor.com/Restaurant_Review-g255100-d757222-Reviews-Vue_de_monde-Melbourne_Victoria.html]]></link>
</review>
<review>
	<rating>5.0</rating>
	<author><![CDATA[skinheadfood]]></author>
	<date>2009-02-18</date>
	<title><![CDATA[&#x201c;World Class Restaurant ... Best meal in Australia&#x201d;]]></title>
	<excerpt><![CDATA[Having just toured several of Australia main cities and in the past had an opportunity to eat in others I have to say for utterly professional, friend]]></excerpt>
	<link><![CDATA[http://www.tripadvisor.com/Restaurant_Review-g255100-d757222-Reviews-Vue_de_monde-Melbourne_Victoria.html]]></link>
</review>
<review>
	<rating>4.0</rating>
	<author><![CDATA[dazman69]]></author>
	<date>2009-01-12</date>
	<title><![CDATA[&#x201c;One of Melbournes best.&#x201d;]]></title>
	<excerpt><![CDATA[Terrific food but some of the courses were not matched well. I would have picked more complementary courses if I had the chance to choose my own food!]]></excerpt>
	<link><![CDATA[http://www.tripadvisor.com/Restaurant_Review-g255100-d757222-Reviews-Vue_de_monde-Melbourne_Victoria.html]]></link>
</review>
<review>
	<rating>1.0</rating>
	<author><![CDATA[cluelessSingapore]]></author>
	<date>2009-01-03</date>
	<title><![CDATA[&#x201c;Not what we expected -- Beware&#x201d;]]></title>
	<excerpt><![CDATA[We made a reservation at Vue de Monde based on its high rating from other TripAdvisor patrons and were honestly disappointed. Although some of the foo]]></excerpt>
	<link><![CDATA[http://www.tripadvisor.com/Restaurant_Review-g255100-d757222-Reviews-Vue_de_monde-Melbourne_Victoria.html]]></link>
</review>
<review>
	<rating>4.0</rating>
	<author><![CDATA[A TripAdvisor Contributor]]></author>
	<date>2008-12-06</date>
	<title><![CDATA[&#x201c;The Bistro menu is...&#x201d;]]></title>
	<excerpt><![CDATA[The Bistro menu is absolutely amazing! more]]></excerpt>
	<link><![CDATA[http://www.tripadvisor.com/Restaurant_Review-g255100-d757222-Reviews-Vue_de_monde-Melbourne_Victoria.html]]></link>
</review>
<review>
	<rating>5.0</rating>
	<author><![CDATA[A TripAdvisor Contributor]]></author>
	<date>2008-11-02</date>
	<title><![CDATA[&#x201c;Everything 's just...&#x201d;]]></title>
	<excerpt><![CDATA[Everything 's just perfect. After I had degustation menu, it changed my point of view about food. The dish I like most 's foir gras terrine. Extreamly]]></excerpt>
	<link><![CDATA[http://www.tripadvisor.com/Restaurant_Review-g255100-d757222-Reviews-Vue_de_monde-Melbourne_Victoria.html]]></link>
</review>
<review>
	<rating>5.0</rating>
	<author><![CDATA[A TripAdvisor Contributor]]></author>
	<date>2008-11-01</date>
	<title><![CDATA[&#x201c;This was an excellent...&#x201d;]]></title>
	<excerpt><![CDATA[This was an excellent food experience - service was exceptional and the food (apart from one miss as neither of us like Roquefort cheese) was superb. ]]></excerpt>
	<link><![CDATA[http://www.tripadvisor.com/Restaurant_Review-g255100-d757222-Reviews-Vue_de_monde-Melbourne_Victoria.html]]></link>
</review>
<review>
	<rating>5.0</rating>
	<author><![CDATA[A TripAdvisor Contributor]]></author>
	<date>2008-10-21</date>
	<title><![CDATA[&#x201c;Fantastic and absolutely...&#x201d;]]></title>
	<excerpt><![CDATA[Fantastic and absolutely superp. An experience that should be endured. Degustation menu highly recommended. Service was superb. Ambience very lively. ]]></excerpt>
	<link><![CDATA[http://www.tripadvisor.com/Restaurant_Review-g255100-d757222-Reviews-Vue_de_monde-Melbourne_Victoria.html]]></link>
</review>
<review>
	<rating>5.0</rating>
	<author><![CDATA[A TripAdvisor Contributor]]></author>
	<date>2008-10-20</date>
	<title><![CDATA[&#x201c;Superb&#x201d;]]></title>
	<excerpt><![CDATA[Superb more]]></excerpt>
	<link><![CDATA[http://www.tripadvisor.com/Restaurant_Review-g255100-d757222-Reviews-Vue_de_monde-Melbourne_Victoria.html]]></link>
</review>
<review>
	<rating>5.0</rating>
	<author><![CDATA[Pinotcanoz]]></author>
	<date>2008-10-14</date>
	<title><![CDATA[&#x201c;#1 in Melbourne&#x201d;]]></title>
	<excerpt><![CDATA[Located in the historic Normanby Chambers building in the heart of CBD Melbourne, Vue de monde pays homage to classical French dining. This was my fir]]></excerpt>
	<link><![CDATA[http://www.tripadvisor.com/Restaurant_Review-g255100-d757222-Reviews-Vue_de_monde-Melbourne_Victoria.html]]></link>
</review>
<review>
	<rating>4.0</rating>
	<author><![CDATA[PJOK]]></author>
	<date>2008-09-30</date>
	<title><![CDATA[&#x201c;A bit over the top for me&#x201d;]]></title>
	<excerpt><![CDATA[When I go out to eat (which is my favourite thing to do), there are a few qualities that make a place memorable for all the right reasons; location, a]]></excerpt>
	<link><![CDATA[http://www.tripadvisor.com/Restaurant_Review-g255100-d757222-Reviews-or10-Vue_de_monde-Melbourne_Victoria.html]]></link>
</review>
<review>
	<rating>5.0</rating>
	<author><![CDATA[A TripAdvisor Contributor]]></author>
	<date>2008-09-13</date>
	<title><![CDATA[&#x201c;SIMPLY THE BEST..GREAT...&#x201d;]]></title>
	<excerpt><![CDATA[SIMPLY THE BEST..GREAT DINING EXPERIENCE more]]></excerpt>
	<link><![CDATA[http://www.tripadvisor.com/Restaurant_Review-g255100-d757222-Reviews-or10-Vue_de_monde-Melbourne_Victoria.html]]></link>
</review>
<review>
	<rating>5.0</rating>
	<author><![CDATA[A TripAdvisor Contributor]]></author>
	<date>2008-09-07</date>
	<title><![CDATA[&#x201c;Shannon Bennett is my...&#x201d;]]></title>
	<excerpt><![CDATA[Shannon Bennett is my hero. Pure restaurant theatre (not to be confused with 'theatre restaurant'). Hands down, the best restaurant in Melbourne. more]]></excerpt>
	<link><![CDATA[http://www.tripadvisor.com/Restaurant_Review-g255100-d757222-Reviews-or10-Vue_de_monde-Melbourne_Victoria.html]]></link>
</review>
<review>
	<rating>5.0</rating>
	<author><![CDATA[A TripAdvisor Contributor]]></author>
	<date>2008-08-30</date>
	<title><![CDATA[&#x201c;Best place in town&#x201d;]]></title>
	<excerpt><![CDATA[Best place in town more]]></excerpt>
	<link><![CDATA[http://www.tripadvisor.com/Restaurant_Review-g255100-d757222-Reviews-or10-Vue_de_monde-Melbourne_Victoria.html]]></link>
</review>
<review>
	<rating>5.0</rating>
	<author><![CDATA[Nutmeg2008]]></author>
	<date>2008-08-17</date>
	<title><![CDATA[&#x201c;My favorite restaurant in Melbourne, Vue de Monde&#x201d;]]></title>
	<excerpt><![CDATA[The food 's divine, especially foie gras terrine and Chocolate souffle. The service also fantastic. The important things 's tell them what you want to]]></excerpt>
	<link><![CDATA[http://www.tripadvisor.com/Restaurant_Review-g255100-d757222-Reviews-or10-Vue_de_monde-Melbourne_Victoria.html]]></link>
</review>
<review>
	<rating>5.0</rating>
	<author><![CDATA[A TripAdvisor Contributor]]></author>
	<date>2008-08-05</date>
	<title><![CDATA[&#x201c;Nice decent traditional...&#x201d;]]></title>
	<excerpt><![CDATA[Nice decent traditional French cooking, though it really lacks the WOW factor. A little bit over hyped. more]]></excerpt>
	<link><![CDATA[http://www.tripadvisor.com/Restaurant_Review-g255100-d757222-Reviews-or10-Vue_de_monde-Melbourne_Victoria.html]]></link>
</review>
<review>
	<rating>4.0</rating>
	<author><![CDATA[A TripAdvisor Contributor]]></author>
	<date>2008-07-31</date>
	<title><![CDATA[&#x201c;Really good French food...&#x201d;]]></title>
	<excerpt><![CDATA[Really good French food and well as other western fare. Friendly and exceptional service. more]]></excerpt>
	<link><![CDATA[http://www.tripadvisor.com/Restaurant_Review-g255100-d757222-Reviews-or10-Vue_de_monde-Melbourne_Victoria.html]]></link>
</review>
<review>
	<rating>3.0</rating>
	<author><![CDATA[A TripAdvisor Contributor]]></author>
	<date>2008-07-13</date>
	<title><![CDATA[&#x201c;VERY EXPENSIVE BUT BIT...&#x201d;]]></title>
	<excerpt><![CDATA[VERY EXPENSIVE BUT BIT DIFFERENT GO ONCE IF YOU HAVE NOTHING BETTER TO DO more]]></excerpt>
	<link><![CDATA[http://www.tripadvisor.com/Restaurant_Review-g255100-d757222-Reviews-or10-Vue_de_monde-Melbourne_Victoria.html]]></link>
</review>
<review>
	<rating>3.0</rating>
	<author><![CDATA[A TripAdvisor Contributor]]></author>
	<date>2008-07-10</date>
	<title><![CDATA[&#x201c;Poor cousin to the Fat...&#x201d;]]></title>
	<excerpt><![CDATA[Poor cousin to the Fat Duck, loud bistro-type surroundings, not as good as hyped more]]></excerpt>
	<link><![CDATA[http://www.tripadvisor.com/Restaurant_Review-g255100-d757222-Reviews-or10-Vue_de_monde-Melbourne_Victoria.html]]></link>
</review>
<review>
	<rating>5.0</rating>
	<author><![CDATA[A TripAdvisor Contributor]]></author>
	<date>2008-05-23</date>
	<title><![CDATA[&#x201c;unforgettable...&#x201d;]]></title>
	<excerpt><![CDATA[unforgettable experience! Fantastic food (presentation & taste), good wine, excellent service, good looking waiter. hahahhaha more]]></excerpt>
	<link><![CDATA[http://www.tripadvisor.com/Restaurant_Review-g255100-d757222-Reviews-or10-Vue_de_monde-Melbourne_Victoria.html]]></link>
</review>
<review>
	<rating>4.0</rating>
	<author><![CDATA[A TripAdvisor Contributor]]></author>
	<date>2008-05-15</date>
	<title><![CDATA[&#x201c;The waitress made a...&#x201d;]]></title>
	<excerpt><![CDATA[The waitress made a smart comment more]]></excerpt>
	<link><![CDATA[http://www.tripadvisor.com/Restaurant_Review-g255100-d757222-Reviews-or20-Vue_de_monde-Melbourne_Victoria.html]]></link>
</review>
<review>
	<rating>4.0</rating>
	<author><![CDATA[Gluttony]]></author>
	<date>2008-05-02</date>
	<title><![CDATA[&#x201c;Mushroom risotto&#x201d;]]></title>
	<excerpt><![CDATA[The mushroom risotto was simply divine, best I ever had! more]]></excerpt>
	<link><![CDATA[http://www.tripadvisor.com/Restaurant_Review-g255100-d757222-Reviews-or20-Vue_de_monde-Melbourne_Victoria.html]]></link>
</review>
<review>
	<rating>5.0</rating>
	<author><![CDATA[A TripAdvisor Contributor]]></author>
	<date>2008-04-30</date>
	<title><![CDATA[&#x201c;Probably the best...&#x201d;]]></title>
	<excerpt><![CDATA[Probably the best restaurant I have been to - the truffle risotto and a 59 chenin blanc! more]]></excerpt>
	<link><![CDATA[http://www.tripadvisor.com/Restaurant_Review-g255100-d757222-Reviews-or20-Vue_de_monde-Melbourne_Victoria.html]]></link>
</review>
<review>
	<rating>5.0</rating>
	<author><![CDATA[A TripAdvisor Contributor]]></author>
	<date>2008-04-29</date>
	<title><![CDATA[&#x201c;Spain's eBulli but in...&#x201d;]]></title>
	<excerpt><![CDATA[Spain's eBulli but in Melbourne. Divine more]]></excerpt>
	<link><![CDATA[http://www.tripadvisor.com/Restaurant_Review-g255100-d757222-Reviews-or20-Vue_de_monde-Melbourne_Victoria.html]]></link>
</review>
<review>
	<rating>5.0</rating>
	<author><![CDATA[A TripAdvisor Contributor]]></author>
	<date>2008-04-18</date>
	<title><![CDATA[&#x201c;worth the expense&#x201d;]]></title>
	<excerpt><![CDATA[worth the expense more]]></excerpt>
	<link><![CDATA[http://www.tripadvisor.com/Restaurant_Review-g255100-d757222-Reviews-or20-Vue_de_monde-Melbourne_Victoria.html]]></link>
</review>
<review>
	<rating>5.0</rating>
	<author><![CDATA[A TripAdvisor Contributor]]></author>
	<date>2008-04-18</date>
	<title><![CDATA[&#x201c;Worth the expense...&#x201d;]]></title>
	<excerpt><![CDATA[Worth the expense - fantastic! more]]></excerpt>
	<link><![CDATA[http://www.tripadvisor.com/Restaurant_Review-g255100-d757222-Reviews-or20-Vue_de_monde-Melbourne_Victoria.html]]></link>
</review>
<review>
	<rating>3.0</rating>
	<author><![CDATA[A TripAdvisor Contributor]]></author>
	<date>2008-04-16</date>
	<title><![CDATA[&#x201c;Degustation menu. Very...&#x201d;]]></title>
	<excerpt><![CDATA[Degustation menu. Very flash, tasty and gourmet. Bring your credit card. more]]></excerpt>
	<link><![CDATA[http://www.tripadvisor.com/Restaurant_Review-g255100-d757222-Reviews-or20-Vue_de_monde-Melbourne_Victoria.html]]></link>
</review>
<review>
	<rating>4.0</rating>
	<author><![CDATA[A TripAdvisor Contributor]]></author>
	<date>2008-04-08</date>
	<title><![CDATA[&#x201c;Loved it...could not...&#x201d;]]></title>
	<excerpt><![CDATA[Loved it...could not fault the food or atmosphere, nice wine selection... more]]></excerpt>
	<link><![CDATA[http://www.tripadvisor.com/Restaurant_Review-g255100-d757222-Reviews-or20-Vue_de_monde-Melbourne_Victoria.html]]></link>
</review>
<review>
	<rating>5.0</rating>
	<author><![CDATA[A TripAdvisor Contributor]]></author>
	<date>2008-04-03</date>
	<title><![CDATA[&#x201c;Special occasion...&#x201d;]]></title>
	<excerpt><![CDATA[Special occasion restaurant. more]]></excerpt>
	<link><![CDATA[http://www.tripadvisor.com/Restaurant_Review-g255100-d757222-Reviews-or20-Vue_de_monde-Melbourne_Victoria.html]]></link>
</review>
<review>
	<rating>5.0</rating>
	<author><![CDATA[A TripAdvisor Contributor]]></author>
	<date>2008-03-14</date>
	<title><![CDATA[&#x201c;If you enjoy setting...&#x201d;]]></title>
	<excerpt><![CDATA[If you enjoy setting fire to money then this place is for you. While it may be arguable that this is the best restaurant in Oz (I think it is, though ]]></excerpt>
	<link><![CDATA[http://www.tripadvisor.com/Restaurant_Review-g255100-d757222-Reviews-or20-Vue_de_monde-Melbourne_Victoria.html]]></link>
</review>
<review>
	<rating>5.0</rating>
	<author><![CDATA[A TripAdvisor Contributor]]></author>
	<date>2008-02-25</date>
	<title><![CDATA[&#x201c;It's Fantastic!!&#x201d;]]></title>
	<excerpt><![CDATA[It's Fantastic!! more]]></excerpt>
	<link><![CDATA[http://www.tripadvisor.com/Restaurant_Review-g255100-d757222-Reviews-or30-Vue_de_monde-Melbourne_Victoria.html]]></link>
</review>
<review>
	<rating>5.0</rating>
	<author><![CDATA[A TripAdvisor Contributor]]></author>
	<date>2008-02-20</date>
	<title><![CDATA[&#x201c;tried the bistro...oh...&#x201d;]]></title>
	<excerpt><![CDATA[tried the bistro...oh the steak....so geat! the service was excellent and the place was stunning! more]]></excerpt>
	<link><![CDATA[http://www.tripadvisor.com/Restaurant_Review-g255100-d757222-Reviews-or30-Vue_de_monde-Melbourne_Victoria.html]]></link>
</review>
<review>
	<rating>4.0</rating>
	<author><![CDATA[A TripAdvisor Contributor]]></author>
	<date>2008-02-11</date>
	<title><![CDATA[&#x201c;food was tasty, but a...&#x201d;]]></title>
	<excerpt><![CDATA[food was tasty, but a little to messed with.
Good food should speak for itself, with out foams, and spherifacation. oyster killpartrick amazing. more]]></excerpt>
	<link><![CDATA[http://www.tripadvisor.com/Restaurant_Review-g255100-d757222-Reviews-or30-Vue_de_monde-Melbourne_Victoria.html]]></link>
</review>
<review>
	<rating>5.0</rating>
	<author><![CDATA[A TripAdvisor Contributor]]></author>
	<date>2008-01-27</date>
	<title><![CDATA[&#x201c;Simply Stunning!&#x201d;]]></title>
	<excerpt><![CDATA[Simply Stunning! more]]></excerpt>
	<link><![CDATA[http://www.tripadvisor.com/Restaurant_Review-g255100-d757222-Reviews-or30-Vue_de_monde-Melbourne_Victoria.html]]></link>
</review>
<review>
	<rating>5.0</rating>
	<author><![CDATA[A TripAdvisor Contributor]]></author>
	<date>2008-01-21</date>
	<title><![CDATA[&#x201c;Undoubtedly the best.&#x201d;]]></title>
	<excerpt><![CDATA[Undoubtedly the best. more]]></excerpt>
	<link><![CDATA[http://www.tripadvisor.com/Restaurant_Review-g255100-d757222-Reviews-or30-Vue_de_monde-Melbourne_Victoria.html]]></link>
</review>
<review>
	<rating>5.0</rating>
	<author><![CDATA[A TripAdvisor Contributor]]></author>
	<date>2008-01-20</date>
	<title><![CDATA[&#x201c;Shannon Bennett is some...&#x201d;]]></title>
	<excerpt><![CDATA[Shannon Bennett is some kinda genius (disguised as a shaggy-haired rockstar). Shattering all records by being the first restaurant ever to be awarded ]]></excerpt>
	<link><![CDATA[http://www.tripadvisor.com/Restaurant_Review-g255100-d757222-Reviews-or30-Vue_de_monde-Melbourne_Victoria.html]]></link>
</review>
<review>
	<rating>3.0</rating>
	<author><![CDATA[A TripAdvisor Contributor]]></author>
	<date>2008-01-16</date>
	<title><![CDATA[&#x201c;Service and setting was...&#x201d;]]></title>
	<excerpt><![CDATA[Service and setting was good but unfortunately food was too dry. more]]></excerpt>
	<link><![CDATA[http://www.tripadvisor.com/Restaurant_Review-g255100-d757222-Reviews-or30-Vue_de_monde-Melbourne_Victoria.html]]></link>
</review>
<review>
	<rating>4.0</rating>
	<author><![CDATA[A TripAdvisor Contributor]]></author>
	<date>2008-01-14</date>
	<title><![CDATA[&#x201c;Went for lunch...&#x201d;]]></title>
	<excerpt><![CDATA[Went for lunch. Impressive food and service. Frozen cauliflower powder a bit weird though. more]]></excerpt>
	<link><![CDATA[http://www.tripadvisor.com/Restaurant_Review-g255100-d757222-Reviews-or30-Vue_de_monde-Melbourne_Victoria.html]]></link>
</review>
<review>
	<rating>3.0</rating>
	<author><![CDATA[A TripAdvisor Contributor]]></author>
	<date>2008-01-10</date>
	<title><![CDATA[&#x201c;Over rated with price...&#x201d;]]></title>
	<excerpt><![CDATA[Over rated with price, but one hell of a cusine menu; work of art more]]></excerpt>
	<link><![CDATA[http://www.tripadvisor.com/Restaurant_Review-g255100-d757222-Reviews-or30-Vue_de_monde-Melbourne_Victoria.html]]></link>
</review>
<review>
	<rating>4.0</rating>
	<author><![CDATA[A TripAdvisor Contributor]]></author>
	<date>2008-01-09</date>
	<title><![CDATA[&#x201c;Good, but overrated&#x201d;]]></title>
	<excerpt><![CDATA[Good, but overrated more]]></excerpt>
	<link><![CDATA[http://www.tripadvisor.com/Restaurant_Review-g255100-d757222-Reviews-or30-Vue_de_monde-Melbourne_Victoria.html]]></link>
</review>
<review>
	<rating>4.0</rating>
	<author><![CDATA[A TripAdvisor Contributor]]></author>
	<date>2008-01-07</date>
	<title><![CDATA[&#x201c;A must at some stage...&#x201d;]]></title>
	<excerpt><![CDATA[A must at some stage. However as a personal I don't like the new kitchen as much as I did when It was in Carlton. I considered myself privileged to ha]]></excerpt>
	<link><![CDATA[http://www.tripadvisor.com/Restaurant_Review-g255100-d757222-Reviews-or40-Vue_de_monde-Melbourne_Victoria.html]]></link>
</review>
<review>
	<rating>5.0</rating>
	<author><![CDATA[A TripAdvisor Contributor]]></author>
	<date>2008-01-06</date>
	<title><![CDATA[&#x201c;Perfection, from the...&#x201d;]]></title>
	<excerpt><![CDATA[Perfection, from the first dish to the last. more]]></excerpt>
	<link><![CDATA[http://www.tripadvisor.com/Restaurant_Review-g255100-d757222-Reviews-or40-Vue_de_monde-Melbourne_Victoria.html]]></link>
</review>
<review>
	<rating>5.0</rating>
	<author><![CDATA[A TripAdvisor Contributor]]></author>
	<date>2008-01-05</date>
	<title><![CDATA[&#x201c;Awesome little...&#x201d;]]></title>
	<excerpt><![CDATA[Awesome little Cafe/Bistro on Little Collins St. Love this place, best coffee and 3 course lunchbox more]]></excerpt>
	<link><![CDATA[http://www.tripadvisor.com/Restaurant_Review-g255100-d757222-Reviews-or40-Vue_de_monde-Melbourne_Victoria.html]]></link>
</review>
<review>
	<rating>4.0</rating>
	<author><![CDATA[A TripAdvisor Contributor]]></author>
	<date>2008-01-04</date>
	<title><![CDATA[&#x201c;Also, for less formal...&#x201d;]]></title>
	<excerpt><![CDATA[Also, for less formal moments,try Cafe Vue for lunch or breakfast. Coffee excellent. more]]></excerpt>
	<link><![CDATA[http://www.tripadvisor.com/Restaurant_Review-g255100-d757222-Reviews-or40-Vue_de_monde-Melbourne_Victoria.html]]></link>
</review>
<review>
	<rating>4.0</rating>
	<author><![CDATA[A TripAdvisor Contributor]]></author>
	<date>2007-12-31</date>
	<title><![CDATA[&#x201c;The lunchboxes are great...&#x201d;]]></title>
	<excerpt><![CDATA[The lunchboxes are great value more]]></excerpt>
	<link><![CDATA[http://www.tripadvisor.com/Restaurant_Review-g255100-d757222-Reviews-or40-Vue_de_monde-Melbourne_Victoria.html]]></link>
</review>
<review>
	<rating>5.0</rating>
	<author><![CDATA[A TripAdvisor Contributor]]></author>
	<date>2007-12-22</date>
	<title><![CDATA[&#x201c;Awesome in every...&#x201d;]]></title>
	<excerpt><![CDATA[Awesome in every respect. A do-not-miss Melbourne experience. more]]></excerpt>
	<link><![CDATA[http://www.tripadvisor.com/Restaurant_Review-g255100-d757222-Reviews-or40-Vue_de_monde-Melbourne_Victoria.html]]></link>
</review>
<review>
	<rating>5.0</rating>
	<author><![CDATA[A TripAdvisor Contributor]]></author>
	<date>2007-12-20</date>
	<title><![CDATA[&#x201c;Tres Chic&#x201d;]]></title>
	<excerpt><![CDATA[Tres Chic more]]></excerpt>
	<link><![CDATA[http://www.tripadvisor.com/Restaurant_Review-g255100-d757222-Reviews-or40-Vue_de_monde-Melbourne_Victoria.html]]></link>
</review>
<review>
	<rating>5.0</rating>
	<author><![CDATA[A TripAdvisor Contributor]]></author>
	<date>2007-12-20</date>
	<title><![CDATA[&#x201c;I have only been for...&#x201d;]]></title>
	<excerpt><![CDATA[I have only been for lunch - but it was spectacular! Can't wait to try the evening menu more]]></excerpt>
	<link><![CDATA[http://www.tripadvisor.com/Restaurant_Review-g255100-d757222-Reviews-or40-Vue_de_monde-Melbourne_Victoria.html]]></link>
</review>
<review>
	<rating>5.0</rating>
	<author><![CDATA[A TripAdvisor Contributor]]></author>
	<date>2007-12-19</date>
	<title><![CDATA[&#x201c;Love to go and eat...&#x201d;]]></title>
	<excerpt><![CDATA[Love to go and eat there!!! LOVE THE BOOK MY VUE. Shannon Bennet now that's one chef i'd like to work beside with! more]]></excerpt>
	<link><![CDATA[http://www.tripadvisor.com/Restaurant_Review-g255100-d757222-Reviews-or40-Vue_de_monde-Melbourne_Victoria.html]]></link>
</review>
<review>
	<rating>5.0</rating>
	<author><![CDATA[A TripAdvisor Contributor]]></author>
	<date>2007-12-17</date>
	<title><![CDATA[&#x201c;What can I say? It's...&#x201d;]]></title>
	<excerpt><![CDATA[What can I say? It's reputation is well deserved more]]></excerpt>
	<link><![CDATA[http://www.tripadvisor.com/Restaurant_Review-g255100-d757222-Reviews-or40-Vue_de_monde-Melbourne_Victoria.html]]></link>
</review>
<review>
	<rating>5.0</rating>
	<author><![CDATA[A TripAdvisor Contributor]]></author>
	<date>2007-12-16</date>
	<title><![CDATA[&#x201c;The food can't be...&#x201d;]]></title>
	<excerpt><![CDATA[The food can't be faulted in either the restaurant or the bistro. more]]></excerpt>
	<link><![CDATA[http://www.tripadvisor.com/Restaurant_Review-g255100-d757222-Reviews-or50-Vue_de_monde-Melbourne_Victoria.html]]></link>
</review>
<review>
	<rating>5.0</rating>
	<author><![CDATA[A TripAdvisor Contributor]]></author>
	<date>2007-12-16</date>
	<title><![CDATA[&#x201c;Special.
Faultless in...&#x201d;]]></title>
	<excerpt><![CDATA[Special.
Faultless in most every way.
Expensive but fabulous; food, great wines service, design & ambience. more]]></excerpt>
	<link><![CDATA[http://www.tripadvisor.com/Restaurant_Review-g255100-d757222-Reviews-or50-Vue_de_monde-Melbourne_Victoria.html]]></link>
</review>
<review>
	<rating>5.0</rating>
	<author><![CDATA[A TripAdvisor Contributor]]></author>
	<date>2007-12-14</date>
	<title><![CDATA[&#x201c;Great, but only if time...&#x201d;]]></title>
	<excerpt><![CDATA[Great, but only if time rich more]]></excerpt>
	<link><![CDATA[http://www.tripadvisor.com/Restaurant_Review-g255100-d757222-Reviews-or50-Vue_de_monde-Melbourne_Victoria.html]]></link>
</review>
<review>
	<rating>5.0</rating>
	<author><![CDATA[A TripAdvisor Contributor]]></author>
	<date>2007-12-14</date>
	<title><![CDATA[&#x201c;Expensive but definitely...&#x201d;]]></title>
	<excerpt><![CDATA[Expensive but definitely worth going for at least once! more]]></excerpt>
	<link><![CDATA[http://www.tripadvisor.com/Restaurant_Review-g255100-d757222-Reviews-or50-Vue_de_monde-Melbourne_Victoria.html]]></link>
</review>
<review>
	<rating>5.0</rating>
	<author><![CDATA[A TripAdvisor Contributor]]></author>
	<date>2007-12-08</date>
	<title><![CDATA[&#x201c;amazing experience&#x201d;]]></title>
	<excerpt><![CDATA[amazing experience more]]></excerpt>
	<link><![CDATA[http://www.tripadvisor.com/Restaurant_Review-g255100-d757222-Reviews-or50-Vue_de_monde-Melbourne_Victoria.html]]></link>
</review>
<review>
	<rating>5.0</rating>
	<author><![CDATA[A TripAdvisor Contributor]]></author>
	<date>2007-12-07</date>
	<title><![CDATA[&#x201c;absolutely brilliant...&#x201d;]]></title>
	<excerpt><![CDATA[absolutely brilliant; used to work there, but just magnificent - very $$$$$$ more]]></excerpt>
	<link><![CDATA[http://www.tripadvisor.com/Restaurant_Review-g255100-d757222-Reviews-or50-Vue_de_monde-Melbourne_Victoria.html]]></link>
</review>
<review>
	<rating>1.0</rating>
	<author><![CDATA[A TripAdvisor Contributor]]></author>
	<date>2007-11-30</date>
	<title><![CDATA[&#x201c;God I hate degustation...&#x201d;]]></title>
	<excerpt><![CDATA[God I hate degustation menus and this one takes the cake. Plus they interrupt you every time they bring a course just to crap on about it. Anyway you ]]></excerpt>
	<link><![CDATA[http://www.tripadvisor.com/Restaurant_Review-g255100-d757222-Reviews-or50-Vue_de_monde-Melbourne_Victoria.html]]></link>
</review>
<review>
	<rating>5.0</rating>
	<author><![CDATA[A TripAdvisor Contributor]]></author>
	<date>2007-11-29</date>
	<title><![CDATA[&#x201c;The best way I can...&#x201d;]]></title>
	<excerpt><![CDATA[The best way I can describe the food at Vue is "an explosion of flavour in my mouth". I can not wait to go back! Definite cravings! YUM! more]]></excerpt>
	<link><![CDATA[http://www.tripadvisor.com/Restaurant_Review-g255100-d757222-Reviews-or50-Vue_de_monde-Melbourne_Victoria.html]]></link>
</review>
<review>
	<rating>4.0</rating>
	<author><![CDATA[A TripAdvisor Contributor]]></author>
	<date>2007-11-28</date>
	<title><![CDATA[&#x201c;excellent food. too...&#x201d;]]></title>
	<excerpt><![CDATA[excellent food. too expensive unless it is for an extremely special occasion. meals are prepared with a clear obsession for flavour and food more]]></excerpt>
	<link><![CDATA[http://www.tripadvisor.com/Restaurant_Review-g255100-d757222-Reviews-or50-Vue_de_monde-Melbourne_Victoria.html]]></link>
</review>
<review>
	<rating>5.0</rating>
	<author><![CDATA[A TripAdvisor Contributor]]></author>
	<date>2007-11-26</date>
	<title><![CDATA[&#x201c;Awesome experience.&#x201d;]]></title>
	<excerpt><![CDATA[Awesome experience. more]]></excerpt>
	<link><![CDATA[http://www.tripadvisor.com/Restaurant_Review-g255100-d757222-Reviews-or50-Vue_de_monde-Melbourne_Victoria.html]]></link>
</review>
<review>
	<rating>5.0</rating>
	<author><![CDATA[A TripAdvisor Contributor]]></author>
	<date>2007-11-25</date>
	<title><![CDATA[&#x201c;diner was perfect...&#x201d;]]></title>
	<excerpt><![CDATA[diner was perfect, Incredible dining experience, new meaning for gourmet food more]]></excerpt>
	<link><![CDATA[http://www.tripadvisor.com/Restaurant_Review-g255100-d757222-Reviews-or60-Vue_de_monde-Melbourne_Victoria.html]]></link>
</review>
<review>
	<rating>4.0</rating>
	<author><![CDATA[A TripAdvisor Contributor]]></author>
	<date>2007-11-23</date>
	<title><![CDATA[&#x201c;Incredible dining...&#x201d;]]></title>
	<excerpt><![CDATA[Incredible dining experience, wine matching was amazing ... atmosphere was a little stuffy, felt like I couldn't really bust out and enjoy myself. mor]]></excerpt>
	<link><![CDATA[http://www.tripadvisor.com/Restaurant_Review-g255100-d757222-Reviews-or60-Vue_de_monde-Melbourne_Victoria.html]]></link>
</review>
<review>
	<rating>5.0</rating>
	<author><![CDATA[A TripAdvisor Contributor]]></author>
	<date>2007-11-22</date>
	<title><![CDATA[&#x201c;Great atmosphere, great...&#x201d;]]></title>
	<excerpt><![CDATA[Great atmosphere, great food.
I defintiely love to go back there when I am in Melbourne, and I've saved up again! more]]></excerpt>
	<link><![CDATA[http://www.tripadvisor.com/Restaurant_Review-g255100-d757222-Reviews-or60-Vue_de_monde-Melbourne_Victoria.html]]></link>
</review>
<review>
	<rating>5.0</rating>
	<author><![CDATA[A TripAdvisor Contributor]]></author>
	<date>2007-11-20</date>
	<title><![CDATA[&#x201c;Great service...&#x201d;]]></title>
	<excerpt><![CDATA[Great service, atmosphere - and theatrics! Where else would you get a gauzpacho served in a test tube with dry ice? more]]></excerpt>
	<link><![CDATA[http://www.tripadvisor.com/Restaurant_Review-g255100-d757222-Reviews-or60-Vue_de_monde-Melbourne_Victoria.html]]></link>
</review>
<review>
	<rating>5.0</rating>
	<author><![CDATA[A TripAdvisor Contributor]]></author>
	<date>2007-11-18</date>
	<title><![CDATA[&#x201c;I hate the best meal of...&#x201d;]]></title>
	<excerpt><![CDATA[I hate the best meal of my life there! more]]></excerpt>
	<link><![CDATA[http://www.tripadvisor.com/Restaurant_Review-g255100-d757222-Reviews-or60-Vue_de_monde-Melbourne_Victoria.html]]></link>
</review>
<review>
	<rating>4.0</rating>
	<author><![CDATA[A TripAdvisor Contributor]]></author>
	<date>2007-11-15</date>
	<title><![CDATA[&#x201c;obscenely good...&#x201d;]]></title>
	<excerpt><![CDATA[obscenely good, obscenely expensive. more]]></excerpt>
	<link><![CDATA[http://www.tripadvisor.com/Restaurant_Review-g255100-d757222-Reviews-or60-Vue_de_monde-Melbourne_Victoria.html]]></link>
</review>
<review>
	<rating>5.0</rating>
	<author><![CDATA[A TripAdvisor Contributor]]></author>
	<date>2007-11-09</date>
	<title><![CDATA[&#x201c;Great food, very busy...&#x201d;]]></title>
	<excerpt><![CDATA[Great food, very busy. Courtyard is really nice. We had the best waiter. more]]></excerpt>
	<link><![CDATA[http://www.tripadvisor.com/Restaurant_Review-g255100-d757222-Reviews-or60-Vue_de_monde-Melbourne_Victoria.html]]></link>
</review>
<review>
	<rating>5.0</rating>
	<author><![CDATA[A TripAdvisor Contributor]]></author>
	<date>2007-11-03</date>
	<title><![CDATA[&#x201c;The food was great so...&#x201d;]]></title>
	<excerpt><![CDATA[The food was great so was the presentation but could only get a table of 4 which was a little restricted! Maybe coz of my late booking. However the on]]></excerpt>
	<link><![CDATA[http://www.tripadvisor.com/Restaurant_Review-g255100-d757222-Reviews-or60-Vue_de_monde-Melbourne_Victoria.html]]></link>
</review>
</source>