<source name="Trip Advisor" avg-rating="4.0">
<review>
	<rating>4.0</rating>
	<author><![CDATA[A TripAdvisor Contributor]]></author>
	<date>2008-08-05</date>
	<title><![CDATA[&#x201c;Always fun to watch the...&#x201d;]]></title>
	<excerpt><![CDATA[Always fun to watch the chef prepare in front of you! Food is always good. Always leave feeling stuffed! Little pricey, but worth the show. more]]></excerpt>
	<link><![CDATA[http://www.tripadvisor.com/Restaurant_Review-g295424-d799394-Reviews-Benihana_Bustan_Rotana_Hotel-Dubai.html]]></link>
</review>
<review>
	<rating>4.0</rating>
	<author><![CDATA[A TripAdvisor Contributor]]></author>
	<date>2008-07-07</date>
	<title><![CDATA[&#x201c;good sushi.....&#x201d;]]></title>
	<excerpt><![CDATA[good sushi..... more]]></excerpt>
	<link><![CDATA[http://www.tripadvisor.com/Restaurant_Review-g295424-d799394-Reviews-Benihana_Bustan_Rotana_Hotel-Dubai.html]]></link>
</review>
<review>
	<rating>3.0</rating>
	<author><![CDATA[A TripAdvisor Contributor]]></author>
	<date>2008-06-19</date>
	<title><![CDATA[&#x201c;Nice japanese buffet on...&#x201d;]]></title>
	<excerpt><![CDATA[Nice japanese buffet on saturdays.. more]]></excerpt>
	<link><![CDATA[http://www.tripadvisor.com/Restaurant_Review-g295424-d799394-Reviews-Benihana_Bustan_Rotana_Hotel-Dubai.html]]></link>
</review>
<review>
	<rating>4.0</rating>
	<author><![CDATA[A TripAdvisor Contributor]]></author>
	<date>2008-05-06</date>
	<title><![CDATA[&#x201c;ok&#x201d;]]></title>
	<excerpt><![CDATA[ok more]]></excerpt>
	<link><![CDATA[http://www.tripadvisor.com/Restaurant_Review-g295424-d799394-Reviews-Benihana_Bustan_Rotana_Hotel-Dubai.html]]></link>
</review>
<review>
	<rating>3.0</rating>
	<author><![CDATA[A TripAdvisor Contributor]]></author>
	<date>2008-05-05</date>
	<title><![CDATA[&#x201c;umm, i went there once&#x201d;]]></title>
	<excerpt><![CDATA[umm, i went there once more]]></excerpt>
	<link><![CDATA[http://www.tripadvisor.com/Restaurant_Review-g295424-d799394-Reviews-Benihana_Bustan_Rotana_Hotel-Dubai.html]]></link>
</review>
<review>
	<rating>2.0</rating>
	<author><![CDATA[A TripAdvisor Contributor]]></author>
	<date>2008-04-18</date>
	<title><![CDATA[&#x201c;NOT BAD ALL INCLUSIVE...&#x201d;]]></title>
	<excerpt><![CDATA[NOT BAD ALL INCLUSIVE SUSHI NIGHT more]]></excerpt>
	<link><![CDATA[http://www.tripadvisor.com/Restaurant_Review-g295424-d799394-Reviews-Benihana_Bustan_Rotana_Hotel-Dubai.html]]></link>
</review>
<review>
	<rating>4.0</rating>
	<author><![CDATA[A TripAdvisor Contributor]]></author>
	<date>2008-01-15</date>
	<title><![CDATA[&#x201c;simply love it!!!&#x201d;]]></title>
	<excerpt><![CDATA[simply love it!!! more]]></excerpt>
	<link><![CDATA[http://www.tripadvisor.com/Restaurant_Review-g295424-d799394-Reviews-Benihana_Bustan_Rotana_Hotel-Dubai.html]]></link>
</review>
<review>
	<rating>3.0</rating>
	<author><![CDATA[A TripAdvisor Contributor]]></author>
	<date>2007-12-28</date>
	<title><![CDATA[&#x201c;Classic Benihana...&#x201d;]]></title>
	<excerpt><![CDATA[Classic Benihana quality, even though with lack of soul here in Dubai more]]></excerpt>
	<link><![CDATA[http://www.tripadvisor.com/Restaurant_Review-g295424-d799394-Reviews-Benihana_Bustan_Rotana_Hotel-Dubai.html]]></link>
</review>
<review>
	<rating>5.0</rating>
	<author><![CDATA[A TripAdvisor Contributor]]></author>
	<date>2007-12-23</date>
	<title><![CDATA[&#x201c;Huh!!&#x201d;]]></title>
	<excerpt><![CDATA[Huh!! more]]></excerpt>
	<link><![CDATA[http://www.tripadvisor.com/Restaurant_Review-g295424-d799394-Reviews-Benihana_Bustan_Rotana_Hotel-Dubai.html]]></link>
</review>
<review>
	<rating>5.0</rating>
	<author><![CDATA[A TripAdvisor Contributor]]></author>
	<date>2007-12-13</date>
	<title><![CDATA[&#x201c;As far as Teppanyaki is...&#x201d;]]></title>
	<excerpt><![CDATA[As far as Teppanyaki is concerned - this tastes MUCH better than the competition more]]></excerpt>
	<link><![CDATA[http://www.tripadvisor.com/Restaurant_Review-g295424-d799394-Reviews-Benihana_Bustan_Rotana_Hotel-Dubai.html]]></link>
</review>
<review>
	<rating>4.0</rating>
	<author><![CDATA[A TripAdvisor Contributor]]></author>
	<date>2007-12-11</date>
	<title><![CDATA[&#x201c;Great food and the chefs...&#x201d;]]></title>
	<excerpt><![CDATA[Great food and the chefs put on a show!! more]]></excerpt>
	<link><![CDATA[http://www.tripadvisor.com/Restaurant_Review-g295424-d799394-Reviews-or10-Benihana_Bustan_Rotana_Hotel-Dubai.html]]></link>
</review>
<review>
	<rating>4.0</rating>
	<author><![CDATA[A TripAdvisor Contributor]]></author>
	<date>2007-12-07</date>
	<title><![CDATA[&#x201c;buffet's good :) yummy...&#x201d;]]></title>
	<excerpt><![CDATA[buffet's good :) yummy selection! more]]></excerpt>
	<link><![CDATA[http://www.tripadvisor.com/Restaurant_Review-g295424-d799394-Reviews-or10-Benihana_Bustan_Rotana_Hotel-Dubai.html]]></link>
</review>
</source>