<source name="Trip Advisor" avg-rating="4.0">
<review>
	<rating>4.0</rating>
	<author><![CDATA[A TripAdvisor Contributor]]></author>
	<date>2008-08-21</date>
	<title><![CDATA[&#x201c;Very good Thai In Dubai...&#x201d;]]></title>
	<excerpt><![CDATA[Very good Thai In Dubai :) Love the duck curry. more]]></excerpt>
	<link><![CDATA[http://www.tripadvisor.com/Restaurant_Review-g295424-d1054614-Reviews-Benjarong_Dusit_Thani_Hotel_Dubai-Dubai.html]]></link>
</review>
<review>
	<rating>5.0</rating>
	<author><![CDATA[A TripAdvisor Contributor]]></author>
	<date>2008-05-19</date>
	<title><![CDATA[&#x201c;d best food from app to...&#x201d;]]></title>
	<excerpt><![CDATA[d best food from app to mc,spicy and romantic asian touch more]]></excerpt>
	<link><![CDATA[http://www.tripadvisor.com/Restaurant_Review-g295424-d1054614-Reviews-Benjarong_Dusit_Thani_Hotel_Dubai-Dubai.html]]></link>
</review>
<review>
	<rating>3.0</rating>
	<author><![CDATA[A TripAdvisor Contributor]]></author>
	<date>2008-05-13</date>
	<title><![CDATA[&#x201c;As Time Out Dubai was...&#x201d;]]></title>
	<excerpt><![CDATA[As Time Out Dubai was very positive about this restaurant and as it is located in a Thai Hotel Company, I expected a lot. The atmosphere was ok, the s]]></excerpt>
	<link><![CDATA[http://www.tripadvisor.com/Restaurant_Review-g295424-d1054614-Reviews-Benjarong_Dusit_Thani_Hotel_Dubai-Dubai.html]]></link>
</review>
</source>