<source name="Trip Advisor" avg-rating="4.0">
<review>
	<rating>4.0</rating>
	<author><![CDATA[A TripAdvisor Contributor]]></author>
	<date>2008-08-04</date>
	<title><![CDATA[&#x201c;very good food and...&#x201d;]]></title>
	<excerpt><![CDATA[very good food and authentic taste.. also do, takeaways. more]]></excerpt>
	<link><![CDATA[http://www.tripadvisor.com/Restaurant_Review-g295424-d806196-Reviews-Blue_elephant-Dubai.html]]></link>
</review>
<review>
	<rating>5.0</rating>
	<author><![CDATA[cdourz]]></author>
	<date>2008-08-02</date>
	<title><![CDATA[&#x201c;My Favourite&#x201d;]]></title>
	<excerpt><![CDATA[This restaurant is very consistent. Superb, authentic thai food, singha beer and great service. Step out of Dubai and into Bangkok for a few hours in ]]></excerpt>
	<link><![CDATA[http://www.tripadvisor.com/Restaurant_Review-g295424-d806196-Reviews-Blue_elephant-Dubai.html]]></link>
</review>
<review>
	<rating>3.0</rating>
	<author><![CDATA[A TripAdvisor Contributor]]></author>
	<date>2008-06-19</date>
	<title><![CDATA[&#x201c;Went there for the...&#x201d;]]></title>
	<excerpt><![CDATA[Went there for the buffet... not bad more]]></excerpt>
	<link><![CDATA[http://www.tripadvisor.com/Restaurant_Review-g295424-d806196-Reviews-Blue_elephant-Dubai.html]]></link>
</review>
<review>
	<rating>5.0</rating>
	<author><![CDATA[A TripAdvisor Contributor]]></author>
	<date>2008-06-12</date>
	<title><![CDATA[&#x201c;HOT HOT HOT&#x201d;]]></title>
	<excerpt><![CDATA[HOT HOT HOT more]]></excerpt>
	<link><![CDATA[http://www.tripadvisor.com/Restaurant_Review-g295424-d806196-Reviews-Blue_elephant-Dubai.html]]></link>
</review>
<review>
	<rating>3.0</rating>
	<author><![CDATA[A TripAdvisor Contributor]]></author>
	<date>2008-06-08</date>
	<title><![CDATA[&#x201c;Not quite like the great...&#x201d;]]></title>
	<excerpt><![CDATA[Not quite like the great London sister restaurant... A bit of a hit and miss... service requires a great deal of extra training. more]]></excerpt>
	<link><![CDATA[http://www.tripadvisor.com/Restaurant_Review-g295424-d806196-Reviews-Blue_elephant-Dubai.html]]></link>
</review>
<review>
	<rating>2.0</rating>
	<author><![CDATA[A TripAdvisor Contributor]]></author>
	<date>2008-01-27</date>
	<title><![CDATA[&#x201c;Not too bad but a bit...&#x201d;]]></title>
	<excerpt><![CDATA[Not too bad but a bit expensive for what you get... also a very taste required restaurant more]]></excerpt>
	<link><![CDATA[http://www.tripadvisor.com/Restaurant_Review-g295424-d806196-Reviews-Blue_elephant-Dubai.html]]></link>
</review>
<review>
	<rating>4.0</rating>
	<author><![CDATA[A TripAdvisor Contributor]]></author>
	<date>2008-01-15</date>
	<title><![CDATA[&#x201c;very nive atmosphere...&#x201d;]]></title>
	<excerpt><![CDATA[very nive atmosphere, good service, pretty good food more]]></excerpt>
	<link><![CDATA[http://www.tripadvisor.com/Restaurant_Review-g295424-d806196-Reviews-Blue_elephant-Dubai.html]]></link>
</review>
<review>
	<rating>4.0</rating>
	<author><![CDATA[A TripAdvisor Contributor]]></author>
	<date>2008-01-12</date>
	<title><![CDATA[&#x201c;Very romantic&#x201d;]]></title>
	<excerpt><![CDATA[Very romantic more]]></excerpt>
	<link><![CDATA[http://www.tripadvisor.com/Restaurant_Review-g295424-d806196-Reviews-Blue_elephant-Dubai.html]]></link>
</review>
<review>
	<rating>3.0</rating>
	<author><![CDATA[A TripAdvisor Contributor]]></author>
	<date>2008-01-08</date>
	<title><![CDATA[&#x201c;Nice decor and...&#x201d;]]></title>
	<excerpt><![CDATA[Nice decor and atmosphere, but food is so-so. more]]></excerpt>
	<link><![CDATA[http://www.tripadvisor.com/Restaurant_Review-g295424-d806196-Reviews-Blue_elephant-Dubai.html]]></link>
</review>
<review>
	<rating>2.0</rating>
	<author><![CDATA[A TripAdvisor Contributor]]></author>
	<date>2008-01-06</date>
	<title><![CDATA[&#x201c;taste the thai...&#x201d;]]></title>
	<excerpt><![CDATA[taste the thai experience in style more]]></excerpt>
	<link><![CDATA[http://www.tripadvisor.com/Restaurant_Review-g295424-d806196-Reviews-Blue_elephant-Dubai.html]]></link>
</review>
<review>
	<rating>3.0</rating>
	<author><![CDATA[A TripAdvisor Contributor]]></author>
	<date>2008-01-04</date>
	<title><![CDATA[&#x201c;one of decent thai...&#x201d;]]></title>
	<excerpt><![CDATA[one of decent thai places in Dubai. A must for Thai food lovers ;) more]]></excerpt>
	<link><![CDATA[http://www.tripadvisor.com/Restaurant_Review-g295424-d806196-Reviews-or10-Blue_elephant-Dubai.html]]></link>
</review>
<review>
	<rating>3.0</rating>
	<author><![CDATA[A TripAdvisor Contributor]]></author>
	<date>2007-12-27</date>
	<title><![CDATA[&#x201c;all inclusive dinner....&#x201d;]]></title>
	<excerpt><![CDATA[all inclusive dinner.... more]]></excerpt>
	<link><![CDATA[http://www.tripadvisor.com/Restaurant_Review-g295424-d806196-Reviews-or10-Blue_elephant-Dubai.html]]></link>
</review>
</source>