<source name="Trip Advisor" avg-rating="3.5">
<review>
	<rating>5.0</rating>
	<author><![CDATA[cdchess]]></author>
	<date>2008-10-26</date>
	<title><![CDATA[&#x201c;Suberb Indian Food&#x201d;]]></title>
	<excerpt><![CDATA[We had a great meal at the Bombay Brasserie. We arrived quite late, but they were still serving. The restaurant was fairly quiet as it was midweek.
Th]]></excerpt>
	<link><![CDATA[http://www.tripadvisor.com/Restaurant_Review-g295424-d1194396-Reviews-Bombay_Brasserie-Dubai.html]]></link>
</review>
</source>