<source name="Trip Advisor" avg-rating="4.0">
<review>
	<rating>5.0</rating>
	<author><![CDATA[A TripAdvisor Contributor]]></author>
	<date>2009-01-30</date>
	<title><![CDATA[&#x201c;Just awesome!&#x201d;]]></title>
	<excerpt><![CDATA[Just awesome! more]]></excerpt>
	<link><![CDATA[http://www.tripadvisor.com/Restaurant_Review-g295424-d804380-Reviews-Buddha_Bar-Dubai.html]]></link>
</review>
<review>
	<rating>5.0</rating>
	<author><![CDATA[Emu72]]></author>
	<date>2009-01-03</date>
	<title><![CDATA[&#x201c;Buddha Bar Rocks!&#x201d;]]></title>
	<excerpt><![CDATA[Table for 8 in late November - overlooking the Marina - This place is great for a night out, the music builds as the night goes on, and virtually turn]]></excerpt>
	<link><![CDATA[http://www.tripadvisor.com/Restaurant_Review-g295424-d804380-Reviews-Buddha_Bar-Dubai.html]]></link>
</review>
<review>
	<rating>5.0</rating>
	<author><![CDATA[A TripAdvisor Contributor]]></author>
	<date>2008-07-29</date>
	<title><![CDATA[&#x201c;The best Sushi in the...&#x201d;]]></title>
	<excerpt><![CDATA[The best Sushi in the Middle East, and to top it all one of the best bars in Dubai!! more]]></excerpt>
	<link><![CDATA[http://www.tripadvisor.com/Restaurant_Review-g295424-d804380-Reviews-Buddha_Bar-Dubai.html]]></link>
</review>
<review>
	<rating>5.0</rating>
	<author><![CDATA[A TripAdvisor Contributor]]></author>
	<date>2008-06-09</date>
	<title><![CDATA[&#x201c;The best Buddah Bar!&#x201d;]]></title>
	<excerpt><![CDATA[The best Buddah Bar! more]]></excerpt>
	<link><![CDATA[http://www.tripadvisor.com/Restaurant_Review-g295424-d804380-Reviews-Buddha_Bar-Dubai.html]]></link>
</review>
<review>
	<rating>5.0</rating>
	<author><![CDATA[sayangku]]></author>
	<date>2008-06-08</date>
	<title><![CDATA[&#x201c;yummy and friendly&#x201d;]]></title>
	<excerpt><![CDATA[I wouldsay that i am totally happy to be at Buddha bar , I heard about the unique concept and yummy food and that was the reason I went there.From one]]></excerpt>
	<link><![CDATA[http://www.tripadvisor.com/Restaurant_Review-g295424-d804380-Reviews-Buddha_Bar-Dubai.html]]></link>
</review>
</source>