<source name="Trip Advisor" avg-rating="4.0">
<review>
	<rating>3.0</rating>
	<author><![CDATA[A TripAdvisor Contributor]]></author>
	<date>2008-06-26</date>
	<title><![CDATA[&#x201c;THE BEST EVER FASTFOOD&#x201d;]]></title>
	<excerpt><![CDATA[THE BEST EVER FASTFOOD more]]></excerpt>
	<link><![CDATA[http://www.tripadvisor.com/Restaurant_Review-g295424-d837467-Reviews-Golden_Fork-Dubai.html]]></link>
</review>
<review>
	<rating>3.0</rating>
	<author><![CDATA[A TripAdvisor Contributor]]></author>
	<date>2008-06-19</date>
	<title><![CDATA[&#x201c;Love their seafood...&#x201d;]]></title>
	<excerpt><![CDATA[Love their seafood platter, Goto... more]]></excerpt>
	<link><![CDATA[http://www.tripadvisor.com/Restaurant_Review-g295424-d837467-Reviews-Golden_Fork-Dubai.html]]></link>
</review>
<review>
	<rating>4.0</rating>
	<author><![CDATA[A TripAdvisor Contributor]]></author>
	<date>2008-05-05</date>
	<title><![CDATA[&#x201c;Cheap, good eats!&#x201d;]]></title>
	<excerpt><![CDATA[Cheap, good eats! more]]></excerpt>
	<link><![CDATA[http://www.tripadvisor.com/Restaurant_Review-g295424-d837467-Reviews-Golden_Fork-Dubai.html]]></link>
</review>
</source>