<source name="Trip Advisor" avg-rating="4.0">
<review>
	<rating>4.0</rating>
	<author><![CDATA[A TripAdvisor Contributor]]></author>
	<date>2008-08-05</date>
	<title><![CDATA[&#x201c;Fun bar with great live...&#x201d;]]></title>
	<excerpt><![CDATA[Fun bar with great live jazz music. Good fun. more]]></excerpt>
	<link><![CDATA[http://www.tripadvisor.com/Restaurant_Review-g295424-d892694-Reviews-Jambase-Dubai.html]]></link>
</review>
<review>
	<rating>4.0</rating>
	<author><![CDATA[A TripAdvisor Contributor]]></author>
	<date>2008-05-19</date>
	<title><![CDATA[&#x201c;"eat and rest" cool down...&#x201d;]]></title>
	<excerpt><![CDATA["eat and rest" cool down w d music more]]></excerpt>
	<link><![CDATA[http://www.tripadvisor.com/Restaurant_Review-g295424-d892694-Reviews-Jambase-Dubai.html]]></link>
</review>
<review>
	<rating>5.0</rating>
	<author><![CDATA[A TripAdvisor Contributor]]></author>
	<date>2008-05-10</date>
	<title><![CDATA[&#x201c;one of the best clubs!!!&#x201d;]]></title>
	<excerpt><![CDATA[one of the best clubs!!! more]]></excerpt>
	<link><![CDATA[http://www.tripadvisor.com/Restaurant_Review-g295424-d892694-Reviews-Jambase-Dubai.html]]></link>
</review>
<review>
	<rating>5.0</rating>
	<author><![CDATA[A TripAdvisor Contributor]]></author>
	<date>2008-04-29</date>
	<title><![CDATA[&#x201c;all time favorite. LIVE...&#x201d;]]></title>
	<excerpt><![CDATA[all time favorite. LIVE music 80's and some jazz. more]]></excerpt>
	<link><![CDATA[http://www.tripadvisor.com/Restaurant_Review-g295424-d892694-Reviews-Jambase-Dubai.html]]></link>
</review>
</source>