<source name="Trip Advisor" avg-rating="0.0">
<review>
	<rating>5.0</rating>
	<author><![CDATA[CayoteeUK]]></author>
	<date>2009-03-20</date>
	<title><![CDATA[&#x201c;Excellent Hotel&#x201d;]]></title>
	<excerpt><![CDATA[My husband &amp; I have never been to Dubai before and we decided to go for the Rugby World Cup 7's. Friends of our living in Kuweit also went to Duba]]></excerpt>
	<link><![CDATA[http://www.tripadvisor.com/Tourism-g295424-Dubai-Vacations.html]]></link>
</review>
<review>
	<rating>4.0</rating>
	<author><![CDATA[AndyYac1969]]></author>
	<date>2009-03-20</date>
	<title><![CDATA[&#x201c;This is my favoured hotel for Dubai for value, cleanliness & location&#x201d;]]></title>
	<excerpt><![CDATA[This is the hotel I always stay at during my visits to Dubai. It is reasonably priced and is situated in Deira, at the heart of Dubai. The rooms are c]]></excerpt>
	<link><![CDATA[http://www.tripadvisor.com/Tourism-g295424-Dubai-Vacations.html]]></link>
</review>
<review>
	<rating>5.0</rating>
	<author><![CDATA[Gasker08]]></author>
	<date>2009-03-20</date>
	<title><![CDATA[&#x201c;Incredible opulence, worth every penny&#x201d;]]></title>
	<excerpt><![CDATA[Dubai was a stopoff point on the way to the Maldives for our honeymoon, so we thought we would see what all the fuss was about at the Burj Al Arab for]]></excerpt>
	<link><![CDATA[http://www.tripadvisor.com/Tourism-g295424-Dubai-Vacations.html]]></link>
</review>
</source>