<source name="Trip Advisor" avg-rating="4.0">
<review>
	<rating>1.0</rating>
	<author><![CDATA[A TripAdvisor Contributor]]></author>
	<date>2008-06-04</date>
	<title><![CDATA[&#x201c;No big deal ! Absolutely...&#x201d;]]></title>
	<excerpt><![CDATA[No big deal ! Absolutely Ordinary more]]></excerpt>
	<link><![CDATA[http://www.tripadvisor.com/Restaurant_Review-g295424-d1024535-Reviews-Peppercrab_Hotel_Grand_Hyatt-Dubai.html]]></link>
</review>
<review>
	<rating>5.0</rating>
	<author><![CDATA[A TripAdvisor Contributor]]></author>
	<date>2008-05-05</date>
	<title><![CDATA[&#x201c;Great food&#x201d;]]></title>
	<excerpt><![CDATA[Great food more]]></excerpt>
	<link><![CDATA[http://www.tripadvisor.com/Restaurant_Review-g295424-d1024535-Reviews-Peppercrab_Hotel_Grand_Hyatt-Dubai.html]]></link>
</review>
</source>