<source name="Trip Advisor" avg-rating="4.5">
<review>
	<rating>2.0</rating>
	<author><![CDATA[wkyken]]></author>
	<date>2008-12-15</date>
	<title><![CDATA[&#x201c;American mediocrity&#x201d;]]></title>
	<excerpt><![CDATA[At 7pm, it was the only restaurant at the Wafi Mall that I found open for dinner, so I tried it. First of all, it's not the easiest thing to find, and]]></excerpt>
	<link><![CDATA[http://www.tripadvisor.com/Restaurant_Review-g295424-d1100291-Reviews-Planet_Hollywood-Dubai.html]]></link>
</review>
</source>