<source name="Trip Advisor" avg-rating="4.0">
<review>
	<rating>5.0</rating>
	<author><![CDATA[shivangiagrawal]]></author>
	<date>2009-03-10</date>
	<title><![CDATA[&#x201c;perfect&#x201d;]]></title>
	<excerpt><![CDATA[we are vegetarian so when we entered we re quite afraid,but when we strarted our dinner we re mad what to eat and what to leave,,,perfect.actually one]]></excerpt>
	<link><![CDATA[http://www.tripadvisor.com/Restaurant_Review-g295424-d790226-Reviews-Spice_Island_Renaissance_Hotel_All_you_can_eat-Dubai.html]]></link>
</review>
<review>
	<rating>5.0</rating>
	<author><![CDATA[lillieDublin_ireland]]></author>
	<date>2009-03-08</date>
	<title><![CDATA[&#x201c;great nite out for all&#x201d;]]></title>
	<excerpt><![CDATA[fantastic all u can eat and drink of all types of food.perfect for everyone and def worth a visit if in dubai.have been her twice. more]]></excerpt>
	<link><![CDATA[http://www.tripadvisor.com/Restaurant_Review-g295424-d790226-Reviews-Spice_Island_Renaissance_Hotel_All_you_can_eat-Dubai.html]]></link>
</review>
<review>
	<rating>5.0</rating>
	<author><![CDATA[dubai82]]></author>
	<date>2008-12-04</date>
	<title><![CDATA[&#x201c;excellent food and brilliant service&#x201d;]]></title>
	<excerpt><![CDATA[Awesome buffet with excellent food and service
Thank you Bruce
Tamara more]]></excerpt>
	<link><![CDATA[http://www.tripadvisor.com/Restaurant_Review-g295424-d790226-Reviews-Spice_Island_Renaissance_Hotel_All_you_can_eat-Dubai.html]]></link>
</review>
<review>
	<rating>5.0</rating>
	<author><![CDATA[girlfromOz25]]></author>
	<date>2008-10-01</date>
	<title><![CDATA[&#x201c;Wonderful for a buffet&#x201d;]]></title>
	<excerpt><![CDATA[We loved Spice Island and went there on two seperate occasions - two different trips to Dubai. I don't expect a great deal of quality from an all-you-]]></excerpt>
	<link><![CDATA[http://www.tripadvisor.com/Restaurant_Review-g295424-d790226-Reviews-Spice_Island_Renaissance_Hotel_All_you_can_eat-Dubai.html]]></link>
</review>
<review>
	<rating>3.0</rating>
	<author><![CDATA[A TripAdvisor Contributor]]></author>
	<date>2008-09-12</date>
	<title><![CDATA[&#x201c;good value for money&#x201d;]]></title>
	<excerpt><![CDATA[good value for money more]]></excerpt>
	<link><![CDATA[http://www.tripadvisor.com/Restaurant_Review-g295424-d790226-Reviews-Spice_Island_Renaissance_Hotel_All_you_can_eat-Dubai.html]]></link>
</review>
<review>
	<rating>5.0</rating>
	<author><![CDATA[TinaBScotland]]></author>
	<date>2008-08-18</date>
	<title><![CDATA[&#x201c;brilliant place&#x201d;]]></title>
	<excerpt><![CDATA[had a great time at spice island, the food was delicious and the service was excellent! and the price was amazing! all you can eat and drink all eveni]]></excerpt>
	<link><![CDATA[http://www.tripadvisor.com/Restaurant_Review-g295424-d790226-Reviews-Spice_Island_Renaissance_Hotel_All_you_can_eat-Dubai.html]]></link>
</review>
<review>
	<rating>3.0</rating>
	<author><![CDATA[A TripAdvisor Contributor]]></author>
	<date>2008-06-19</date>
	<title><![CDATA[&#x201c;Not bad for a cheaper...&#x201d;]]></title>
	<excerpt><![CDATA[Not bad for a cheaper brunch more]]></excerpt>
	<link><![CDATA[http://www.tripadvisor.com/Restaurant_Review-g295424-d790226-Reviews-Spice_Island_Renaissance_Hotel_All_you_can_eat-Dubai.html]]></link>
</review>
<review>
	<rating>2.0</rating>
	<author><![CDATA[A TripAdvisor Contributor]]></author>
	<date>2008-05-15</date>
	<title><![CDATA[&#x201c;Good food, Children...&#x201d;]]></title>
	<excerpt><![CDATA[Good food, Children running around screaming and banging each other (and us!) with balloons. more]]></excerpt>
	<link><![CDATA[http://www.tripadvisor.com/Restaurant_Review-g295424-d790226-Reviews-Spice_Island_Renaissance_Hotel_All_you_can_eat-Dubai.html]]></link>
</review>
<review>
	<rating>5.0</rating>
	<author><![CDATA[A TripAdvisor Contributor]]></author>
	<date>2008-05-06</date>
	<title><![CDATA[&#x201c;awesome buffe&#x201d;]]></title>
	<excerpt><![CDATA[awesome buffe more]]></excerpt>
	<link><![CDATA[http://www.tripadvisor.com/Restaurant_Review-g295424-d790226-Reviews-Spice_Island_Renaissance_Hotel_All_you_can_eat-Dubai.html]]></link>
</review>
<review>
	<rating>4.0</rating>
	<author><![CDATA[A TripAdvisor Contributor]]></author>
	<date>2008-03-09</date>
	<title><![CDATA[&#x201c;Best All you can...&#x201d;]]></title>
	<excerpt><![CDATA[Best All you can drink... ehh and eat... more]]></excerpt>
	<link><![CDATA[http://www.tripadvisor.com/Restaurant_Review-g295424-d790226-Reviews-Spice_Island_Renaissance_Hotel_All_you_can_eat-Dubai.html]]></link>
</review>
<review>
	<rating>5.0</rating>
	<author><![CDATA[A TripAdvisor Contributor]]></author>
	<date>2008-03-05</date>
	<title><![CDATA[&#x201c;An awesome place. Love...&#x201d;]]></title>
	<excerpt><![CDATA[An awesome place. Love the food and variety it has. more]]></excerpt>
	<link><![CDATA[http://www.tripadvisor.com/Restaurant_Review-g295424-d790226-Reviews-or10-Spice_Island_Renaissance_Hotel_All_you_can_eat-Dubai.html]]></link>
</review>
<review>
	<rating>4.0</rating>
	<author><![CDATA[A TripAdvisor Contributor]]></author>
	<date>2008-02-28</date>
	<title><![CDATA[&#x201c;A must when in...&#x201d;]]></title>
	<excerpt><![CDATA[A must when in Deira-best buffet in town-live cooking stations-best on thursday's more]]></excerpt>
	<link><![CDATA[http://www.tripadvisor.com/Restaurant_Review-g295424-d790226-Reviews-or10-Spice_Island_Renaissance_Hotel_All_you_can_eat-Dubai.html]]></link>
</review>
<review>
	<rating>3.0</rating>
	<author><![CDATA[A TripAdvisor Contributor]]></author>
	<date>2008-02-27</date>
	<title><![CDATA[&#x201c;OK&#x201d;]]></title>
	<excerpt><![CDATA[OK more]]></excerpt>
	<link><![CDATA[http://www.tripadvisor.com/Restaurant_Review-g295424-d790226-Reviews-or10-Spice_Island_Renaissance_Hotel_All_you_can_eat-Dubai.html]]></link>
</review>
<review>
	<rating>3.0</rating>
	<author><![CDATA[A TripAdvisor Contributor]]></author>
	<date>2008-02-21</date>
	<title><![CDATA[&#x201c;Spice Island used to be...&#x201d;]]></title>
	<excerpt><![CDATA[Spice Island used to be the place to go to for burnch and all kinds of parties. It is overrated now as the prices are competing with more exciting and]]></excerpt>
	<link><![CDATA[http://www.tripadvisor.com/Restaurant_Review-g295424-d790226-Reviews-or10-Spice_Island_Renaissance_Hotel_All_you_can_eat-Dubai.html]]></link>
</review>
<review>
	<rating>3.0</rating>
	<author><![CDATA[A TripAdvisor Contributor]]></author>
	<date>2008-01-29</date>
	<title><![CDATA[&#x201c;nice place to chill out&#x201d;]]></title>
	<excerpt><![CDATA[nice place to chill out more]]></excerpt>
	<link><![CDATA[http://www.tripadvisor.com/Restaurant_Review-g295424-d790226-Reviews-or10-Spice_Island_Renaissance_Hotel_All_you_can_eat-Dubai.html]]></link>
</review>
<review>
	<rating>4.0</rating>
	<author><![CDATA[A TripAdvisor Contributor]]></author>
	<date>2008-01-27</date>
	<title><![CDATA[&#x201c;Love It!! The buffet has...&#x201d;]]></title>
	<excerpt><![CDATA[Love It!! The buffet has SOOOOO much to choose from, not to mention the seafood is to die for :) LOBSTERS more]]></excerpt>
	<link><![CDATA[http://www.tripadvisor.com/Restaurant_Review-g295424-d790226-Reviews-or10-Spice_Island_Renaissance_Hotel_All_you_can_eat-Dubai.html]]></link>
</review>
<review>
	<rating>3.0</rating>
	<author><![CDATA[A TripAdvisor Contributor]]></author>
	<date>2008-01-08</date>
	<title><![CDATA[&#x201c;Good value for money...&#x201d;]]></title>
	<excerpt><![CDATA[Good value for money buffet. more]]></excerpt>
	<link><![CDATA[http://www.tripadvisor.com/Restaurant_Review-g295424-d790226-Reviews-or10-Spice_Island_Renaissance_Hotel_All_you_can_eat-Dubai.html]]></link>
</review>
<review>
	<rating>5.0</rating>
	<author><![CDATA[A TripAdvisor Contributor]]></author>
	<date>2007-12-28</date>
	<title><![CDATA[&#x201c;My Lovley place&#x201d;]]></title>
	<excerpt><![CDATA[My Lovley place more]]></excerpt>
	<link><![CDATA[http://www.tripadvisor.com/Restaurant_Review-g295424-d790226-Reviews-or10-Spice_Island_Renaissance_Hotel_All_you_can_eat-Dubai.html]]></link>
</review>
<review>
	<rating>5.0</rating>
	<author><![CDATA[A TripAdvisor Contributor]]></author>
	<date>2007-12-27</date>
	<title><![CDATA[&#x201c;loved it!&#x201d;]]></title>
	<excerpt><![CDATA[loved it! more]]></excerpt>
	<link><![CDATA[http://www.tripadvisor.com/Restaurant_Review-g295424-d790226-Reviews-or10-Spice_Island_Renaissance_Hotel_All_you_can_eat-Dubai.html]]></link>
</review>
<review>
	<rating>3.0</rating>
	<author><![CDATA[A TripAdvisor Contributor]]></author>
	<date>2007-12-26</date>
	<title><![CDATA[&#x201c;good value for money...&#x201d;]]></title>
	<excerpt><![CDATA[good value for money, service not really important more]]></excerpt>
	<link><![CDATA[http://www.tripadvisor.com/Restaurant_Review-g295424-d790226-Reviews-or10-Spice_Island_Renaissance_Hotel_All_you_can_eat-Dubai.html]]></link>
</review>
<review>
	<rating>5.0</rating>
	<author><![CDATA[A TripAdvisor Contributor]]></author>
	<date>2007-12-22</date>
	<title><![CDATA[&#x201c;good food , no service...&#x201d;]]></title>
	<excerpt><![CDATA[good food , no service since its a all you can eat restuarant but still 5/5 for nice atmisphere and so on more]]></excerpt>
	<link><![CDATA[http://www.tripadvisor.com/Restaurant_Review-g295424-d790226-Reviews-or20-Spice_Island_Renaissance_Hotel_All_you_can_eat-Dubai.html]]></link>
</review>
<review>
	<rating>4.0</rating>
	<author><![CDATA[A TripAdvisor Contributor]]></author>
	<date>2007-12-21</date>
	<title><![CDATA[&#x201c;great food specially the...&#x201d;]]></title>
	<excerpt><![CDATA[great food specially the indian corner.. more]]></excerpt>
	<link><![CDATA[http://www.tripadvisor.com/Restaurant_Review-g295424-d790226-Reviews-or20-Spice_Island_Renaissance_Hotel_All_you_can_eat-Dubai.html]]></link>
</review>
<review>
	<rating>3.0</rating>
	<author><![CDATA[A TripAdvisor Contributor]]></author>
	<date>2007-12-19</date>
	<title><![CDATA[&#x201c;This one is good too&#x201d;]]></title>
	<excerpt><![CDATA[This one is good too more]]></excerpt>
	<link><![CDATA[http://www.tripadvisor.com/Restaurant_Review-g295424-d790226-Reviews-or20-Spice_Island_Renaissance_Hotel_All_you_can_eat-Dubai.html]]></link>
</review>
<review>
	<rating>4.0</rating>
	<author><![CDATA[A TripAdvisor Contributor]]></author>
	<date>2007-12-18</date>
	<title><![CDATA[&#x201c;Lots of food to choose&#x201d;]]></title>
	<excerpt><![CDATA[Lots of food to choose more]]></excerpt>
	<link><![CDATA[http://www.tripadvisor.com/Restaurant_Review-g295424-d790226-Reviews-or20-Spice_Island_Renaissance_Hotel_All_you_can_eat-Dubai.html]]></link>
</review>
<review>
	<rating>3.0</rating>
	<author><![CDATA[A TripAdvisor Contributor]]></author>
	<date>2007-12-11</date>
	<title><![CDATA[&#x201c;Great place for all you...&#x201d;]]></title>
	<excerpt><![CDATA[Great place for all you can eat and drink. more]]></excerpt>
	<link><![CDATA[http://www.tripadvisor.com/Restaurant_Review-g295424-d790226-Reviews-or20-Spice_Island_Renaissance_Hotel_All_you_can_eat-Dubai.html]]></link>
</review>
<review>
	<rating>4.0</rating>
	<author><![CDATA[A TripAdvisor Contributor]]></author>
	<date>2007-12-02</date>
	<title><![CDATA[&#x201c;The price in relation to...&#x201d;]]></title>
	<excerpt><![CDATA[The price in relation to the all different Buffet's & Drinks is great, even you can make your own courmet of these choices! more]]></excerpt>
	<link><![CDATA[http://www.tripadvisor.com/Restaurant_Review-g295424-d790226-Reviews-or20-Spice_Island_Renaissance_Hotel_All_you_can_eat-Dubai.html]]></link>
</review>
</source>