<source name="Trip Advisor" avg-rating="4.0">
<review>
	<rating>4.0</rating>
	<author><![CDATA[Bruegel]]></author>
	<date>2006-11-01</date>
	<title><![CDATA[&#x201c;"Jugement dernier " par Jrme (Hieronymus) Bosch.&#x201d;]]></title>
	<excerpt><![CDATA[Akademie der bildenden Knste - Gemldegalerie.
La galerie des peintures de l'Acadmie des Beaux-Arts de Vienne se visite essentiellement pour... m]]></excerpt>
	<link><![CDATA[http://www.tripadvisor.com/Attraction_Review-g190454-d191397-Reviews-Academy_of_Fine_Arts_Akademie_der_bildenden_Kunste-Vienna.html]]></link>
</review>
</source>