<source name="Trip Advisor" avg-rating="3.5">
<review>
	<rating>2.0</rating>
	<author><![CDATA[TheRob]]></author>
	<date>2008-08-27</date>
	<title><![CDATA[&#x201c;Not worth it&#x201d;]]></title>
	<excerpt><![CDATA[I was there in August 2008  it costs 9.50 in and 0.50 to store bags. There were 3 exhibits:
1. Monet To Picasso
This was quite good  they have a]]></excerpt>
	<link><![CDATA[http://www.tripadvisor.com/Attraction_Review-g190454-d244507-Reviews-Albertina-Vienna.html]]></link>
</review>
</source>