<source name="Trip Advisor" avg-rating="4.0">
<review>
	<rating>2.0</rating>
	<author><![CDATA[bah_my_name_is_taken]]></author>
	<date>2007-02-28</date>
	<title><![CDATA[Okay, but...]]></title>
	<excerpt><![CDATA[We stayed four days, the last of which I spent in the hotel ill in bed (no fault of theirs!). In general it was a nice place, with the counter staff c]]></excerpt>
	<link><![CDATA[http://www.tripadvisor.com/Hotel_Review-g190454-d228047-Reviews-Hotel_Am_Augarten-Vienna.html]]></link>
</review>
<review>
	<rating>3.0</rating>
	<author><![CDATA[lauren1214]]></author>
	<date>2007-01-01</date>
	<title><![CDATA[Just OK]]></title>
	<excerpt><![CDATA[I stayed here with my sister on the 27th and 28th of December. It was priced well, at 75 euro a night.
The location wasn't great, but it was pretty cl]]></excerpt>
	<link><![CDATA[http://www.tripadvisor.com/Hotel_Review-g190454-d228047-Reviews-Hotel_Am_Augarten-Vienna.html]]></link>
</review>
<review>
	<rating>5.0</rating>
	<author><![CDATA[adli]]></author>
	<date>2006-01-06</date>
	<title><![CDATA[Excellent Value for Money]]></title>
	<excerpt><![CDATA[My wife and I were in Vienna for 3 days in Jan '06. We had picked this hotel based on its price (at the time, we paid EU 55 for each night including t]]></excerpt>
	<link><![CDATA[http://www.tripadvisor.com/Hotel_Review-g190454-d228047-Reviews-Hotel_Am_Augarten-Vienna.html]]></link>
</review>
<review>
	<rating>5.0</rating>
	<author><![CDATA[A TripAdvisor Member]]></author>
	<date>2005-10-22</date>
	<title><![CDATA[an excellent and friendly hotel]]></title>
	<excerpt><![CDATA[Durin the last days of december 2004, I stayed at Am Augarten Hotel, with my wife and my daughter. We enjoyed not only the location (close to downtown]]></excerpt>
	<link><![CDATA[http://www.tripadvisor.com/Hotel_Review-g190454-d228047-Reviews-Hotel_Am_Augarten-Vienna.html]]></link>
</review>
<review>
	<rating>1.0</rating>
	<author><![CDATA[A TripAdvisor Member]]></author>
	<date>2005-07-23</date>
	<title><![CDATA[Terrible, do not stay here]]></title>
	<excerpt><![CDATA[This was one of the worst hotel stays I have had. Like one of the other reviewers said, the staff was unfriendly and unhelpful. They kept forgetting o]]></excerpt>
	<link><![CDATA[http://www.tripadvisor.com/Hotel_Review-g190454-d228047-Reviews-Hotel_Am_Augarten-Vienna.html]]></link>
</review>
<review>
	<rating>3.0</rating>
	<author><![CDATA[Vially]]></author>
	<date>2004-12-06</date>
	<title><![CDATA[Good for the price]]></title>
	<excerpt><![CDATA[Me and my girlfriend stayed at this hotel in december, Christmas time, 2 years ago (in 2002). Although it doesn't have a central location, this hotel ]]></excerpt>
	<link><![CDATA[http://www.tripadvisor.com/Hotel_Review-g190454-d228047-Reviews-Hotel_Am_Augarten-Vienna.html]]></link>
</review>
<review>
	<rating>1.0</rating>
	<author><![CDATA[A TripAdvisor Member]]></author>
	<date>2004-11-30</date>
	<title><![CDATA[Not three stars- DO NOT stay here]]></title>
	<excerpt><![CDATA[My wife and I were thoroughly disappointed by this hotel. We stayed here in late November 2004. First, it is in a horrible section of town, just down ]]></excerpt>
	<link><![CDATA[http://www.tripadvisor.com/Hotel_Review-g190454-d228047-Reviews-Hotel_Am_Augarten-Vienna.html]]></link>
</review>
<review>
	<rating>4.0</rating>
	<author><![CDATA[A Venere.com Traveler]]></author>
	<date>2009-02-11</date>
	<title><![CDATA[Camera ampia e caldissima...]]></title>
	<excerpt><![CDATA[Camera ampia e caldissima. Posizione non centralissima ma struttura ottima.
more]]></excerpt>
	<link><![CDATA[http://www.tripadvisor.com/Hotel_Review-g190454-d228047-Reviews-Hotel_Am_Augarten-Vienna.html]]></link>
</review>
<review>
	<rating>4.0</rating>
	<author><![CDATA[A Venere.com Traveler]]></author>
	<date>2008-12-31</date>
	<title><![CDATA[Estuvimos 4 noches en el hotel...]]></title>
	<excerpt><![CDATA[Estuvimos 4 noches en el hotel, la acogida fue muy buena y el personal muy amable. La habitaci&oacute;n se correspond&iacute;a...
more]]></excerpt>
	<link><![CDATA[http://www.tripadvisor.com/Hotel_Review-g190454-d228047-Reviews-Hotel_Am_Augarten-Vienna.html]]></link>
</review>
<review>
	<rating>5.0</rating>
	<author><![CDATA[A Venere.com Traveler]]></author>
	<date>2008-11-22</date>
	<title><![CDATA[Lo consigliamo vivamente: noi...]]></title>
	<excerpt><![CDATA[Lo consigliamo vivamente: noi abbiamo trascorso 6 gg a Vienna e l'albergo &egrave; uno dei tanti, bellissimi ricordi che porteremo...
more]]></excerpt>
	<link><![CDATA[http://www.tripadvisor.com/Hotel_Review-g190454-d228047-Reviews-Hotel_Am_Augarten-Vienna.html]]></link>
</review>
<review>
	<rating>4.0</rating>
	<author><![CDATA[A Venere.com Traveler]]></author>
	<date>2008-11-19</date>
	<title><![CDATA[Aunque el hotel no est en el...]]></title>
	<excerpt><![CDATA[Aunque el hotel no est&aacute; en el centro de Viena, est&aacute; a 5 minutos andando del metro. Hotel recomendable
more]]></excerpt>
	<link><![CDATA[http://www.tripadvisor.com/Hotel_Review-g190454-d228047-Reviews-or10-Hotel_Am_Augarten-Vienna.html#REVIEWS]]></link>
</review>
<review>
	<rating>4.0</rating>
	<author><![CDATA[titania78]]></author>
	<date>2008-10-06</date>
	<title><![CDATA[Molto carino]]></title>
	<excerpt><![CDATA[Abbiamo pernottato in questo hotel per 7 giorni, molto pulito e personale molto cortese. L'accesso ad internet, nella hall, non...
more]]></excerpt>
	<link><![CDATA[http://www.tripadvisor.com/Hotel_Review-g190454-d228047-Reviews-or10-Hotel_Am_Augarten-Vienna.html#REVIEWS]]></link>
</review>
<review>
	<rating>5.0</rating>
	<author><![CDATA[A Venere.com Traveler]]></author>
	<date>2008-10-01</date>
	<title><![CDATA[Excellent htel, trs...]]></title>
	<excerpt><![CDATA[Excellent h&ocirc;tel, tr&egrave;s confortable, situ&eacute; &agrave; 15-20 min &agrave; pieds ou 5 min en tramway du centre de Vienne. Le...
more]]></excerpt>
	<link><![CDATA[http://www.tripadvisor.com/Hotel_Review-g190454-d228047-Reviews-or10-Hotel_Am_Augarten-Vienna.html#REVIEWS]]></link>
</review>
<review>
	<rating>4.0</rating>
	<author><![CDATA[A Venere.com Traveler]]></author>
	<date>2008-09-13</date>
	<title><![CDATA[Ritengo la struttura valida per...]]></title>
	<excerpt><![CDATA[Ritengo la struttura valida per quanto concerne: personale,pulizia e colazione. Unici difetti la rumorosit&agrave; delle camere al primo piano (in...
]]></excerpt>
	<link><![CDATA[http://www.tripadvisor.com/Hotel_Review-g190454-d228047-Reviews-or10-Hotel_Am_Augarten-Vienna.html#REVIEWS]]></link>
</review>
<review>
	<rating>4.0</rating>
	<author><![CDATA[An Apple World Traveler]]></author>
	<date>2008-06-07</date>
	<title><![CDATA[]]></title>
	<excerpt><![CDATA[&#22899;&#24615;&#65298;&#21517;&#12391;&#23487;&#27850;&#12375;&#12383;&#12398;&#12391;&#12377;&#12364;&#12289;&#12501;&#12525;&#12531;&#12488;&#1239]]></excerpt>
	<link><![CDATA[http://www.tripadvisor.com/Hotel_Review-g190454-d228047-Reviews-or10-Hotel_Am_Augarten-Vienna.html#REVIEWS]]></link>
</review>
<review>
	<rating>2.0</rating>
	<author><![CDATA[Harmonics]]></author>
	<date>2008-05-08</date>
	<title><![CDATA[Das Augarten verdient nur ** Sterne]]></title>
	<excerpt><![CDATA[Positiv-Sehr nettes Loby Personal,Zimmer sauber.Dusche klein/halbe Glast&uuml;re problematisch.Lage gut (aber in einem 3 class Viertel von Wien.
Die P]]></excerpt>
	<link><![CDATA[http://www.tripadvisor.com/Hotel_Review-g190454-d228047-Reviews-or10-Hotel_Am_Augarten-Vienna.html#REVIEWS]]></link>
</review>
<review>
	<rating>5.0</rating>
	<author><![CDATA[A Venere.com Traveler]]></author>
	<date>2008-04-21</date>
	<title><![CDATA[Gentilissimi e...]]></title>
	<excerpt><![CDATA[Gentilissimi e professionali,colazione ottima, collegato ottimamente con il centro della citt&agrave;(raggiungibile anche a piede con una ventina di m]]></excerpt>
	<link><![CDATA[http://www.tripadvisor.com/Hotel_Review-g190454-d228047-Reviews-or10-Hotel_Am_Augarten-Vienna.html#REVIEWS]]></link>
</review>
<review>
	<rating>3.0</rating>
	<author><![CDATA[A Venere.com Traveler]]></author>
	<date>2008-04-14</date>
	<title><![CDATA[La situazione dell Hotel ...]]></title>
	<excerpt><![CDATA[La situazione dell Hotel &eacute; perfetta, tutto vicinissimo. La mia camera puzzava; il Receptionist simpatico e disponibile, bella la doccia....
mor]]></excerpt>
	<link><![CDATA[http://www.tripadvisor.com/Hotel_Review-g190454-d228047-Reviews-or10-Hotel_Am_Augarten-Vienna.html#REVIEWS]]></link>
</review>
<review>
	<rating>2.0</rating>
	<author><![CDATA[cosimoagostino]]></author>
	<date>2008-03-27</date>
	<title><![CDATA[Poca pulizia...pochissima...(dirty)]]></title>
	<excerpt><![CDATA[Parto con l'aspetto negativo: in 5 notti di permanenza e nonostante le nostre proteste la camera non &egrave; stata mai...
more]]></excerpt>
	<link><![CDATA[http://www.tripadvisor.com/Hotel_Review-g190454-d228047-Reviews-or10-Hotel_Am_Augarten-Vienna.html#REVIEWS]]></link>
</review>
<review>
	<rating>4.0</rating>
	<author><![CDATA[A Venere.com Traveler]]></author>
	<date>2008-02-27</date>
	<title><![CDATA[Es un hotel muy bonito a pocos...]]></title>
	<excerpt><![CDATA[Es un hotel muy bonito a pocos km del centro historico, al cual se puede llegar con la metro que...
more]]></excerpt>
	<link><![CDATA[http://www.tripadvisor.com/Hotel_Review-g190454-d228047-Reviews-or10-Hotel_Am_Augarten-Vienna.html#REVIEWS]]></link>
</review>
<review>
	<rating>4.0</rating>
	<author><![CDATA[A Venere.com Traveler]]></author>
	<date>2008-01-08</date>
	<title><![CDATA[Bon hotel avec un bon service...]]></title>
	<excerpt><![CDATA[Bon hotel avec un bon service. Les chambres sur rue peuvent etre bruyantes la nuit &agrave; cause du passage r&eacute;gulier...
more]]></excerpt>
	<link><![CDATA[http://www.tripadvisor.com/Hotel_Review-g190454-d228047-Reviews-or20-Hotel_Am_Augarten-Vienna.html#REVIEWS]]></link>
</review>
<review>
	<rating>5.0</rating>
	<author><![CDATA[Nuria2008]]></author>
	<date>2008-01-04</date>
	<title><![CDATA[Excelente]]></title>
	<excerpt><![CDATA[Un hotel sencillo, con muy buena comunicaci&oacute;n y un trato excelente. Desayuno muy interesante.
more]]></excerpt>
	<link><![CDATA[http://www.tripadvisor.com/Hotel_Review-g190454-d228047-Reviews-or20-Hotel_Am_Augarten-Vienna.html#REVIEWS]]></link>
</review>
<review>
	<rating>4.0</rating>
	<author><![CDATA[A Venere.com Traveler]]></author>
	<date>2008-01-04</date>
	<title><![CDATA[Albergo ben collegato sia con...]]></title>
	<excerpt><![CDATA[Albergo ben collegato sia con tram che con metro, stanze ampie con spazi ben sfruttati, riscaldamento con impianto di climatizzazione...
more]]></excerpt>
	<link><![CDATA[http://www.tripadvisor.com/Hotel_Review-g190454-d228047-Reviews-or20-Hotel_Am_Augarten-Vienna.html#REVIEWS]]></link>
</review>
<review>
	<rating>4.0</rating>
	<author><![CDATA[A Venere.com Traveler]]></author>
	<date>2007-12-29</date>
	<title><![CDATA[Considero que todos los...]]></title>
	<excerpt><![CDATA[Considero que todos los servicios del hotel son muy correctos. Lo que m&aacute;s me ha gustado: amplitud de la habitaci&oacute;n...
more]]></excerpt>
	<link><![CDATA[http://www.tripadvisor.com/Hotel_Review-g190454-d228047-Reviews-or20-Hotel_Am_Augarten-Vienna.html#REVIEWS]]></link>
</review>
<review>
	<rating>5.0</rating>
	<author><![CDATA[A Venere.com Traveler]]></author>
	<date>2007-12-19</date>
	<title><![CDATA[La struttura  leggermente...]]></title>
	<excerpt><![CDATA[La struttura &egrave; leggermente fuori Vienna (Prater)ma il tram (21)per raggiungere il centro &egrave; appena fuori l'albergo perci&ograve; in 7...
]]></excerpt>
	<link><![CDATA[http://www.tripadvisor.com/Hotel_Review-g190454-d228047-Reviews-or20-Hotel_Am_Augarten-Vienna.html#REVIEWS]]></link>
</review>
<review>
	<rating>4.0</rating>
	<author><![CDATA[A Venere.com Traveler]]></author>
	<date>2007-12-17</date>
	<title><![CDATA[Abbiamo fatto il viaggio con...]]></title>
	<excerpt><![CDATA[Abbiamo fatto il viaggio con altra copia di amici e siamo rimasti tutti soddisfatti. Dista circa 1,5km dal centro ma...
more]]></excerpt>
	<link><![CDATA[http://www.tripadvisor.com/Hotel_Review-g190454-d228047-Reviews-or20-Hotel_Am_Augarten-Vienna.html#REVIEWS]]></link>
</review>
<review>
	<rating>4.0</rating>
	<author><![CDATA[A Venere.com Traveler]]></author>
	<date>2007-11-14</date>
	<title><![CDATA[Sicuramente un'ottimo hotel...]]></title>
	<excerpt><![CDATA[Sicuramente un'ottimo hotel rapporto qualita' prezzo. La camera pulta e di dimensioni appropriate. Il personale gentile, disponibile ed anche simpatic]]></excerpt>
	<link><![CDATA[http://www.tripadvisor.com/Hotel_Review-g190454-d228047-Reviews-or20-Hotel_Am_Augarten-Vienna.html#REVIEWS]]></link>
</review>
<review>
	<rating>4.0</rating>
	<author><![CDATA[A Venere.com Traveler]]></author>
	<date>2007-10-22</date>
	<title><![CDATA[Sono stata molto bene, la...]]></title>
	<excerpt><![CDATA[Sono stata molto bene, la postazione internet nell'hotel e' GRATUITA ( cosa molto importante) e l'angolo bar (sempre gratuito)24h rende...
more]]></excerpt>
	<link><![CDATA[http://www.tripadvisor.com/Hotel_Review-g190454-d228047-Reviews-or20-Hotel_Am_Augarten-Vienna.html#REVIEWS]]></link>
</review>
<review>
	<rating>4.0</rating>
	<author><![CDATA[A Venere.com Traveler]]></author>
	<date>2007-09-15</date>
	<title><![CDATA[Ho soggiornato, insieme a mia...]]></title>
	<excerpt><![CDATA[Ho soggiornato, insieme a mia moglie, per la prima volta a Vienna dal 14 al 17 agosto. Citt&agrave; bellissima. Hotel...
more]]></excerpt>
	<link><![CDATA[http://www.tripadvisor.com/Hotel_Review-g190454-d228047-Reviews-or20-Hotel_Am_Augarten-Vienna.html#REVIEWS]]></link>
</review>
<review>
	<rating>4.0</rating>
	<author><![CDATA[A Venere.com Traveler]]></author>
	<date>2007-09-07</date>
	<title><![CDATA[Tutto perfetto, buon albergo e...]]></title>
	<excerpt><![CDATA[Tutto perfetto, buon albergo e buon trattamento
more]]></excerpt>
	<link><![CDATA[http://www.tripadvisor.com/Hotel_Review-g190454-d228047-Reviews-or20-Hotel_Am_Augarten-Vienna.html#REVIEWS]]></link>
</review>
<review>
	<rating>5.0</rating>
	<author><![CDATA[A Venere.com Traveler]]></author>
	<date>2007-09-06</date>
	<title><![CDATA[Siamo stati tre giorni...]]></title>
	<excerpt><![CDATA[Siamo stati tre giorni all'hotel e, dopo una parziale delusione per l'ampiezza non eccessiva della camera, oltre che per l'esosit&agrave;...
more]]></excerpt>
	<link><![CDATA[http://www.tripadvisor.com/Hotel_Review-g190454-d228047-Reviews-or30-Hotel_Am_Augarten-Vienna.html#REVIEWS]]></link>
</review>
<review>
	<rating>4.0</rating>
	<author><![CDATA[A Venere.com Traveler]]></author>
	<date>2007-08-29</date>
	<title><![CDATA[Albergo carino e pulito, molto...]]></title>
	<excerpt><![CDATA[Albergo carino e pulito, molto comoda la location (3 fermate di metr&ograve; dal centro). ottima la colazione. c'&egrave; the e...
more]]></excerpt>
	<link><![CDATA[http://www.tripadvisor.com/Hotel_Review-g190454-d228047-Reviews-or30-Hotel_Am_Augarten-Vienna.html#REVIEWS]]></link>
</review>
<review>
	<rating>4.0</rating>
	<author><![CDATA[A Venere.com Traveler]]></author>
	<date>2007-08-20</date>
	<title><![CDATA[Un ottimo hotel, appena fuori...]]></title>
	<excerpt><![CDATA[Un ottimo hotel, appena fuori dal centro storico di Vienna, che si pu&ograve; raggiungere tranquillamente a piedi in 15-20 minuti,...
more]]></excerpt>
	<link><![CDATA[http://www.tripadvisor.com/Hotel_Review-g190454-d228047-Reviews-or30-Hotel_Am_Augarten-Vienna.html#REVIEWS]]></link>
</review>
<review>
	<rating>4.0</rating>
	<author><![CDATA[A Venere.com Traveler]]></author>
	<date>2007-08-11</date>
	<title><![CDATA[L'hotel e' molto carino ed...]]></title>
	<excerpt><![CDATA[L'hotel e' molto carino ed accogliente. dalla stazione sono circa 10 min a piedi, di fronte c'e' la fermata del...
more]]></excerpt>
	<link><![CDATA[http://www.tripadvisor.com/Hotel_Review-g190454-d228047-Reviews-or30-Hotel_Am_Augarten-Vienna.html#REVIEWS]]></link>
</review>
<review>
	<rating>2.0</rating>
	<author><![CDATA[dvd1977]]></author>
	<date>2007-07-21</date>
	<title><![CDATA[discreto]]></title>
	<excerpt><![CDATA[situato vicino la metro pratestern, e vicino la fermata del tram, certo non vicinissimo alcentro ma cmq in buona posizione....
more]]></excerpt>
	<link><![CDATA[http://www.tripadvisor.com/Hotel_Review-g190454-d228047-Reviews-or30-Hotel_Am_Augarten-Vienna.html#REVIEWS]]></link>
</review>
<review>
	<rating>5.0</rating>
	<author><![CDATA[A Venere.com Traveler]]></author>
	<date>2007-05-22</date>
	<title><![CDATA[Man ist in diesem Hotel nur...]]></title>
	<excerpt><![CDATA[Man ist in diesem Hotel nur positiv &uuml;berrascht. Beispiel: Meinem Wunsche, mir ein Werkzeug auszuleihen, um in meinen zu weiten...
more]]></excerpt>
	<link><![CDATA[http://www.tripadvisor.com/Hotel_Review-g190454-d228047-Reviews-or30-Hotel_Am_Augarten-Vienna.html#REVIEWS]]></link>
</review>
<review>
	<rating>4.0</rating>
	<author><![CDATA[A Venere.com Traveler]]></author>
	<date>2007-01-13</date>
	<title><![CDATA[Davvero consigliato. Tutto come...]]></title>
	<excerpt><![CDATA[Davvero consigliato. Tutto come sul sito. Ben collegato all'aeroporto, raggiungibile con il treno S. Dintorni poco frequentati di sera.
more]]></excerpt>
	<link><![CDATA[http://www.tripadvisor.com/Hotel_Review-g190454-d228047-Reviews-or30-Hotel_Am_Augarten-Vienna.html#REVIEWS]]></link>
</review>
<review>
	<rating>4.0</rating>
	<author><![CDATA[An Expedia Traveler]]></author>
	<date>2007-01-09</date>
	<title><![CDATA[Gutes Hotel fr Stadttouristen]]></title>
	<excerpt><![CDATA[Das ***-Hotel ist insbesondere f&uuml;r Stadttouristen empfehlenswert. Das Hotel liegt im 2. Bezirk von Wien, ganz in der N&auml;he des...
more]]></excerpt>
	<link><![CDATA[http://www.tripadvisor.com/Hotel_Review-g190454-d228047-Reviews-or30-Hotel_Am_Augarten-Vienna.html#REVIEWS]]></link>
</review>
<review>
	<rating>4.0</rating>
	<author><![CDATA[An Expedia Traveler]]></author>
	<date>2006-11-16</date>
	<title><![CDATA[Lobenswert]]></title>
	<excerpt><![CDATA[Foto ist tr&uuml;gerisch. Hotel ist ensprechend der 3 Sterne gut, gepflegt, freundlich. Zentral gelegen um mit &ouml;ffenlichen Verkehsmitteln Wien ke]]></excerpt>
	<link><![CDATA[http://www.tripadvisor.com/Hotel_Review-g190454-d228047-Reviews-or30-Hotel_Am_Augarten-Vienna.html#REVIEWS]]></link>
</review>
<review>
	<rating>4.0</rating>
	<author><![CDATA[An Apple World Traveler]]></author>
	<date>2006-11-01</date>
	<title><![CDATA[]]></title>
	<excerpt><![CDATA[&#12356;&#12388;&#12418;&#12399;4&#12388;&#26143;&#20197;&#19979;&#12399;&#27850;&#12414;&#12425;&#12394;&#12356;&#12398;&#12391;&#12377;&#12364;&#123]]></excerpt>
	<link><![CDATA[http://www.tripadvisor.com/Hotel_Review-g190454-d228047-Reviews-or30-Hotel_Am_Augarten-Vienna.html#REVIEWS]]></link>
</review>
<review>
	<rating>4.0</rating>
	<author><![CDATA[An Expedia Traveler]]></author>
	<date>2006-09-25</date>
	<title><![CDATA[gemtliches sauberes Hotel der MIttelklasse]]></title>
	<excerpt><![CDATA[Das Hotel liegt sehr zentral mit N&auml;he zum Prater und guter U-Bahnanbindung (ca. 5 Gehminuten). es ist gem&uuml;tlich, und f&uuml;r...
more]]></excerpt>
	<link><![CDATA[http://www.tripadvisor.com/Hotel_Review-g190454-d228047-Reviews-or40-Hotel_Am_Augarten-Vienna.html#REVIEWS]]></link>
</review>
<review>
	<rating>5.0</rating>
	<author><![CDATA[An Expedia Traveler]]></author>
	<date>2006-09-25</date>
	<title><![CDATA[Immer wieder]]></title>
	<excerpt><![CDATA[Hotel liegt zentral in Pratern&auml;he. Essen(Fr&uuml;hst&uuml;ck) und Personal sehr gut. Zimmer komfortabel und sahen auch so aus wie auf den...
more]]></excerpt>
	<link><![CDATA[http://www.tripadvisor.com/Hotel_Review-g190454-d228047-Reviews-or40-Hotel_Am_Augarten-Vienna.html#REVIEWS]]></link>
</review>
<review>
	<rating>5.0</rating>
	<author><![CDATA[An Expedia Traveler]]></author>
	<date>2006-09-09</date>
	<title><![CDATA[Zustand des Hotels etc]]></title>
	<excerpt><![CDATA[Das Hotel ist in einem sehr gepflegten Zustand. Die Zimmer verf&uuml;gen &uuml;ber ein Bett, einen ger&auml;umigen Schrank mit einem Safe...
more]]></excerpt>
	<link><![CDATA[http://www.tripadvisor.com/Hotel_Review-g190454-d228047-Reviews-or40-Hotel_Am_Augarten-Vienna.html#REVIEWS]]></link>
</review>
<review>
	<rating>4.0</rating>
	<author><![CDATA[A Venere.com Traveler]]></author>
	<date>2006-08-23</date>
	<title><![CDATA[Abendliche anreise schockte uns...]]></title>
	<excerpt><![CDATA[Abendliche anreise schockte uns etwas wegen einiger eindeutigen lokalit&auml;ten... tip &uuml;ber schwedenplatz und dann mit der tram 21 anreisen, ist]]></excerpt>
	<link><![CDATA[http://www.tripadvisor.com/Hotel_Review-g190454-d228047-Reviews-or40-Hotel_Am_Augarten-Vienna.html#REVIEWS]]></link>
</review>
<review>
	<rating>4.0</rating>
	<author><![CDATA[A Venere.com Traveler]]></author>
	<date>2006-05-31</date>
	<title><![CDATA[Nessun problema da segnalare...]]></title>
	<excerpt><![CDATA[Nessun problema da segnalare. Alla reception sono molto gentili. Il servizio &egrave; conforme a quello descritto sul web. Unica pecca:...
more]]></excerpt>
	<link><![CDATA[http://www.tripadvisor.com/Hotel_Review-g190454-d228047-Reviews-or40-Hotel_Am_Augarten-Vienna.html#REVIEWS]]></link>
</review>
<review>
	<rating>5.0</rating>
	<author><![CDATA[A Venere.com Traveler]]></author>
	<date>2006-03-06</date>
	<title><![CDATA[Avant de partir on avais lu que...]]></title>
	<excerpt><![CDATA[Avant de partir on avais lu que tout &eacute;tait plus cher &agrave; Vienne sauf les restaurants. Alors on a peut...
more]]></excerpt>
	<link><![CDATA[http://www.tripadvisor.com/Hotel_Review-g190454-d228047-Reviews-or40-Hotel_Am_Augarten-Vienna.html#REVIEWS]]></link>
</review>
<review>
	<rating>5.0</rating>
	<author><![CDATA[A Venere.com Traveler]]></author>
	<date>2006-02-13</date>
	<title><![CDATA[Difficilmente in Italia si pu...]]></title>
	<excerpt><![CDATA[Difficilmente in Italia si pu&ograve; trovare un hotel come questo, se non a prezzi molto superiori. Anche se non parlo...
more]]></excerpt>
	<link><![CDATA[http://www.tripadvisor.com/Hotel_Review-g190454-d228047-Reviews-or40-Hotel_Am_Augarten-Vienna.html#REVIEWS]]></link>
</review>
<review>
	<rating>4.0</rating>
	<author><![CDATA[A Venere.com Traveler]]></author>
	<date>2005-12-30</date>
	<title><![CDATA[Der allgemeine Zustand der...]]></title>
	<excerpt><![CDATA[Der allgemeine Zustand der Dusche lie&szlig; zu w&uuml;nschen &uuml;brig.Die Dusche m&uuml;sste unbedingt erneuert oder zumindest stark verbessert wer]]></excerpt>
	<link><![CDATA[http://www.tripadvisor.com/Hotel_Review-g190454-d228047-Reviews-or40-Hotel_Am_Augarten-Vienna.html#REVIEWS]]></link>
</review>
<review>
	<rating>4.0</rating>
	<author><![CDATA[A Venere.com Traveler]]></author>
	<date>2005-10-08</date>
	<title><![CDATA[Ci siamo trovati discretamente...]]></title>
	<excerpt><![CDATA[Ci siamo trovati discretamente come Hotel, per&ograve; il personale non sapeva una parola di italiano, la qual cosa ci ha...
more]]></excerpt>
	<link><![CDATA[http://www.tripadvisor.com/Hotel_Review-g190454-d228047-Reviews-or40-Hotel_Am_Augarten-Vienna.html#REVIEWS]]></link>
</review>
<review>
	<rating>3.0</rating>
	<author><![CDATA[A Venere.com Traveler]]></author>
	<date>2005-08-24</date>
	<title><![CDATA[Dovrebbero specificare che...]]></title>
	<excerpt><![CDATA[Dovrebbero specificare che nella zona attorno all'albergo i parcheggi sono a pagamento con moneta. Occorre parcheggiare vicino al Prater (che...
more]]></excerpt>
	<link><![CDATA[http://www.tripadvisor.com/Hotel_Review-g190454-d228047-Reviews-or40-Hotel_Am_Augarten-Vienna.html#REVIEWS]]></link>
</review>
<review>
	<rating>4.0</rating>
	<author><![CDATA[An Apple World Traveler]]></author>
	<date>2005-01-07</date>
	<title><![CDATA[]]></title>
	<excerpt><![CDATA[&#27598;&#24230;&#12362;&#39348;&#26579;&#12415;&#12424;&#12426;&#12362;&#12391;&#12377;&#12290;&#22823;&#26214;&#26085;&#12398;&#12371;&#12358;&#1241]]></excerpt>
	<link><![CDATA[http://www.tripadvisor.com/Hotel_Review-g190454-d228047-Reviews-or50-Hotel_Am_Augarten-Vienna.html#REVIEWS]]></link>
</review>
<review>
	<rating>0.0</rating>
	<author><![CDATA[An Apple World Traveler]]></author>
	<date>2004-01-30</date>
	<title><![CDATA[10...]]></title>
	<excerpt><![CDATA[&#21271;&#39365;&#12363;&#12425;&#24466;&#27497;&#12391;10&#20998;&#12411;&#12393;&#12289;&#12488;&#12521;&#12512;21&#30058;&#12391;2&#12388;&#12417;&]]></excerpt>
	<link><![CDATA[http://www.tripadvisor.com/Hotel_Review-g190454-d228047-Reviews-or50-Hotel_Am_Augarten-Vienna.html#REVIEWS]]></link>
</review>
</source>