<source name="Trip Advisor" avg-rating="4.5">
<review>
	<rating>4.0</rating>
	<author><![CDATA[PGRBrussels]]></author>
	<date>2009-03-03</date>
	<title><![CDATA[Perfect Vienna hotel.. almost]]></title>
	<excerpt><![CDATA[This is an excellent hotel:
Location: just outside the ring but only 2 tram stops to Schwartzenburg Platz where you can pick up other trams, one block]]></excerpt>
	<link><![CDATA[http://www.tripadvisor.com/Hotel_Review-g190454-d668721-Reviews-Lindner_Hotel_Am_Belvedere-Vienna.html]]></link>
</review>
<review>
	<rating>5.0</rating>
	<author><![CDATA[glitterqueen888]]></author>
	<date>2009-02-25</date>
	<title><![CDATA[Modern and very comfortable but be careful if you get a middle door]]></title>
	<excerpt><![CDATA[We stayed 4 nights in this hotel and we really enjoyed it. The room was very big and comfortable. The breakfast buffet was great and the staff very fr]]></excerpt>
	<link><![CDATA[http://www.tripadvisor.com/Hotel_Review-g190454-d668721-Reviews-Lindner_Hotel_Am_Belvedere-Vienna.html]]></link>
</review>
<review>
	<rating>5.0</rating>
	<author><![CDATA[GalwayAisha]]></author>
	<date>2009-02-18</date>
	<title><![CDATA[Service with a smile]]></title>
	<excerpt><![CDATA[I'm in agreement with a lot of the other reviews. I really loved this hotel. It was good value for money, good location and the staff were really help]]></excerpt>
	<link><![CDATA[http://www.tripadvisor.com/Hotel_Review-g190454-d668721-Reviews-Lindner_Hotel_Am_Belvedere-Vienna.html]]></link>
</review>
<review>
	<rating>3.0</rating>
	<author><![CDATA[THECLEVERADVISOR]]></author>
	<date>2009-01-15</date>
	<title><![CDATA[PERFECT ROOM - Not so perfect service.....]]></title>
	<excerpt><![CDATA[Rooms are perfetct, full of atmosphere. Cozy. Elegant. Would have rated 5 stars. However service need much improvement. Room service is quite a disast]]></excerpt>
	<link><![CDATA[http://www.tripadvisor.com/Hotel_Review-g190454-d668721-Reviews-Lindner_Hotel_Am_Belvedere-Vienna.html]]></link>
</review>
<review>
	<rating>5.0</rating>
	<author><![CDATA[Dirk49]]></author>
	<date>2009-01-02</date>
	<title><![CDATA[So Close to the Centre but So Quiet]]></title>
	<excerpt><![CDATA[The Lindner Am Belvedere is quite new but carefully slotted into an historic area, indeed the Belvedere Palais can be seen from the windows of rooms a]]></excerpt>
	<link><![CDATA[http://www.tripadvisor.com/Hotel_Review-g190454-d668721-Reviews-Lindner_Hotel_Am_Belvedere-Vienna.html]]></link>
</review>
<review>
	<rating>1.0</rating>
	<author><![CDATA[kabukabu]]></author>
	<date>2009-01-02</date>
	<title><![CDATA[The sheets were not changed]]></title>
	<excerpt><![CDATA[when we came back to the hotelroom around 5pm, the room was not cleaned. (we of course had put the sign &quot;please clean the room&quot; before we we]]></excerpt>
	<link><![CDATA[http://www.tripadvisor.com/Hotel_Review-g190454-d668721-Reviews-Lindner_Hotel_Am_Belvedere-Vienna.html]]></link>
</review>
<review>
	<rating>4.0</rating>
	<author><![CDATA[julia687]]></author>
	<date>2008-12-28</date>
	<title><![CDATA[Very nice hotel]]></title>
	<excerpt><![CDATA[This is a lovely hotel at a very reasonable cost that I would certainly recommend.
The room was nice, it was quiet and I didnt hear any noise from the]]></excerpt>
	<link><![CDATA[http://www.tripadvisor.com/Hotel_Review-g190454-d668721-Reviews-Lindner_Hotel_Am_Belvedere-Vienna.html]]></link>
</review>
<review>
	<rating>5.0</rating>
	<author><![CDATA[CTTan]]></author>
	<date>2008-12-26</date>
	<title><![CDATA[Pleasant Experience]]></title>
	<excerpt><![CDATA[We (family of 4) stayed 3 nights in mid December. We were given 2 inter-connecting rooms which was very convenient. Booked the hotel through Hotel Clu]]></excerpt>
	<link><![CDATA[http://www.tripadvisor.com/Hotel_Review-g190454-d668721-Reviews-Lindner_Hotel_Am_Belvedere-Vienna.html]]></link>
</review>
<review>
	<rating>4.0</rating>
	<author><![CDATA[Matt_and_Bev]]></author>
	<date>2008-12-21</date>
	<title><![CDATA[Great Hotel, Friendly staff.]]></title>
	<excerpt><![CDATA[The Hotel Lindner Am Belvedere is a very nice hotel.
My wife and I stayed mid December and we could find nothing to complain about.
The rooms were ver]]></excerpt>
	<link><![CDATA[http://www.tripadvisor.com/Hotel_Review-g190454-d668721-Reviews-Lindner_Hotel_Am_Belvedere-Vienna.html]]></link>
</review>
<review>
	<rating>4.0</rating>
	<author><![CDATA[love2travelTelAviv]]></author>
	<date>2008-12-21</date>
	<title><![CDATA[Excellent hotel, very good value]]></title>
	<excerpt><![CDATA[My husband and I spent 4 nights in the beginning of December at the Lindner. The room could be easily rated 5-stars: very modern, nicely decorated, gr]]></excerpt>
	<link><![CDATA[http://www.tripadvisor.com/Hotel_Review-g190454-d668721-Reviews-Lindner_Hotel_Am_Belvedere-Vienna.html]]></link>
</review>
<review>
	<rating>5.0</rating>
	<author><![CDATA[Travellover6780]]></author>
	<date>2008-12-12</date>
	<title><![CDATA[Superb hotel, Beautiful City]]></title>
	<excerpt><![CDATA[My partner and I stayed in this hotel on the first weekend of December, 2008 and I can honestly say it was a great experience and by far one of the ni]]></excerpt>
	<link><![CDATA[http://www.tripadvisor.com/Hotel_Review-g190454-d668721-Reviews-or10-Lindner_Hotel_Am_Belvedere-Vienna.html#REVIEWS]]></link>
</review>
<review>
	<rating>5.0</rating>
	<author><![CDATA[gadflyUk]]></author>
	<date>2008-12-11</date>
	<title><![CDATA[Third man hiding]]></title>
	<excerpt><![CDATA[On the edge of the inner ring road. Short 20 mins walk through some lovely squares from inner city, shops, museums and sights. Good tram service and U]]></excerpt>
	<link><![CDATA[http://www.tripadvisor.com/Hotel_Review-g190454-d668721-Reviews-or10-Lindner_Hotel_Am_Belvedere-Vienna.html#REVIEWS]]></link>
</review>
<review>
	<rating>5.0</rating>
	<author><![CDATA[TravelerfromCanada]]></author>
	<date>2008-11-30</date>
	<title><![CDATA[Very nice hotel]]></title>
	<excerpt><![CDATA[I booked a four-night deal through ameropa.de, and got a great deal. This is a genuine 4* hotel. The location worked out well when I walked back from ]]></excerpt>
	<link><![CDATA[http://www.tripadvisor.com/Hotel_Review-g190454-d668721-Reviews-or10-Lindner_Hotel_Am_Belvedere-Vienna.html#REVIEWS]]></link>
</review>
<review>
	<rating>5.0</rating>
	<author><![CDATA[lazzzarakos]]></author>
	<date>2008-11-26</date>
	<title><![CDATA[Absolutely recommended!]]></title>
	<excerpt><![CDATA[Really excellent hotel with brilliant service, nice, modern, clean rooms. Only a few minutes from Rennweg train station and from the Ring, its locatio]]></excerpt>
	<link><![CDATA[http://www.tripadvisor.com/Hotel_Review-g190454-d668721-Reviews-or10-Lindner_Hotel_Am_Belvedere-Vienna.html#REVIEWS]]></link>
</review>
<review>
	<rating>5.0</rating>
	<author><![CDATA[mataresAthens]]></author>
	<date>2008-10-29</date>
	<title><![CDATA[perfect choise]]></title>
	<excerpt><![CDATA[Date February 2007
a young couple from greece
wonderful hotel.....the location is perfect......near the center with the bus....the room spacious very ]]></excerpt>
	<link><![CDATA[http://www.tripadvisor.com/Hotel_Review-g190454-d668721-Reviews-or10-Lindner_Hotel_Am_Belvedere-Vienna.html#REVIEWS]]></link>
</review>
<review>
	<rating>4.0</rating>
	<author><![CDATA[theteflonpm]]></author>
	<date>2008-10-15</date>
	<title><![CDATA[Very helpful staff, great breakfast selection!]]></title>
	<excerpt><![CDATA[I was very pleased with my stay at the hotel. I booked my stay here on the basis of comparing reviews published on Trip Advisor and I was not disappoi]]></excerpt>
	<link><![CDATA[http://www.tripadvisor.com/Hotel_Review-g190454-d668721-Reviews-or10-Lindner_Hotel_Am_Belvedere-Vienna.html#REVIEWS]]></link>
</review>
<review>
	<rating>4.0</rating>
	<author><![CDATA[50yr-voyager]]></author>
	<date>2008-10-15</date>
	<title><![CDATA[Good Choice]]></title>
	<excerpt><![CDATA[booked this hotel on the strength of the good reviews on Tripadvisor and we were not disappointed. Breakfast was good with loads of choice. Cocktail B]]></excerpt>
	<link><![CDATA[http://www.tripadvisor.com/Hotel_Review-g190454-d668721-Reviews-or10-Lindner_Hotel_Am_Belvedere-Vienna.html#REVIEWS]]></link>
</review>
<review>
	<rating>5.0</rating>
	<author><![CDATA[BeetleBumbee]]></author>
	<date>2008-10-05</date>
	<title><![CDATA[Loved the Lindner]]></title>
	<excerpt><![CDATA[We stayed at the Lindner in September for a week. We were picked up by the hotel limo and it took less than 30 minutes to get to the hotel.
We had a d]]></excerpt>
	<link><![CDATA[http://www.tripadvisor.com/Hotel_Review-g190454-d668721-Reviews-or10-Lindner_Hotel_Am_Belvedere-Vienna.html#REVIEWS]]></link>
</review>
<review>
	<rating>5.0</rating>
	<author><![CDATA[meg1978]]></author>
	<date>2008-10-02</date>
	<title><![CDATA[Wonderful Hotel!]]></title>
	<excerpt><![CDATA[We stayed at the Lindner am Belvedere for four nights in September 2008 and loved it. The location is central being only a 10 minute walk to the Rings]]></excerpt>
	<link><![CDATA[http://www.tripadvisor.com/Hotel_Review-g190454-d668721-Reviews-or10-Lindner_Hotel_Am_Belvedere-Vienna.html#REVIEWS]]></link>
</review>
<review>
	<rating>5.0</rating>
	<author><![CDATA[atheniantraveller]]></author>
	<date>2008-09-27</date>
	<title><![CDATA[Good value for business or pleasure]]></title>
	<excerpt><![CDATA[Modern rooms but make sure you ask for one with a view to the Belvedere palace. Good location near the Belvedere and the embassies. Excellent breakfas]]></excerpt>
	<link><![CDATA[http://www.tripadvisor.com/Hotel_Review-g190454-d668721-Reviews-or10-Lindner_Hotel_Am_Belvedere-Vienna.html#REVIEWS]]></link>
</review>
<review>
	<rating>5.0</rating>
	<author><![CDATA[sunloveny]]></author>
	<date>2008-09-16</date>
	<title><![CDATA[Great Stay at the Lindner]]></title>
	<excerpt><![CDATA[We stayed 3 nights in Vienna in March 2008. We came to this hotel by accident, as we arrived in Vienna on Easter Weekend and had reservations at the H]]></excerpt>
	<link><![CDATA[http://www.tripadvisor.com/Hotel_Review-g190454-d668721-Reviews-or20-Lindner_Hotel_Am_Belvedere-Vienna.html#REVIEWS]]></link>
</review>
<review>
	<rating>4.0</rating>
	<author><![CDATA[dowo]]></author>
	<date>2008-08-27</date>
	<title><![CDATA[Nice stay]]></title>
	<excerpt><![CDATA[The hotel is situated very close to the Lower Belvedere (tram 71 stop). It's in walking distance to Karlsplatz. If you get on tran no. 71 it's only 2 ]]></excerpt>
	<link><![CDATA[http://www.tripadvisor.com/Hotel_Review-g190454-d668721-Reviews-or20-Lindner_Hotel_Am_Belvedere-Vienna.html#REVIEWS]]></link>
</review>
<review>
	<rating>5.0</rating>
	<author><![CDATA[MRB10]]></author>
	<date>2008-08-19</date>
	<title><![CDATA[Loved it]]></title>
	<excerpt><![CDATA[We initially had trouble booking a hotel in Vienna due to the Euro soccer so booked the Belvedere out of sheer desperation. We couldn't have been happ]]></excerpt>
	<link><![CDATA[http://www.tripadvisor.com/Hotel_Review-g190454-d668721-Reviews-or20-Lindner_Hotel_Am_Belvedere-Vienna.html#REVIEWS]]></link>
</review>
<review>
	<rating>5.0</rating>
	<author><![CDATA[Kanerva]]></author>
	<date>2008-07-18</date>
	<title><![CDATA[Loved it!]]></title>
	<excerpt><![CDATA[Unfortunately had a chance to stay only two nights at Belvedere. Loved the hotel from the moment we stepped in! Very nice and friendly staff and beaut]]></excerpt>
	<link><![CDATA[http://www.tripadvisor.com/Hotel_Review-g190454-d668721-Reviews-or20-Lindner_Hotel_Am_Belvedere-Vienna.html#REVIEWS]]></link>
</review>
<review>
	<rating>5.0</rating>
	<author><![CDATA[Μαρία_]]></author>
	<date>2008-07-15</date>
	<title><![CDATA[Best vacations ever....unique hotel]]></title>
	<excerpt><![CDATA[Trying to find the best suitable hotel for our vacations in Vienna, I explored all tripadvisor's page concerning Vienna's hotel and I found Lindner. I]]></excerpt>
	<link><![CDATA[http://www.tripadvisor.com/Hotel_Review-g190454-d668721-Reviews-or20-Lindner_Hotel_Am_Belvedere-Vienna.html#REVIEWS]]></link>
</review>
<review>
	<rating>4.0</rating>
	<author><![CDATA[Finnish_family]]></author>
	<date>2008-05-03</date>
	<title><![CDATA[A good choice]]></title>
	<excerpt><![CDATA[We stayed 4 nights in hotel Lindner am Belvedere in the end of April. Hotel Lindner am Belvedere is a nice comfortable hotel about 10 -15 minutes walk]]></excerpt>
	<link><![CDATA[http://www.tripadvisor.com/Hotel_Review-g190454-d668721-Reviews-or20-Lindner_Hotel_Am_Belvedere-Vienna.html#REVIEWS]]></link>
</review>
<review>
	<rating>5.0</rating>
	<author><![CDATA[Topleader]]></author>
	<date>2008-01-29</date>
	<title><![CDATA[Great experience]]></title>
	<excerpt><![CDATA[Stayed here for 3 nights in December. Really nice modern hotel. Good size room with comforable bed. Flat screen TV (although the picture kept freezing]]></excerpt>
	<link><![CDATA[http://www.tripadvisor.com/Hotel_Review-g190454-d668721-Reviews-or20-Lindner_Hotel_Am_Belvedere-Vienna.html#REVIEWS]]></link>
</review>
<review>
	<rating>4.0</rating>
	<author><![CDATA[electrica]]></author>
	<date>2007-11-28</date>
	<title><![CDATA[Modern hotel, not so friendly staff]]></title>
	<excerpt><![CDATA[We just returned from Lindner Hotel am Belvedere. It is a nice, modern hotel with good sized rooms, having all the amenities. At the check-in, we were]]></excerpt>
	<link><![CDATA[http://www.tripadvisor.com/Hotel_Review-g190454-d668721-Reviews-or20-Lindner_Hotel_Am_Belvedere-Vienna.html#REVIEWS]]></link>
</review>
<review>
	<rating>5.0</rating>
	<author><![CDATA[Bear73]]></author>
	<date>2007-10-24</date>
	<title><![CDATA[Fantastic - great in every way]]></title>
	<excerpt><![CDATA[My stay at the Linder was fantastic. The hotel is new and clean and stylishly decorated. The room was a great size and quiet too. It's in a good locat]]></excerpt>
	<link><![CDATA[http://www.tripadvisor.com/Hotel_Review-g190454-d668721-Reviews-or20-Lindner_Hotel_Am_Belvedere-Vienna.html#REVIEWS]]></link>
</review>
<review>
	<rating>5.0</rating>
	<author><![CDATA[euro2006]]></author>
	<date>2007-10-05</date>
	<title><![CDATA[Awesome, will stay there again]]></title>
	<excerpt><![CDATA[I was there in late Sept for two nights. The hotel is brand new and delivered exceptional service.
I love their breakfast - freshly made omelet, panca]]></excerpt>
	<link><![CDATA[http://www.tripadvisor.com/Hotel_Review-g190454-d668721-Reviews-or20-Lindner_Hotel_Am_Belvedere-Vienna.html#REVIEWS]]></link>
</review>
<review>
	<rating>4.0</rating>
	<author><![CDATA[Lor80milano]]></author>
	<date>2009-03-05</date>
	<title><![CDATA[Pulito e confortevole]]></title>
	<excerpt><![CDATA[Ho soggiornato solo una notte in questo albergo.
Sicuramente pulito e confortevole. Uniche pecche: internet a pagamento e la posizione...
more]]></excerpt>
	<link><![CDATA[http://www.tripadvisor.com/Hotel_Review-g190454-d668721-Reviews-or30-Lindner_Hotel_Am_Belvedere-Vienna.html#REVIEWS]]></link>
</review>
<review>
	<rating>4.0</rating>
	<author><![CDATA[klandos]]></author>
	<date>2009-02-28</date>
	<title><![CDATA[Bien plac trs bon choix]]></title>
	<excerpt><![CDATA[Hotel bien plac&eacute;, digne d un 4 &eacute;toiles, &agrave; cot&eacute; du belvedere, le tram passe en face de l hotel...
more]]></excerpt>
	<link><![CDATA[http://www.tripadvisor.com/Hotel_Review-g190454-d668721-Reviews-or30-Lindner_Hotel_Am_Belvedere-Vienna.html#REVIEWS]]></link>
</review>
<review>
	<rating>5.0</rating>
	<author><![CDATA[JeanGrenoble]]></author>
	<date>2008-11-13</date>
	<title><![CDATA[parfait]]></title>
	<excerpt><![CDATA[Tr&egrave;s bon &eacute;tablissement, tr&egrave;s bien plac&eacute; &agrave; proximit&eacute; de Rennweg station (moins d'1/2 heure pour l'a&eacute;ro]]></excerpt>
	<link><![CDATA[http://www.tripadvisor.com/Hotel_Review-g190454-d668721-Reviews-or30-Lindner_Hotel_Am_Belvedere-Vienna.html#REVIEWS]]></link>
</review>
<review>
	<rating>5.0</rating>
	<author><![CDATA[tetsuham]]></author>
	<date>2008-10-20</date>
	<title><![CDATA[]]></title>
	<excerpt><![CDATA[&#12288;&#65299;&#27850;&#21033;&#29992;&#12375;&#12414;&#12375;&#12383;&#12364;&#12289;&#26032;&#12375;&#12356;&#12507;&#12486;&#12523;&#12391;&#1228]]></excerpt>
	<link><![CDATA[http://www.tripadvisor.com/Hotel_Review-g190454-d668721-Reviews-or30-Lindner_Hotel_Am_Belvedere-Vienna.html#REVIEWS]]></link>
</review>
<review>
	<rating>4.0</rating>
	<author><![CDATA[Aquilino]]></author>
	<date>2008-08-28</date>
	<title><![CDATA[Perfecto y profesional]]></title>
	<excerpt><![CDATA[Estupenda estancia de 4 noches. Pese a ser una cadena de raigambre germ&aacute;nica, se esforzaron por complacernos a los 4...
more]]></excerpt>
	<link><![CDATA[http://www.tripadvisor.com/Hotel_Review-g190454-d668721-Reviews-or30-Lindner_Hotel_Am_Belvedere-Vienna.html#REVIEWS]]></link>
</review>
<review>
	<rating>3.0</rating>
	<author><![CDATA[An Expedia Traveler]]></author>
	<date>2008-08-26</date>
	<title><![CDATA[Schmuddeldecke im 4 Sterne Hotel]]></title>
	<excerpt><![CDATA[Foyer und Zimmer sind modern und sch&ouml;n gestaltet, die Flure sind d&uuml;ster. &Uuml;berdecke und Kopfrollen des Bettes sehr schmuddelig, hat...
m]]></excerpt>
	<link><![CDATA[http://www.tripadvisor.com/Hotel_Review-g190454-d668721-Reviews-or30-Lindner_Hotel_Am_Belvedere-Vienna.html#REVIEWS]]></link>
</review>
<review>
	<rating>5.0</rating>
	<author><![CDATA[SabinaHamm]]></author>
	<date>2008-08-18</date>
	<title><![CDATA[Empfehlenswert!]]></title>
	<excerpt><![CDATA[Das Lindner Hotel Wien ist ein modernes und neues Hotel, nicht weit vom Zentrum entfernt. Besonders sch&ouml;n ist die Lage...
more]]></excerpt>
	<link><![CDATA[http://www.tripadvisor.com/Hotel_Review-g190454-d668721-Reviews-or30-Lindner_Hotel_Am_Belvedere-Vienna.html#REVIEWS]]></link>
</review>
<review>
	<rating>3.0</rating>
	<author><![CDATA[amicheTokyo]]></author>
	<date>2008-08-12</date>
	<title><![CDATA[]]></title>
	<excerpt><![CDATA[&#24314;&#29289;&#12420;&#20869;&#35013;&#12399;&#26032;&#12375;&#12356;&#12391;&#12377;&#12364;&#12289;4&#12484;&#26143;&#12394;&#12398;&#12395;&#254]]></excerpt>
	<link><![CDATA[http://www.tripadvisor.com/Hotel_Review-g190454-d668721-Reviews-or30-Lindner_Hotel_Am_Belvedere-Vienna.html#REVIEWS]]></link>
</review>
<review>
	<rating>5.0</rating>
	<author><![CDATA[An Apple World Traveler]]></author>
	<date>2008-08-10</date>
	<title><![CDATA[]]></title>
	<excerpt><![CDATA[2007&#24180;&#38283;&#26989;&#12398;&#12392;&#12390;&#12418;&#12365;&#12428;&#12356;&#12394;&#26032;&#12375;&#12356;&#12507;&#12486;&#12523;&#12391;&#]]></excerpt>
	<link><![CDATA[http://www.tripadvisor.com/Hotel_Review-g190454-d668721-Reviews-or30-Lindner_Hotel_Am_Belvedere-Vienna.html#REVIEWS]]></link>
</review>
<review>
	<rating>5.0</rating>
	<author><![CDATA[An Expedia Traveler]]></author>
	<date>2008-06-03</date>
	<title><![CDATA[Rundum Wohlgefhlt]]></title>
	<excerpt><![CDATA[Lindner am Belvedere ist durch die zentrale Lage, mit Stra&szlig;enbahn fast vor der T&uuml;r super gelegen. Das Personal ist sehr...
more]]></excerpt>
	<link><![CDATA[http://www.tripadvisor.com/Hotel_Review-g190454-d668721-Reviews-or30-Lindner_Hotel_Am_Belvedere-Vienna.html#REVIEWS]]></link>
</review>
<review>
	<rating>3.0</rating>
	<author><![CDATA[LillyVanessi]]></author>
	<date>2008-04-07</date>
	<title><![CDATA[Hervorragendes Preis/Leistungs-Verhltnis]]></title>
	<excerpt><![CDATA[Die Zimmerausstattung ist mond&auml;n-gestylt, der Ausblick vom 7. (und letzten) Stock einzigartig, denn man &uuml;berschaut den Park des Schlosses Be]]></excerpt>
	<link><![CDATA[http://www.tripadvisor.com/Hotel_Review-g190454-d668721-Reviews-or40-Lindner_Hotel_Am_Belvedere-Vienna.html#REVIEWS]]></link>
</review>
<review>
	<rating>4.0</rating>
	<author><![CDATA[FracLi_ge]]></author>
	<date>2008-03-05</date>
	<title><![CDATA[(trs) bon rapport qualit/prix]]></title>
	<excerpt><![CDATA[Il s'agissait d'une chambre triple (standard je pense)car nous &eacute;tions l&agrave; avec notre fille de 7ans. En regardant sur le...
more]]></excerpt>
	<link><![CDATA[http://www.tripadvisor.com/Hotel_Review-g190454-d668721-Reviews-or40-Lindner_Hotel_Am_Belvedere-Vienna.html#REVIEWS]]></link>
</review>
</source>