<source name="Trip Advisor" avg-rating="4.0">
<review>
	<rating>4.0</rating>
	<author><![CDATA[chefrancisco]]></author>
	<date>2008-11-11</date>
	<title><![CDATA[&#x201c;Serenity at its best!&#x201d;]]></title>
	<excerpt><![CDATA[Friedhof St. Marx has etched its significance by becoming the original resting place of Wolfgang Amadeus Mozart. It was written that Mozart was given ]]></excerpt>
	<link><![CDATA[http://www.tripadvisor.com/Attraction_Review-g190454-d590746-Reviews-Cemetery_of_St_Marx_Friedhof_St_Marx-Vienna.html]]></link>
</review>
</source>