<source name="Trip Advisor" avg-rating="4.0">
<review>
	<rating>4.0</rating>
	<author><![CDATA[sparky66oh]]></author>
	<date>2009-03-08</date>
	<title><![CDATA[&#x201c;Extremely interesting place - worth a visit.&#x201d;]]></title>
	<excerpt><![CDATA[But one caveat. The rooms are small and there are alot of interactive displays. We went on a weekday in winter and it was wonderful. But it must be ho]]></excerpt>
	<link><![CDATA[http://www.tripadvisor.com/Attraction_Review-g190454-d192281-Reviews-House_of_Music_Haus_der_Musik-Vienna.html]]></link>
</review>
<review>
	<rating>5.0</rating>
	<author><![CDATA[dilafa]]></author>
	<date>2007-03-29</date>
	<title><![CDATA[&#x201c;Where to see, hear, touch and feel Music&#x201d;]]></title>
	<excerpt><![CDATA[It is a generally held belief that Vienna is the Music capital of the world ; The House of Music confirms this. Very close to the Opera, the house of ]]></excerpt>
	<link><![CDATA[http://www.tripadvisor.com/Attraction_Review-g190454-d192281-Reviews-House_of_Music_Haus_der_Musik-Vienna.html]]></link>
</review>
<review>
	<rating>5.0</rating>
	<author><![CDATA[MrMrsTravel]]></author>
	<date>2004-08-20</date>
	<title><![CDATA[&#x201c;Definitely a Must See!&#x201d;]]></title>
	<excerpt><![CDATA[Absolutely this attraction is a must-see! It is wonderful for adults and children alike! Very interactive, but also educational (learning about the di]]></excerpt>
	<link><![CDATA[http://www.tripadvisor.com/Attraction_Review-g190454-d192281-Reviews-House_of_Music_Haus_der_Musik-Vienna.html]]></link>
</review>
<review>
	<rating>5.0</rating>
	<author><![CDATA[A TripAdvisor Member]]></author>
	<date>2004-04-02</date>
	<title><![CDATA[&#x201c;Amazing journey through sound&#x201d;]]></title>
	<excerpt><![CDATA[The Haus der Musik is the perfect place to let your mind wander into the world of music. It not only gives you the history of Austria's great composer]]></excerpt>
	<link><![CDATA[http://www.tripadvisor.com/Attraction_Review-g190454-d192281-Reviews-House_of_Music_Haus_der_Musik-Vienna.html]]></link>
</review>
<review>
	<rating>4.0</rating>
	<author><![CDATA[もなか]]></author>
	<date>2009-03-16</date>
	<title><![CDATA[&#x201c;&#x201d;]]></title>
	<excerpt><![CDATA[]]></excerpt>
	<link><![CDATA[http://www.tripadvisor.com/Attraction_Review-g190454-d192281-Reviews-House_of_Music_Haus_der_Musik-Vienna.html]]></link>
</review>
</source>