<source name="Trip Advisor" avg-rating="4.0">
<review>
	<rating>5.0</rating>
	<author><![CDATA[ovigalea]]></author>
	<date>2009-01-10</date>
	<title><![CDATA[modern design, very spacious]]></title>
	<excerpt><![CDATA[well impresed, friendly staff, room's design very modern and very usefull.
very good price obtained on internet. we have an executive suite including ]]></excerpt>
	<link><![CDATA[http://www.tripadvisor.com/Hotel_Review-g190454-d665080-Reviews-Austria_Trend_Hotel_Kahlenberg-Vienna.html]]></link>
</review>
<review>
	<rating>4.0</rating>
	<author><![CDATA[happyHongKong]]></author>
	<date>2008-05-17</date>
	<title><![CDATA[Great Hotel]]></title>
	<excerpt><![CDATA[Stayed at this hotel for 2 days. The Pros:
- modern design
- very reasonable rate
- great view fof Vienna, especially at night
Cons:
- fairly far from]]></excerpt>
	<link><![CDATA[http://www.tripadvisor.com/Hotel_Review-g190454-d665080-Reviews-Austria_Trend_Hotel_Kahlenberg-Vienna.html]]></link>
</review>
</source>