<source name="Trip Advisor" avg-rating="4.0">
<review>
	<rating>5.0</rating>
	<author><![CDATA[NYC_Tourist1]]></author>
	<date>2007-03-17</date>
	<title><![CDATA[&#x201c;Mysterious&#x201d;]]></title>
	<excerpt><![CDATA[There are two parts to this attraction, the church and the crypt. The church is beautiful in its own right, and it's interior is simpler compared to o]]></excerpt>
	<link><![CDATA[http://www.tripadvisor.com/Attraction_Review-g190454-d590808-Reviews-Kapuziner_Crypt_Kapuzinergruft-Vienna.html]]></link>
</review>
</source>