<source name="Trip Advisor" avg-rating="4.5">
<review>
	<rating>5.0</rating>
	<author><![CDATA[GracyInVienna]]></author>
	<date>2008-11-14</date>
	<title><![CDATA[&#x201c;Unique Experience&#x201d;]]></title>
	<excerpt><![CDATA[I probably only would have given this an Above Average rating, except for the fact that they still have the scaffolding available for you to see the f]]></excerpt>
	<link><![CDATA[http://www.tripadvisor.com/Attraction_Review-g190454-d245772-Reviews-St_Charles_s_Church_Karlskirche-Vienna.html]]></link>
</review>
<review>
	<rating>5.0</rating>
	<author><![CDATA[Kimberly530]]></author>
	<date>2008-01-20</date>
	<title><![CDATA[&#x201c;Beautiful Baroque Style Church&#x201d;]]></title>
	<excerpt><![CDATA[In contast to the Gothic style of Stephansdom, Karlskirche is done in a beautiful Baroque style, with frescos on the ceiling. It has a domed roof and ]]></excerpt>
	<link><![CDATA[http://www.tripadvisor.com/Attraction_Review-g190454-d245772-Reviews-St_Charles_s_Church_Karlskirche-Vienna.html]]></link>
</review>
<review>
	<rating>5.0</rating>
	<author><![CDATA[Pearita]]></author>
	<date>2008-01-01</date>
	<title><![CDATA[&#x201c;"off the beaten path" church&#x201d;]]></title>
	<excerpt><![CDATA[The Karlskirche on Karlsplatz is one of the most beautiful churches in Vienna. Unlike the more popular St. Stephen's Cathedral, the Karlskirche is sur]]></excerpt>
	<link><![CDATA[http://www.tripadvisor.com/Attraction_Review-g190454-d245772-Reviews-St_Charles_s_Church_Karlskirche-Vienna.html]]></link>
</review>
<review>
	<rating>4.0</rating>
	<author><![CDATA[Tio-man]]></author>
	<date>2007-07-27</date>
	<title><![CDATA[&#x201c;unique experience&#x201d;]]></title>
	<excerpt><![CDATA[Beautifull baroquestyle church, especially the ceilingpaintings are worth the visit. You can take a look closeby via an elevator and stairs, which is ]]></excerpt>
	<link><![CDATA[http://www.tripadvisor.com/Attraction_Review-g190454-d245772-Reviews-St_Charles_s_Church_Karlskirche-Vienna.html]]></link>
</review>
<review>
	<rating>5.0</rating>
	<author><![CDATA[NYC_Tourist1]]></author>
	<date>2007-03-17</date>
	<title><![CDATA[&#x201c;Interesting Church&#x201d;]]></title>
	<excerpt><![CDATA[The church is beautiful from the outside and has Islamic decor with teh two minarets. It was built in memory of the plague, and is truly beautiful ins]]></excerpt>
	<link><![CDATA[http://www.tripadvisor.com/Attraction_Review-g190454-d245772-Reviews-St_Charles_s_Church_Karlskirche-Vienna.html]]></link>
</review>
<review>
	<rating>4.0</rating>
	<author><![CDATA[JK01]]></author>
	<date>2007-03-01</date>
	<title><![CDATA[&#x201c;Impressive ceiling murals&#x201d;]]></title>
	<excerpt><![CDATA[It does have a strange appearance from outside with the tall columns. Inside is a large but not spectacular church with several chapels. Much more int]]></excerpt>
	<link><![CDATA[http://www.tripadvisor.com/Attraction_Review-g190454-d245772-Reviews-St_Charles_s_Church_Karlskirche-Vienna.html]]></link>
</review>
<review>
	<rating>3.0</rating>
	<author><![CDATA[capsfan2002]]></author>
	<date>2006-10-10</date>
	<title><![CDATA[&#x201c;Beautiful Church&#x201d;]]></title>
	<excerpt><![CDATA[The church is an amazing dome example from the outside. Newer church by Vienna standards having been built in the 1700s. Wasn't able to get inside due]]></excerpt>
	<link><![CDATA[http://www.tripadvisor.com/Attraction_Review-g190454-d245772-Reviews-St_Charles_s_Church_Karlskirche-Vienna.html]]></link>
</review>
</source>