<source name="Trip Advisor" avg-rating="4.0">
<review>
	<rating>3.0</rating>
	<author><![CDATA[lbj2]]></author>
	<date>2007-07-08</date>
	<title><![CDATA[&#x201c;LOT of art from mostly the same periods&#x201d;]]></title>
	<excerpt><![CDATA[I am a big museum buff so I was looking forward to this museum. Toted as being as good as the Met in NYC. It is not. Lots of art from the same period-]]></excerpt>
	<link><![CDATA[http://www.tripadvisor.com/Attraction_Review-g190454-d195233-Reviews-Kunsthistorisches_Museum-Vienna.html]]></link>
</review>
<review>
	<rating>5.0</rating>
	<author><![CDATA[NYC_Tourist1]]></author>
	<date>2007-03-17</date>
	<title><![CDATA[&#x201c;Beautiful Museum&#x201d;]]></title>
	<excerpt><![CDATA[This is a beautiful art museum, even though, as the reviewer said before me, the art is not as great as at the Met in NYC. There are numerous pieces o]]></excerpt>
	<link><![CDATA[http://www.tripadvisor.com/Attraction_Review-g190454-d195233-Reviews-Kunsthistorisches_Museum-Vienna.html]]></link>
</review>
<review>
	<rating>5.0</rating>
	<author><![CDATA[ajslcs]]></author>
	<date>2006-05-11</date>
	<title><![CDATA[&#x201c;Wow!&#x201d;]]></title>
	<excerpt><![CDATA[The art is nothing spectacular (better in the Met in NY and the Louvre) but this place is magnificent. The Ancient Art is very impressive more]]></excerpt>
	<link><![CDATA[http://www.tripadvisor.com/Attraction_Review-g190454-d195233-Reviews-Kunsthistorisches_Museum-Vienna.html]]></link>
</review>
<review>
	<rating>5.0</rating>
	<author><![CDATA[A TripAdvisor Member]]></author>
	<date>2004-09-06</date>
	<title><![CDATA[&#x201c;Don't Miss this Jewel of a Museum!&#x201d;]]></title>
	<excerpt><![CDATA[This is one of the best museums in Europe. The Breughels, Drers, and Reubens are worth the visit themselves. The interior of the museum is a work of]]></excerpt>
	<link><![CDATA[http://www.tripadvisor.com/Attraction_Review-g190454-d195233-Reviews-Kunsthistorisches_Museum-Vienna.html]]></link>
</review>
<review>
	<rating>5.0</rating>
	<author><![CDATA[Bruegel]]></author>
	<date>2006-08-20</date>
	<title><![CDATA[&#x201c;Les collections de la dynastie Habsbourg.&#x201d;]]></title>
	<excerpt><![CDATA[La galerie des peintures du Kunsthistorisches Museum est ne du projet d'une collection impriale prive et est le reflet du... more]]></excerpt>
	<link><![CDATA[http://www.tripadvisor.com/Attraction_Review-g190454-d195233-Reviews-Kunsthistorisches_Museum-Vienna.html]]></link>
</review>
</source>