<source name="Trip Advisor" avg-rating="4.0">
<review>
	<rating>5.0</rating>
	<author><![CDATA[Fern3]]></author>
	<date>2006-09-24</date>
	<title><![CDATA[&#x201c;Excellent&#x201d;]]></title>
	<excerpt><![CDATA[This is one of the best zoos we've been to (and we've been to many!). It is modern and well laid out, and there is a recommended route that takes you ]]></excerpt>
	<link><![CDATA[http://www.tripadvisor.com/Attraction_Review-g190454-d240968-Reviews-Lainzer_Tiergarten-Vienna.html]]></link>
</review>
</source>