<source name="Trip Advisor" avg-rating="4.0">
<review>
	<rating>2.0</rating>
	<author><![CDATA[asgrit]]></author>
	<date>2009-03-19</date>
	<title><![CDATA[This simple hotel is Ok BUT]]></title>
	<excerpt><![CDATA[receptionists are not helpful at all. One of them (Xenia Konopko) was rude and should definetly improve her manners.
more]]></excerpt>
	<link><![CDATA[http://www.tripadvisor.com/Hotel_Review-g190454-d572572-Reviews-Suite_Hotel_200m_zum_Prater-Vienna.html]]></link>
</review>
<review>
	<rating>5.0</rating>
	<author><![CDATA[gigo90]]></author>
	<date>2008-06-28</date>
	<title><![CDATA[great value]]></title>
	<excerpt><![CDATA[great value for money, huge appt, clean, polite staff, come again soon, close to center, a minute from park,
more]]></excerpt>
	<link><![CDATA[http://www.tripadvisor.com/Hotel_Review-g190454-d572572-Reviews-Suite_Hotel_200m_zum_Prater-Vienna.html]]></link>
</review>
<review>
	<rating>2.0</rating>
	<author><![CDATA[wight]]></author>
	<date>2006-02-07</date>
	<title><![CDATA[Poorly equipped]]></title>
	<excerpt><![CDATA[Our rooms were on the front ground floor and fairly noisy. The apartment was very poorly equipped, no toaster, oven or grill, just 2 hotplates. Not ev]]></excerpt>
	<link><![CDATA[http://www.tripadvisor.com/Hotel_Review-g190454-d572572-Reviews-Suite_Hotel_200m_zum_Prater-Vienna.html]]></link>
</review>
<review>
	<rating>4.0</rating>
	<author><![CDATA[A Venere.com Traveler]]></author>
	<date>2009-03-07</date>
	<title><![CDATA[Camera spaziosissima e ottimo...]]></title>
	<excerpt><![CDATA[Camera spaziosissima e ottimo rapporto qualit&agrave; prezzo. Unico neo: la suite per 4 persone ha le camere una dentro l'altra;...
more]]></excerpt>
	<link><![CDATA[http://www.tripadvisor.com/Hotel_Review-g190454-d572572-Reviews-Suite_Hotel_200m_zum_Prater-Vienna.html]]></link>
</review>
<review>
	<rating>2.0</rating>
	<author><![CDATA[A Venere.com Traveler]]></author>
	<date>2009-02-21</date>
	<title><![CDATA[Verraucht.... Hotel-Personal...]]></title>
	<excerpt><![CDATA[Verraucht.... Hotel-Personal hat in &ouml;ffentlichen R&auml;umen geraucht und dabei die Internet-Ressourcen der Hotel-G&auml;ste genutzt..
more]]></excerpt>
	<link><![CDATA[http://www.tripadvisor.com/Hotel_Review-g190454-d572572-Reviews-Suite_Hotel_200m_zum_Prater-Vienna.html]]></link>
</review>
<review>
	<rating>5.0</rating>
	<author><![CDATA[A Venere.com Traveler]]></author>
	<date>2009-01-19</date>
	<title><![CDATA[Einfach super! Wenn Wien, dann...]]></title>
	<excerpt><![CDATA[Einfach super! Wenn Wien, dann sicher dieses Hotel
more]]></excerpt>
	<link><![CDATA[http://www.tripadvisor.com/Hotel_Review-g190454-d572572-Reviews-Suite_Hotel_200m_zum_Prater-Vienna.html]]></link>
</review>
<review>
	<rating>2.0</rating>
	<author><![CDATA[A Venere.com Traveler]]></author>
	<date>2009-01-06</date>
	<title><![CDATA[Gute Stadtlage dafr wenig aber...]]></title>
	<excerpt><![CDATA[Gute Stadtlage daf&uuml;r wenig aber verschmutztes Geschirr, dunkle K&uuml;chenecke, enge Toilette, kleine Duschkabine mit Schimmel, betagte Einrichun]]></excerpt>
	<link><![CDATA[http://www.tripadvisor.com/Hotel_Review-g190454-d572572-Reviews-Suite_Hotel_200m_zum_Prater-Vienna.html]]></link>
</review>
<review>
	<rating>5.0</rating>
	<author><![CDATA[A Venere.com Traveler]]></author>
	<date>2008-12-17</date>
	<title><![CDATA[L'hotel, in zona tranquilla...]]></title>
	<excerpt><![CDATA[L'hotel, in zona tranquilla, comodissimo per gli spostamenti e con ottimo rapporto qualit&agrave;-prezzo, ha soddisfatto pienamente le esigenze e le..]]></excerpt>
	<link><![CDATA[http://www.tripadvisor.com/Hotel_Review-g190454-d572572-Reviews-Suite_Hotel_200m_zum_Prater-Vienna.html]]></link>
</review>
<review>
	<rating>5.0</rating>
	<author><![CDATA[A Venere.com Traveler]]></author>
	<date>2008-12-16</date>
	<title><![CDATA[Avevamo la quadrupla con uso...]]></title>
	<excerpt><![CDATA[Avevamo la quadrupla con uso cucina. avremmo potuto persino farci una pasta ma il ristorante consigliato a 3 minuti a...
more]]></excerpt>
	<link><![CDATA[http://www.tripadvisor.com/Hotel_Review-g190454-d572572-Reviews-Suite_Hotel_200m_zum_Prater-Vienna.html]]></link>
</review>
<review>
	<rating>4.0</rating>
	<author><![CDATA[A Venere.com Traveler]]></author>
	<date>2008-12-14</date>
	<title><![CDATA[Buon rapporto qualit...]]></title>
	<excerpt><![CDATA[Buon rapporto qualit&agrave; prezzo.Anche se un p&ograve; distante dal centro,vicinissimo ai mezzi pubblici,che a Vienna sono efficentissimi.Ambiente ]]></excerpt>
	<link><![CDATA[http://www.tripadvisor.com/Hotel_Review-g190454-d572572-Reviews-Suite_Hotel_200m_zum_Prater-Vienna.html]]></link>
</review>
<review>
	<rating>5.0</rating>
	<author><![CDATA[A Venere.com Traveler]]></author>
	<date>2008-09-15</date>
	<title><![CDATA[L'hotel e' posto nella...]]></title>
	<excerpt><![CDATA[L'hotel e' posto nella periferia estrema del Prater...a piedi ci si arriva in poco piu' di 10 Minuti. Con il...
more]]></excerpt>
	<link><![CDATA[http://www.tripadvisor.com/Hotel_Review-g190454-d572572-Reviews-or10-Suite_Hotel_200m_zum_Prater-Vienna.html#REVIEWS]]></link>
</review>
<review>
	<rating>4.0</rating>
	<author><![CDATA[A Venere.com Traveler]]></author>
	<date>2008-05-29</date>
	<title><![CDATA[Rapporto qualit prezzo molto...]]></title>
	<excerpt><![CDATA[Rapporto qualit&agrave; prezzo molto buono. La camera era ben pulita al nostro arrivo per&ograve; non &egrave; mai stata pulita per...
more]]></excerpt>
	<link><![CDATA[http://www.tripadvisor.com/Hotel_Review-g190454-d572572-Reviews-or10-Suite_Hotel_200m_zum_Prater-Vienna.html#REVIEWS]]></link>
</review>
<review>
	<rating>5.0</rating>
	<author><![CDATA[A Venere.com Traveler]]></author>
	<date>2008-05-08</date>
	<title><![CDATA[Per una tripla ci  stata...]]></title>
	<excerpt><![CDATA[Per una tripla ci &egrave; stata assegnata una suite di circa 50-60mq,su due piani,con due camere da letto,cucina abitabile,un salotto...
more]]></excerpt>
	<link><![CDATA[http://www.tripadvisor.com/Hotel_Review-g190454-d572572-Reviews-or10-Suite_Hotel_200m_zum_Prater-Vienna.html#REVIEWS]]></link>
</review>
<review>
	<rating>4.0</rating>
	<author><![CDATA[A Venere.com Traveler]]></author>
	<date>2008-05-06</date>
	<title><![CDATA[Soggiorno bellissimo, hotel...]]></title>
	<excerpt><![CDATA[Soggiorno bellissimo, hotel ottimo e comodo per vacanze lunghe e brevi...ottimi sia il servizio che la professionalit&agrave;! camera capiente e...
mo]]></excerpt>
	<link><![CDATA[http://www.tripadvisor.com/Hotel_Review-g190454-d572572-Reviews-or10-Suite_Hotel_200m_zum_Prater-Vienna.html#REVIEWS]]></link>
</review>
<review>
	<rating>4.0</rating>
	<author><![CDATA[A Venere.com Traveler]]></author>
	<date>2008-04-02</date>
	<title><![CDATA[Ottimo rapporto qualit-prezzo...]]></title>
	<excerpt><![CDATA[Ottimo rapporto qualit&agrave;-prezzo. Non lasciatevi ingannare dall'aspetto esterno dell'edificio, perch&egrave; le camere e il bagno sono veramente ]]></excerpt>
	<link><![CDATA[http://www.tripadvisor.com/Hotel_Review-g190454-d572572-Reviews-or10-Suite_Hotel_200m_zum_Prater-Vienna.html#REVIEWS]]></link>
</review>
<review>
	<rating>4.0</rating>
	<author><![CDATA[A Venere.com Traveler]]></author>
	<date>2008-03-11</date>
	<title><![CDATA[La cortesia del personale ...]]></title>
	<excerpt><![CDATA[La cortesia del personale &egrave; austriaca (precisione e gentilezza). Le camere sono pulite e spaziose. Internet &egrave; gratuito.
more]]></excerpt>
	<link><![CDATA[http://www.tripadvisor.com/Hotel_Review-g190454-d572572-Reviews-or10-Suite_Hotel_200m_zum_Prater-Vienna.html#REVIEWS]]></link>
</review>
<review>
	<rating>5.0</rating>
	<author><![CDATA[A Venere.com Traveler]]></author>
	<date>2008-01-14</date>
	<title><![CDATA[Siamo stati in un ambiente...]]></title>
	<excerpt><![CDATA[Siamo stati in un ambiente accogliente ,confortevole ,rapporto prezzo/qualita equo,vicino al centro ed al parco divertimenti....circa 200 m!
more]]></excerpt>
	<link><![CDATA[http://www.tripadvisor.com/Hotel_Review-g190454-d572572-Reviews-or10-Suite_Hotel_200m_zum_Prater-Vienna.html#REVIEWS]]></link>
</review>
<review>
	<rating>5.0</rating>
	<author><![CDATA[A Venere.com Traveler]]></author>
	<date>2008-01-13</date>
	<title><![CDATA[L'hotel  in una buona...]]></title>
	<excerpt><![CDATA[L'hotel &egrave; in una buona posizione: &egrave; collegato con il centro dai mezzi pubblici ma comunque con 20 minuti di...
more]]></excerpt>
	<link><![CDATA[http://www.tripadvisor.com/Hotel_Review-g190454-d572572-Reviews-or10-Suite_Hotel_200m_zum_Prater-Vienna.html#REVIEWS]]></link>
</review>
<review>
	<rating>5.0</rating>
	<author><![CDATA[A Venere.com Traveler]]></author>
	<date>2007-11-19</date>
	<title><![CDATA[SPETTACOLARE! lo consiglio...]]></title>
	<excerpt><![CDATA[SPETTACOLARE! lo consiglio vivamente.. ad un prezzo meravigliosamente modico una struttura eccellente per pulizia, cortesia e spaziosit&agrave; della ]]></excerpt>
	<link><![CDATA[http://www.tripadvisor.com/Hotel_Review-g190454-d572572-Reviews-or10-Suite_Hotel_200m_zum_Prater-Vienna.html#REVIEWS]]></link>
</review>
</source>