<source name="Trip Advisor" avg-rating="4.0">
<review>
	<rating>3.0</rating>
	<author><![CDATA[JK01]]></author>
	<date>2007-04-27</date>
	<title><![CDATA[&#x201c;Great for walking&#x201d;]]></title>
	<excerpt><![CDATA[The ringstrasse is the wide boulevard that marks the former location of the city walls. Today it is a major thoroughfare, and close to the main attrac]]></excerpt>
	<link><![CDATA[http://www.tripadvisor.com/Attraction_Review-g190454-d246448-Reviews-Ringstrasse-Vienna.html]]></link>
</review>
</source>