<source name="Trip Advisor" avg-rating="4.0">
<review>
	<rating>4.0</rating>
	<author><![CDATA[J0dy_T]]></author>
	<date>2009-02-02</date>
	<title><![CDATA[&#x201c;Something unique&#x201d;]]></title>
	<excerpt><![CDATA[I have been to other castles before so for me the treasury here was the highlight as it was something different. Unfortunately, you cannot just choose]]></excerpt>
	<link><![CDATA[http://www.tripadvisor.com/Attraction_Review-g190454-d246451-Reviews-Imperial_Treasury_Schatzkammer-Vienna.html]]></link>
</review>
<review>
	<rating>5.0</rating>
	<author><![CDATA[NYC_Tourist1]]></author>
	<date>2007-03-17</date>
	<title><![CDATA[&#x201c;Beautiful Treasures&#x201d;]]></title>
	<excerpt><![CDATA[Many of the treasures of the Hapsburgs are contained in this small museum located in the Hofburg. There are many crowns and royal cloaks that emperors]]></excerpt>
	<link><![CDATA[http://www.tripadvisor.com/Attraction_Review-g190454-d246451-Reviews-Imperial_Treasury_Schatzkammer-Vienna.html]]></link>
</review>
<review>
	<rating>5.0</rating>
	<author><![CDATA[A TripAdvisor Member]]></author>
	<date>2004-09-06</date>
	<title><![CDATA[&#x201c;The Treasury is a Visual Treasure&#x201d;]]></title>
	<excerpt><![CDATA[Must see! The crown jewels of the Holy Roman Empire and the Austrian Empire are stunning. So are the beautiful embroidered vestments and coronation ro]]></excerpt>
	<link><![CDATA[http://www.tripadvisor.com/Attraction_Review-g190454-d246451-Reviews-Imperial_Treasury_Schatzkammer-Vienna.html]]></link>
</review>
<review>
	<rating>5.0</rating>
	<author><![CDATA[MrMrsTravel]]></author>
	<date>2004-08-20</date>
	<title><![CDATA[&#x201c;Wonderful!&#x201d;]]></title>
	<excerpt><![CDATA[This is a wonderfuly unique museum to visit - the artifacts here will amaze you, especially the golden crib and a crown which has enough jewels on it ]]></excerpt>
	<link><![CDATA[http://www.tripadvisor.com/Attraction_Review-g190454-d246451-Reviews-Imperial_Treasury_Schatzkammer-Vienna.html]]></link>
</review>
</source>