<source name="Trip Advisor" avg-rating="4.5">
<review>
	<rating>5.0</rating>
	<author><![CDATA[ChilangaVegas]]></author>
	<date>2009-03-15</date>
	<title><![CDATA[&#x201c;Touring Schoenbrunn in the winter&#x201d;]]></title>
	<excerpt><![CDATA[Surely you have seen it, on images around the world: the spectacular, enormous yellow palace, synonymous with the decadence of the Habsburgs, who rule]]></excerpt>
	<link><![CDATA[http://www.tripadvisor.com/Attraction_Review-g190454-d194165-Reviews-Schonbrunn_Palace_Schloss_Schonbrunn-Vienna.html]]></link>
</review>
<review>
	<rating>5.0</rating>
	<author><![CDATA[enad0550]]></author>
	<date>2009-03-10</date>
	<title><![CDATA[&#x201c;Breathtaking&#x201d;]]></title>
	<excerpt><![CDATA[This place was more than expected. We didn't even go inside. The outside and and landscaping of the yard is unreal. This is a must see! We were there ]]></excerpt>
	<link><![CDATA[http://www.tripadvisor.com/Attraction_Review-g190454-d194165-Reviews-Schonbrunn_Palace_Schloss_Schonbrunn-Vienna.html]]></link>
</review>
<review>
	<rating>5.0</rating>
	<author><![CDATA[sparky66oh]]></author>
	<date>2009-03-08</date>
	<title><![CDATA[&#x201c;Better outside than inside.&#x201d;]]></title>
	<excerpt><![CDATA[What a magnificent palace. The grounds are exceptional. We were there in the winter and could just imagine the landscape in bloom. A walk to the gazeb]]></excerpt>
	<link><![CDATA[http://www.tripadvisor.com/Attraction_Review-g190454-d194165-Reviews-Schonbrunn_Palace_Schloss_Schonbrunn-Vienna.html]]></link>
</review>
<review>
	<rating>4.0</rating>
	<author><![CDATA[GracyInVienna]]></author>
	<date>2008-11-14</date>
	<title><![CDATA[&#x201c;Better than the Imperial Palace&#x201d;]]></title>
	<excerpt><![CDATA[I've read the other reviews and understand your concern. But let's put it to you this way. If you are going to see only one palace in Vienna, it shoul]]></excerpt>
	<link><![CDATA[http://www.tripadvisor.com/Attraction_Review-g190454-d194165-Reviews-Schonbrunn_Palace_Schloss_Schonbrunn-Vienna.html]]></link>
</review>
<review>
	<rating>4.0</rating>
	<author><![CDATA[Linnybee]]></author>
	<date>2008-07-08</date>
	<title><![CDATA[&#x201c;A Surprise at Every Turn&#x201d;]]></title>
	<excerpt><![CDATA[Schloss Schonbrunn was the summer palace of the Habsburgs, Austria's powerful royal family. Although most summer palaces seem to be in the middle of n]]></excerpt>
	<link><![CDATA[http://www.tripadvisor.com/Attraction_Review-g190454-d194165-Reviews-Schonbrunn_Palace_Schloss_Schonbrunn-Vienna.html]]></link>
</review>
<review>
	<rating>5.0</rating>
	<author><![CDATA[jojoagogo]]></author>
	<date>2008-07-03</date>
	<title><![CDATA[&#x201c;Do as I suggest: you'll be grateful!&#x201d;]]></title>
	<excerpt><![CDATA[Here are a few tips to save you from the crowds and the heat. First off, fight the instict to get an early start to get there. You and every other shm]]></excerpt>
	<link><![CDATA[http://www.tripadvisor.com/Attraction_Review-g190454-d194165-Reviews-Schonbrunn_Palace_Schloss_Schonbrunn-Vienna.html]]></link>
</review>
<review>
	<rating>5.0</rating>
	<author><![CDATA[jbzfarm]]></author>
	<date>2008-05-20</date>
	<title><![CDATA[&#x201c;Great Outdoor Adventure&#x201d;]]></title>
	<excerpt><![CDATA[We did not fight crowds nor did we have difficulty getting tickets for the tour. We actually went through on our own and stayed away from the large gr]]></excerpt>
	<link><![CDATA[http://www.tripadvisor.com/Attraction_Review-g190454-d194165-Reviews-Schonbrunn_Palace_Schloss_Schonbrunn-Vienna.html]]></link>
</review>
<review>
	<rating>3.0</rating>
	<author><![CDATA[jm65Uk]]></author>
	<date>2008-05-07</date>
	<title><![CDATA[&#x201c;Herded like cattle!&#x201d;]]></title>
	<excerpt><![CDATA[We got there at 10.00am and although only a short queue for tickets we had a time slot of 10.30am to start the tour. Not sure what would happen if you]]></excerpt>
	<link><![CDATA[http://www.tripadvisor.com/Attraction_Review-g190454-d194165-Reviews-Schonbrunn_Palace_Schloss_Schonbrunn-Vienna.html]]></link>
</review>
<review>
	<rating>5.0</rating>
	<author><![CDATA[msu311girl]]></author>
	<date>2008-04-15</date>
	<title><![CDATA[&#x201c;Absolutely a wonderful time to spend a day.&#x201d;]]></title>
	<excerpt><![CDATA[The castle is so stunningly beautiful inside. Use the walkie talkie tour thing to find out about all the rooms and to go at your own pace. The gardens]]></excerpt>
	<link><![CDATA[http://www.tripadvisor.com/Attraction_Review-g190454-d194165-Reviews-Schonbrunn_Palace_Schloss_Schonbrunn-Vienna.html]]></link>
</review>
<review>
	<rating>2.0</rating>
	<author><![CDATA[Janda05]]></author>
	<date>2008-02-24</date>
	<title><![CDATA[&#x201c;Run poorly&#x201d;]]></title>
	<excerpt><![CDATA[Don't get me wrong, the palace is nice. Not to sound snobby, but from what the put on display it's no Versailles (though most of the rooms are not ope]]></excerpt>
	<link><![CDATA[http://www.tripadvisor.com/Attraction_Review-g190454-d194165-Reviews-Schonbrunn_Palace_Schloss_Schonbrunn-Vienna.html]]></link>
</review>
<review>
	<rating>4.0</rating>
	<author><![CDATA[Globetrotter2125]]></author>
	<date>2008-02-20</date>
	<title><![CDATA[&#x201c;Skip the palace, savor the garden!&#x201d;]]></title>
	<excerpt><![CDATA[My friend and I did the basic palace tour (whichever one was about 10 euro) which was fairly typical. Perhaps worth it if you are really into fancy wa]]></excerpt>
	<link><![CDATA[http://www.tripadvisor.com/Attraction_Review-g190454-d194165-Reviews-or10-Schonbrunn_Palace_Schloss_Schonbrunn-Vienna.html]]></link>
</review>
<review>
	<rating>4.0</rating>
	<author><![CDATA[PTTraveler101]]></author>
	<date>2007-12-22</date>
	<title><![CDATA[&#x201c;Beautiful rooms...save lots of time for this&#x201d;]]></title>
	<excerpt><![CDATA[I visited Schonbrunn Palace this August but went with Globus tours. The guide was excellent but the pace was too fast and we only had 20 minutes to se]]></excerpt>
	<link><![CDATA[http://www.tripadvisor.com/Attraction_Review-g190454-d194165-Reviews-or10-Schonbrunn_Palace_Schloss_Schonbrunn-Vienna.html]]></link>
</review>
<review>
	<rating>2.0</rating>
	<author><![CDATA[SpencerNorthCarolina]]></author>
	<date>2007-09-28</date>
	<title><![CDATA[&#x201c;Go only if you like big crowds&#x201d;]]></title>
	<excerpt><![CDATA[After all the hype about this place I was underwhelmed, the crowds were incredible (I was there in fall not summer), the tour guide rushed us through.]]></excerpt>
	<link><![CDATA[http://www.tripadvisor.com/Attraction_Review-g190454-d194165-Reviews-or10-Schonbrunn_Palace_Schloss_Schonbrunn-Vienna.html]]></link>
</review>
<review>
	<rating>5.0</rating>
	<author><![CDATA[Galway_Lady]]></author>
	<date>2007-09-23</date>
	<title><![CDATA[&#x201c;Do not miss Schonbrunn Place&#x201d;]]></title>
	<excerpt><![CDATA[If you visit Vienna you must visit Schonbrunn Palace. It is simply magnificent. It is also very easy to get there. My advice is to forget about the ho]]></excerpt>
	<link><![CDATA[http://www.tripadvisor.com/Attraction_Review-g190454-d194165-Reviews-or10-Schonbrunn_Palace_Schloss_Schonbrunn-Vienna.html]]></link>
</review>
<review>
	<rating>5.0</rating>
	<author><![CDATA[marsi228]]></author>
	<date>2007-09-11</date>
	<title><![CDATA[&#x201c;U can't go to Vienna without visiting this place!&#x201d;]]></title>
	<excerpt><![CDATA[My first words as i saw this palace were WOW! I was soooo amazed with the beauty of Schonbrunn.... i suggest it to everyone.... it's beautiful... and ]]></excerpt>
	<link><![CDATA[http://www.tripadvisor.com/Attraction_Review-g190454-d194165-Reviews-or10-Schonbrunn_Palace_Schloss_Schonbrunn-Vienna.html]]></link>
</review>
<review>
	<rating>5.0</rating>
	<author><![CDATA[JohnGrease]]></author>
	<date>2007-07-24</date>
	<title><![CDATA[&#x201c;Great place to visit and a good place for lunch as well.&#x201d;]]></title>
	<excerpt><![CDATA[When you first arrive, you will definitely be taken by the beauty of this grand palace. Take the tour of the 40 rooms - every room is gorgeous and you]]></excerpt>
	<link><![CDATA[http://www.tripadvisor.com/Attraction_Review-g190454-d194165-Reviews-or10-Schonbrunn_Palace_Schloss_Schonbrunn-Vienna.html]]></link>
</review>
<review>
	<rating>5.0</rating>
	<author><![CDATA[Kashmira]]></author>
	<date>2007-07-23</date>
	<title><![CDATA[&#x201c;Best ZOO ever!&#x201d;]]></title>
	<excerpt><![CDATA[Schonbrunn Palace is beautiful but we never even made it inside! We were first taken in with their gorgeous green house which has like 4 different cli]]></excerpt>
	<link><![CDATA[http://www.tripadvisor.com/Attraction_Review-g190454-d194165-Reviews-or10-Schonbrunn_Palace_Schloss_Schonbrunn-Vienna.html]]></link>
</review>
<review>
	<rating>5.0</rating>
	<author><![CDATA[JK01]]></author>
	<date>2007-06-15</date>
	<title><![CDATA[&#x201c;Schonbrunn should not be missed&#x201d;]]></title>
	<excerpt><![CDATA[I visited in March and the crowds were small. There was no line to enter. The audioguide is essential for the tour of the apartments. This tour is sel]]></excerpt>
	<link><![CDATA[http://www.tripadvisor.com/Attraction_Review-g190454-d194165-Reviews-or10-Schonbrunn_Palace_Schloss_Schonbrunn-Vienna.html]]></link>
</review>
<review>
	<rating>5.0</rating>
	<author><![CDATA[Petra of Vancouver]]></author>
	<date>2007-06-05</date>
	<title><![CDATA[&#x201c;A must see attraction while in Vienna&#x201d;]]></title>
	<excerpt><![CDATA[Schonbrunn Palace (Schloss Schoenbrunn) and its expansive grounds are definitely well worth the visit. You can easily spend the entire day at this cul]]></excerpt>
	<link><![CDATA[http://www.tripadvisor.com/Attraction_Review-g190454-d194165-Reviews-or10-Schonbrunn_Palace_Schloss_Schonbrunn-Vienna.html]]></link>
</review>
<review>
	<rating>5.0</rating>
	<author><![CDATA[NYC_Tourist1]]></author>
	<date>2007-03-17</date>
	<title><![CDATA[&#x201c;Great Side Trip&#x201d;]]></title>
	<excerpt><![CDATA[This summer palace is great to see if you have some time to leave the old city of Vienna. The palace is huge and when you first begin to walk towards ]]></excerpt>
	<link><![CDATA[http://www.tripadvisor.com/Attraction_Review-g190454-d194165-Reviews-or10-Schonbrunn_Palace_Schloss_Schonbrunn-Vienna.html]]></link>
</review>
<review>
	<rating>4.0</rating>
	<author><![CDATA[travellingted]]></author>
	<date>2006-12-11</date>
	<title><![CDATA[&#x201c;A half day or Whole Day Visit&#x201d;]]></title>
	<excerpt><![CDATA[The palace is about a 20 minute train ride from the city, which makes it an easy half day trip, if you are pushed for time.
Between November and April]]></excerpt>
	<link><![CDATA[http://www.tripadvisor.com/Attraction_Review-g190454-d194165-Reviews-or20-Schonbrunn_Palace_Schloss_Schonbrunn-Vienna.html]]></link>
</review>
<review>
	<rating>4.0</rating>
	<author><![CDATA[ylc25]]></author>
	<date>2006-05-29</date>
	<title><![CDATA[&#x201c;A nice place to spend the day&#x201d;]]></title>
	<excerpt><![CDATA[I got the Classic Pass. I ended up spending the whole day there. Similar to Chateau Versailles. more]]></excerpt>
	<link><![CDATA[http://www.tripadvisor.com/Attraction_Review-g190454-d194165-Reviews-or20-Schonbrunn_Palace_Schloss_Schonbrunn-Vienna.html]]></link>
</review>
<review>
	<rating>5.0</rating>
	<author><![CDATA[A TripAdvisor Member]]></author>
	<date>2005-01-17</date>
	<title><![CDATA[&#x201c;A Place Over the Rainbow&#x201d;]]></title>
	<excerpt><![CDATA[I lived in Vienna 1973-74 and lived only about a 45 minute walk... 13th Besirk (mis-spelled I am sure) from the Schonbrunn Palace. I believe one has t]]></excerpt>
	<link><![CDATA[http://www.tripadvisor.com/Attraction_Review-g190454-d194165-Reviews-or20-Schonbrunn_Palace_Schloss_Schonbrunn-Vienna.html]]></link>
</review>
<review>
	<rating>3.0</rating>
	<author><![CDATA[A TripAdvisor Member]]></author>
	<date>2004-09-06</date>
	<title><![CDATA[&#x201c;Nice gardens and so-so interiors&#x201d;]]></title>
	<excerpt><![CDATA[Frankly, Schnbrunn is overhyped. It is a great palace. The grounds are immense. The facade is a wonderful yellow-mustard color, and it does resemble]]></excerpt>
	<link><![CDATA[http://www.tripadvisor.com/Attraction_Review-g190454-d194165-Reviews-or20-Schonbrunn_Palace_Schloss_Schonbrunn-Vienna.html]]></link>
</review>
<review>
	<rating>5.0</rating>
	<author><![CDATA[Roley]]></author>
	<date>2004-02-21</date>
	<title><![CDATA[&#x201c;Lots to see and do&#x201d;]]></title>
	<excerpt><![CDATA[I've been to Sch?nbrunn several times and always find something new to see and do. The tour of the palace itself is fascinating though I would agree w]]></excerpt>
	<link><![CDATA[http://www.tripadvisor.com/Attraction_Review-g190454-d194165-Reviews-or20-Schonbrunn_Palace_Schloss_Schonbrunn-Vienna.html]]></link>
</review>
<review>
	<rating>5.0</rating>
	<author><![CDATA[A TripAdvisor Member]]></author>
	<date>2003-05-09</date>
	<title><![CDATA[&#x201c;Loved seeing this lovely palace&#x201d;]]></title>
	<excerpt><![CDATA[Toured the Schonbrunn Palace while on a Globus Tour on May 3,2003. We toured 40 rooms. Was fascinating to see how Hapsburg Royal family members lived ]]></excerpt>
	<link><![CDATA[http://www.tripadvisor.com/Attraction_Review-g190454-d194165-Reviews-or20-Schonbrunn_Palace_Schloss_Schonbrunn-Vienna.html]]></link>
</review>
<review>
	<rating>5.0</rating>
	<author><![CDATA[doboschtorte]]></author>
	<date>2008-08-20</date>
	<title><![CDATA[&#x201c;&#x201d;]]></title>
	<excerpt><![CDATA[
]]></excerpt>
	<link><![CDATA[http://www.tripadvisor.com/Attraction_Review-g190454-d194165-Reviews-or20-Schonbrunn_Palace_Schloss_Schonbrunn-Vienna.html]]></link>
</review>
</source>