<source name="Trip Advisor" avg-rating="4.0">
<review>
	<rating>4.0</rating>
	<author><![CDATA[macrent2]]></author>
	<date>2009-01-11</date>
	<title><![CDATA[&#x201c;Great museum for those interested in psychology!&#x201d;]]></title>
	<excerpt><![CDATA[The Sigmund Freud Museum is very interesting! I spent only 2 and a half days in Vienna, yet included this museum into my busy schedual! The museum is ]]></excerpt>
	<link><![CDATA[http://www.tripadvisor.com/Attraction_Review-g190454-d194137-Reviews-Sigmund_Freud_Museum-Vienna.html]]></link>
</review>
<review>
	<rating>3.0</rating>
	<author><![CDATA[DaisyMcCoy]]></author>
	<date>2006-05-26</date>
	<title><![CDATA[&#x201c;Many Couches but Not Freud's&#x201d;]]></title>
	<excerpt><![CDATA[The museum is in the spacious apartment where Freud lived and worked. Although only his study is furnished as it would have looked when he lived there]]></excerpt>
	<link><![CDATA[http://www.tripadvisor.com/Attraction_Review-g190454-d194137-Reviews-Sigmund_Freud_Museum-Vienna.html]]></link>
</review>
<review>
	<rating>3.0</rating>
	<author><![CDATA[elainesl]]></author>
	<date>2004-03-15</date>
	<title><![CDATA[&#x201c;The doctor is not in&#x201d;]]></title>
	<excerpt><![CDATA[www.freud-museum.at was disappointed, and if you are going to see only one Freud museum in your life, the one in London (Hampstead) is the one to go t]]></excerpt>
	<link><![CDATA[http://www.tripadvisor.com/Attraction_Review-g190454-d194137-Reviews-Sigmund_Freud_Museum-Vienna.html]]></link>
</review>
<review>
	<rating>4.0</rating>
	<author><![CDATA[aurelio_c]]></author>
	<date>2008-11-06</date>
	<title><![CDATA[&#x201c;mehr Psychoanalyse als Freud&#x201d;]]></title>
	<excerpt><![CDATA[gleich vorweg: Das Freud Museum ist kein "klassisches" Geburts/Wohnhausmuseum wie etwa das Goethe Haus in Weimar. Das liegt daran, dass... more]]></excerpt>
	<link><![CDATA[http://www.tripadvisor.com/Attraction_Review-g190454-d194137-Reviews-Sigmund_Freud_Museum-Vienna.html]]></link>
</review>
<review>
	<rating>5.0</rating>
	<author><![CDATA[MihoWien]]></author>
	<date>2008-11-06</date>
	<title><![CDATA[&#x201c;Freud htte seine Freude&#x201d;]]></title>
	<excerpt><![CDATA[Die original belassene Wohnung und Praxis haben einen ganz besonderen Flair. Die wissenschaftliche Leitung leistet gute Arbeit. Tolle Veranstaltungen ]]></excerpt>
	<link><![CDATA[http://www.tripadvisor.com/Attraction_Review-g190454-d194137-Reviews-Sigmund_Freud_Museum-Vienna.html]]></link>
</review>
<review>
	<rating>4.0</rating>
	<author><![CDATA[Sanzat]]></author>
	<date>2006-12-07</date>
	<title><![CDATA[&#x201c;Muse Freud  Vienne&#x201d;]]></title>
	<excerpt><![CDATA[Intressante mise en valeur de l'ancien appartement de Freud  Vienne. Le cabinet de consultation est en particulier trs bien... more]]></excerpt>
	<link><![CDATA[http://www.tripadvisor.com/Attraction_Review-g190454-d194137-Reviews-Sigmund_Freud_Museum-Vienna.html]]></link>
</review>
</source>