<source name="Trip Advisor" avg-rating="4.0">
<review>
	<rating>5.0</rating>
	<author><![CDATA[ChilangaVegas]]></author>
	<date>2009-02-23</date>
	<title><![CDATA[&#x201c;Sisi Museum -- a glimpse at a life&#x201d;]]></title>
	<excerpt><![CDATA[*Note: Just realized that the Sisi Museum will be closed for renovations as of today (February 23) until April 3, 2009. However, the Hofburg can stil ]]></excerpt>
	<link><![CDATA[http://www.tripadvisor.com/Attraction_Review-g190454-d325235-Reviews-Sisi_Museum-Vienna.html]]></link>
</review>
</source>