<source name="Trip Advisor" avg-rating="3.0">
<review>
	<rating>1.0</rating>
	<author><![CDATA[Beteta]]></author>
	<date>2008-08-07</date>
	<title><![CDATA[Loud, unfriendly, breakfast unavailable]]></title>
	<excerpt><![CDATA[I had a horrible experience at this pension. The noise from the street was incredible, and the beds hard. We couldn't have breakfast because the break]]></excerpt>
	<link><![CDATA[http://www.tripadvisor.com/Hotel_Review-g190454-d572567-Reviews-Pension_Stadtpark-Vienna.html]]></link>
</review>
<review>
	<rating>1.0</rating>
	<author><![CDATA[alg223]]></author>
	<date>2008-04-24</date>
	<title><![CDATA[Stay Away From This Pension]]></title>
	<excerpt><![CDATA[We had a horrible expereince at this pension. When we arrived, we were told we did not have a reservation. When we produced our confirmation number, t]]></excerpt>
	<link><![CDATA[http://www.tripadvisor.com/Hotel_Review-g190454-d572567-Reviews-Pension_Stadtpark-Vienna.html]]></link>
</review>
<review>
	<rating>2.0</rating>
	<author><![CDATA[WaterlooOnt]]></author>
	<date>2008-04-20</date>
	<title><![CDATA[Great Location, otherwise not worth it]]></title>
	<excerpt><![CDATA[Booked using viennaby.com. The location is great, right by Wien Mitte train station and the underground station. Our triple room had a fold-out couch ]]></excerpt>
	<link><![CDATA[http://www.tripadvisor.com/Hotel_Review-g190454-d572567-Reviews-Pension_Stadtpark-Vienna.html]]></link>
</review>
<review>
	<rating>3.0</rating>
	<author><![CDATA[Rocuki]]></author>
	<date>2007-11-02</date>
	<title><![CDATA[Very good location, OK for the price]]></title>
	<excerpt><![CDATA[I spent 6 nights in this pension in August 2007, paid EUR 50/ night for a single room.
Very nice staff, they answered all my questions via e-mail befo]]></excerpt>
	<link><![CDATA[http://www.tripadvisor.com/Hotel_Review-g190454-d572567-Reviews-Pension_Stadtpark-Vienna.html]]></link>
</review>
<review>
	<rating>4.0</rating>
	<author><![CDATA[Mona_Norway]]></author>
	<date>2007-09-18</date>
	<title><![CDATA[Great value for your money!]]></title>
	<excerpt><![CDATA[I stayed at the Pension am Stadtpark for four days, and I will definetely stay there the next time I travel to Vienna as well.
The pension is very nic]]></excerpt>
	<link><![CDATA[http://www.tripadvisor.com/Hotel_Review-g190454-d572567-Reviews-Pension_Stadtpark-Vienna.html]]></link>
</review>
<review>
	<rating>4.0</rating>
	<author><![CDATA[A Venere.com Traveler]]></author>
	<date>2008-06-10</date>
	<title><![CDATA[Ottima posizione, rapporto...]]></title>
	<excerpt><![CDATA[Ottima posizione, rapporto qualit&agrave;/prezzo molto buono, camera pulita e rifatta tutti i giorni, colazione discreta. Consigliato.
more]]></excerpt>
	<link><![CDATA[http://www.tripadvisor.com/Hotel_Review-g190454-d572567-Reviews-Pension_Stadtpark-Vienna.html]]></link>
</review>
<review>
	<rating>4.0</rating>
	<author><![CDATA[A Venere.com Traveler]]></author>
	<date>2007-04-02</date>
	<title><![CDATA[Sistemazione senza pretese ma...]]></title>
	<excerpt><![CDATA[Sistemazione senza pretese ma comunque sufficente,pulito e ordinato accoglienza ok colazione e servizio molto bene locazione ottimale centro citt&agra]]></excerpt>
	<link><![CDATA[http://www.tripadvisor.com/Hotel_Review-g190454-d572567-Reviews-Pension_Stadtpark-Vienna.html]]></link>
</review>
<review>
	<rating>2.0</rating>
	<author><![CDATA[A Venere.com Traveler]]></author>
	<date>2006-09-03</date>
	<title><![CDATA[Dusche und WC wurden...]]></title>
	<excerpt><![CDATA[Dusche und WC wurden nachtr&auml;glich ins Zimmer integriert. Quasi ein gr&ouml;&szlig;eres &quot;Dixi-Klo&quot;. Ist Qualitativ nicht berauschend nur]]></excerpt>
	<link><![CDATA[http://www.tripadvisor.com/Hotel_Review-g190454-d572567-Reviews-Pension_Stadtpark-Vienna.html]]></link>
</review>
</source>