<source name="Trip Advisor" avg-rating="4.0">
<review>
	<rating>2.0</rating>
	<author><![CDATA[la310la]]></author>
	<date>2008-12-20</date>
	<title><![CDATA[&#x201c;Not that impessive!&#x201d;]]></title>
	<excerpt><![CDATA[I understand the beauty, history that can be found in cathedrals throughout Europe, but my sis and I weren't impressed. First of all note the church o]]></excerpt>
	<link><![CDATA[http://www.tripadvisor.com/Attraction_Review-g190454-d191365-Reviews-St_Stephen_s_Cathedral_Stephansdom-Vienna.html]]></link>
</review>
<review>
	<rating>5.0</rating>
	<author><![CDATA[cricketro]]></author>
	<date>2008-08-25</date>
	<title><![CDATA[&#x201c;awesome&#x201d;]]></title>
	<excerpt><![CDATA[We saw the cathedral both during the night and during the day. When we first came up from the metro station I got scared by the dim light and imposing]]></excerpt>
	<link><![CDATA[http://www.tripadvisor.com/Attraction_Review-g190454-d191365-Reviews-St_Stephen_s_Cathedral_Stephansdom-Vienna.html]]></link>
</review>
<review>
	<rating>4.0</rating>
	<author><![CDATA[jbzfarm]]></author>
	<date>2008-05-22</date>
	<title><![CDATA[&#x201c;Breathtaking.&#x201d;]]></title>
	<excerpt><![CDATA[We found this Cathedral breathtaking. The expanse and intricacy of the work done on the church is difficult to fully comprehend and certainly worth se]]></excerpt>
	<link><![CDATA[http://www.tripadvisor.com/Attraction_Review-g190454-d191365-Reviews-St_Stephen_s_Cathedral_Stephansdom-Vienna.html]]></link>
</review>
<review>
	<rating>5.0</rating>
	<author><![CDATA[Kimberly530]]></author>
	<date>2008-01-20</date>
	<title><![CDATA[&#x201c;Nice cathedral in Vienna - great views from tower!&#x201d;]]></title>
	<excerpt><![CDATA[Stephansdom is kind of a "must do" in Vienna - is it located downtown and is really a beautiful Cathedral. It's easy to get there on the mass transit ]]></excerpt>
	<link><![CDATA[http://www.tripadvisor.com/Attraction_Review-g190454-d191365-Reviews-St_Stephen_s_Cathedral_Stephansdom-Vienna.html]]></link>
</review>
<review>
	<rating>5.0</rating>
	<author><![CDATA[NYC_Tourist1]]></author>
	<date>2007-03-17</date>
	<title><![CDATA[&#x201c;Marvelous&#x201d;]]></title>
	<excerpt><![CDATA[Thsi cathedral is truly gigantic and is located on its own square. The inside is done in a beautiful baroque style with many chapels and monuments to ]]></excerpt>
	<link><![CDATA[http://www.tripadvisor.com/Attraction_Review-g190454-d191365-Reviews-St_Stephen_s_Cathedral_Stephansdom-Vienna.html]]></link>
</review>
<review>
	<rating>5.0</rating>
	<author><![CDATA[JK01]]></author>
	<date>2007-02-27</date>
	<title><![CDATA[&#x201c;Excellent views&#x201d;]]></title>
	<excerpt><![CDATA[Stephansdom is a must see in Vienna. It has excellent views from the tower and the crypt tour should not be missed. Entry to Stephansdom is free, but ]]></excerpt>
	<link><![CDATA[http://www.tripadvisor.com/Attraction_Review-g190454-d191365-Reviews-St_Stephen_s_Cathedral_Stephansdom-Vienna.html]]></link>
</review>
<review>
	<rating>4.0</rating>
	<author><![CDATA[capsfan2002]]></author>
	<date>2006-10-10</date>
	<title><![CDATA[&#x201c;Incredibly Unique&#x201d;]]></title>
	<excerpt><![CDATA[Wow. Roof is amazing to see and the church isn't bad either! Lots to see. One of the few churches I've been in which allows photos to be taken. I didn]]></excerpt>
	<link><![CDATA[http://www.tripadvisor.com/Attraction_Review-g190454-d191365-Reviews-St_Stephen_s_Cathedral_Stephansdom-Vienna.html]]></link>
</review>
<review>
	<rating>4.0</rating>
	<author><![CDATA[A TripAdvisor Member]]></author>
	<date>2003-08-01</date>
	<title><![CDATA[&#x201c;Spectacular in size and grandeur, beautiful walking plaza surrounding it&#x201d;]]></title>
	<excerpt><![CDATA[This spectacular cathedral sits in the heart of Vienna.....many centuries old, it was being renovated when I was there in October/November/December of]]></excerpt>
	<link><![CDATA[http://www.tripadvisor.com/Attraction_Review-g190454-d191365-Reviews-St_Stephen_s_Cathedral_Stephansdom-Vienna.html]]></link>
</review>
<review>
	<rating>4.0</rating>
	<author><![CDATA[himahami]]></author>
	<date>2009-03-11</date>
	<title><![CDATA[&#x201c;&#x201d;]]></title>
	<excerpt><![CDATA[]]></excerpt>
	<link><![CDATA[http://www.tripadvisor.com/Attraction_Review-g190454-d191365-Reviews-St_Stephen_s_Cathedral_Stephansdom-Vienna.html]]></link>
</review>
<review>
	<rating>4.0</rating>
	<author><![CDATA[maxelviajero]]></author>
	<date>2008-12-04</date>
	<title><![CDATA[&#x201c;Momentos mgicos en Viena&#x201d;]]></title>
	<excerpt><![CDATA[Buscando similitudes entre una catedral que visite recientemente (Catedral de Mar del Plata - Buenos Aires- Argentina) y otra de... more]]></excerpt>
	<link><![CDATA[http://www.tripadvisor.com/Attraction_Review-g190454-d191365-Reviews-St_Stephen_s_Cathedral_Stephansdom-Vienna.html]]></link>
</review>
<review>
	<rating>4.0</rating>
	<author><![CDATA[doboschtorte]]></author>
	<date>2008-08-21</date>
	<title><![CDATA[&#x201c;&#x201d;]]></title>
	<excerpt><![CDATA[
]]></excerpt>
	<link><![CDATA[http://www.tripadvisor.com/Attraction_Review-g190454-d191365-Reviews-or10-St_Stephen_s_Cathedral_Stephansdom-Vienna.html]]></link>
</review>
</source>