<source name="Trip Advisor" avg-rating="4.0">
<review>
	<rating>5.0</rating>
	<author><![CDATA[Clock_Doc]]></author>
	<date>2007-02-05</date>
	<title><![CDATA[&#x201c;Oustanding collection of Austrian and other European clocks & watches&#x201d;]]></title>
	<excerpt><![CDATA[In its heyday, Austria produced some of the most beautiful, ornate and complicated clocks in the world. This is a superb collection of both clocks and]]></excerpt>
	<link><![CDATA[http://www.tripadvisor.com/Attraction_Review-g190454-d191399-Reviews-Clock_Museum_Uhrenmuseum-Vienna.html]]></link>
</review>
</source>