<source name="Trip Advisor" avg-rating="4.0">
<review>
	<rating>5.0</rating>
	<author><![CDATA[Ram1975]]></author>
	<date>2009-02-26</date>
	<title><![CDATA[&#x201c;Best Water Park&#x201d;]]></title>
	<excerpt><![CDATA[one of the best water parks in Dubai, we were told that it is even better than Wild Wadi.
it is on the expensive side but worth your money. try to bri]]></excerpt>
	<link><![CDATA[http://www.tripadvisor.com/Attraction_Review-g295424-d1200463-Reviews-Aquaventure_Water_Park-Dubai.html]]></link>
</review>
<review>
	<rating>5.0</rating>
	<author><![CDATA[alibeth]]></author>
	<date>2008-12-09</date>
	<title><![CDATA[&#x201c;Great Fun&#x201d;]]></title>
	<excerpt><![CDATA[Great fun! It's lacking a few water rides to equal Disney's blizzard bleach, but this park holds it's own. The Leap of Faith is very thrilling and muc]]></excerpt>
	<link><![CDATA[http://www.tripadvisor.com/Attraction_Review-g295424-d1200463-Reviews-Aquaventure_Water_Park-Dubai.html]]></link>
</review>
<review>
	<rating>3.0</rating>
	<author><![CDATA[dubaijournal]]></author>
	<date>2008-12-08</date>
	<title><![CDATA[&#x201c;Aquaventure and dolphins at Atlantis in Dubai&#x201d;]]></title>
	<excerpt><![CDATA[This can be either a family day out, a couples day out or an outing for a small group of friends. At Dhs750, it could not be considered a 'cheap day o]]></excerpt>
	<link><![CDATA[http://www.tripadvisor.com/Attraction_Review-g295424-d1200463-Reviews-Aquaventure_Water_Park-Dubai.html]]></link>
</review>
<review>
	<rating>2.0</rating>
	<author><![CDATA[LOUKINA]]></author>
	<date>2008-11-03</date>
	<title><![CDATA[&#x201c;Still needs to get its act together....&#x201d;]]></title>
	<excerpt><![CDATA[Well it's impressive...I'll give you that! I mean the whole complex: the hotel, the Aquaventure Water Park and the Lost Chambers aquarium. I visited t]]></excerpt>
	<link><![CDATA[http://www.tripadvisor.com/Attraction_Review-g295424-d1200463-Reviews-Aquaventure_Water_Park-Dubai.html]]></link>
</review>
</source>