<source name="Trip Advisor" avg-rating="2.5">
<review>
	<rating>2.0</rating>
	<author><![CDATA[sakuradxb]]></author>
	<date>2008-08-11</date>
	<title><![CDATA[&#x201c;poor place comapred to any other part of the city&#x201d;]]></title>
	<excerpt><![CDATA[I have visited the xoo long time ago .. when i went back there again, it was worse..
I have heard of great zoos in the UK, Japan and many other countr]]></excerpt>
	<link><![CDATA[http://www.tripadvisor.com/Attraction_Review-g295424-d637826-Reviews-Dubai_Zoo-Dubai.html]]></link>
</review>
<review>
	<rating>1.0</rating>
	<author><![CDATA[zoomanUk]]></author>
	<date>2008-04-02</date>
	<title><![CDATA[&#x201c;Dubai zoo disgrace.&#x201d;]]></title>
	<excerpt><![CDATA[I have just returned from Dubai a place of extraordinary and opulent wealth, growth and view to the future, so when we heard about Dubai zoo we natura]]></excerpt>
	<link><![CDATA[http://www.tripadvisor.com/Attraction_Review-g295424-d637826-Reviews-Dubai_Zoo-Dubai.html]]></link>
</review>
<review>
	<rating>1.0</rating>
	<author><![CDATA[travellingveryfar]]></author>
	<date>2007-09-10</date>
	<title><![CDATA[&#x201c;Dubai Zoo&#x201d;]]></title>
	<excerpt><![CDATA[We were looking forward to going to Dubai zoo. How wrong could we have been. First, it seemed everyone had decided to go there (must have been a holid]]></excerpt>
	<link><![CDATA[http://www.tripadvisor.com/Attraction_Review-g295424-d637826-Reviews-Dubai_Zoo-Dubai.html]]></link>
</review>
<review>
	<rating>1.0</rating>
	<author><![CDATA[Shax]]></author>
	<date>2007-07-10</date>
	<title><![CDATA[&#x201c;Lets Dubai Down...&#x201d;]]></title>
	<excerpt><![CDATA[For all the great reviews I have given Dubai, its views and attractions, the zoo is one area I am sorry to say is disgraceful.
I think the post from K]]></excerpt>
	<link><![CDATA[http://www.tripadvisor.com/Attraction_Review-g295424-d637826-Reviews-Dubai_Zoo-Dubai.html]]></link>
</review>
<review>
	<rating>2.0</rating>
	<author><![CDATA[khali]]></author>
	<date>2007-01-07</date>
	<title><![CDATA[&#x201c;Lions, Tigers and Bears! Oh My!&#x201d;]]></title>
	<excerpt><![CDATA[Lions and Tigers and Bears! OH MY!!! meaning only one thing, the zoo! I got a chance to take a trip to Dubai zoo. The zoo only cost 2 Dirham for]]></excerpt>
	<link><![CDATA[http://www.tripadvisor.com/Attraction_Review-g295424-d637826-Reviews-Dubai_Zoo-Dubai.html]]></link>
</review>
</source>