<source name="Trip Advisor" avg-rating="4.0">
<review>
	<rating>4.0</rating>
	<author><![CDATA[mcbabe2223]]></author>
	<date>2008-04-08</date>
	<title><![CDATA[&#x201c;Amazing display of money!&#x201d;]]></title>
	<excerpt><![CDATA[Living down the street from Aintree Racecourse I'm hard to impress when it comes to Horse Racing.
I worked a long hard day at the Dubai World Cup in 2]]></excerpt>
	<link><![CDATA[http://www.tripadvisor.com/Attraction_Review-g295424-d643007-Reviews-Dubai_World_Cup-Dubai.html]]></link>
</review>
</source>