<source name="Trip Advisor" avg-rating="3.0">
<review>
	<rating>1.0</rating>
	<author><![CDATA[TJTDubai]]></author>
	<date>2008-10-07</date>
	<title><![CDATA[&#x201c;Rubbish Rubbish and more Rubbish !&#x201d;]]></title>
	<excerpt><![CDATA[Such a shame a beautiful place has been destroyed by visitors leaving dirty nappies, food, plastic and bottles everywhere seems this place is now a Fi]]></excerpt>
	<link><![CDATA[http://www.tripadvisor.com/Attraction_Review-g295424-d478912-Reviews-Hatta_Rock_Pools-Dubai.html]]></link>
</review>
</source>