<source name="Trip Advisor" avg-rating="4.0">
<review>
	<rating>5.0</rating>
	<author><![CDATA[Rico_in_Belfast]]></author>
	<date>2009-02-28</date>
	<title><![CDATA[&#x201c;Must Do.&#x201d;]]></title>
	<excerpt><![CDATA[If you are bored of the fluff that is endless Malls and lying by the pool/beach then give this a whirl.
Go with an open mind and you will bring home s]]></excerpt>
	<link><![CDATA[http://www.tripadvisor.com/Attraction_Review-g295424-d631554-Reviews-Jumeirah_Mosque-Dubai.html]]></link>
</review>
<review>
	<rating>4.0</rating>
	<author><![CDATA[khali]]></author>
	<date>2006-12-18</date>
	<title><![CDATA[&#x201c;View of Jumeirah Mosque in Jumeirah 1&#x201d;]]></title>
	<excerpt><![CDATA[One of the best things too see in Dubai is the beautiful Jumeirah Mosque located on beach road, Jumeriah 1. Normally no one who is not muslim ar]]></excerpt>
	<link><![CDATA[http://www.tripadvisor.com/Attraction_Review-g295424-d631554-Reviews-Jumeirah_Mosque-Dubai.html]]></link>
</review>
</source>