<source name="Trip Advisor" avg-rating="4.0">
<review>
	<rating>4.0</rating>
	<author><![CDATA[JATB]]></author>
	<date>2009-02-28</date>
	<title><![CDATA[&#x201c;Sure beats shopping&#x201d;]]></title>
	<excerpt><![CDATA[Ski Dubai. The legend. If nothing else, it is fascinating. The snow quality is quite good. Since the sun doesnt shine on it, it doesnt get icy. ]]></excerpt>
	<link><![CDATA[http://www.tripadvisor.com/Attraction_Review-g295424-d561527-Reviews-Ski_Dubai-Dubai.html]]></link>
</review>
<review>
	<rating>5.0</rating>
	<author><![CDATA[unnichelat]]></author>
	<date>2009-02-27</date>
	<title><![CDATA[&#x201c;so exciting&#x201d;]]></title>
	<excerpt><![CDATA[my visit on skie dubai had given me un forgettable picture in my mind more]]></excerpt>
	<link><![CDATA[http://www.tripadvisor.com/Attraction_Review-g295424-d561527-Reviews-Ski_Dubai-Dubai.html]]></link>
</review>
<review>
	<rating>4.0</rating>
	<author><![CDATA[dcwildman]]></author>
	<date>2009-01-06</date>
	<title><![CDATA[&#x201c;Just do it, for the novelty&#x201d;]]></title>
	<excerpt><![CDATA[We went to Ski Dubai and, while skiing this is not the most challenging slopes by any means, the mere fact that you are skiing in the desert was a tru]]></excerpt>
	<link><![CDATA[http://www.tripadvisor.com/Attraction_Review-g295424-d561527-Reviews-Ski_Dubai-Dubai.html]]></link>
</review>
<review>
	<rating>5.0</rating>
	<author><![CDATA[infin8]]></author>
	<date>2008-12-18</date>
	<title><![CDATA[&#x201c;Sooo much fun!!&#x201d;]]></title>
	<excerpt><![CDATA[We spent the day at the Mall of the Emirates today and since my wife had never skied before, we decided to try the Beginners Tutorial at Ski Dubia. It]]></excerpt>
	<link><![CDATA[http://www.tripadvisor.com/Attraction_Review-g295424-d561527-Reviews-Ski_Dubai-Dubai.html]]></link>
</review>
<review>
	<rating>4.0</rating>
	<author><![CDATA[krayan]]></author>
	<date>2008-07-20</date>
	<title><![CDATA[&#x201c;it's More than just OKAY!&#x201d;]]></title>
	<excerpt><![CDATA[Okay, this place is not the Swiss Alps or the mountains of Colorado. Keep in mind that it is manmade and indoors after all this is the UAE (NO SNOW) I]]></excerpt>
	<link><![CDATA[http://www.tripadvisor.com/Attraction_Review-g295424-d561527-Reviews-Ski_Dubai-Dubai.html]]></link>
</review>
<review>
	<rating>3.0</rating>
	<author><![CDATA[jus_rub]]></author>
	<date>2008-06-07</date>
	<title><![CDATA[&#x201c;it's ok&#x201d;]]></title>
	<excerpt><![CDATA[As an asian family who currently stays in Saudi Arabia, we were so excited when my husband got a business trip to dubai. The plan was he would go for ]]></excerpt>
	<link><![CDATA[http://www.tripadvisor.com/Attraction_Review-g295424-d561527-Reviews-Ski_Dubai-Dubai.html]]></link>
</review>
<review>
	<rating>3.0</rating>
	<author><![CDATA[pinktrees]]></author>
	<date>2008-05-27</date>
	<title><![CDATA[&#x201c;eh, not so great&#x201d;]]></title>
	<excerpt><![CDATA[We were so excited to take our 6 year old son to Ski Dubai after looking at the photos on the website...but once we got there it was a different story]]></excerpt>
	<link><![CDATA[http://www.tripadvisor.com/Attraction_Review-g295424-d561527-Reviews-Ski_Dubai-Dubai.html]]></link>
</review>
<review>
	<rating>5.0</rating>
	<author><![CDATA[alibeth]]></author>
	<date>2008-01-01</date>
	<title><![CDATA[&#x201c;Great Fun!&#x201d;]]></title>
	<excerpt><![CDATA[We were one of the first customers to go to Ski Dubai a couple of years ago. We loved it and still love it. The snow park is a little boring for our t]]></excerpt>
	<link><![CDATA[http://www.tripadvisor.com/Attraction_Review-g295424-d561527-Reviews-Ski_Dubai-Dubai.html]]></link>
</review>
<review>
	<rating>4.0</rating>
	<author><![CDATA[gtahir]]></author>
	<date>2007-12-23</date>
	<title><![CDATA[&#x201c;The best indoor snowpark&#x201d;]]></title>
	<excerpt><![CDATA[The Ski Dubai entrance has two options: Snow park or slope. In Snow park, you have an unlimited time in the park, but once you get out, you can't ente]]></excerpt>
	<link><![CDATA[http://www.tripadvisor.com/Attraction_Review-g295424-d561527-Reviews-Ski_Dubai-Dubai.html]]></link>
</review>
<review>
	<rating>3.0</rating>
	<author><![CDATA[Shax]]></author>
	<date>2007-07-06</date>
	<title><![CDATA[&#x201c;Its gotta be done... even if once!&#x201d;]]></title>
	<excerpt><![CDATA[I would I say agree with much of the reviews in that respect that yes it is something you SHOULD do while out in Dubai and having done it you will pro]]></excerpt>
	<link><![CDATA[http://www.tripadvisor.com/Attraction_Review-g295424-d561527-Reviews-Ski_Dubai-Dubai.html]]></link>
</review>
<review>
	<rating>4.0</rating>
	<author><![CDATA[OzzieBen]]></author>
	<date>2007-01-14</date>
	<title><![CDATA[&#x201c;Only in Dubai&#x201d;]]></title>
	<excerpt><![CDATA[For shear novilty factor, this is something that has to be done whilst on holiday in Dubai.
You can choose to going skiing, or just enter the snow par]]></excerpt>
	<link><![CDATA[http://www.tripadvisor.com/Attraction_Review-g295424-d561527-Reviews-or10-Ski_Dubai-Dubai.html]]></link>
</review>
<review>
	<rating>4.0</rating>
	<author><![CDATA[essexbear]]></author>
	<date>2007-01-03</date>
	<title><![CDATA[&#x201c;Ski Dubai&#x201d;]]></title>
	<excerpt><![CDATA[We went shopping at the Mall of the Emirates & came across Ski Dubai. We booked it & had a great time. One thing to remember is to book early ! We boo]]></excerpt>
	<link><![CDATA[http://www.tripadvisor.com/Attraction_Review-g295424-d561527-Reviews-or10-Ski_Dubai-Dubai.html]]></link>
</review>
<review>
	<rating>4.0</rating>
	<author><![CDATA[Colo_travler]]></author>
	<date>2006-10-30</date>
	<title><![CDATA[&#x201c;Novel but I prefer the Rocky Mountains&#x201d;]]></title>
	<excerpt><![CDATA[I was in Dubai the other day on a business trip and had a free weekend. Looking for something to do I stumbled across this picture of skiing and disco]]></excerpt>
	<link><![CDATA[http://www.tripadvisor.com/Attraction_Review-g295424-d561527-Reviews-or10-Ski_Dubai-Dubai.html]]></link>
</review>
<review>
	<rating>5.0</rating>
	<author><![CDATA[A TripAdvisor Member]]></author>
	<date>2006-05-13</date>
	<title><![CDATA[&#x201c;Great really good fun!&#x201d;]]></title>
	<excerpt><![CDATA[Everything from the snow park, to the snow school was very well done. i have now moved to Dubai and i have regular snowboarding lessons. all the staff]]></excerpt>
	<link><![CDATA[http://www.tripadvisor.com/Attraction_Review-g295424-d561527-Reviews-or10-Ski_Dubai-Dubai.html]]></link>
</review>
<review>
	<rating>3.0</rating>
	<author><![CDATA[m8evasn]]></author>
	<date>2006-05-04</date>
	<title><![CDATA[&#x201c;Do it once for the temperature experience...&#x201d;]]></title>
	<excerpt><![CDATA[Great for locals who may not have experienced snow but apart from that not worth the time and effort for experienced skiers. Good shopping in the Mall]]></excerpt>
	<link><![CDATA[http://www.tripadvisor.com/Attraction_Review-g295424-d561527-Reviews-or10-Ski_Dubai-Dubai.html]]></link>
</review>
<review>
	<rating>3.0</rating>
	<author><![CDATA[Bezi]]></author>
	<date>2006-03-09</date>
	<title><![CDATA[&#x201c;Wouldn't do it again&#x201d;]]></title>
	<excerpt><![CDATA[It costs 115 Dirhams to get a ski pass, 10 of which is refundable at the end when you feed the pass back into a machine.
The rental equipment is not t]]></excerpt>
	<link><![CDATA[http://www.tripadvisor.com/Attraction_Review-g295424-d561527-Reviews-or10-Ski_Dubai-Dubai.html]]></link>
</review>
<review>
	<rating>3.0</rating>
	<author><![CDATA[dar57653]]></author>
	<date>2006-02-12</date>
	<title><![CDATA[&#x201c;Great Idea but badly organised at the moment&#x201d;]]></title>
	<excerpt><![CDATA[We visited Ski Dubai on Thursday in early february. The place wasnt that busy bearing in mind that it was the weekend but it still took us 45 minutes ]]></excerpt>
	<link><![CDATA[http://www.tripadvisor.com/Attraction_Review-g295424-d561527-Reviews-or10-Ski_Dubai-Dubai.html]]></link>
</review>
<review>
	<rating>4.0</rating>
	<author><![CDATA[テクテク]]></author>
	<date>2009-02-18</date>
	<title><![CDATA[&#x201c;&#x201d;]]></title>
	<excerpt><![CDATA[UAE]]></excerpt>
	<link><![CDATA[http://www.tripadvisor.com/Attraction_Review-g295424-d561527-Reviews-or10-Ski_Dubai-Dubai.html]]></link>
</review>
<review>
	<rating>4.0</rating>
	<author><![CDATA[A TripAdvisor Member]]></author>
	<date>2006-07-01</date>
	<title><![CDATA[&#x201c;das sollte man nicht auslassen bei einem besuch&#x201d;]]></title>
	<excerpt><![CDATA[Wir waren auf Kurztrip von Saudi Arabien in Dubai fuer zwei Tage. 2 h in -1 grd sind vollkommen ausreichend.... more]]></excerpt>
	<link><![CDATA[http://www.tripadvisor.com/Attraction_Review-g295424-d561527-Reviews-or10-Ski_Dubai-Dubai.html]]></link>
</review>
</source>