<source name="Trip Advisor" avg-rating="4.0">
<review>
	<rating>4.0</rating>
	<author><![CDATA[alibeth]]></author>
	<date>2008-01-08</date>
	<title><![CDATA[&#x201c;relaxing&#x201d;]]></title>
	<excerpt><![CDATA[As we stay at the Madinat Jumeirah hotel every summer, we always book a spa massage and facial every summer. We take the boat to the spa from our room]]></excerpt>
	<link><![CDATA[http://www.tripadvisor.com/Attraction_Review-g295424-d576499-Reviews-Talise_Spa-Dubai.html]]></link>
</review>
<review>
	<rating>5.0</rating>
	<author><![CDATA[Hubbards]]></author>
	<date>2007-05-17</date>
	<title><![CDATA[&#x201c;How Spa experience should be&#x201d;]]></title>
	<excerpt><![CDATA[The Spa was visually stunning, didnt knoe they made Spa like this. So much attention to detail and yet very simple.
Both Therpaist and receptionist we]]></excerpt>
	<link><![CDATA[http://www.tripadvisor.com/Attraction_Review-g295424-d576499-Reviews-Talise_Spa-Dubai.html]]></link>
</review>
</source>