<source name="Trip Advisor" avg-rating="3.5">
<review>
	<rating>2.0</rating>
	<author><![CDATA[BaroqueW]]></author>
	<date>2009-01-26</date>
	<title><![CDATA[&#x201c;The biggest wall in the world...&#x201d;]]></title>
	<excerpt><![CDATA[and the most empty ever...
We have been here with my girlfriend on a week-day evening, and it was desperately empty. There were more employees per sho]]></excerpt>
	<link><![CDATA[http://www.tripadvisor.com/Attraction_Review-g295424-d1210327-Reviews-Dubai_Mall-Dubai.html]]></link>
</review>
<review>
	<rating>2.0</rating>
	<author><![CDATA[Vincent333]]></author>
	<date>2009-01-10</date>
	<title><![CDATA[&#x201c;Biggest isnt always best!&#x201d;]]></title>
	<excerpt><![CDATA[Yet another mall for Dubai, as if there are not enough already! Dubai Mall is officially the biggest but its also a rather soulless box style mall wit]]></excerpt>
	<link><![CDATA[http://www.tripadvisor.com/Attraction_Review-g295424-d1210327-Reviews-Dubai_Mall-Dubai.html]]></link>
</review>
<review>
	<rating>5.0</rating>
	<author><![CDATA[alibeth]]></author>
	<date>2008-11-18</date>
	<title><![CDATA[&#x201c;Impressive Mall with lots to offer&#x201d;]]></title>
	<excerpt><![CDATA[We took a special day trip from Abu Dhabi just to ago to Dubai Mall because we heard the first taco bell was opened in the UAE here. We ate there - ev]]></excerpt>
	<link><![CDATA[http://www.tripadvisor.com/Attraction_Review-g295424-d1210327-Reviews-Dubai_Mall-Dubai.html]]></link>
</review>
</source>