<source name="Trip Advisor" avg-rating="4.0">
<review>
	<rating>3.0</rating>
	<author><![CDATA[JK01]]></author>
	<date>2007-04-11</date>
	<title><![CDATA[&#x201c;Upscale shopping on pedestrian street&#x201d;]]></title>
	<excerpt><![CDATA[Graben is a short street with upscale shops and restaurants. Graben is very close to St. Stephen's and the Hofburg, and a tourist is very likely to fi]]></excerpt>
	<link><![CDATA[http://www.tripadvisor.com/Attraction_Review-g190454-d245708-Reviews-Graben-Vienna.html]]></link>
</review>
</source>