<source name="Trip Advisor" avg-rating="4.5">
<review>
	<rating>5.0</rating>
	<author><![CDATA[xjesusx]]></author>
	<date>2008-12-10</date>
	<title><![CDATA[&#x201c;A place to breathe in the middle of the city.&#x201d;]]></title>
	<excerpt><![CDATA[I used to come to the gardens all the time to eat lunch. As soon as you get through the gates, you have escaped the city. Not a hugely exciting and fa]]></excerpt>
	<link><![CDATA[http://www.tripadvisor.com/Attraction_Review-g255093-d256350-Reviews-Adelaide_Botanic_Garden-Adelaide_South_Australia.html]]></link>
</review>
<review>
	<rating>5.0</rating>
	<author><![CDATA[moetandchandon]]></author>
	<date>2008-09-23</date>
	<title><![CDATA[&#x201c;Much MUCH Cooler than You Might Expect&#x201d;]]></title>
	<excerpt><![CDATA[Normally, when we hear "botanic gardens" my husband and I think "snore" but we were walking by and it was free, so we thought "Why not?". But it was F]]></excerpt>
	<link><![CDATA[http://www.tripadvisor.com/Attraction_Review-g255093-d256350-Reviews-Adelaide_Botanic_Garden-Adelaide_South_Australia.html]]></link>
</review>
<review>
	<rating>5.0</rating>
	<author><![CDATA[lina3]]></author>
	<date>2008-03-20</date>
	<title><![CDATA[&#x201c;Lovely gardens&#x201d;]]></title>
	<excerpt><![CDATA[Me and my husband have visited the botanic gardens in Adelaide last month, its realy a fantastic place to see,the display of plants from the tropical ]]></excerpt>
	<link><![CDATA[http://www.tripadvisor.com/Attraction_Review-g255093-d256350-Reviews-Adelaide_Botanic_Garden-Adelaide_South_Australia.html]]></link>
</review>
<review>
	<rating>5.0</rating>
	<author><![CDATA[kiwi_button]]></author>
	<date>2007-12-03</date>
	<title><![CDATA[&#x201c;Botanical Gardens Absolutely Beautiful&#x201d;]]></title>
	<excerpt><![CDATA[I have just returned to New Zealand not long ago after a short visit to Adelaide where i went to and saw many attractions but the Botanical Garden was]]></excerpt>
	<link><![CDATA[http://www.tripadvisor.com/Attraction_Review-g255093-d256350-Reviews-Adelaide_Botanic_Garden-Adelaide_South_Australia.html]]></link>
</review>
<review>
	<rating>4.0</rating>
	<author><![CDATA[NorthWestLondoner]]></author>
	<date>2007-07-14</date>
	<title><![CDATA[&#x201c;Relaxing gardens in Adelaide&#x201d;]]></title>
	<excerpt><![CDATA[I enjoyed strolling around the botanic gardens, and particularly in seeing the very beautiful and strongly scented rose garden.
The glass houses were ]]></excerpt>
	<link><![CDATA[http://www.tripadvisor.com/Attraction_Review-g255093-d256350-Reviews-Adelaide_Botanic_Garden-Adelaide_South_Australia.html]]></link>
</review>
<review>
	<rating>5.0</rating>
	<author><![CDATA[AFrequentTraveller]]></author>
	<date>2006-02-25</date>
	<title><![CDATA[&#x201c;An oasis of calm&#x201d;]]></title>
	<excerpt><![CDATA[The Adelaide Botanic Gardens are just alongside the hospital and only a 5-10 minute walk from the CBD. The gardens are a compact gem with a number of ]]></excerpt>
	<link><![CDATA[http://www.tripadvisor.com/Attraction_Review-g255093-d256350-Reviews-Adelaide_Botanic_Garden-Adelaide_South_Australia.html]]></link>
</review>
</source>