<source name="Trip Advisor" avg-rating="4.0">
<review>
	<rating>5.0</rating>
	<author><![CDATA[rsunico]]></author>
	<date>2009-02-24</date>
	<title><![CDATA[&#x201c;A favourite place to visit in Adelaide&#x201d;]]></title>
	<excerpt><![CDATA[Excellent collection of aboriginal art and colonial Australian art. They also have a recently reopened Asian collection which is a must see. Its a gre]]></excerpt>
	<link><![CDATA[http://www.tripadvisor.com/Attraction_Review-g255093-d256349-Reviews-Art_Gallery_of_South_Australia-Adelaide_South_Australia.html]]></link>
</review>
<review>
	<rating>4.0</rating>
	<author><![CDATA[Victorianlad]]></author>
	<date>2008-08-31</date>
	<title><![CDATA[&#x201c;Reasonable collection&#x201d;]]></title>
	<excerpt><![CDATA[For a small city of 1.5 million, this art gallery has a reasonable collection.
The are some attractive works by Australian artists such as Streeton, a]]></excerpt>
	<link><![CDATA[http://www.tripadvisor.com/Attraction_Review-g255093-d256349-Reviews-Art_Gallery_of_South_Australia-Adelaide_South_Australia.html]]></link>
</review>
</source>