<source name="Trip Advisor" avg-rating="4.0">
<review>
	<rating>4.0</rating>
	<author><![CDATA[Lasty]]></author>
	<date>2009-03-15</date>
	<title><![CDATA[Great Value place to stay to explore Vineyards]]></title>
	<excerpt><![CDATA[We stayed at the Motor Lodge for three nights with the soul pupose of exploring the vineyard. From the roadway the place looks a bit run down. But the]]></excerpt>
	<link><![CDATA[http://www.tripadvisor.com/Hotel_Review-g495039-d615180-Reviews-Barossa_Motor_Lodge-Tanunda_Barossa_Valley_South_Australia.html]]></link>
</review>
<review>
	<rating>5.0</rating>
	<author><![CDATA[sailormod]]></author>
	<date>2008-09-22</date>
	<title><![CDATA[A Great Place in a Grape Place]]></title>
	<excerpt><![CDATA[I booked my accommodation through travel website (Rates to Go). Was looking for an extended visit in the Barossa in the medium price range and this ch]]></excerpt>
	<link><![CDATA[http://www.tripadvisor.com/Hotel_Review-g495039-d615180-Reviews-Barossa_Motor_Lodge-Tanunda_Barossa_Valley_South_Australia.html]]></link>
</review>
</source>