<source name="Trip Advisor" avg-rating="4.0">
<review>
	<rating>4.0</rating>
	<author><![CDATA[Victorianlad]]></author>
	<date>2008-09-09</date>
	<title><![CDATA[&#x201c;The home of Haigh's Chocolates&#x201d;]]></title>
	<excerpt><![CDATA[This fairly elderly (in Australian, not European, terms) but iconic building on the corner of Rundle Mall and Adelaide's main CBD 'drag', King William]]></excerpt>
	<link><![CDATA[http://www.tripadvisor.com/Attraction_Review-g255093-d566556-Reviews-Beehive_Corner_Building-Adelaide_South_Australia.html]]></link>
</review>
</source>