<source name="Trip Advisor" avg-rating="4.0">
<review>
	<rating>5.0</rating>
	<author><![CDATA[NorthWestLondoner]]></author>
	<date>2007-07-14</date>
	<title><![CDATA[&#x201c;Had a great time picking huge strawberries!&#x201d;]]></title>
	<excerpt><![CDATA[Once you arrive at Beerenberg farm you head inside to get your plastic punnet. This cost a couple of dollars, but you could eat as many strawberries a]]></excerpt>
	<link><![CDATA[http://www.tripadvisor.com/Attraction_Review-g499710-d566557-Reviews-Beerenberg_Strawberry_Farm-Hahndorf_Adelaide_Hills_South_Australia.html]]></link>
</review>
</source>