<source name="Trip Advisor" avg-rating="4.0">
<review>
	<rating>5.0</rating>
	<author><![CDATA[texan_down_under]]></author>
	<date>2006-08-14</date>
	<title><![CDATA[&#x201c;Check out D'Arenberg&#x201d;]]></title>
	<excerpt><![CDATA[Been living in Australia about 5 years now (orig. from the US), and my wine loving partner introduced me to S Australia. D'Arenberg is one of my favou]]></excerpt>
	<link><![CDATA[http://www.tripadvisor.com/Attraction_Review-g499714-d566548-Reviews-D_Arenberg_Wines-McLaren_Vale_South_Australia.html]]></link>
</review>
</source>