<source name="Trip Advisor" avg-rating="4.0">
<review>
	<rating>5.0</rating>
	<author><![CDATA[viccollie]]></author>
	<date>2009-01-26</date>
	<title><![CDATA[&#x201c;lovely boutique winery&#x201d;]]></title>
	<excerpt><![CDATA[Great wines, esp sparkling shiraz the 'vixen' and medal winning reds.
Friendly and approachable staff with a real fire in the winter!!
Missing their o]]></excerpt>
	<link><![CDATA[http://www.tripadvisor.com/Attraction_Review-g499714-d566572-Reviews-Fox_Creek_Wines-McLaren_Vale_South_Australia.html]]></link>
</review>
</source>