<source name="Trip Advisor" avg-rating="4.0">
<review>
	<rating>5.0</rating>
	<author><![CDATA[raederle]]></author>
	<date>2008-01-04</date>
	<title><![CDATA[&#x201c;Great family day out&#x201d;]]></title>
	<excerpt><![CDATA[This park located a couple of kilometres north of the main town of Victor Harbor is a great place to go if you want to keep the family entertained for]]></excerpt>
	<link><![CDATA[http://www.tripadvisor.com/Attraction_Review-g499735-d921149-Reviews-Greenhills_Adventure_Park-Victor_Harbor_South_Australia.html]]></link>
</review>
</source>