<source name="Trip Advisor" avg-rating="4.0">
<review>
	<rating>5.0</rating>
	<author><![CDATA[viccollie]]></author>
	<date>2009-01-26</date>
	<title><![CDATA[&#x201c;knowledgeable staff and good wines&#x201d;]]></title>
	<excerpt><![CDATA[Cellar door staff are very helpful and if you're lucky you get the family members who have been on the vineyard for generations. Lots of old timer sto]]></excerpt>
	<link><![CDATA[http://www.tripadvisor.com/Attraction_Review-g499714-d627388-Reviews-Kay_Brothers_Amery_Vineyards-McLaren_Vale_South_Australia.html]]></link>
</review>
</source>