<source name="Trip Advisor" avg-rating="3.5">
<review>
	<rating>2.0</rating>
	<author><![CDATA[youngswisscouple]]></author>
	<date>2008-08-15</date>
	<title><![CDATA[&#x201c;Not worth the drive&#x201d;]]></title>
	<excerpt><![CDATA[Having been to Wet, Alexandra and Victoria Fossil Cave for 15.50 per person (concession), we drew the conclusion that it had not been worth the visit ]]></excerpt>
	<link><![CDATA[http://www.tripadvisor.com/Attraction_Review-g261649-d319052-Reviews-Naracoorte_Caves_National_Park-Naracoorte_South_Australia.html]]></link>
</review>
</source>