<source name="Trip Advisor" avg-rating="4.0">
<review>
	<rating>5.0</rating>
	<author><![CDATA[MarkSandyMelbourne]]></author>
	<date>2008-08-29</date>
	<title><![CDATA[&#x201c;Just go there - you will not be disappointed&#x201d;]]></title>
	<excerpt><![CDATA[Friends told us about this place and said it was a must see. We walked in the door on a cold wet afternoon and a lady named Lynn took pity on our some]]></excerpt>
	<link><![CDATA[http://www.tripadvisor.com/Restaurant_Review-g255093-d1149133-Reviews-The_Port_Dock_Brewery_Hotel-Adelaide_South_Australia.html]]></link>
</review>
</source>