<source name="Trip Advisor" avg-rating="4.0">
<review>
	<rating>4.0</rating>
	<author><![CDATA[NorthWestLondoner]]></author>
	<date>2007-07-14</date>
	<title><![CDATA[&#x201c;Really enjoyed the guided tour of the Australian Aboriginal Cultures Gallery&#x201d;]]></title>
	<excerpt><![CDATA[I specifically visited this museum to go on a guided tour of the Australian Aboriginal Cultures Gallery that was recommended in my guide book. It was ]]></excerpt>
	<link><![CDATA[http://www.tripadvisor.com/Attraction_Review-g255093-d256374-Reviews-South_Australian_Museum-Adelaide_South_Australia.html]]></link>
</review>
</source>