<source name="Trip Advisor" avg-rating="4.0">
<review>
	<rating>4.0</rating>
	<author><![CDATA[DurbanGal]]></author>
	<date>2008-02-21</date>
	<title><![CDATA[&#x201c;worth a visit if you like books&#x201d;]]></title>
	<excerpt><![CDATA[The mortlock wing of the library is a hidden gem, old fashioned library with terraces. i enjoyed just seeing that. more]]></excerpt>
	<link><![CDATA[http://www.tripadvisor.com/Attraction_Review-g255093-d592137-Reviews-State_Library_of_South_Australia-Adelaide_South_Australia.html]]></link>
</review>
</source>