<source name="Trip Advisor" avg-rating="4.0">
<review>
	<rating>5.0</rating>
	<author><![CDATA[TillyTuck]]></author>
	<date>2009-03-01</date>
	<title><![CDATA[More like a 4 star hotel!]]></title>
	<excerpt><![CDATA[Very strange that this hotel is two stars as it felt more like a 4 star hotel. The location is perfect, next to one of the big shopping malls, and nex]]></excerpt>
	<link><![CDATA[http://www.tripadvisor.com/Hotel_Review-g295424-d1173922-Reviews-Ibis_Deira_City_Centre-Dubai.html]]></link>
</review>
<review>
	<rating>2.0</rating>
	<author><![CDATA[AdrianGFC]]></author>
	<date>2009-02-21</date>
	<title><![CDATA[Probably worst hotel of Asia trip]]></title>
	<excerpt><![CDATA[The title says it all - &amp; probably sums up Dubai too!
Spent a long time travelling around Asia &amp; to spend &pound;125 on what is essentially wo]]></excerpt>
	<link><![CDATA[http://www.tripadvisor.com/Hotel_Review-g295424-d1173922-Reviews-Ibis_Deira_City_Centre-Dubai.html]]></link>
</review>
<review>
	<rating>4.0</rating>
	<author><![CDATA[CSM2931]]></author>
	<date>2009-02-18</date>
	<title><![CDATA[Clean rooms, Great Staff]]></title>
	<excerpt><![CDATA[The rooms were simple but comfortable. No irons or hairdryers are included in the room but you can call housekeeping or the front desk for them. Clean]]></excerpt>
	<link><![CDATA[http://www.tripadvisor.com/Hotel_Review-g295424-d1173922-Reviews-Ibis_Deira_City_Centre-Dubai.html]]></link>
</review>
<review>
	<rating>4.0</rating>
	<author><![CDATA[Ealingguy]]></author>
	<date>2009-01-29</date>
	<title><![CDATA[Great Hotel]]></title>
	<excerpt><![CDATA[Having done my research on hotels in Dubai it became apparent that you could easily spend a fortune on one of the many 4/5* places available. However,]]></excerpt>
	<link><![CDATA[http://www.tripadvisor.com/Hotel_Review-g295424-d1173922-Reviews-Ibis_Deira_City_Centre-Dubai.html]]></link>
</review>
<review>
	<rating>5.0</rating>
	<author><![CDATA[Capricornianz]]></author>
	<date>2009-01-08</date>
	<title><![CDATA[A superb hotel with a budget price]]></title>
	<excerpt><![CDATA[A fantastic hotel for a very budget price compared to other hotels of the same level. Even though mentioned as 2 as well as 3 star on few websites, i ]]></excerpt>
	<link><![CDATA[http://www.tripadvisor.com/Hotel_Review-g295424-d1173922-Reviews-Ibis_Deira_City_Centre-Dubai.html]]></link>
</review>
<review>
	<rating>4.0</rating>
	<author><![CDATA[malen_13]]></author>
	<date>2009-01-01</date>
	<title><![CDATA[A clean and no frills hotel]]></title>
	<excerpt><![CDATA[The Ibis hotel is a great place to stay for the budget conscious visiting Dubai. It is clean and smells new. There is no smoking in the hotel. The sta]]></excerpt>
	<link><![CDATA[http://www.tripadvisor.com/Hotel_Review-g295424-d1173922-Reviews-Ibis_Deira_City_Centre-Dubai.html]]></link>
</review>
<review>
	<rating>1.0</rating>
	<author><![CDATA[stuartyoneknobi]]></author>
	<date>2008-12-17</date>
	<title><![CDATA[worst staff ever]]></title>
	<excerpt><![CDATA[i hope this dosnt sound petty but i was in shock id just travelled through south east asia and arrived at the hotel very late have booked and paid onl]]></excerpt>
	<link><![CDATA[http://www.tripadvisor.com/Hotel_Review-g295424-d1173922-Reviews-Ibis_Deira_City_Centre-Dubai.html]]></link>
</review>
<review>
	<rating>4.0</rating>
	<author><![CDATA[Qutaibah]]></author>
	<date>2008-12-11</date>
	<title><![CDATA[Good hotel near City center shopping mall just a min walk]]></title>
	<excerpt><![CDATA[Check-in smoothly, good quiet room, bed is not that bad , breakfast i think its better to have a breakfast at the city center shipping center and loca]]></excerpt>
	<link><![CDATA[http://www.tripadvisor.com/Hotel_Review-g295424-d1173922-Reviews-Ibis_Deira_City_Centre-Dubai.html]]></link>
</review>
<review>
	<rating>4.0</rating>
	<author><![CDATA[ayomideade]]></author>
	<date>2008-12-09</date>
	<title><![CDATA[loved it!!]]></title>
	<excerpt><![CDATA[my husband and i stayed at this hotel for 7 nights,it is a very beautiful hotel,brand new,with free internet and shuttle bus to jumeirah beach,the dou]]></excerpt>
	<link><![CDATA[http://www.tripadvisor.com/Hotel_Review-g295424-d1173922-Reviews-Ibis_Deira_City_Centre-Dubai.html]]></link>
</review>
<review>
	<rating>5.0</rating>
	<author><![CDATA[PaulbParis]]></author>
	<date>2009-01-24</date>
	<title><![CDATA[Rapport Qualit/Prix imbattable]]></title>
	<excerpt><![CDATA[H&ocirc;tel neuf qui a ouvert en novembre 2008.
Chambres petites mais tr&egrave;s bien agenc&eacute;es et assez luxueuses.
Partie communes de...
more]]></excerpt>
	<link><![CDATA[http://www.tripadvisor.com/Hotel_Review-g295424-d1173922-Reviews-Ibis_Deira_City_Centre-Dubai.html]]></link>
</review>
</source>