<source name="Trip Advisor" avg-rating="4.0">
<review>
	<rating>4.0</rating>
	<author><![CDATA[JATB]]></author>
	<date>2009-02-28</date>
	<title><![CDATA[&#x201c;An important landmark&#x201d;]]></title>
	<excerpt><![CDATA[The original "Big Mall" in Dubai, it has now been surpassed in both size and grandeur by the new "DUBAI MALL" at the base of the Burj Dubai. Still Mal]]></excerpt>
	<link><![CDATA[http://www.tripadvisor.com/Attraction_Review-g295424-d659261-Reviews-Mall_of_the_Emirates-Dubai.html]]></link>
</review>
<review>
	<rating>5.0</rating>
	<author><![CDATA[Amy1980]]></author>
	<date>2009-01-18</date>
	<title><![CDATA[&#x201c;If you go to any malls go to this one!&#x201d;]]></title>
	<excerpt><![CDATA[Although not a big shopper if you go to any malls in dubai make sure you go to this one! We went to the Battuta mall on our first day and it is rubbis]]></excerpt>
	<link><![CDATA[http://www.tripadvisor.com/Attraction_Review-g295424-d659261-Reviews-Mall_of_the_Emirates-Dubai.html]]></link>
</review>
<review>
	<rating>5.0</rating>
	<author><![CDATA[llauraa-]]></author>
	<date>2008-11-03</date>
	<title><![CDATA[&#x201c;All-round and very stylish&#x201d;]]></title>
	<excerpt><![CDATA[Yeah, that's not the cheapest place to shop, but who cares when you can find almost every shop under the one roof? The ski center is worth of seeing, ]]></excerpt>
	<link><![CDATA[http://www.tripadvisor.com/Attraction_Review-g295424-d659261-Reviews-Mall_of_the_Emirates-Dubai.html]]></link>
</review>
<review>
	<rating>2.0</rating>
	<author><![CDATA[Neilthr]]></author>
	<date>2008-09-16</date>
	<title><![CDATA[&#x201c;Not the Cheapest Place to shop&#x201d;]]></title>
	<excerpt><![CDATA[Ok, This is a Mall that needs to be visited to be understood. With all the big names at the mall on the top floor and a lot of high stree stores this ]]></excerpt>
	<link><![CDATA[http://www.tripadvisor.com/Attraction_Review-g295424-d659261-Reviews-Mall_of_the_Emirates-Dubai.html]]></link>
</review>
<review>
	<rating>4.0</rating>
	<author><![CDATA[PrestonTraveller]]></author>
	<date>2007-10-18</date>
	<title><![CDATA[&#x201c;As good as any other mall&#x201d;]]></title>
	<excerpt><![CDATA[I have been to mega malls in the USA, UK, Singapore, Malaysia, Saudi, South Africa and UAE previously.
The Mall of the Emirates is one of the two new ]]></excerpt>
	<link><![CDATA[http://www.tripadvisor.com/Attraction_Review-g295424-d659261-Reviews-Mall_of_the_Emirates-Dubai.html]]></link>
</review>
<review>
	<rating>3.0</rating>
	<author><![CDATA[BoyBombay]]></author>
	<date>2007-09-29</date>
	<title><![CDATA[&#x201c;It's just another mall that happens to have a ski slope&#x201d;]]></title>
	<excerpt><![CDATA[Mall of the emirates is just one of the many stupendous malls that Dubai has to offfer. it just happend to have the a snow slope. The snow looks.....a]]></excerpt>
	<link><![CDATA[http://www.tripadvisor.com/Attraction_Review-g295424-d659261-Reviews-Mall_of_the_Emirates-Dubai.html]]></link>
</review>
<review>
	<rating>5.0</rating>
	<author><![CDATA[ami1]]></author>
	<date>2007-07-08</date>
	<title><![CDATA[&#x201c;best mall in dubai&#x201d;]]></title>
	<excerpt><![CDATA[hi i have been to this mall two times and there is so much to do for adults and children the magic planet is amazing for children as well as the cinem]]></excerpt>
	<link><![CDATA[http://www.tripadvisor.com/Attraction_Review-g295424-d659261-Reviews-Mall_of_the_Emirates-Dubai.html]]></link>
</review>
<review>
	<rating>4.0</rating>
	<author><![CDATA[テクテク]]></author>
	<date>2009-02-20</date>
	<title><![CDATA[&#x201c;&#x201d;]]></title>
	<excerpt><![CDATA[]]></excerpt>
	<link><![CDATA[http://www.tripadvisor.com/Attraction_Review-g295424-d659261-Reviews-Mall_of_the_Emirates-Dubai.html]]></link>
</review>
</source>