<source name="Trip Advisor" avg-rating="4.0">
<review>
	<rating>4.0</rating>
	<author><![CDATA[katesjourneys]]></author>
	<date>2008-11-12</date>
	<title><![CDATA[&#x201c;Great fun, diverse goodies to buy&#x201d;]]></title>
	<excerpt><![CDATA[Fabulous foods plus lots of inexpensive trinkets from all over the world and even higher end treats like antique clothing. Close at 5PM -- and there i]]></excerpt>
	<link><![CDATA[http://www.tripadvisor.com/Attraction_Review-g255093-d270480-Reviews-Adelaide_Central_Market-Adelaide_South_Australia.html]]></link>
</review>
<review>
	<rating>5.0</rating>
	<author><![CDATA[Victorianlad]]></author>
	<date>2008-05-17</date>
	<title><![CDATA[&#x201c;Great food, cheap prcies and history rolled into one&#x201d;]]></title>
	<excerpt><![CDATA[Adelaide's Central Market may be smaller than Melbourne's iconic Queen Victoria Market but what it lacks in size, it makes up for in general hustle'n']]></excerpt>
	<link><![CDATA[http://www.tripadvisor.com/Attraction_Review-g255093-d270480-Reviews-Adelaide_Central_Market-Adelaide_South_Australia.html]]></link>
</review>
<review>
	<rating>5.0</rating>
	<author><![CDATA[tazzy29]]></author>
	<date>2007-11-27</date>
	<title><![CDATA[&#x201c;Perfection improves at this oasis&#x201d;]]></title>
	<excerpt><![CDATA[I first wrote of Stall 14, The Grind in 2005, often with time a "staleness" or erosion of quality sets in. This is not the case at The Grind. Why? Bec]]></excerpt>
	<link><![CDATA[http://www.tripadvisor.com/Attraction_Review-g255093-d270480-Reviews-Adelaide_Central_Market-Adelaide_South_Australia.html]]></link>
</review>
<review>
	<rating>4.0</rating>
	<author><![CDATA[lina3]]></author>
	<date>2008-03-21</date>
	<title><![CDATA[&#x201c;Adelaide market&#x201d;]]></title>
	<excerpt><![CDATA[Se vi trovate ad Adelaide vale la pena visitare il central market ci sono molte cose da vedere e comprare,... more]]></excerpt>
	<link><![CDATA[http://www.tripadvisor.com/Attraction_Review-g255093-d270480-Reviews-Adelaide_Central_Market-Adelaide_South_Australia.html]]></link>
</review>
</source>