<source name="Trip Advisor" avg-rating="4.0">
<review>
	<rating>4.0</rating>
	<author><![CDATA[WhoisJohnGault]]></author>
	<date>2008-09-14</date>
	<title><![CDATA[&#x201c;Haigh's - the best Aussie Chocos&#x201d;]]></title>
	<excerpt><![CDATA[As a chocolate lover, visiting Haigh's was a high priority for me - I make it a point to walk thru the Strand in Sydney just to get a whif. We visited]]></excerpt>
	<link><![CDATA[http://www.tripadvisor.com/Attraction_Review-g255093-d1153532-Reviews-Haigh_s_Chocolates-Adelaide_South_Australia.html]]></link>
</review>
<review>
	<rating>4.0</rating>
	<author><![CDATA[Victorianlad]]></author>
	<date>2008-09-02</date>
	<title><![CDATA[&#x201c;Scrumptious though not cheap&#x201d;]]></title>
	<excerpt><![CDATA[Although Haighs now have stores in both Melbourne and Sydney, Adelaide is the company's home and the Rundle Mall store (on the corner of King William ]]></excerpt>
	<link><![CDATA[http://www.tripadvisor.com/Attraction_Review-g255093-d1153532-Reviews-Haigh_s_Chocolates-Adelaide_South_Australia.html]]></link>
</review>
</source>