<source name="Trip Advisor" avg-rating="4.0">
<review>
	<rating>4.0</rating>
	<author><![CDATA[A TripAdvisor Contributor]]></author>
	<date>2008-05-21</date>
	<title><![CDATA[&#x201c;Love her pates!!!&#x201d;]]></title>
	<excerpt><![CDATA[Love her pates!!! more]]></excerpt>
	<link><![CDATA[http://www.tripadvisor.com/Restaurant_Review-g495029-d726967-Reviews-Maggie_Beer_s_Farm_Shop-Nuriootpa_Barossa_Valley_South_Australia.html]]></link>
</review>
<review>
	<rating>3.0</rating>
	<author><![CDATA[A TripAdvisor Contributor]]></author>
	<date>2008-03-31</date>
	<title><![CDATA[&#x201c;You can sit outside with...&#x201d;]]></title>
	<excerpt><![CDATA[You can sit outside with a picnic style basket of gourmet Maggie Beer's product, but its not large so definitely do not plan this for a lunch-time out]]></excerpt>
	<link><![CDATA[http://www.tripadvisor.com/Restaurant_Review-g495029-d726967-Reviews-Maggie_Beer_s_Farm_Shop-Nuriootpa_Barossa_Valley_South_Australia.html]]></link>
</review>
<review>
	<rating>5.0</rating>
	<author><![CDATA[A TripAdvisor Contributor]]></author>
	<date>2008-01-24</date>
	<title><![CDATA[&#x201c;Love the farm, love...&#x201d;]]></title>
	<excerpt><![CDATA[Love the farm, love Maggie, love the food, love the ambience! The food is superb! more]]></excerpt>
	<link><![CDATA[http://www.tripadvisor.com/Restaurant_Review-g495029-d726967-Reviews-Maggie_Beer_s_Farm_Shop-Nuriootpa_Barossa_Valley_South_Australia.html]]></link>
</review>
<review>
	<rating>4.0</rating>
	<author><![CDATA[A TripAdvisor Contributor]]></author>
	<date>2008-01-06</date>
	<title><![CDATA[&#x201c;Lovely surroundings...&#x201d;]]></title>
	<excerpt><![CDATA[Lovely surroundings, simple but delicious menu. Must sit out on the decking! more]]></excerpt>
	<link><![CDATA[http://www.tripadvisor.com/Restaurant_Review-g495029-d726967-Reviews-Maggie_Beer_s_Farm_Shop-Nuriootpa_Barossa_Valley_South_Australia.html]]></link>
</review>
<review>
	<rating>4.0</rating>
	<author><![CDATA[A TripAdvisor Contributor]]></author>
	<date>2007-11-02</date>
	<title><![CDATA[&#x201c;Very relaxing atmosphere...&#x201d;]]></title>
	<excerpt><![CDATA[Very relaxing atmosphere with nice views. A change of scenery to the usual dining. Fantastic pates. more]]></excerpt>
	<link><![CDATA[http://www.tripadvisor.com/Restaurant_Review-g495029-d726967-Reviews-Maggie_Beer_s_Farm_Shop-Nuriootpa_Barossa_Valley_South_Australia.html]]></link>
</review>
</source>