<source name="Trip Advisor" avg-rating="4.0">
<review>
	<rating>5.0</rating>
	<author><![CDATA[whingeypom1]]></author>
	<date>2008-08-18</date>
	<title><![CDATA[&#x201c;New Italian food warehouse and cafe&#x201d;]]></title>
	<excerpt><![CDATA[Apparently the cafe on the first floor is the big draw in this trendy new warehouse which stocks good quality imported Italian food. Try and get there]]></excerpt>
	<link><![CDATA[http://www.tripadvisor.com/Restaurant_Review-g255060-d1141417-Reviews-Fratelli_Fresh-Sydney_New_South_Wales.html]]></link>
</review>
</source>