<source name="Trip Advisor" avg-rating="4.0">
<review>
	<rating>5.0</rating>
	<author><![CDATA[A TripAdvisor Member]]></author>
	<date>2003-04-20</date>
	<title><![CDATA[&#x201c;fully sik bro&#x201d;]]></title>
	<excerpt><![CDATA[the place is awesome. You can get a huge range of clothing, toys and other things for remarkably cheap prices. Bring cash and enjoy! more]]></excerpt>
	<link><![CDATA[http://www.tripadvisor.com/Attraction_Review-g255060-d258202-Reviews-Paddington_Markets-Sydney_New_South_Wales.html]]></link>
</review>
</source>