<source name="Trip Advisor" avg-rating="4.0">
<review>
	<rating>4.0</rating>
	<author><![CDATA[katesjourneys]]></author>
	<date>2008-11-11</date>
	<title><![CDATA[&#x201c;Magnificent archtecture&#x201d;]]></title>
	<excerpt><![CDATA[A structure like no other, filled with upscale shops and little places to eat or snack. Take the tiny, old fashioned elevator to the top for the most ]]></excerpt>
	<link><![CDATA[http://www.tripadvisor.com/Attraction_Review-g255060-d523757-Reviews-Queen_Victoria_Building_QVB-Sydney_New_South_Wales.html]]></link>
</review>
<review>
	<rating>5.0</rating>
	<author><![CDATA[remmied]]></author>
	<date>2006-08-24</date>
	<title><![CDATA[&#x201c;the building is absolutely fabulous and gorgeous....shame about the shopping.!!!&#x201d;]]></title>
	<excerpt><![CDATA[shopping in sydney is appalling...the stuff is so lacklustre...and exhorbitantly priced...and this is coming from me who is a compulsive shopper..and ]]></excerpt>
	<link><![CDATA[http://www.tripadvisor.com/Attraction_Review-g255060-d523757-Reviews-Queen_Victoria_Building_QVB-Sydney_New_South_Wales.html]]></link>
</review>
<review>
	<rating>4.0</rating>
	<author><![CDATA[ちきち]]></author>
	<date>2009-03-08</date>
	<title><![CDATA[&#x201c;&#x201d;]]></title>
	<excerpt><![CDATA[]]></excerpt>
	<link><![CDATA[http://www.tripadvisor.com/Attraction_Review-g255060-d523757-Reviews-Queen_Victoria_Building_QVB-Sydney_New_South_Wales.html]]></link>
</review>
</source>