<source name="Trip Advisor" avg-rating="4.0">
<review>
	<rating>4.0</rating>
	<author><![CDATA[ForeignFlower]]></author>
	<date>2008-11-13</date>
	<title><![CDATA[&#x201c;A lovely place to visit and lunch but watch out for thieves&#x201d;]]></title>
	<excerpt><![CDATA[Sydney Fish Market is a must for visitors to Sydney and it is well worth it with a large BUT.......
Today we took a friend from the UK to lunch there ]]></excerpt>
	<link><![CDATA[http://www.tripadvisor.com/Attraction_Review-g255060-d257405-Reviews-Sydney_Fish_Market-Sydney_New_South_Wales.html]]></link>
</review>
<review>
	<rating>2.0</rating>
	<author><![CDATA[SydneySunbeam]]></author>
	<date>2007-11-12</date>
	<title><![CDATA[&#x201c;Good place to lunch but watch out for thieves!!&#x201d;]]></title>
	<excerpt><![CDATA[It's definitely worth a visit and lunch if you have never been to such a fresh fish market before. But please hang on to your belongings. I had my han]]></excerpt>
	<link><![CDATA[http://www.tripadvisor.com/Attraction_Review-g255060-d257405-Reviews-Sydney_Fish_Market-Sydney_New_South_Wales.html]]></link>
</review>
<review>
	<rating>5.0</rating>
	<author><![CDATA[A TripAdvisor Member]]></author>
	<date>2003-11-24</date>
	<title><![CDATA[&#x201c;mmm mmm fish!&#x201d;]]></title>
	<excerpt><![CDATA[Love this place! After observing the locals on a few visits I now now the drill. Purchase a couple of seafood dishes (the prawn salad is my favorite),]]></excerpt>
	<link><![CDATA[http://www.tripadvisor.com/Attraction_Review-g255060-d257405-Reviews-Sydney_Fish_Market-Sydney_New_South_Wales.html]]></link>
</review>
<review>
	<rating>5.0</rating>
	<author><![CDATA[A TripAdvisor Member]]></author>
	<date>2003-09-18</date>
	<title><![CDATA[&#x201c;Seafood Galore&#x201d;]]></title>
	<excerpt><![CDATA[There's no place like the Sydney Fish Market for seafood in terms of freshness and price. Was there 3 times in my last visit early September 2003. We ]]></excerpt>
	<link><![CDATA[http://www.tripadvisor.com/Attraction_Review-g255060-d257405-Reviews-Sydney_Fish_Market-Sydney_New_South_Wales.html]]></link>
</review>
<review>
	<rating>5.0</rating>
	<author><![CDATA[A TripAdvisor Member]]></author>
	<date>2003-08-23</date>
	<title><![CDATA[&#x201c;You either love it or hate it&#x201d;]]></title>
	<excerpt><![CDATA[The fish market is what it says it is really. Walking within 300 metres of the market will greet you with a powerful blast of fish smell, hope you can]]></excerpt>
	<link><![CDATA[http://www.tripadvisor.com/Attraction_Review-g255060-d257405-Reviews-Sydney_Fish_Market-Sydney_New_South_Wales.html]]></link>
</review>
<review>
	<rating>5.0</rating>
	<author><![CDATA[ちきち]]></author>
	<date>2009-03-14</date>
	<title><![CDATA[&#x201c;&#x201d;]]></title>
	<excerpt><![CDATA[10]]></excerpt>
	<link><![CDATA[http://www.tripadvisor.com/Attraction_Review-g255060-d257405-Reviews-Sydney_Fish_Market-Sydney_New_South_Wales.html]]></link>
</review>
<review>
	<rating>4.0</rating>
	<author><![CDATA[Akita2]]></author>
	<date>2009-01-04</date>
	<title><![CDATA[&#x201c;1224Fish Market, Sydney&#x201d;]]></title>
	<excerpt><![CDATA[1224Fish Market, Sydney... more]]></excerpt>
	<link><![CDATA[http://www.tripadvisor.com/Attraction_Review-g255060-d257405-Reviews-Sydney_Fish_Market-Sydney_New_South_Wales.html]]></link>
</review>
</source>