<source name="Trip Advisor" avg-rating="3.5">
<review>
	<rating>3.0</rating>
	<author><![CDATA[Nerzie]]></author>
	<date>2008-11-19</date>
	<title><![CDATA[&#x201c;Stay away from this street!&#x201d;]]></title>
	<excerpt><![CDATA[I suppose you have to at least walk down it once, to say you have. But this is not a nice street. Very touristy. Expect also to get harrassed by peopl]]></excerpt>
	<link><![CDATA[http://www.tripadvisor.com/Attraction_Review-g312741-d312326-Reviews-Calle_Florida-Buenos_Aires_Capital_Federal_District.html]]></link>
</review>
<review>
	<rating>3.0</rating>
	<author><![CDATA[travelingmike]]></author>
	<date>2008-11-11</date>
	<title><![CDATA[&#x201c;You should visit Calle Florida at least once.&#x201d;]]></title>
	<excerpt><![CDATA[Overview:
Calle Florida is a street that Buenos Aires has converted to a pedestrian walking path. It has been completely tiled in black and white tile]]></excerpt>
	<link><![CDATA[http://www.tripadvisor.com/Attraction_Review-g312741-d312326-Reviews-Calle_Florida-Buenos_Aires_Capital_Federal_District.html]]></link>
</review>
<review>
	<rating>4.0</rating>
	<author><![CDATA[NLtravels]]></author>
	<date>2008-08-25</date>
	<title><![CDATA[&#x201c;Neat Street&#x201d;]]></title>
	<excerpt><![CDATA[We were there for 5 days in March '08. Daily we walked and enjoyed the street. Yes there are hawkers/salespeople, but we just smiled and continued. Th]]></excerpt>
	<link><![CDATA[http://www.tripadvisor.com/Attraction_Review-g312741-d312326-Reviews-Calle_Florida-Buenos_Aires_Capital_Federal_District.html]]></link>
</review>
<review>
	<rating>4.0</rating>
	<author><![CDATA[gime]]></author>
	<date>2008-03-05</date>
	<title><![CDATA[&#x201c;A walk no to miss!&#x201d;]]></title>
	<excerpt><![CDATA[Florida Street is a typical arentinina walk, built more than two century ago, and still has that glamorous touch.
It starts at the beautiful Plaza San]]></excerpt>
	<link><![CDATA[http://www.tripadvisor.com/Attraction_Review-g312741-d312326-Reviews-Calle_Florida-Buenos_Aires_Capital_Federal_District.html]]></link>
</review>
<review>
	<rating>3.0</rating>
	<author><![CDATA[angelface52786]]></author>
	<date>2007-11-26</date>
	<title><![CDATA[&#x201c;One Stroll will do...&#x201d;]]></title>
	<excerpt><![CDATA[My Hotel was right by this street...At first, it looks really lively and packed with things to do, but in reality, this is just a pedestrian street fi]]></excerpt>
	<link><![CDATA[http://www.tripadvisor.com/Attraction_Review-g312741-d312326-Reviews-Calle_Florida-Buenos_Aires_Capital_Federal_District.html]]></link>
</review>
<review>
	<rating>2.0</rating>
	<author><![CDATA[ddbertoncin]]></author>
	<date>2006-06-15</date>
	<title><![CDATA[&#x201c;Try the Abasto&#x201d;]]></title>
	<excerpt><![CDATA[Calle Florida is a long pedestrian mall on a street closed to traffic. It's a tourist attraction and we found the hawkers relentless and annoying Gall]]></excerpt>
	<link><![CDATA[http://www.tripadvisor.com/Attraction_Review-g312741-d312326-Reviews-Calle_Florida-Buenos_Aires_Capital_Federal_District.html]]></link>
</review>
<review>
	<rating>4.0</rating>
	<author><![CDATA[A TripAdvisor Member]]></author>
	<date>2005-12-14</date>
	<title><![CDATA[&#x201c;A Street Where You Will Find More Than Shopping&#x201d;]]></title>
	<excerpt><![CDATA[My husband and I stayed only a few blocks from Calle Florida for two weeks last month. We walked the street almost daily so I became very familiar wit]]></excerpt>
	<link><![CDATA[http://www.tripadvisor.com/Attraction_Review-g312741-d312326-Reviews-Calle_Florida-Buenos_Aires_Capital_Federal_District.html]]></link>
</review>
<review>
	<rating>1.0</rating>
	<author><![CDATA[A TripAdvisor Member]]></author>
	<date>2005-10-14</date>
	<title><![CDATA[&#x201c;Boring Calle Florida&#x201d;]]></title>
	<excerpt><![CDATA[I thought that Calle Florida was awful. I thought the shopping was VERY second rate (especially compared to the other places in Buenos Aires - Palermo]]></excerpt>
	<link><![CDATA[http://www.tripadvisor.com/Attraction_Review-g312741-d312326-Reviews-Calle_Florida-Buenos_Aires_Capital_Federal_District.html]]></link>
</review>
<review>
	<rating>5.0</rating>
	<author><![CDATA[AlexRosell]]></author>
	<date>2004-05-24</date>
	<title><![CDATA[&#x201c;Great shopping at Calle Florida&#x201d;]]></title>
	<excerpt><![CDATA[If you want to get some serious shopping done go to Calle Florida while you are in Buenos Aires. There are stores ranging from Lacoste to Nike up and ]]></excerpt>
	<link><![CDATA[http://www.tripadvisor.com/Attraction_Review-g312741-d312326-Reviews-Calle_Florida-Buenos_Aires_Capital_Federal_District.html]]></link>
</review>
<review>
	<rating>5.0</rating>
	<author><![CDATA[POLIAPolonia]]></author>
	<date>2009-01-07</date>
	<title><![CDATA[&#x201c;Fantstica Calle Florida&#x201d;]]></title>
	<excerpt><![CDATA[Un sitio muy agradable, donde encuentras muy buena gente- vendedores de la calle. Alli compras fantasticas cosas, pequenos regalos hecho... more]]></excerpt>
	<link><![CDATA[http://www.tripadvisor.com/Attraction_Review-g312741-d312326-Reviews-Calle_Florida-Buenos_Aires_Capital_Federal_District.html]]></link>
</review>
</source>