<source name="Trip Advisor" avg-rating="4.5">
<review>
	<rating>5.0</rating>
	<author><![CDATA[Kimberly530]]></author>
	<date>2009-01-28</date>
	<title><![CDATA[&#x201c;Beautiful cemetery!&#x201d;]]></title>
	<excerpt><![CDATA[Recoleta is obviously one of the "tourist attractions" in Buenos Aires, but for good reason - the tombs there are absolutely amazing! Some date back h]]></excerpt>
	<link><![CDATA[http://www.tripadvisor.com/Attraction_Review-g312741-d311760-Reviews-Recoleta_Cemetery_Cementerio_de_la_Recoleta-Buenos_Aires_Capital_Federal_District.html]]></link>
</review>
<review>
	<rating>5.0</rating>
	<author><![CDATA[mindoslu]]></author>
	<date>2009-01-06</date>
	<title><![CDATA[&#x201c;Amazing cemetery&#x201d;]]></title>
	<excerpt><![CDATA[You cannot bypass Recoleta Cemetery in BA. It is located in the Recoleta district, which is a hill.It is the most fascinating place to spend time in t]]></excerpt>
	<link><![CDATA[http://www.tripadvisor.com/Attraction_Review-g312741-d311760-Reviews-Recoleta_Cemetery_Cementerio_de_la_Recoleta-Buenos_Aires_Capital_Federal_District.html]]></link>
</review>
<review>
	<rating>5.0</rating>
	<author><![CDATA[Janevie]]></author>
	<date>2008-12-02</date>
	<title><![CDATA[&#x201c;How can you not give this 5 stars?&#x201d;]]></title>
	<excerpt><![CDATA[I love getting lost in the rows upon rows of ornate tombs and gravestones. more]]></excerpt>
	<link><![CDATA[http://www.tripadvisor.com/Attraction_Review-g312741-d311760-Reviews-Recoleta_Cemetery_Cementerio_de_la_Recoleta-Buenos_Aires_Capital_Federal_District.html]]></link>
</review>
<review>
	<rating>4.0</rating>
	<author><![CDATA[Nerzie]]></author>
	<date>2008-11-19</date>
	<title><![CDATA[&#x201c;Creepy&#x201d;]]></title>
	<excerpt><![CDATA[Fascinating but very creepy. So I gave it "above average" just for how interesting of a tourist spot this is. I give it a "terrible" however for the s]]></excerpt>
	<link><![CDATA[http://www.tripadvisor.com/Attraction_Review-g312741-d311760-Reviews-Recoleta_Cemetery_Cementerio_de_la_Recoleta-Buenos_Aires_Capital_Federal_District.html]]></link>
</review>
<review>
	<rating>5.0</rating>
	<author><![CDATA[DeirdreinDC]]></author>
	<date>2008-10-31</date>
	<title><![CDATA[&#x201c;MUST SEE while in BA&#x201d;]]></title>
	<excerpt><![CDATA[My husband and I liked BA and found it to be a very livable city that feels more European than Latin American. There was a lot about the sightseeing t]]></excerpt>
	<link><![CDATA[http://www.tripadvisor.com/Attraction_Review-g312741-d311760-Reviews-Recoleta_Cemetery_Cementerio_de_la_Recoleta-Buenos_Aires_Capital_Federal_District.html]]></link>
</review>
<review>
	<rating>4.0</rating>
	<author><![CDATA[Gronzy]]></author>
	<date>2008-08-27</date>
	<title><![CDATA[&#x201c;Cat Tombkeepers&#x201d;]]></title>
	<excerpt><![CDATA[Well worth the visit - the recoleta area is also good to tour around in. - Don't just visit the Eva Peron gravesite, as the rest of the cemetery is as]]></excerpt>
	<link><![CDATA[http://www.tripadvisor.com/Attraction_Review-g312741-d311760-Reviews-Recoleta_Cemetery_Cementerio_de_la_Recoleta-Buenos_Aires_Capital_Federal_District.html]]></link>
</review>
<review>
	<rating>4.0</rating>
	<author><![CDATA[cymk]]></author>
	<date>2008-03-31</date>
	<title><![CDATA[&#x201c;Loved my visit to the cemetery&#x201d;]]></title>
	<excerpt><![CDATA[While I typically wouldnt visit a cemetery as a tourist, I am fascinated by this one. It is much like a little city and the architecture is unique for]]></excerpt>
	<link><![CDATA[http://www.tripadvisor.com/Attraction_Review-g312741-d311760-Reviews-Recoleta_Cemetery_Cementerio_de_la_Recoleta-Buenos_Aires_Capital_Federal_District.html]]></link>
</review>
<review>
	<rating>4.0</rating>
	<author><![CDATA[bostravelerBoston]]></author>
	<date>2008-01-02</date>
	<title><![CDATA[&#x201c;creepy and fasinating at the same time!&#x201d;]]></title>
	<excerpt><![CDATA[There were no free maps going but some lady was selling maps of the cemetery for 4 pesos. I just followed the crowd to Evita's grave which was straigh]]></excerpt>
	<link><![CDATA[http://www.tripadvisor.com/Attraction_Review-g312741-d311760-Reviews-Recoleta_Cemetery_Cementerio_de_la_Recoleta-Buenos_Aires_Capital_Federal_District.html]]></link>
</review>
<review>
	<rating>4.0</rating>
	<author><![CDATA[angelface52786]]></author>
	<date>2007-11-26</date>
	<title><![CDATA[&#x201c;Great Tour&#x201d;]]></title>
	<excerpt><![CDATA[The entrance and tours of the Cementerio de la Recoleta are free, and they are very informative and interesting. The site is beautiful (as odd as that]]></excerpt>
	<link><![CDATA[http://www.tripadvisor.com/Attraction_Review-g312741-d311760-Reviews-Recoleta_Cemetery_Cementerio_de_la_Recoleta-Buenos_Aires_Capital_Federal_District.html]]></link>
</review>
<review>
	<rating>4.0</rating>
	<author><![CDATA[SuziQu]]></author>
	<date>2006-05-04</date>
	<title><![CDATA[&#x201c;Recoleta and Recoleta Cemetery Tours&#x201d;]]></title>
	<excerpt><![CDATA[I have been in Buenos Aires for over a month now. I am here writing a book and am doing research about the Cemetery in Recoleta. In order to help me f]]></excerpt>
	<link><![CDATA[http://www.tripadvisor.com/Attraction_Review-g312741-d311760-Reviews-Recoleta_Cemetery_Cementerio_de_la_Recoleta-Buenos_Aires_Capital_Federal_District.html]]></link>
</review>
<review>
	<rating>5.0</rating>
	<author><![CDATA[passatdream]]></author>
	<date>2006-03-06</date>
	<title><![CDATA[&#x201c;I would recommend you take a tour of the Cemetery!&#x201d;]]></title>
	<excerpt><![CDATA[I was in Buenos Aires for a week around a month ago during my travels around South America. One day I decided to go and check out the Recoleta Cemeter]]></excerpt>
	<link><![CDATA[http://www.tripadvisor.com/Attraction_Review-g312741-d311760-Reviews-or10-Recoleta_Cemetery_Cementerio_de_la_Recoleta-Buenos_Aires_Capital_Federal_District.html]]></link>
</review>
<review>
	<rating>4.0</rating>
	<author><![CDATA[A TripAdvisor Member]]></author>
	<date>2005-12-14</date>
	<title><![CDATA[&#x201c;We Took a Self-Guided Tour of the Cemetery&#x201d;]]></title>
	<excerpt><![CDATA[My husband and I went to the Cementerio de la Recoleta last month. We decided to go to Recoleta on our own and stroll around the cemetery.
Outside the]]></excerpt>
	<link><![CDATA[http://www.tripadvisor.com/Attraction_Review-g312741-d311760-Reviews-or10-Recoleta_Cemetery_Cementerio_de_la_Recoleta-Buenos_Aires_Capital_Federal_District.html]]></link>
</review>
<review>
	<rating>5.0</rating>
	<author><![CDATA[Ms.Travels]]></author>
	<date>2005-10-21</date>
	<title><![CDATA[&#x201c;Take the tour - then see it from on high&#x201d;]]></title>
	<excerpt><![CDATA[I just took a tour of the cemetary the other day, with a guide from Cemetary. (The prior day a city tour had walked us to Evitas grave.) The cemetar]]></excerpt>
	<link><![CDATA[http://www.tripadvisor.com/Attraction_Review-g312741-d311760-Reviews-or10-Recoleta_Cemetery_Cementerio_de_la_Recoleta-Buenos_Aires_Capital_Federal_District.html]]></link>
</review>
<review>
	<rating>3.0</rating>
	<author><![CDATA[A TripAdvisor Member]]></author>
	<date>2005-10-14</date>
	<title><![CDATA[&#x201c;A little overrated - what is there to do in a cemetary?!&#x201d;]]></title>
	<excerpt><![CDATA[I went to the cemetary in Recoleta - though looking back on it - I don't know why. Dead people have never been an interest of mine. It is absolutely m]]></excerpt>
	<link><![CDATA[http://www.tripadvisor.com/Attraction_Review-g312741-d311760-Reviews-or10-Recoleta_Cemetery_Cementerio_de_la_Recoleta-Buenos_Aires_Capital_Federal_District.html]]></link>
</review>
<review>
	<rating>5.0</rating>
	<author><![CDATA[A TripAdvisor Member]]></author>
	<date>2005-02-12</date>
	<title><![CDATA[&#x201c;Beautiful Recoleta&#x201d;]]></title>
	<excerpt><![CDATA[In photographs, the cemetery looks like a small city. In reality, it is a city of the dead. Each tomb is different from the next. My first visit was o]]></excerpt>
	<link><![CDATA[http://www.tripadvisor.com/Attraction_Review-g312741-d311760-Reviews-or10-Recoleta_Cemetery_Cementerio_de_la_Recoleta-Buenos_Aires_Capital_Federal_District.html]]></link>
</review>
<review>
	<rating>5.0</rating>
	<author><![CDATA[kitten2010]]></author>
	<date>2009-02-17</date>
	<title><![CDATA[&#x201c;Los Gatos del Cementerio de La Recoleta&#x201d;]]></title>
	<excerpt><![CDATA[Un cementerio que realmente maravilla, no slo por su ubicacin (en pleno centro de la ciudad), sino por estar rodeado... more]]></excerpt>
	<link><![CDATA[http://www.tripadvisor.com/Attraction_Review-g312741-d311760-Reviews-or10-Recoleta_Cemetery_Cementerio_de_la_Recoleta-Buenos_Aires_Capital_Federal_District.html]]></link>
</review>
<review>
	<rating>4.0</rating>
	<author><![CDATA[Norka_8]]></author>
	<date>2008-12-19</date>
	<title><![CDATA[&#x201c;Algo diferente&#x201d;]]></title>
	<excerpt><![CDATA[Ubicado en una zona cntrica, este Cementerio viene a ser un lugar turstico que no puedes dejar de visitar. Aunque... more]]></excerpt>
	<link><![CDATA[http://www.tripadvisor.com/Attraction_Review-g312741-d311760-Reviews-or10-Recoleta_Cemetery_Cementerio_de_la_Recoleta-Buenos_Aires_Capital_Federal_District.html]]></link>
</review>
</source>