<source name="Trip Advisor" avg-rating="3.5">
<review>
	<rating>4.0</rating>
	<author><![CDATA[Smallbrook]]></author>
	<date>2008-03-22</date>
	<title><![CDATA[Home from home]]></title>
	<excerpt><![CDATA[La Martina is one of my favourite places to stay in the entire world, even if Martina herself is quite a dragon! It is one of the few places you can h]]></excerpt>
	<link><![CDATA[http://www.tripadvisor.com/Hotel_Review-g312740-d602291-Reviews-La_Martina_Polo_Ranch-Capital_Federal_District.html]]></link>
</review>
<review>
	<rating>3.0</rating>
	<author><![CDATA[alberslawoffice]]></author>
	<date>2006-11-28</date>
	<title><![CDATA[Our Review]]></title>
	<excerpt><![CDATA[November 8, 2006
We recently stayed three days at Estancia La Martina after five days in Buenos Aires. The service was wonderful and the grounds were ]]></excerpt>
	<link><![CDATA[http://www.tripadvisor.com/Hotel_Review-g312740-d602291-Reviews-La_Martina_Polo_Ranch-Capital_Federal_District.html]]></link>
</review>
</source>