<source name="Trip Advisor" avg-rating="4.0">
<review>
	<rating>5.0</rating>
	<author><![CDATA[marksully]]></author>
	<date>2009-01-16</date>
	<title><![CDATA[&#x201c;Great Value , Good test&#x201d;]]></title>
	<excerpt><![CDATA[We were staying in BA for 4 weeks , Played This municipal course a number of times , 20 peso's aprox 5 euro a round , slightly more on Fri and Sat . R]]></excerpt>
	<link><![CDATA[http://www.tripadvisor.com/Attraction_Review-g312741-d591180-Reviews-Lagos_de_Palermo_Golf_Club-Buenos_Aires_Capital_Federal_District.html]]></link>
</review>
</source>