<source name="Trip Advisor" avg-rating="4.0">
<review>
	<rating>4.0</rating>
	<author><![CDATA[travelingmike]]></author>
	<date>2008-11-16</date>
	<title><![CDATA[&#x201c;Worth the admission price just to see the house!&#x201d;]]></title>
	<excerpt><![CDATA[Overview:
This is a very elegant home that has been turned into a museum. It has a large collection of antiques on all 3 levels. The upper levels have]]></excerpt>
	<link><![CDATA[http://www.tripadvisor.com/Attraction_Review-g312741-d311762-Reviews-Museo_Nacional_De_Arte_Decorativo-Buenos_Aires_Capital_Federal_District.html]]></link>
</review>
</source>