<source name="Trip Advisor" avg-rating="4.0">
<review>
	<rating>5.0</rating>
	<author><![CDATA[berenjenas]]></author>
	<date>2008-11-20</date>
	<title><![CDATA[&#x201c;My life, my mission, my destiny: Evita&#x201d;]]></title>
	<excerpt><![CDATA[Finally after a few visits to Buenos Aires, I visited the museum and I have to say I learned a lot more than anticipated. I personally liked it all, h]]></excerpt>
	<link><![CDATA[http://www.tripadvisor.com/Attraction_Review-g312741-d312248-Reviews-Museo_Evita-Buenos_Aires_Capital_Federal_District.html]]></link>
</review>
<review>
	<rating>4.0</rating>
	<author><![CDATA[travelingmike]]></author>
	<date>2008-11-15</date>
	<title><![CDATA[&#x201c;Visit this museum to get a better understanding of Evita&#x201d;]]></title>
	<excerpt><![CDATA[Overview:
This museum is dedicated to the life of Eva Peron. It is pro Evita, even though there are those in Argentina who did and still hate her. You]]></excerpt>
	<link><![CDATA[http://www.tripadvisor.com/Attraction_Review-g312741-d312248-Reviews-Museo_Evita-Buenos_Aires_Capital_Federal_District.html]]></link>
</review>
<review>
	<rating>3.0</rating>
	<author><![CDATA[VivaRiva]]></author>
	<date>2008-04-26</date>
	<title><![CDATA[&#x201c;We just happened by.......but worth a half hour.&#x201d;]]></title>
	<excerpt><![CDATA[We spent a week in Buenos Aires in March 2008. One of the must see tourist destination is the Recoleta Cemetery. Everybody visits the Eva Peron (Duart]]></excerpt>
	<link><![CDATA[http://www.tripadvisor.com/Attraction_Review-g312741-d312248-Reviews-Museo_Evita-Buenos_Aires_Capital_Federal_District.html]]></link>
</review>
</source>