<source name="Trip Advisor" avg-rating="4.0">
<review>
	<rating>4.0</rating>
	<author><![CDATA[travelingmike]]></author>
	<date>2008-11-15</date>
	<title><![CDATA[&#x201c;A large impressive collection&#x201d;]]></title>
	<excerpt><![CDATA[Overview:
This is a museum located in La Recoleta neighborhood that houses a number of fine pieces of art. It is a large collection that is open to th]]></excerpt>
	<link><![CDATA[http://www.tripadvisor.com/Attraction_Review-g312741-d311757-Reviews-Museo_Nacional_de_Bellas_Artes-Buenos_Aires_Capital_Federal_District.html]]></link>
</review>
<review>
	<rating>4.0</rating>
	<author><![CDATA[Deborah4967]]></author>
	<date>2008-01-04</date>
	<title><![CDATA[&#x201c;Best Collection&#x201d;]]></title>
	<excerpt><![CDATA[This is a great choice for a general collection, and it was interesting to see not so famous works by famous and familiar artists. The best part is th]]></excerpt>
	<link><![CDATA[http://www.tripadvisor.com/Attraction_Review-g312741-d311757-Reviews-Museo_Nacional_de_Bellas_Artes-Buenos_Aires_Capital_Federal_District.html]]></link>
</review>
<review>
	<rating>5.0</rating>
	<author><![CDATA[angelface52786]]></author>
	<date>2007-11-26</date>
	<title><![CDATA[&#x201c;Amazing!&#x201d;]]></title>
	<excerpt><![CDATA[I have visited some of the world's best museums, and this one, although smaller, has a wonderful collection...Lots of pieces by well known artists, an]]></excerpt>
	<link><![CDATA[http://www.tripadvisor.com/Attraction_Review-g312741-d311757-Reviews-Museo_Nacional_de_Bellas_Artes-Buenos_Aires_Capital_Federal_District.html]]></link>
</review>
<review>
	<rating>5.0</rating>
	<author><![CDATA[margatemensch]]></author>
	<date>2006-11-25</date>
	<title><![CDATA[&#x201c;Who Says The Best Things In Life Are Not Free&#x201d;]]></title>
	<excerpt><![CDATA[This is a fine,comprehensive art museum with a vast array of fine European paintings by artists like; Giovanni Da Milano,Titian,Jan C.Oostansen,Bartol]]></excerpt>
	<link><![CDATA[http://www.tripadvisor.com/Attraction_Review-g312741-d311757-Reviews-Museo_Nacional_de_Bellas_Artes-Buenos_Aires_Capital_Federal_District.html]]></link>
</review>
</source>