<source name="Trip Advisor" avg-rating="4.0">
<review>
	<rating>5.0</rating>
	<author><![CDATA[teach2travel2]]></author>
	<date>2008-08-18</date>
	<title><![CDATA[&#x201c;A great Night Out&#x201d;]]></title>
	<excerpt><![CDATA[This is a outdoor show depicting the history of Argentina. It features singing, dancing, horse back riding and general spectacle. Reading the provided]]></excerpt>
	<link><![CDATA[http://www.tripadvisor.com/Attraction_Review-g312741-d617606-Reviews-Opera_Pampa-Buenos_Aires_Capital_Federal_District.html]]></link>
</review>
<review>
	<rating>1.0</rating>
	<author><![CDATA[RaquelitaLondon]]></author>
	<date>2007-12-07</date>
	<title><![CDATA[&#x201c;Awful cheesey schlock, great horses though&#x201d;]]></title>
	<excerpt><![CDATA[This was jaw-droppingly poor, nationalistic, erroneous, cheesey. Features some amazing stunt-riding, which it is difficult to see elsewhere, but it is]]></excerpt>
	<link><![CDATA[http://www.tripadvisor.com/Attraction_Review-g312741-d617606-Reviews-Opera_Pampa-Buenos_Aires_Capital_Federal_District.html]]></link>
</review>
<review>
	<rating>4.0</rating>
	<author><![CDATA[scarlet2006]]></author>
	<date>2008-01-14</date>
	<title><![CDATA[&#x201c;Opera Pampa, fantstico y nico&#x201d;]]></title>
	<excerpt><![CDATA[El show presentado en Opera Pampa me encanto, tambien la comida.
Llegamos y el local cubierto, donde se encuentra el... more]]></excerpt>
	<link><![CDATA[http://www.tripadvisor.com/Attraction_Review-g312741-d617606-Reviews-Opera_Pampa-Buenos_Aires_Capital_Federal_District.html]]></link>
</review>
</source>