<source name="Trip Advisor" avg-rating="3.5">
<review>
	<rating>5.0</rating>
	<author><![CDATA[carlaPilar]]></author>
	<date>2008-03-25</date>
	<title><![CDATA[&#x201c;Ee espectacular!&#x201d;]]></title>
	<excerpt><![CDATA[fui al parque de la costa como regalo de 15 de una amiga.
y la verdad que me encanto.a mi... more]]></excerpt>
	<link><![CDATA[http://www.tripadvisor.com/Attraction_Review-g312762-d314429-Reviews-Parque_de_la_Costa-Tigre_Province_of_Buenos_Aires_Central_Argentina.html]]></link>
</review>
<review>
	<rating>1.0</rating>
	<author><![CDATA[ConductaCinco]]></author>
	<date>2007-07-01</date>
	<title><![CDATA[&#x201c;Los pasaportes limitados a nada (casi)&#x201d;]]></title>
	<excerpt><![CDATA[El domingo pasado concurri con mi hijo al parque de la costa, en el Tigre.
Fue catastrofico, en cada juego... more]]></excerpt>
	<link><![CDATA[http://www.tripadvisor.com/Attraction_Review-g312762-d314429-Reviews-Parque_de_la_Costa-Tigre_Province_of_Buenos_Aires_Central_Argentina.html]]></link>
</review>
<review>
	<rating>3.0</rating>
	<author><![CDATA[A TripAdvisor Member]]></author>
	<date>2006-04-30</date>
	<title><![CDATA[&#x201c;me guta mucho&#x201d;]]></title>
	<excerpt><![CDATA[Bueno en primer lugar quiero desir que soy fanatico de los `parques de diverciones. El parque de la costa me... more]]></excerpt>
	<link><![CDATA[http://www.tripadvisor.com/Attraction_Review-g312762-d314429-Reviews-Parque_de_la_Costa-Tigre_Province_of_Buenos_Aires_Central_Argentina.html]]></link>
</review>
</source>