<source name="Trip Advisor" avg-rating="4.0">
<review>
	<rating>4.0</rating>
	<author><![CDATA[Kimberly530]]></author>
	<date>2009-01-17</date>
	<title><![CDATA[&#x201c;A fun place to walk around&#x201d;]]></title>
	<excerpt><![CDATA[While nothing exceptional, Puerto Madero is a nice place to walk along the water and there are ample benches all around if you want to just sit and re]]></excerpt>
	<link><![CDATA[http://www.tripadvisor.com/Attraction_Review-g312741-d311777-Reviews-Puerto_Madero-Buenos_Aires_Capital_Federal_District.html]]></link>
</review>
<review>
	<rating>5.0</rating>
	<author><![CDATA[elraconteur]]></author>
	<date>2008-05-21</date>
	<title><![CDATA[&#x201c;Cooler by the water&#x201d;]]></title>
	<excerpt><![CDATA[I first visited in March 2006, when a taxi driver took me to Cabana Las Lilas, a restaurant I thoroughly enjoyed, although it is touristy and pricey b]]></excerpt>
	<link><![CDATA[http://www.tripadvisor.com/Attraction_Review-g312741-d311777-Reviews-Puerto_Madero-Buenos_Aires_Capital_Federal_District.html]]></link>
</review>
<review>
	<rating>3.0</rating>
	<author><![CDATA[NLtravels]]></author>
	<date>2008-03-18</date>
	<title><![CDATA[&#x201c;Nice concept, but touristy&#x201d;]]></title>
	<excerpt><![CDATA[Nicely redone port area for tourists. Many restaurants, but some are chains from other places.
Bice (the original in Milan, Italy is great). This one ]]></excerpt>
	<link><![CDATA[http://www.tripadvisor.com/Attraction_Review-g312741-d311777-Reviews-Puerto_Madero-Buenos_Aires_Capital_Federal_District.html]]></link>
</review>
<review>
	<rating>4.0</rating>
	<author><![CDATA[jeepscreeps]]></author>
	<date>2007-11-29</date>
	<title><![CDATA[&#x201c;Lovely Place&#x201d;]]></title>
	<excerpt><![CDATA[Great place for photo opportunities. It feels a little romantic, but then again, what doesn't in Buenos Aires? more]]></excerpt>
	<link><![CDATA[http://www.tripadvisor.com/Attraction_Review-g312741-d311777-Reviews-Puerto_Madero-Buenos_Aires_Capital_Federal_District.html]]></link>
</review>
<review>
	<rating>2.0</rating>
	<author><![CDATA[angelface52786]]></author>
	<date>2007-11-26</date>
	<title><![CDATA[&#x201c;Madiocre...At best&#x201d;]]></title>
	<excerpt><![CDATA[Puerto Madero is nothing but a canal with boats and super expensive restaurants designed for tourists...The restauranst are extremely expensive...Not ]]></excerpt>
	<link><![CDATA[http://www.tripadvisor.com/Attraction_Review-g312741-d311777-Reviews-Puerto_Madero-Buenos_Aires_Capital_Federal_District.html]]></link>
</review>
<review>
	<rating>5.0</rating>
	<author><![CDATA[Cambrico]]></author>
	<date>2007-09-19</date>
	<title><![CDATA[&#x201c;Must visit this place&#x201d;]]></title>
	<excerpt><![CDATA[I felt compelled to write a review because the other ones are too old. I stayed in Buenos Aires with my wife and children during August 19-26 / 2007. ]]></excerpt>
	<link><![CDATA[http://www.tripadvisor.com/Attraction_Review-g312741-d311777-Reviews-Puerto_Madero-Buenos_Aires_Capital_Federal_District.html]]></link>
</review>
<review>
	<rating>4.0</rating>
	<author><![CDATA[mpac]]></author>
	<date>2006-07-26</date>
	<title><![CDATA[&#x201c;A must in Bs As&#x201d;]]></title>
	<excerpt><![CDATA[We went dining twice to Puerto Madero during our week long stay in Buenos Aires. Together with Las Caitas, in Palermo, I'd say this is one of the fi]]></excerpt>
	<link><![CDATA[http://www.tripadvisor.com/Attraction_Review-g312741-d311777-Reviews-Puerto_Madero-Buenos_Aires_Capital_Federal_District.html]]></link>
</review>
<review>
	<rating>2.0</rating>
	<author><![CDATA[glbtrtr]]></author>
	<date>2005-12-10</date>
	<title><![CDATA[&#x201c;Caution in this tourist area&#x201d;]]></title>
	<excerpt><![CDATA[Be careful when getting picked up at night even from a radio taxis for the counterfeit currency exchange when visiting this touristy area. I find most]]></excerpt>
	<link><![CDATA[http://www.tripadvisor.com/Attraction_Review-g312741-d311777-Reviews-Puerto_Madero-Buenos_Aires_Capital_Federal_District.html]]></link>
</review>
<review>
	<rating>4.0</rating>
	<author><![CDATA[AlexRosell]]></author>
	<date>2004-05-24</date>
	<title><![CDATA[&#x201c;fine shopping at Puerto Madero&#x201d;]]></title>
	<excerpt><![CDATA[Puerto Madero is a great shopping and dining district in buenos aires. the outdoor mall is right on the river which is very scenic at night. During th]]></excerpt>
	<link><![CDATA[http://www.tripadvisor.com/Attraction_Review-g312741-d311777-Reviews-Puerto_Madero-Buenos_Aires_Capital_Federal_District.html]]></link>
</review>
<review>
	<rating>4.0</rating>
	<author><![CDATA[_AteNeaNikE_]]></author>
	<date>2009-01-16</date>
	<title><![CDATA[&#x201c;Lindo paseo&#x201d;]]></title>
	<excerpt><![CDATA[A mi particularmente me encanta Puerto Madero. Me resulta un paseo muy agradable con linda vista de la zona de... more]]></excerpt>
	<link><![CDATA[http://www.tripadvisor.com/Attraction_Review-g312741-d311777-Reviews-Puerto_Madero-Buenos_Aires_Capital_Federal_District.html]]></link>
</review>
<review>
	<rating>5.0</rating>
	<author><![CDATA[Norka_8]]></author>
	<date>2008-12-19</date>
	<title><![CDATA[&#x201c;Sencillamente Excelente&#x201d;]]></title>
	<excerpt><![CDATA[Puerto Madero es uno de los lugares ms lindos que visit en Buenos Aires; con un moderno puente, una hermosa... more]]></excerpt>
	<link><![CDATA[http://www.tripadvisor.com/Attraction_Review-g312741-d311777-Reviews-or10-Puerto_Madero-Buenos_Aires_Capital_Federal_District.html]]></link>
</review>
</source>