<source name="Trip Advisor" avg-rating="4.5">
<review>
	<rating>5.0</rating>
	<author><![CDATA[1pablo]]></author>
	<date>2008-11-30</date>
	<title><![CDATA[&#x201c;Recoleta: Walk it and find it--BA not Paris&#x201d;]]></title>
	<excerpt><![CDATA[We rented an apartment in Recoleta. In the three months spent in Argentina, other than at Llau Llau, it was the most comfortable area of our trip. I w]]></excerpt>
	<link><![CDATA[http://www.tripadvisor.com/Attraction_Review-g312741-d311775-Reviews-Recoleta-Buenos_Aires_Capital_Federal_District.html]]></link>
</review>
<review>
	<rating>5.0</rating>
	<author><![CDATA[anaimq4]]></author>
	<date>2008-04-17</date>
	<title><![CDATA[&#x201c;Most beautiful and safe neighborhood in Buenos Aires&#x201d;]]></title>
	<excerpt><![CDATA[We rented an apartment for a month in Recoleta, and we absolutely loved the experience. Recoleta is one of the safest zones in Buenos Aires. You can s]]></excerpt>
	<link><![CDATA[http://www.tripadvisor.com/Attraction_Review-g312741-d311775-Reviews-Recoleta-Buenos_Aires_Capital_Federal_District.html]]></link>
</review>
<review>
	<rating>5.0</rating>
	<author><![CDATA[angelface52786]]></author>
	<date>2007-11-26</date>
	<title><![CDATA[&#x201c;Wonderful!!!&#x201d;]]></title>
	<excerpt><![CDATA[Recoleta is a wonderful part of Buenos Aires...On weekends, there is an outdoor market filled with things to but...Aside form that, you'll find Cemete]]></excerpt>
	<link><![CDATA[http://www.tripadvisor.com/Attraction_Review-g312741-d311775-Reviews-Recoleta-Buenos_Aires_Capital_Federal_District.html]]></link>
</review>
<review>
	<rating>4.0</rating>
	<author><![CDATA[pearler]]></author>
	<date>2006-09-18</date>
	<title><![CDATA[&#x201c;Recoleta with children&#x201d;]]></title>
	<excerpt><![CDATA[We enjoyed Buenos Aires and Recoleta with our two boys aged 8 and 11 years in May 2006, staying at the Hotel Ulisses.
Recoleta is a pretty and safe ar]]></excerpt>
	<link><![CDATA[http://www.tripadvisor.com/Attraction_Review-g312741-d311775-Reviews-Recoleta-Buenos_Aires_Capital_Federal_District.html]]></link>
</review>
</source>