<source name="Trip Advisor" avg-rating="4.0">
<review>
	<rating>5.0</rating>
	<author><![CDATA[Gerardoargentina]]></author>
	<date>2008-01-24</date>
	<title><![CDATA[&#x201c;Works in Teatro Coln&#x201d;]]></title>
	<excerpt><![CDATA[The Teatro Coln is really a nice building to visit. Or, still better, to go to a concert. It is one of the most wonderfull theatres in the world, pr]]></excerpt>
	<link><![CDATA[http://www.tripadvisor.com/Attraction_Review-g312741-d311763-Reviews-Teatro_Colon-Buenos_Aires_Capital_Federal_District.html]]></link>
</review>
<review>
	<rating>5.0</rating>
	<author><![CDATA[A TripAdvisor Member]]></author>
	<date>2005-12-14</date>
	<title><![CDATA[&#x201c;Highlight of Our Vacation&#x201d;]]></title>
	<excerpt><![CDATA[We were disappointed as we were planning our trip to Argentina to find out that a strike had closed the Teatro Coln. However, just a few days before]]></excerpt>
	<link><![CDATA[http://www.tripadvisor.com/Attraction_Review-g312741-d311763-Reviews-Teatro_Colon-Buenos_Aires_Capital_Federal_District.html]]></link>
</review>
<review>
	<rating>5.0</rating>
	<author><![CDATA[Ms.Travels]]></author>
	<date>2005-10-23</date>
	<title><![CDATA[&#x201c;Take the tour&#x201d;]]></title>
	<excerpt><![CDATA[I echo earlier reviews about taking a tour. I would recommend that you reserve in advance. The tour involves a lot of walking and several flight of st]]></excerpt>
	<link><![CDATA[http://www.tripadvisor.com/Attraction_Review-g312741-d311763-Reviews-Teatro_Colon-Buenos_Aires_Capital_Federal_District.html]]></link>
</review>
<review>
	<rating>5.0</rating>
	<author><![CDATA[A TripAdvisor Member]]></author>
	<date>2005-08-10</date>
	<title><![CDATA[&#x201c;Watched Sleeping Beauty&#x201d;]]></title>
	<excerpt><![CDATA[Do the tour, then book a ticket and go watch a show. The productions are top-notch. You will see things that are generally too expensive to put on in ]]></excerpt>
	<link><![CDATA[http://www.tripadvisor.com/Attraction_Review-g312741-d311763-Reviews-Teatro_Colon-Buenos_Aires_Capital_Federal_District.html]]></link>
</review>
<review>
	<rating>5.0</rating>
	<author><![CDATA[fluoro]]></author>
	<date>2005-06-02</date>
	<title><![CDATA[&#x201c;go on the tour!!!!!!&#x201d;]]></title>
	<excerpt><![CDATA[I went on a guided tour in english of the theater and it was amazing. The cost is 12 pesos which is nothing and it is an hour and a half long with a v]]></excerpt>
	<link><![CDATA[http://www.tripadvisor.com/Attraction_Review-g312741-d311763-Reviews-Teatro_Colon-Buenos_Aires_Capital_Federal_District.html]]></link>
</review>
<review>
	<rating>4.0</rating>
	<author><![CDATA[アルゼンチン好き]]></author>
	<date>2008-09-03</date>
	<title><![CDATA[&#x201c;&#x201d;]]></title>
	<excerpt><![CDATA[
19081002007]]></excerpt>
	<link><![CDATA[http://www.tripadvisor.com/Attraction_Review-g312741-d311763-Reviews-Teatro_Colon-Buenos_Aires_Capital_Federal_District.html]]></link>
</review>
<review>
	<rating>5.0</rating>
	<author><![CDATA[fvfef]]></author>
	<date>2008-03-27</date>
	<title><![CDATA[&#x201c;Como en Milan&#x201d;]]></title>
	<excerpt><![CDATA[Solo comparable a la Scala de Milan. Lastima que ahora se encuentre cerrado. De todas formas vale la pena sacarse... more]]></excerpt>
	<link><![CDATA[http://www.tripadvisor.com/Attraction_Review-g312741-d311763-Reviews-Teatro_Colon-Buenos_Aires_Capital_Federal_District.html]]></link>
</review>
</source>