<source name="Trip Advisor" avg-rating="4.5">
<review>
	<rating>5.0</rating>
	<author><![CDATA[Natsanchez]]></author>
	<date>2009-02-09</date>
	<title><![CDATA[&#x201c;A must see place in Buenos Aires&#x201d;]]></title>
	<excerpt><![CDATA[People of all ages should visit this beautiful place.
At a short distance from the city you will find a very peaceful place with all kinds of animals ]]></excerpt>
	<link><![CDATA[http://www.tripadvisor.com/Attraction_Review-g312741-d550648-Reviews-Temaiken_Park-Buenos_Aires_Capital_Federal_District.html]]></link>
</review>
<review>
	<rating>5.0</rating>
	<author><![CDATA[CanadianAandJ]]></author>
	<date>2008-03-22</date>
	<title><![CDATA[&#x201c;Gorgeous Perfection!!!!&#x201d;]]></title>
	<excerpt><![CDATA[We are two big animal lovers, and this park is fantastic. Gorgeous huge exotic exhibits, animals are many and varied, and well cared for. The entire p]]></excerpt>
	<link><![CDATA[http://www.tripadvisor.com/Attraction_Review-g312741-d550648-Reviews-Temaiken_Park-Buenos_Aires_Capital_Federal_District.html]]></link>
</review>
<review>
	<rating>5.0</rating>
	<author><![CDATA[Livetowander]]></author>
	<date>2006-03-21</date>
	<title><![CDATA[&#x201c;A Hidden Gem&#x201d;]]></title>
	<excerpt><![CDATA[Although it is hard to find information about Temaiken, it is well worth a visit, especially for kids.
It is obvious that a lot of thought and effort ]]></excerpt>
	<link><![CDATA[http://www.tripadvisor.com/Attraction_Review-g312741-d550648-Reviews-Temaiken_Park-Buenos_Aires_Capital_Federal_District.html]]></link>
</review>
<review>
	<rating>5.0</rating>
	<author><![CDATA[kitten2010]]></author>
	<date>2009-02-17</date>
	<title><![CDATA[&#x201c;Temaiken: Un imperdible de Buenos Aires (Beln de escobar)&#x201d;]]></title>
	<excerpt><![CDATA[Un hermoso parque, que sin tener una gran coleccin de animales en su muestra (faltan elefantes, jirafas, entre otros) cuenta... more]]></excerpt>
	<link><![CDATA[http://www.tripadvisor.com/Attraction_Review-g312741-d550648-Reviews-Temaiken_Park-Buenos_Aires_Capital_Federal_District.html]]></link>
</review>
</source>