<source name="Trip Advisor" avg-rating="3.5">
<review>
	<rating>4.0</rating>
	<author><![CDATA[shangrispa]]></author>
	<date>2007-01-16</date>
	<title><![CDATA[Good place]]></title>
	<excerpt><![CDATA[Stayed at one of the new two bedroom condominiums last week, and paid $90 a night less than the full price from a last minute website and have to say ]]></excerpt>
	<link><![CDATA[http://www.tripadvisor.com/Hotel_Review-g552135-d638799-Reviews-13th_Beach-Barwon_Heads_Victoria.html]]></link>
</review>
</source>