<source name="Trip Advisor" avg-rating="3.0">
<review>
	<rating>3.0</rating>
	<author><![CDATA[laurapoo80]]></author>
	<date>2009-02-07</date>
	<title><![CDATA[Torquay, not Bells Beach]]></title>
	<excerpt><![CDATA[Spent a weekend at this hostel. It is located on the busy highway just a short walk from the shopping centre of Torquay. The place seemed to be desert]]></excerpt>
	<link><![CDATA[http://www.tripadvisor.com/Hotel_Review-g261667-d285972-Reviews-Bells_Beach_Backpackers-Torquay_Victoria.html]]></link>
</review>
<review>
	<rating>2.0</rating>
	<author><![CDATA[JandNT]]></author>
	<date>2008-11-18</date>
	<title><![CDATA[Not a good hostel]]></title>
	<excerpt><![CDATA[We've stayed at many hostels all over Oz and other countries and this ranks amongst the worst, if not the most unusual. It's not clear if it's a hoste]]></excerpt>
	<link><![CDATA[http://www.tripadvisor.com/Hotel_Review-g261667-d285972-Reviews-Bells_Beach_Backpackers-Torquay_Victoria.html]]></link>
</review>
</source>