<source name="Trip Advisor" avg-rating="3.5">
<review>
	<rating>3.0</rating>
	<author><![CDATA[Victorianlad]]></author>
	<date>2008-11-03</date>
	<title><![CDATA[&#x201c;Walk through a living racecourse&#x201d;]]></title>
	<excerpt><![CDATA[Because this racecourse is Crown land (that is, the property of the Queen of Australia who is also Queen of England), the public can walk through it a]]></excerpt>
	<link><![CDATA[http://www.tripadvisor.com/Attraction_Review-g255100-d1200665-Reviews-Caulfield_Racecourse-Melbourne_Victoria.html]]></link>
</review>
</source>