<source name="Trip Advisor" avg-rating="4.0">
<review>
	<rating>5.0</rating>
	<author><![CDATA[faing84]]></author>
	<date>2008-09-25</date>
	<title><![CDATA[Perfect Stay]]></title>
	<excerpt><![CDATA[We visited Balconies for my friend's 40th celebrations for the weekend. The service was brilliant right from the start. We would made to feel at home ]]></excerpt>
	<link><![CDATA[http://www.tripadvisor.com/Hotel_Review-g499623-d660125-Reviews-Balconies_Daylesford-Daylesford_Victoria.html]]></link>
</review>
</source>