<source name="Trip Advisor" avg-rating="3.5">
<review>
	<rating>4.0</rating>
	<author><![CDATA[JRHOceanGrove]]></author>
	<date>2008-09-26</date>
	<title><![CDATA[A Very Homely Stay]]></title>
	<excerpt><![CDATA[My family of four stayed at this property for 3 nights, late in the ski season (Sep 08). The property is at the end of a culdesac, just outside of the]]></excerpt>
	<link><![CDATA[http://www.tripadvisor.com/Hotel_Review-g495049-d1170301-Reviews-Duck_Inn_Mt_Buller-Mt_Buller_Victoria.html]]></link>
</review>
</source>