<source name="Trip Advisor" avg-rating="4.0">
<review>
	<rating>4.0</rating>
	<author><![CDATA[13whiterabbit]]></author>
	<date>2008-09-28</date>
	<title><![CDATA[&#x201c;Stunning view of Melbourne&#x201d;]]></title>
	<excerpt><![CDATA[This was a good experience, its great seeing the city from above and the elevator ride up was enjoyable as well. We didn't bother going to the edge ex]]></excerpt>
	<link><![CDATA[http://www.tripadvisor.com/Attraction_Review-g255100-d654640-Reviews-Eureka_Skydeck_88-Melbourne_Victoria.html]]></link>
</review>
<review>
	<rating>4.0</rating>
	<author><![CDATA[sf213]]></author>
	<date>2008-03-19</date>
	<title><![CDATA[&#x201c;Nice view of Melbourne&#x201d;]]></title>
	<excerpt><![CDATA[The Eureka Skydeck on the 88th floor of the Eureka Tower is a great place to get a nice view of Melbourne. The windows are from floor to ceiling all a]]></excerpt>
	<link><![CDATA[http://www.tripadvisor.com/Attraction_Review-g255100-d654640-Reviews-Eureka_Skydeck_88-Melbourne_Victoria.html]]></link>
</review>
<review>
	<rating>5.0</rating>
	<author><![CDATA[BuddhistNY]]></author>
	<date>2008-01-20</date>
	<title><![CDATA[&#x201c;Best Tourist Attraction in Melbourne&#x201d;]]></title>
	<excerpt><![CDATA[a must see in Melbourne....the Edge is out of this world. Our kids loved it and begged me to take them back again and again at nightime. An absolute m]]></excerpt>
	<link><![CDATA[http://www.tripadvisor.com/Attraction_Review-g255100-d654640-Reviews-Eureka_Skydeck_88-Melbourne_Victoria.html]]></link>
</review>
<review>
	<rating>4.0</rating>
	<author><![CDATA[xiantraveller]]></author>
	<date>2008-01-10</date>
	<title><![CDATA[&#x201c;Worthwhile experience!&#x201d;]]></title>
	<excerpt><![CDATA[I have been to a number of towers, including Centrepoint in Sydney, the Macau Tower, Macau, the Oriental Pearl in Shanghai, Baiyoke in Bangkok, the TM]]></excerpt>
	<link><![CDATA[http://www.tripadvisor.com/Attraction_Review-g255100-d654640-Reviews-Eureka_Skydeck_88-Melbourne_Victoria.html]]></link>
</review>
<review>
	<rating>5.0</rating>
	<author><![CDATA[AJR1974]]></author>
	<date>2007-06-28</date>
	<title><![CDATA[&#x201c;Unbelievable!&#x201d;]]></title>
	<excerpt><![CDATA[The best thing in Melbourne by far! 88 storey's high, 360 degree view, outdoor section and not to mention the EDGE! Recommend it to anyone who visits ]]></excerpt>
	<link><![CDATA[http://www.tripadvisor.com/Attraction_Review-g255100-d654640-Reviews-Eureka_Skydeck_88-Melbourne_Victoria.html]]></link>
</review>
</source>