<source name="Trip Advisor" avg-rating="4.0">
<review>
	<rating>5.0</rating>
	<author><![CDATA[Lisa66]]></author>
	<date>2009-03-01</date>
	<title><![CDATA[&#x201c;Contemporary and beautiful&#x201d;]]></title>
	<excerpt><![CDATA[I'm a local and I visit Fed Square often. The architecture is truly beautiful and the vibe, particularly at night, is buzzing.
Great restaurants - Cho]]></excerpt>
	<link><![CDATA[http://www.tripadvisor.com/Attraction_Review-g255100-d266090-Reviews-Federation_Square-Melbourne_Victoria.html]]></link>
</review>
<review>
	<rating>5.0</rating>
	<author><![CDATA[Melbourne-ette]]></author>
	<date>2008-06-05</date>
	<title><![CDATA[&#x201c;Fantastic food and wine destination&#x201d;]]></title>
	<excerpt><![CDATA[I'm a local and I visit Fed Square all the time - it's so conveniently located in the middle of everything, and has some of the best restaurants in Me]]></excerpt>
	<link><![CDATA[http://www.tripadvisor.com/Attraction_Review-g255100-d266090-Reviews-Federation_Square-Melbourne_Victoria.html]]></link>
</review>
<review>
	<rating>1.0</rating>
	<author><![CDATA[Victorianlad]]></author>
	<date>2008-05-10</date>
	<title><![CDATA[&#x201c;Few redeeming features&#x201d;]]></title>
	<excerpt><![CDATA[Apart form its attractive pink Castlemaine slate that forms some of its steps, Federation Square has little to recommend it.
Depsite its size, it has ]]></excerpt>
	<link><![CDATA[http://www.tripadvisor.com/Attraction_Review-g255100-d266090-Reviews-Federation_Square-Melbourne_Victoria.html]]></link>
</review>
<review>
	<rating>4.0</rating>
	<author><![CDATA[alipink]]></author>
	<date>2007-11-12</date>
	<title><![CDATA[&#x201c;a good spot for lots of things&#x201d;]]></title>
	<excerpt><![CDATA[is a convenient location that can support many types of restaurants, bars and local events .. for example there is a weekly farmers market. more]]></excerpt>
	<link><![CDATA[http://www.tripadvisor.com/Attraction_Review-g255100-d266090-Reviews-Federation_Square-Melbourne_Victoria.html]]></link>
</review>
<review>
	<rating>1.0</rating>
	<author><![CDATA[MaxShiraz]]></author>
	<date>2007-06-08</date>
	<title><![CDATA[&#x201c;Yuk&#x201d;]]></title>
	<excerpt><![CDATA[As a former Melbourne resident I can honestly say this is the most embarrassing thing about the city.
What were they thinking? This is a cold, stark u]]></excerpt>
	<link><![CDATA[http://www.tripadvisor.com/Attraction_Review-g255100-d266090-Reviews-Federation_Square-Melbourne_Victoria.html]]></link>
</review>
<review>
	<rating>5.0</rating>
	<author><![CDATA[theworldMelbourne]]></author>
	<date>2007-01-21</date>
	<title><![CDATA[&#x201c;love my fed square&#x201d;]]></title>
	<excerpt><![CDATA[Fed square is melbourne new meeting spot.
you used to say to your friends, meet you at flinders street and that usually meant to meet under the clocks]]></excerpt>
	<link><![CDATA[http://www.tripadvisor.com/Attraction_Review-g255100-d266090-Reviews-Federation_Square-Melbourne_Victoria.html]]></link>
</review>
<review>
	<rating>4.0</rating>
	<author><![CDATA[krug100]]></author>
	<date>2006-12-23</date>
	<title><![CDATA[&#x201c;Contemporary and intresting place&#x201d;]]></title>
	<excerpt><![CDATA[I think this is quite interesting place. Not everyone will like that, so what? I dont like a lot of places that most of people considering Amazi]]></excerpt>
	<link><![CDATA[http://www.tripadvisor.com/Attraction_Review-g255100-d266090-Reviews-Federation_Square-Melbourne_Victoria.html]]></link>
</review>
<review>
	<rating>1.0</rating>
	<author><![CDATA[VAChiliman]]></author>
	<date>2005-03-27</date>
	<title><![CDATA[&#x201c;Ugg Lea&#x201d;]]></title>
	<excerpt><![CDATA[If 85% of visitors to Federation Square "admire" the architecture, the surveys must count the numerous birds that "decorate" the buildings and surroun]]></excerpt>
	<link><![CDATA[http://www.tripadvisor.com/Attraction_Review-g255100-d266090-Reviews-Federation_Square-Melbourne_Victoria.html]]></link>
</review>
<review>
	<rating>5.0</rating>
	<author><![CDATA[A TripAdvisor Member]]></author>
	<date>2003-12-23</date>
	<title><![CDATA[&#x201c;The New Civic Heart&#x201d;]]></title>
	<excerpt><![CDATA[Not everyone will admire the architecture of federation Square, but surveys say that more than 85% of visitors do. More importantly, Federation Square]]></excerpt>
	<link><![CDATA[http://www.tripadvisor.com/Attraction_Review-g255100-d266090-Reviews-Federation_Square-Melbourne_Victoria.html]]></link>
</review>
<review>
	<rating>1.0</rating>
	<author><![CDATA[A TripAdvisor Member]]></author>
	<date>2003-12-07</date>
	<title><![CDATA[&#x201c;How inappropriate.&#x201d;]]></title>
	<excerpt><![CDATA[What an ugly building, looks totally out of place set right in the heart of beautiful OLD buildings in Melbourne Too spread out, not enough informatio]]></excerpt>
	<link><![CDATA[http://www.tripadvisor.com/Attraction_Review-g255100-d266090-Reviews-Federation_Square-Melbourne_Victoria.html]]></link>
</review>
</source>