<source name="Trip Advisor" avg-rating="4.0">
<review>
	<rating>3.0</rating>
	<author><![CDATA[katesjourneys]]></author>
	<date>2008-11-14</date>
	<title><![CDATA[&#x201c;Interesting but Not Worth an Extra Trip&#x201d;]]></title>
	<excerpt><![CDATA[If you like traditional architecture, this station is quite magnificent. If that is not your interest, there really isn't a huge reason to see this. O]]></excerpt>
	<link><![CDATA[http://www.tripadvisor.com/Attraction_Review-g255100-d526963-Reviews-Flinders_Street_Station-Melbourne_Victoria.html]]></link>
</review>
<review>
	<rating>4.0</rating>
	<author><![CDATA[Japanesefanatic]]></author>
	<date>2008-11-11</date>
	<title><![CDATA[&#x201c;Great spot to watch trams&#x201d;]]></title>
	<excerpt><![CDATA[I like the view of Flinders Street railway station from St Paul's Cathedral.
However it is also enjoyable to stand on the famous 'steps' and to watch ]]></excerpt>
	<link><![CDATA[http://www.tripadvisor.com/Attraction_Review-g255100-d526963-Reviews-Flinders_Street_Station-Melbourne_Victoria.html]]></link>
</review>
<review>
	<rating>4.0</rating>
	<author><![CDATA[MobileKiwi]]></author>
	<date>2008-06-17</date>
	<title><![CDATA[&#x201c;The Big Melbounian&#x201d;]]></title>
	<excerpt><![CDATA[Flinders St Station is probably THE Melbourne landmark. Memorable in a kind of "Late Career Rugby League Player" kind of way - not the prettiest thing]]></excerpt>
	<link><![CDATA[http://www.tripadvisor.com/Attraction_Review-g255100-d526963-Reviews-Flinders_Street_Station-Melbourne_Victoria.html]]></link>
</review>
<review>
	<rating>5.0</rating>
	<author><![CDATA[Victorianlad]]></author>
	<date>2008-05-04</date>
	<title><![CDATA[&#x201c;Prime meeting place of 'under the clocks'&#x201d;]]></title>
	<excerpt><![CDATA[Ask any Melburnian what 'under the clocks' means and most will reply 'Melbourne's most well known place to meet - on the steps of Flinders Street rail]]></excerpt>
	<link><![CDATA[http://www.tripadvisor.com/Attraction_Review-g255100-d526963-Reviews-Flinders_Street_Station-Melbourne_Victoria.html]]></link>
</review>
<review>
	<rating>5.0</rating>
	<author><![CDATA[がっくん]]></author>
	<date>2009-02-10</date>
	<title><![CDATA[&#x201c;&#x201d;]]></title>
	<excerpt><![CDATA[
]]></excerpt>
	<link><![CDATA[http://www.tripadvisor.com/Attraction_Review-g255100-d526963-Reviews-Flinders_Street_Station-Melbourne_Victoria.html]]></link>
</review>
</source>