<source name="Trip Advisor" avg-rating="3.0">
<review>
	<rating>1.0</rating>
	<author><![CDATA[Ontario_CanadaAlex]]></author>
	<date>2009-02-26</date>
	<title><![CDATA[&#x201c;What a "dud"&#x201d;]]></title>
	<excerpt><![CDATA[We took the AAKings/Gray Line-Healesville Wildlife & Puffing Billy Tour. If you are a steam train freak like me, you will enjoy the train ride. The lu]]></excerpt>
	<link><![CDATA[http://www.tripadvisor.com/Attraction_Review-g552181-d258136-Reviews-Healesville_Sanctuary-Healesville_Victoria.html]]></link>
</review>
<review>
	<rating>4.0</rating>
	<author><![CDATA[elo75]]></author>
	<date>2007-05-19</date>
	<title><![CDATA[&#x201c;great wildlife park&#x201d;]]></title>
	<excerpt><![CDATA[We went to the Healesville Sanctuary on a day-trip from Melbourne by using public transport. First, you need to take a train to Lilydale station, then]]></excerpt>
	<link><![CDATA[http://www.tripadvisor.com/Attraction_Review-g552181-d258136-Reviews-Healesville_Sanctuary-Healesville_Victoria.html]]></link>
</review>
<review>
	<rating>5.0</rating>
	<author><![CDATA[mountainstar]]></author>
	<date>2005-04-29</date>
	<title><![CDATA[&#x201c;One of my favorite places in Australia&#x201d;]]></title>
	<excerpt><![CDATA[Healesville Sanctuary is quite the place and I'm glad I added it to my travel plans.
The Sanctuary has been in existance for years now and is set in a]]></excerpt>
	<link><![CDATA[http://www.tripadvisor.com/Attraction_Review-g552181-d258136-Reviews-Healesville_Sanctuary-Healesville_Victoria.html]]></link>
</review>
<review>
	<rating>4.0</rating>
	<author><![CDATA[greenfrog]]></author>
	<date>2005-03-08</date>
	<title><![CDATA[&#x201c;Good Day Trip&#x201d;]]></title>
	<excerpt><![CDATA[This is quite a large sanctuary and provides a relaxed natural settings for the animals.
It is quite an ordeal to get here by public transport. The bu]]></excerpt>
	<link><![CDATA[http://www.tripadvisor.com/Attraction_Review-g552181-d258136-Reviews-Healesville_Sanctuary-Healesville_Victoria.html]]></link>
</review>
<review>
	<rating>4.0</rating>
	<author><![CDATA[Gigoachef]]></author>
	<date>2007-10-04</date>
	<title><![CDATA[&#x201c;Gli animali australiani tutti insieme&#x201d;]]></title>
	<excerpt><![CDATA[Se durante la vostra visita dell'Australia ancora non avete visto qualche animale locale, tipo l'ornitorinco che  raro da vedere... more]]></excerpt>
	<link><![CDATA[http://www.tripadvisor.com/Attraction_Review-g552181-d258136-Reviews-Healesville_Sanctuary-Healesville_Victoria.html]]></link>
</review>
</source>