<source name="Trip Advisor" avg-rating="3.5">
<review>
	<rating>2.0</rating>
	<author><![CDATA[Victorianlad]]></author>
	<date>2008-05-24</date>
	<title><![CDATA[&#x201c;Reasonable but politically correct&#x201d;]]></title>
	<excerpt><![CDATA[The museum is free for children and concession card holders (pensioners, unemployed) but for adults it costs A$6.
It is not busy on weekends, when I t]]></excerpt>
	<link><![CDATA[http://www.tripadvisor.com/Attraction_Review-g255100-d257176-Reviews-Immigration_Museum-Melbourne_Victoria.html]]></link>
</review>
</source>