<source name="Trip Advisor" avg-rating="4.0">
<review>
	<rating>4.0</rating>
	<author><![CDATA[superlambbananas]]></author>
	<date>2008-07-25</date>
	<title><![CDATA[&#x201c;A good place to see Koala's&#x201d;]]></title>
	<excerpt><![CDATA[This was a good attraction in Phillip Island. Lovely nature and Koala's, Lots of facts about Koala's and how they live, however if you had high hopes ]]></excerpt>
	<link><![CDATA[http://www.tripadvisor.com/Attraction_Review-g261657-d258431-Reviews-Koala_Conservation_Centre-Cowes_Phillip_Island_Victoria.html]]></link>
</review>
<review>
	<rating>5.0</rating>
	<author><![CDATA[mountainstar]]></author>
	<date>2005-04-29</date>
	<title><![CDATA[&#x201c;Koalas in a more natural enviroment&#x201d;]]></title>
	<excerpt><![CDATA[Since I was headed to the racing museum at Phillip Island, I thought I'd stop at the Koala Conservation Centre and have a look.
When you first arrive,]]></excerpt>
	<link><![CDATA[http://www.tripadvisor.com/Attraction_Review-g261657-d258431-Reviews-Koala_Conservation_Centre-Cowes_Phillip_Island_Victoria.html]]></link>
</review>
</source>