<source name="Trip Advisor" avg-rating="3.5">
<review>
	<rating>3.0</rating>
	<author><![CDATA[13whiterabbit]]></author>
	<date>2008-09-28</date>
	<title><![CDATA[&#x201c;Good for a quick passing by&#x201d;]]></title>
	<excerpt><![CDATA[I wasn't playing to go to Luna park, but we walked past it when we were walking around St Kilda. The rides are very expensive if you don't purchase th]]></excerpt>
	<link><![CDATA[http://www.tripadvisor.com/Attraction_Review-g255100-d592675-Reviews-Luna_Park-Melbourne_Victoria.html]]></link>
</review>
</source>