<source name="Trip Advisor" avg-rating="3.5">
<review>
	<rating>5.0</rating>
	<author><![CDATA[mahamud18]]></author>
	<date>2009-03-09</date>
	<title><![CDATA[&#x201c;Melbourne Zoo Mahamud&#x201d;]]></title>
	<excerpt><![CDATA[MELBOURNE ZOO
Melbourne zoo I been there three time, Every time I did enjoyed it is great place to go because you experience animal or new animal and ]]></excerpt>
	<link><![CDATA[http://www.tripadvisor.com/Attraction_Review-g255100-d256557-Reviews-Melbourne_Zoo-Melbourne_Victoria.html]]></link>
</review>
<review>
	<rating>2.0</rating>
	<author><![CDATA[Handy00]]></author>
	<date>2009-03-04</date>
	<title><![CDATA[&#x201c;Disappointment in Melbourne Zoo&#x201d;]]></title>
	<excerpt><![CDATA[I was disappointed in the Melbourne Zoo after going in the week past. I havent been to the Zoo in over 10years. Upon discovering the grounds, I was]]></excerpt>
	<link><![CDATA[http://www.tripadvisor.com/Attraction_Review-g255100-d256557-Reviews-Melbourne_Zoo-Melbourne_Victoria.html]]></link>
</review>
<review>
	<rating>3.0</rating>
	<author><![CDATA[amoola]]></author>
	<date>2009-03-04</date>
	<title><![CDATA[&#x201c;Zoooooooooooo&#x201d;]]></title>
	<excerpt><![CDATA[I recommended everyone to come and experience Melbourne zoo and see the great animals.
Make sure you bring your camera :) more]]></excerpt>
	<link><![CDATA[http://www.tripadvisor.com/Attraction_Review-g255100-d256557-Reviews-Melbourne_Zoo-Melbourne_Victoria.html]]></link>
</review>
<review>
	<rating>2.0</rating>
	<author><![CDATA[tleem]]></author>
	<date>2009-03-04</date>
	<title><![CDATA[&#x201c;Melbourne Zoo&#x201d;]]></title>
	<excerpt><![CDATA[Im not really sure that I agree with the large cats caged . I found it quite sad wondering around the Melbourne Zoo. Considering the larger anim]]></excerpt>
	<link><![CDATA[http://www.tripadvisor.com/Attraction_Review-g255100-d256557-Reviews-Melbourne_Zoo-Melbourne_Victoria.html]]></link>
</review>
<review>
	<rating>3.0</rating>
	<author><![CDATA[magz11]]></author>
	<date>2009-03-04</date>
	<title><![CDATA[&#x201c;Shoulder Ride in the zoo trip with parents&#x201d;]]></title>
	<excerpt><![CDATA[This was the first time I went to the Zoo as an adult. It was great but at the same I was disappointed due to not being able to see all the animals I ]]></excerpt>
	<link><![CDATA[http://www.tripadvisor.com/Attraction_Review-g255100-d256557-Reviews-Melbourne_Zoo-Melbourne_Victoria.html]]></link>
</review>
<review>
	<rating>3.0</rating>
	<author><![CDATA[rara32]]></author>
	<date>2009-03-04</date>
	<title><![CDATA[&#x201c;zoo time&#x201d;]]></title>
	<excerpt><![CDATA[Melbourne zoo a place where you can explore many species of animals and also explore a wide range and variety of fun filled activities and learn a who]]></excerpt>
	<link><![CDATA[http://www.tripadvisor.com/Attraction_Review-g255100-d256557-Reviews-Melbourne_Zoo-Melbourne_Victoria.html]]></link>
</review>
<review>
	<rating>5.0</rating>
	<author><![CDATA[joellemaree]]></author>
	<date>2009-03-04</date>
	<title><![CDATA[&#x201c;GOOD PLACE TO VISIT.&#x201d;]]></title>
	<excerpt><![CDATA[I went to the Melbourne Zoo last week and i thought it was a wonderful experience . I had not been there in years but i really had a good time. My fav]]></excerpt>
	<link><![CDATA[http://www.tripadvisor.com/Attraction_Review-g255100-d256557-Reviews-Melbourne_Zoo-Melbourne_Victoria.html]]></link>
</review>
<review>
	<rating>5.0</rating>
	<author><![CDATA[oliii]]></author>
	<date>2009-03-04</date>
	<title><![CDATA[&#x201c;My adventure&#x201d;]]></title>
	<excerpt><![CDATA[it was a frightening expirience seeing the snakes. i thought they were going to eat me. i started saying my prayers. the gorrilas were beautiful, they]]></excerpt>
	<link><![CDATA[http://www.tripadvisor.com/Attraction_Review-g255100-d256557-Reviews-Melbourne_Zoo-Melbourne_Victoria.html]]></link>
</review>
<review>
	<rating>2.0</rating>
	<author><![CDATA[Anesti]]></author>
	<date>2009-03-04</date>
	<title><![CDATA[&#x201c;The Dilema&#x201d;]]></title>
	<excerpt><![CDATA[I think the zoo is a great experience for younger children. As an adult though you seem to always find problems with the zoo. Firstly the smell in the]]></excerpt>
	<link><![CDATA[http://www.tripadvisor.com/Attraction_Review-g255100-d256557-Reviews-Melbourne_Zoo-Melbourne_Victoria.html]]></link>
</review>
<review>
	<rating>3.0</rating>
	<author><![CDATA[manns7]]></author>
	<date>2009-03-04</date>
	<title><![CDATA[&#x201c;Fascinating&#x201d;]]></title>
	<excerpt><![CDATA[The Melbourne Zoo is an amazing place to visit the many different and interesting animals. Although the zoo was under reconstruction it was interestin]]></excerpt>
	<link><![CDATA[http://www.tripadvisor.com/Attraction_Review-g255100-d256557-Reviews-Melbourne_Zoo-Melbourne_Victoria.html]]></link>
</review>
<review>
	<rating>5.0</rating>
	<author><![CDATA[danny1988Melbourne]]></author>
	<date>2009-02-25</date>
	<title><![CDATA[&#x201c;My visit to the zoo&#x201d;]]></title>
	<excerpt><![CDATA[I have been going to the zoo since I was a little kid and it never ceases to amaze me. One of my favourite attractions at the zoo is the gorilla rainf]]></excerpt>
	<link><![CDATA[http://www.tripadvisor.com/Attraction_Review-g255100-d256557-Reviews-or10-Melbourne_Zoo-Melbourne_Victoria.html]]></link>
</review>
<review>
	<rating>4.0</rating>
	<author><![CDATA[MarwahM]]></author>
	<date>2009-02-25</date>
	<title><![CDATA[&#x201c;Gets better every time&#x201d;]]></title>
	<excerpt><![CDATA[Every visit to the zoo gets better and better. I have grew up going to the zoo every year in primary school then a couple times after with both family]]></excerpt>
	<link><![CDATA[http://www.tripadvisor.com/Attraction_Review-g255100-d256557-Reviews-or10-Melbourne_Zoo-Melbourne_Victoria.html]]></link>
</review>
<review>
	<rating>5.0</rating>
	<author><![CDATA[Keerty]]></author>
	<date>2009-02-25</date>
	<title><![CDATA[&#x201c;Melbourne Zoo is just fantastic.&#x201d;]]></title>
	<excerpt><![CDATA[The Melbourne Zoo is a great attraction and all ages enjoy the great and enoyable range of animals. I recomend the Melbourne zoo for a day out. The bu]]></excerpt>
	<link><![CDATA[http://www.tripadvisor.com/Attraction_Review-g255100-d256557-Reviews-or10-Melbourne_Zoo-Melbourne_Victoria.html]]></link>
</review>
<review>
	<rating>4.0</rating>
	<author><![CDATA[sandycandle]]></author>
	<date>2009-02-25</date>
	<title><![CDATA[&#x201c;Well worth a visit&#x201d;]]></title>
	<excerpt><![CDATA[The Mekbourne Zoo is wll worth a visit. Although tit would be great to have a broader showcase of Australian animals - this is still a fantastic place]]></excerpt>
	<link><![CDATA[http://www.tripadvisor.com/Attraction_Review-g255100-d256557-Reviews-or10-Melbourne_Zoo-Melbourne_Victoria.html]]></link>
</review>
<review>
	<rating>4.0</rating>
	<author><![CDATA[AlditaMelbourne]]></author>
	<date>2008-10-23</date>
	<title><![CDATA[&#x201c;It's so much better now except the Australian Exhibit!&#x201d;]]></title>
	<excerpt><![CDATA[I grew up within a lion's roar of the Melbourne Zoo and had my love of nature enhanced there during my regular visits as a child. I have lived in two ]]></excerpt>
	<link><![CDATA[http://www.tripadvisor.com/Attraction_Review-g255100-d256557-Reviews-or10-Melbourne_Zoo-Melbourne_Victoria.html]]></link>
</review>
<review>
	<rating>4.0</rating>
	<author><![CDATA[debstarr28]]></author>
	<date>2007-10-15</date>
	<title><![CDATA[&#x201c;nice place&#x201d;]]></title>
	<excerpt><![CDATA[kids had fun more]]></excerpt>
	<link><![CDATA[http://www.tripadvisor.com/Attraction_Review-g255100-d256557-Reviews-or10-Melbourne_Zoo-Melbourne_Victoria.html]]></link>
</review>
<review>
	<rating>5.0</rating>
	<author><![CDATA[lozz13]]></author>
	<date>2007-07-31</date>
	<title><![CDATA[&#x201c;gets better every visit&#x201d;]]></title>
	<excerpt><![CDATA[I love going to Melbourne Zoo. I cant even count the number of times I have been there, and it never gets boring. Every visit is better then the last,]]></excerpt>
	<link><![CDATA[http://www.tripadvisor.com/Attraction_Review-g255100-d256557-Reviews-or10-Melbourne_Zoo-Melbourne_Victoria.html]]></link>
</review>
<review>
	<rating>2.0</rating>
	<author><![CDATA[katAuckland]]></author>
	<date>2007-06-20</date>
	<title><![CDATA[&#x201c;Disappointing for Melbourne&#x201d;]]></title>
	<excerpt><![CDATA[Visited Melbourne Zoo about 2 years ago and was disappointed considering so much of Melbourne is well planned and artistic. Sad to see animals in old ]]></excerpt>
	<link><![CDATA[http://www.tripadvisor.com/Attraction_Review-g255100-d256557-Reviews-or10-Melbourne_Zoo-Melbourne_Victoria.html]]></link>
</review>
<review>
	<rating>3.0</rating>
	<author><![CDATA[MaxShiraz]]></author>
	<date>2007-06-08</date>
	<title><![CDATA[&#x201c;OK - but not for Australian Animals&#x201d;]]></title>
	<excerpt><![CDATA[Don't expect to see many of the Australian animals here. It's your standard lion-tiger-monkey type of thing. OK for what it is.
For the koala-kangaroo]]></excerpt>
	<link><![CDATA[http://www.tripadvisor.com/Attraction_Review-g255100-d256557-Reviews-or10-Melbourne_Zoo-Melbourne_Victoria.html]]></link>
</review>
<review>
	<rating>2.0</rating>
	<author><![CDATA[peegee1]]></author>
	<date>2007-04-01</date>
	<title><![CDATA[&#x201c;Not Bad - Not worth the price&#x201d;]]></title>
	<excerpt><![CDATA[Visited Nov 06.
Very Disapointing Zoo reallly only 1 or so animals per enclosure and old rundown cages. The saving Gravce was the recently opened Elep]]></excerpt>
	<link><![CDATA[http://www.tripadvisor.com/Attraction_Review-g255100-d256557-Reviews-or10-Melbourne_Zoo-Melbourne_Victoria.html]]></link>
</review>
<review>
	<rating>4.0</rating>
	<author><![CDATA[A TripAdvisor Member]]></author>
	<date>2006-02-16</date>
	<title><![CDATA[&#x201c;Good - but Healesville better for international visitors.&#x201d;]]></title>
	<excerpt><![CDATA[I would strongly recommend Healesville Sanctuary over Melbourne Zoo to international visitors. Melbourne Zoo is a good zoo of the world's animals. Som]]></excerpt>
	<link><![CDATA[http://www.tripadvisor.com/Attraction_Review-g255100-d256557-Reviews-or20-Melbourne_Zoo-Melbourne_Victoria.html]]></link>
</review>
<review>
	<rating>2.0</rating>
	<author><![CDATA[ColumbiaTrekkers]]></author>
	<date>2005-03-28</date>
	<title><![CDATA[&#x201c;Don't waste your time!&#x201d;]]></title>
	<excerpt><![CDATA[We just returned from a trip to Australia, and the Melbourne Zoo was one of the attractions we visited. We had hoped to see a variety of Australian ma]]></excerpt>
	<link><![CDATA[http://www.tripadvisor.com/Attraction_Review-g255100-d256557-Reviews-or20-Melbourne_Zoo-Melbourne_Victoria.html]]></link>
</review>
<review>
	<rating>4.0</rating>
	<author><![CDATA[A TripAdvisor Member]]></author>
	<date>2003-10-05</date>
	<title><![CDATA[&#x201c;improving all the time&#x201d;]]></title>
	<excerpt><![CDATA[I visited the zoo in 94 and thought it wasn't as good as taronga or even The Perth zoo but having recently gone back I think the exhibitions that have]]></excerpt>
	<link><![CDATA[http://www.tripadvisor.com/Attraction_Review-g255100-d256557-Reviews-or20-Melbourne_Zoo-Melbourne_Victoria.html]]></link>
</review>
<review>
	<rating>5.0</rating>
	<author><![CDATA[A TripAdvisor Member]]></author>
	<date>2003-08-11</date>
	<title><![CDATA[&#x201c;A zoo of the future!&#x201d;]]></title>
	<excerpt><![CDATA[Melbourne Zoo is a really fantastic place. It's the zoo that is always one step ahead of the rest, turning the concept of the modern zoo into a place ]]></excerpt>
	<link><![CDATA[http://www.tripadvisor.com/Attraction_Review-g255100-d256557-Reviews-or20-Melbourne_Zoo-Melbourne_Victoria.html]]></link>
</review>
</source>