<source name="Trip Advisor" avg-rating="4.0">
<review>
	<rating>5.0</rating>
	<author><![CDATA[AussieCarmen]]></author>
	<date>2008-12-26</date>
	<title><![CDATA[&#x201c;A "Must Do"&#x201d;]]></title>
	<excerpt><![CDATA[We went on a Port to Docklands river cruise and l highly recommend it, you see Melbourne from a different angle with some beautiful views.
You go from]]></excerpt>
	<link><![CDATA[http://www.tripadvisor.com/Attraction_Review-g255100-d1230616-Reviews-Melbourne_River_Cruises-Melbourne_Victoria.html]]></link>
</review>
</source>