<source name="Trip Advisor" avg-rating="3.5">
<review>
	<rating>4.0</rating>
	<author><![CDATA[graciem]]></author>
	<date>2009-03-18</date>
	<title><![CDATA[&#x201c;Interesting&#x201d;]]></title>
	<excerpt><![CDATA[The Melbourne Museum is worth a visit especially considering the cheap entry of $6.00 and free for children. There is a fairly new Melbourne exhibitio]]></excerpt>
	<link><![CDATA[http://www.tripadvisor.com/Attraction_Review-g255100-d256845-Reviews-Melbourne_Museum-Melbourne_Victoria.html]]></link>
</review>
<review>
	<rating>1.0</rating>
	<author><![CDATA[Victorianlad]]></author>
	<date>2008-05-24</date>
	<title><![CDATA[&#x201c;Stark, politically correct and uninspiring&#x201d;]]></title>
	<excerpt><![CDATA[The Melbourne Museum has never been the same since it moved from Swanston Street, Melbourne a decade ago.
From the hideous architecture to the curator]]></excerpt>
	<link><![CDATA[http://www.tripadvisor.com/Attraction_Review-g255100-d256845-Reviews-Melbourne_Museum-Melbourne_Victoria.html]]></link>
</review>
<review>
	<rating>5.0</rating>
	<author><![CDATA[McFardy]]></author>
	<date>2006-09-26</date>
	<title><![CDATA[&#x201c;Melbourne Museum is great&#x201d;]]></title>
	<excerpt><![CDATA[I visited the Melbourne Museum a couple of years ago with my kids. It is great. It is a modern hands-on museum with lots of different stuff, even stuf]]></excerpt>
	<link><![CDATA[http://www.tripadvisor.com/Attraction_Review-g255100-d256845-Reviews-Melbourne_Museum-Melbourne_Victoria.html]]></link>
</review>
</source>