<source name="Trip Advisor" avg-rating="3.5">
<review>
	<rating>3.0</rating>
	<author><![CDATA[sf213]]></author>
	<date>2008-03-17</date>
	<title><![CDATA[&#x201c;Not extraordinary&#x201d;]]></title>
	<excerpt><![CDATA[My husband and I visited the Melbourne Aquarium in November 2007. It was an okay experience. In my opinion, when it comes to aquariums, if you've seen]]></excerpt>
	<link><![CDATA[http://www.tripadvisor.com/Attraction_Review-g255100-d256556-Reviews-Melbourne_Aquarium-Melbourne_Victoria.html]]></link>
</review>
<review>
	<rating>3.0</rating>
	<author><![CDATA[lozz13]]></author>
	<date>2007-07-31</date>
	<title><![CDATA[&#x201c;only a quick visit&#x201d;]]></title>
	<excerpt><![CDATA[Although I really enjoyed the Melbourne Aquarium, and it is really well set up. There just isn't enough to do and look at. It is a very small Aquarium]]></excerpt>
	<link><![CDATA[http://www.tripadvisor.com/Attraction_Review-g255100-d256556-Reviews-Melbourne_Aquarium-Melbourne_Victoria.html]]></link>
</review>
<review>
	<rating>3.0</rating>
	<author><![CDATA[w4c71101]]></author>
	<date>2006-11-20</date>
	<title><![CDATA[&#x201c;Needs some work&#x201d;]]></title>
	<excerpt><![CDATA[The layout of the aquarium is very poor and it seems like you are always criss crossing attractions. The fish are excellant however the facilities and]]></excerpt>
	<link><![CDATA[http://www.tripadvisor.com/Attraction_Review-g255100-d256556-Reviews-Melbourne_Aquarium-Melbourne_Victoria.html]]></link>
</review>
<review>
	<rating>3.0</rating>
	<author><![CDATA[judid]]></author>
	<date>2006-07-26</date>
	<title><![CDATA[&#x201c;Don't go during school holidays!&#x201d;]]></title>
	<excerpt><![CDATA[For the most part, it's pretty good - however, we made the mistake of going during the school holidays (didn't know Victoria school holidays were on!)]]></excerpt>
	<link><![CDATA[http://www.tripadvisor.com/Attraction_Review-g255100-d256556-Reviews-Melbourne_Aquarium-Melbourne_Victoria.html]]></link>
</review>
<review>
	<rating>4.0</rating>
	<author><![CDATA[penanghill]]></author>
	<date>2006-02-20</date>
	<title><![CDATA[&#x201c;Summer Holiday Visit to the Aquarium&#x201d;]]></title>
	<excerpt><![CDATA[Our family enjoyed a recent visit to the Melbourne Aquarium on a very hot summer's day. We arrived relatively early at 10am and there was a short queu]]></excerpt>
	<link><![CDATA[http://www.tripadvisor.com/Attraction_Review-g255100-d256556-Reviews-Melbourne_Aquarium-Melbourne_Victoria.html]]></link>
</review>
</source>