<source name="Trip Advisor" avg-rating="4.0">
<review>
	<rating>4.0</rating>
	<author><![CDATA[KCH]]></author>
	<date>2009-01-30</date>
	<title><![CDATA[&#x201c;If you are visiting only one gallery in Melbourne, make it the NGV&#x201d;]]></title>
	<excerpt><![CDATA[This is a review from my visit in Jan 2009.
The collection in the NGV is perhaps one of the best in Australia. It features works from masters ranging ]]></excerpt>
	<link><![CDATA[http://www.tripadvisor.com/Attraction_Review-g255100-d256558-Reviews-National_Gallery_of_Victoria-Melbourne_Victoria.html]]></link>
</review>
<review>
	<rating>5.0</rating>
	<author><![CDATA[Barney33]]></author>
	<date>2008-01-09</date>
	<title><![CDATA[&#x201c;A real gem&#x201d;]]></title>
	<excerpt><![CDATA[The NGV has two sites (Annexes) within the CBD and close to each other. One at the Arts Centre (the next building after the spire) and the other at Fe]]></excerpt>
	<link><![CDATA[http://www.tripadvisor.com/Attraction_Review-g255100-d256558-Reviews-National_Gallery_of_Victoria-Melbourne_Victoria.html]]></link>
</review>
</source>