<source name="Trip Advisor" avg-rating="4.0">
<review>
	<rating>5.0</rating>
	<author><![CDATA[Victorianlad]]></author>
	<date>2008-05-04</date>
	<title><![CDATA[&#x201c;Native Australian splendour&#x201d;]]></title>
	<excerpt><![CDATA[This former quarry has been rehabilitated with thousands of Australian native trees and shrubs.
It is a credit to the local community, and makes an id]]></excerpt>
	<link><![CDATA[http://www.tripadvisor.com/Attraction_Review-g255100-d591501-Reviews-Newport_Lakes_Parkland-Melbourne_Victoria.html]]></link>
</review>
</source>