<source name="Trip Advisor" avg-rating="4.0">
<review>
	<rating>4.0</rating>
	<author><![CDATA[KCH]]></author>
	<date>2009-01-30</date>
	<title><![CDATA[&#x201c;Interesting tour&#x201d;]]></title>
	<excerpt><![CDATA[Visited the Old Melbourne Gaol in Jan 2009.
A visit is roughly divided into two half. A visit to the old gaol itself and a 30-45 minute guided "tour".]]></excerpt>
	<link><![CDATA[http://www.tripadvisor.com/Attraction_Review-g255100-d256568-Reviews-Old_Melbourne_Gaol-Melbourne_Victoria.html]]></link>
</review>
<review>
	<rating>4.0</rating>
	<author><![CDATA[JJJake]]></author>
	<date>2008-11-17</date>
	<title><![CDATA[&#x201c;This is how to preserve a historical site&#x201d;]]></title>
	<excerpt><![CDATA[Oddly compelling -- the "arrest" is both fun theater while providing a soupcon of what it must have felt like getting booked in the place. LOTS of goo]]></excerpt>
	<link><![CDATA[http://www.tripadvisor.com/Attraction_Review-g255100-d256568-Reviews-Old_Melbourne_Gaol-Melbourne_Victoria.html]]></link>
</review>
<review>
	<rating>4.0</rating>
	<author><![CDATA[Victorianlad]]></author>
	<date>2008-06-12</date>
	<title><![CDATA[&#x201c;Chillingly splendid&#x201d;]]></title>
	<excerpt><![CDATA[Old Melbourne Gaol is not large in size, but what it lacks there it more than makes up for with a spine-chilling, musty sense of darkness, despair and]]></excerpt>
	<link><![CDATA[http://www.tripadvisor.com/Attraction_Review-g255100-d256568-Reviews-Old_Melbourne_Gaol-Melbourne_Victoria.html]]></link>
</review>
<review>
	<rating>5.0</rating>
	<author><![CDATA[CockneyBrum]]></author>
	<date>2008-03-10</date>
	<title><![CDATA[&#x201c;Soak Up The Atmosphere&#x201d;]]></title>
	<excerpt><![CDATA[We thought Old Melbourne Gaol was outstanding. We managed to get "arrested" and thrown into jail. They don't even rip-off tourists if you want to be p]]></excerpt>
	<link><![CDATA[http://www.tripadvisor.com/Attraction_Review-g255100-d256568-Reviews-Old_Melbourne_Gaol-Melbourne_Victoria.html]]></link>
</review>
<review>
	<rating>4.0</rating>
	<author><![CDATA[amarel]]></author>
	<date>2007-06-09</date>
	<title><![CDATA[&#x201c;For those who love historical places&#x201d;]]></title>
	<excerpt><![CDATA[I always have a soft spot for historical places, so I find Old Melbourne Gaol very interesting. The moment I walked in into the jail, it's like walkin]]></excerpt>
	<link><![CDATA[http://www.tripadvisor.com/Attraction_Review-g255100-d256568-Reviews-Old_Melbourne_Gaol-Melbourne_Victoria.html]]></link>
</review>
<review>
	<rating>4.0</rating>
	<author><![CDATA[w4c71101]]></author>
	<date>2006-11-20</date>
	<title><![CDATA[&#x201c;Nice 1 1/2 Hour Tour&#x201d;]]></title>
	<excerpt><![CDATA[With a tourist coupon you can get 2 for 1 entry. It is an excellant look at Old Melbourne and Ned Kelly. more]]></excerpt>
	<link><![CDATA[http://www.tripadvisor.com/Attraction_Review-g255100-d256568-Reviews-Old_Melbourne_Gaol-Melbourne_Victoria.html]]></link>
</review>
<review>
	<rating>3.0</rating>
	<author><![CDATA[A TripAdvisor Member]]></author>
	<date>2003-10-05</date>
	<title><![CDATA[&#x201c;Not as good as I thought it may have been .&#x201d;]]></title>
	<excerpt><![CDATA[Not as good as I thought it may have been ,not as much on Ned Kelly as I thought may have been. more]]></excerpt>
	<link><![CDATA[http://www.tripadvisor.com/Attraction_Review-g255100-d256568-Reviews-Old_Melbourne_Gaol-Melbourne_Victoria.html]]></link>
</review>
<review>
	<rating>4.0</rating>
	<author><![CDATA[A TripAdvisor Member]]></author>
	<date>2003-09-23</date>
	<title><![CDATA[&#x201c;A Look In The Life&#x201d;]]></title>
	<excerpt><![CDATA[As soon as you enter through the doors a chill swiftly comes down your back, for you can feel the lingering spirits. Melbourne Gaol is a wonderful exp]]></excerpt>
	<link><![CDATA[http://www.tripadvisor.com/Attraction_Review-g255100-d256568-Reviews-Old_Melbourne_Gaol-Melbourne_Victoria.html]]></link>
</review>
<review>
	<rating>4.0</rating>
	<author><![CDATA[A TripAdvisor Member]]></author>
	<date>2003-07-07</date>
	<title><![CDATA[&#x201c;Melbourne Gaol was fantastically scary...&#x201d;]]></title>
	<excerpt><![CDATA[Melbourne Gaol was a fantastically scary experience. I attended the night show, which runs for around an hour, and was very impressed. The tour is tak]]></excerpt>
	<link><![CDATA[http://www.tripadvisor.com/Attraction_Review-g255100-d256568-Reviews-Old_Melbourne_Gaol-Melbourne_Victoria.html]]></link>
</review>
</source>