<source name="Trip Advisor" avg-rating="4.0">
<review>
	<rating>5.0</rating>
	<author><![CDATA[Victorianlad]]></author>
	<date>2008-05-04</date>
	<title><![CDATA[&#x201c;Excellent tours growing in popularity&#x201d;]]></title>
	<excerpt><![CDATA[The excellent free tours available at Parliament House (enter up the steps off Bourke and Spring Streets) are becoming more and more popular.
Though t]]></excerpt>
	<link><![CDATA[http://www.tripadvisor.com/Attraction_Review-g255100-d291639-Reviews-Parliament_House_of_Victoria-Melbourne_Victoria.html]]></link>
</review>
</source>