<source name="Trip Advisor" avg-rating="0.0">
<review>
	<rating>4.0</rating>
	<author><![CDATA[pinewoods]]></author>
	<date>2009-03-18</date>
	<title><![CDATA[&#x201c;Good base to see penguins&#x201d;]]></title>
	<excerpt><![CDATA[We were very satisfied with our 1 night stay here. Our 2 bedroom hotel style apartment ( 2nd bedroom had its own locked door from the entrance hall bu]]></excerpt>
	<link><![CDATA[http://www.tripadvisor.com/Tourism-g504338-Phillip_Island_Victoria-Vacations.html]]></link>
</review>
<review>
	<rating>1.0</rating>
	<author><![CDATA[cathytooradin]]></author>
	<date>2009-03-17</date>
	<title><![CDATA[&#x201c;The worst value I have ever experienced&#x201d;]]></title>
	<excerpt><![CDATA[All i can say is their website WAAAAAAAAAY overstates this accomodation... tiny concrete balconies, access via very weathered old steps.. their star r]]></excerpt>
	<link><![CDATA[http://www.tripadvisor.com/Tourism-g504338-Phillip_Island_Victoria-Vacations.html]]></link>
</review>
<review>
	<rating>4.0</rating>
	<author><![CDATA[TravellingTex]]></author>
	<date>2009-03-12</date>
	<title><![CDATA[&#x201c;a nice stay&#x201d;]]></title>
	<excerpt><![CDATA[We decided to go to Phillip Island on the spur of the moment while we were travelling in southern New South Wales, so we contacted the Phillip Island ]]></excerpt>
	<link><![CDATA[http://www.tripadvisor.com/Tourism-g504338-Phillip_Island_Victoria-Vacations.html]]></link>
</review>
</source>