<source name="Trip Advisor" avg-rating="4.0">
<review>
	<rating>4.0</rating>
	<author><![CDATA[Idontgetoutmuch]]></author>
	<date>2009-02-25</date>
	<title><![CDATA[&#x201c;food,food and more&#x201d;]]></title>
	<excerpt><![CDATA[The Queen Victoria Night Market is open Wednesday nights 5:30pm to 10pm between the end of November and the end of Feburary.
Somewhat different to wha]]></excerpt>
	<link><![CDATA[http://www.tripadvisor.com/Attraction_Review-g255100-d256569-Reviews-Queen_Victoria_Market-Melbourne_Victoria.html]]></link>
</review>
<review>
	<rating>4.0</rating>
	<author><![CDATA[flippe3]]></author>
	<date>2009-02-25</date>
	<title><![CDATA[&#x201c;The Large & Cheap Market&#x201d;]]></title>
	<excerpt><![CDATA[The Queen Vic Market is massive and it has something for everyone. There is a wide variety of food & most of the food is delicious. Also prices are ge]]></excerpt>
	<link><![CDATA[http://www.tripadvisor.com/Attraction_Review-g255100-d256569-Reviews-Queen_Victoria_Market-Melbourne_Victoria.html]]></link>
</review>
<review>
	<rating>4.0</rating>
	<author><![CDATA[BrawBlether]]></author>
	<date>2009-01-22</date>
	<title><![CDATA[&#x201c;Gaslight Market - Melbourne's little summertime secret.&#x201d;]]></title>
	<excerpt><![CDATA[I visited the Gaslight market for the first time last night and was amazed I have never heard of it before. FABULOUS!
Dozens of cuisines on offer for ]]></excerpt>
	<link><![CDATA[http://www.tripadvisor.com/Attraction_Review-g255100-d256569-Reviews-Queen_Victoria_Market-Melbourne_Victoria.html]]></link>
</review>
<review>
	<rating>2.0</rating>
	<author><![CDATA[aussiegirlxx]]></author>
	<date>2009-01-22</date>
	<title><![CDATA[&#x201c;unique items where are you?&#x201d;]]></title>
	<excerpt><![CDATA[Largely dissapointing. Most of the items were cheap knock offs that are on sale at any market that I've been to. A few gems but to few and far between]]></excerpt>
	<link><![CDATA[http://www.tripadvisor.com/Attraction_Review-g255100-d256569-Reviews-Queen_Victoria_Market-Melbourne_Victoria.html]]></link>
</review>
<review>
	<rating>5.0</rating>
	<author><![CDATA[Princess_Crankypants]]></author>
	<date>2008-12-03</date>
	<title><![CDATA[&#x201c;Foodies Paradise&#x201d;]]></title>
	<excerpt><![CDATA[I am a local and everytime I go to the Market I feel like I've been on an outing.
First: Get there early as possible, preferably on a Saturday, and ha]]></excerpt>
	<link><![CDATA[http://www.tripadvisor.com/Attraction_Review-g255100-d256569-Reviews-Queen_Victoria_Market-Melbourne_Victoria.html]]></link>
</review>
<review>
	<rating>4.0</rating>
	<author><![CDATA[JJJake]]></author>
	<date>2008-11-17</date>
	<title><![CDATA[&#x201c;Worth a stop&#x201d;]]></title>
	<excerpt><![CDATA[Impressive size -- best for foodies -- rest was largely trinkets. more]]></excerpt>
	<link><![CDATA[http://www.tripadvisor.com/Attraction_Review-g255100-d256569-Reviews-Queen_Victoria_Market-Melbourne_Victoria.html]]></link>
</review>
<review>
	<rating>4.0</rating>
	<author><![CDATA[falconut]]></author>
	<date>2008-10-25</date>
	<title><![CDATA[&#x201c;Mind boggling sized market&#x201d;]]></title>
	<excerpt><![CDATA[Probably the largest market I have ever seen, it's THE place to buy your typical tourist purchases at bargain prices, we saw things in this market at ]]></excerpt>
	<link><![CDATA[http://www.tripadvisor.com/Attraction_Review-g255100-d256569-Reviews-Queen_Victoria_Market-Melbourne_Victoria.html]]></link>
</review>
<review>
	<rating>5.0</rating>
	<author><![CDATA[Victorianlad]]></author>
	<date>2008-05-19</date>
	<title><![CDATA[&#x201c;Have a bite and coffee like the locals&#x201d;]]></title>
	<excerpt><![CDATA[The best time to visit Queen Victoria Market is early on a Saturday morning - before 1000 when the crowds start to appear.
It is owned by the City of ]]></excerpt>
	<link><![CDATA[http://www.tripadvisor.com/Attraction_Review-g255100-d256569-Reviews-Queen_Victoria_Market-Melbourne_Victoria.html]]></link>
</review>
<review>
	<rating>4.0</rating>
	<author><![CDATA[jewn]]></author>
	<date>2008-03-31</date>
	<title><![CDATA[&#x201c;Good shopping & food&#x201d;]]></title>
	<excerpt><![CDATA[It's busy, vibrant and cheap! I saw an exact blouse in one of the shops in Philip Island and it's 10 bucks more than at QV.
One must buy is its honey-]]></excerpt>
	<link><![CDATA[http://www.tripadvisor.com/Attraction_Review-g255100-d256569-Reviews-Queen_Victoria_Market-Melbourne_Victoria.html]]></link>
</review>
<review>
	<rating>5.0</rating>
	<author><![CDATA[CockneyBrum]]></author>
	<date>2008-03-10</date>
	<title><![CDATA[&#x201c;Night Market - A Genius Idea&#x201d;]]></title>
	<excerpt><![CDATA[The Victoria Night Market, which runs during the Australian summer months, was an unexpected surprise on the night of our arrival. It had pretty much ]]></excerpt>
	<link><![CDATA[http://www.tripadvisor.com/Attraction_Review-g255100-d256569-Reviews-Queen_Victoria_Market-Melbourne_Victoria.html]]></link>
</review>
<review>
	<rating>5.0</rating>
	<author><![CDATA[suefromCalif]]></author>
	<date>2008-03-01</date>
	<title><![CDATA[&#x201c;Reminder of Markets in Europe&#x201d;]]></title>
	<excerpt><![CDATA[Never miss an opportunity to visit Queen Victoria Market. Enjoy seeing all the varieties of fresh fish myriad fruit and vegetables, and the cold cuts ]]></excerpt>
	<link><![CDATA[http://www.tripadvisor.com/Attraction_Review-g255100-d256569-Reviews-or10-Queen_Victoria_Market-Melbourne_Victoria.html]]></link>
</review>
<review>
	<rating>4.0</rating>
	<author><![CDATA[ETAY]]></author>
	<date>2007-11-18</date>
	<title><![CDATA[&#x201c;A favourite place to shop&#x201d;]]></title>
	<excerpt><![CDATA[Opened in 1878, the Queen Victoria Market is more than just Melbournes shopping mecca. This 19th century market is a historic landmark, tourist att]]></excerpt>
	<link><![CDATA[http://www.tripadvisor.com/Attraction_Review-g255100-d256569-Reviews-or10-Queen_Victoria_Market-Melbourne_Victoria.html]]></link>
</review>
<review>
	<rating>5.0</rating>
	<author><![CDATA[LuvDCaribbean]]></author>
	<date>2007-05-31</date>
	<title><![CDATA[&#x201c;It's a very large market.&#x201d;]]></title>
	<excerpt><![CDATA[It's very similar to flea market in America, but it has much more to choose from than just "garage sale" items. They have everything from Uggs to fres]]></excerpt>
	<link><![CDATA[http://www.tripadvisor.com/Attraction_Review-g255100-d256569-Reviews-or10-Queen_Victoria_Market-Melbourne_Victoria.html]]></link>
</review>
<review>
	<rating>4.0</rating>
	<author><![CDATA[UKGirly]]></author>
	<date>2006-10-21</date>
	<title><![CDATA[&#x201c;best for cheap souvenirs&#x201d;]]></title>
	<excerpt><![CDATA[I've been here on two different trips..a good idea is to leave it till the end of your trip if you are in melbourne. The prices are really good especi]]></excerpt>
	<link><![CDATA[http://www.tripadvisor.com/Attraction_Review-g255100-d256569-Reviews-or10-Queen_Victoria_Market-Melbourne_Victoria.html]]></link>
</review>
<review>
	<rating>5.0</rating>
	<author><![CDATA[くろぴょん]]></author>
	<date>2009-03-05</date>
	<title><![CDATA[&#x201c;&#x201d;]]></title>
	<excerpt><![CDATA[]]></excerpt>
	<link><![CDATA[http://www.tripadvisor.com/Attraction_Review-g255100-d256569-Reviews-or10-Queen_Victoria_Market-Melbourne_Victoria.html]]></link>
</review>
<review>
	<rating>4.0</rating>
	<author><![CDATA[SHIZZ429]]></author>
	<date>2009-01-27</date>
	<title><![CDATA[&#x201c;&#x201d;]]></title>
	<excerpt><![CDATA[

]]></excerpt>
	<link><![CDATA[http://www.tripadvisor.com/Attraction_Review-g255100-d256569-Reviews-or10-Queen_Victoria_Market-Melbourne_Victoria.html]]></link>
</review>
<review>
	<rating>5.0</rating>
	<author><![CDATA[ねむりこねこ]]></author>
	<date>2009-01-12</date>
	<title><![CDATA[&#x201c;&#x201d;]]></title>
	<excerpt><![CDATA[CBD()
]]></excerpt>
	<link><![CDATA[http://www.tripadvisor.com/Attraction_Review-g255100-d256569-Reviews-or10-Queen_Victoria_Market-Melbourne_Victoria.html]]></link>
</review>
</source>