<source name="Trip Advisor" avg-rating="4.0">
<review>
	<rating>4.0</rating>
	<author><![CDATA[Victorianlad]]></author>
	<date>2008-05-17</date>
	<title><![CDATA[&#x201c;Stately and inspiring&#x201d;]]></title>
	<excerpt><![CDATA[This historic house and gardens was donated to the Victorian Branch of the National Trust many years ago.
The home itself is both stately and inspirin]]></excerpt>
	<link><![CDATA[http://www.tripadvisor.com/Attraction_Review-g255100-d256573-Reviews-Rippon_Lea_Estate-Melbourne_Victoria.html]]></link>
</review>
</source>