<source name="Trip Advisor" avg-rating="4.0">
<review>
	<rating>5.0</rating>
	<author><![CDATA[Victorianlad]]></author>
	<date>2008-05-17</date>
	<title><![CDATA[&#x201c;Not free but worth it&#x201d;]]></title>
	<excerpt><![CDATA[This offshoot of Melbourne's Royal Botanic Gardens is in what Melburnians call 'the sandbelt', some 45 kilometres from Melbourne.
Contrary to the advi]]></excerpt>
	<link><![CDATA[http://www.tripadvisor.com/Attraction_Review-g552156-d1062857-Reviews-Royal_Botanic_Gardens_Cranbourne-Cranbourne_Mornington_Peninsula_Victoria.html]]></link>
</review>
</source>