<source name="Trip Advisor" avg-rating="4.0">
<review>
	<rating>4.0</rating>
	<author><![CDATA[Victorianlad]]></author>
	<date>2008-05-04</date>
	<title><![CDATA[&#x201c;Serenity apart from the dull roar of traffic&#x201d;]]></title>
	<excerpt><![CDATA[The Gardens are easily accessible by the number 8 Toorak tram down St Kilda Road and then along Domain Road to the corner of Park Street, South Yarra.]]></excerpt>
	<link><![CDATA[http://www.tripadvisor.com/Attraction_Review-g255100-d256846-Reviews-Royal_Botanic_Gardens_Melbourne-Melbourne_Victoria.html]]></link>
</review>
</source>