<source name="Trip Advisor" avg-rating="3.5">
<review>
	<rating>3.0</rating>
	<author><![CDATA[Victorianlad]]></author>
	<date>2008-05-17</date>
	<title><![CDATA[&#x201c;Watch the ferry and swim&#x201d;]]></title>
	<excerpt><![CDATA[Port Melbourne is a pleasant Port Phillip Bay beach with the added bonus of being near the Tasmanian ferry terminal from where Spirit of Tasmania I an]]></excerpt>
	<link><![CDATA[http://www.tripadvisor.com/Attraction_Review-g255100-d590665-Reviews-Sandridge_Beach-Melbourne_Victoria.html]]></link>
</review>
</source>