<source name="Trip Advisor" avg-rating="4.0">
<review>
	<rating>4.0</rating>
	<author><![CDATA[Victorianlad]]></author>
	<date>2008-11-09</date>
	<title><![CDATA[&#x201c;Educational and interactive for children&#x201d;]]></title>
	<excerpt><![CDATA[We visited the sports section where we experienced holographic pictures through a cylinder.
We did a fitness test for upper body strength, weight and ]]></excerpt>
	<link><![CDATA[http://www.tripadvisor.com/Attraction_Review-g255100-d531653-Reviews-Scienceworks_Museum-Melbourne_Victoria.html]]></link>
</review>
</source>