<source name="Trip Advisor" avg-rating="4.0">
<review>
	<rating>5.0</rating>
	<author><![CDATA[maranina]]></author>
	<date>2006-10-10</date>
	<title><![CDATA[&#x201c;The Serene Sights of Sherbrooke Forest.&#x201d;]]></title>
	<excerpt><![CDATA[Sherbrooke Forest is a beautiful piece of Australia's Natural Forests & is located almost on your back-door step when you are residing in Melbourne.
F]]></excerpt>
	<link><![CDATA[http://www.tripadvisor.com/Attraction_Review-g255100-d590675-Reviews-Sherbrooke_Forest-Melbourne_Victoria.html]]></link>
</review>
</source>