<source name="Trip Advisor" avg-rating="3.5">
<review>
	<rating>1.0</rating>
	<author><![CDATA[Greg68]]></author>
	<date>2008-12-20</date>
	<title><![CDATA[&#x201c;Disapionted&#x201d;]]></title>
	<excerpt><![CDATA[Well after not visiting Sovereign Hill for at least 7 years, I thought what perfect time to do so with my own growing family.
That was the first mista]]></excerpt>
	<link><![CDATA[http://www.tripadvisor.com/Attraction_Review-g255346-d259670-Reviews-Sovereign_Hill-Ballarat_Victoria.html]]></link>
</review>
<review>
	<rating>2.0</rating>
	<author><![CDATA[Victorianlad]]></author>
	<date>2008-06-12</date>
	<title><![CDATA[&#x201c;A declining attraction&#x201d;]]></title>
	<excerpt><![CDATA[My most recent visit to Sovereign Hill was disappointing.
Visiting without children, I felt bored after an hour and a half.
As a previous reviewer rem]]></excerpt>
	<link><![CDATA[http://www.tripadvisor.com/Attraction_Review-g255346-d259670-Reviews-Sovereign_Hill-Ballarat_Victoria.html]]></link>
</review>
<review>
	<rating>5.0</rating>
	<author><![CDATA[inglisgreen]]></author>
	<date>2008-04-28</date>
	<title><![CDATA[&#x201c;A Great Day!&#x201d;]]></title>
	<excerpt><![CDATA[We spent a day (we being two people in their mid 20s) at Sovereign Hill in April 08 and had a cracking experience! It really does make you appreciate ]]></excerpt>
	<link><![CDATA[http://www.tripadvisor.com/Attraction_Review-g255346-d259670-Reviews-Sovereign_Hill-Ballarat_Victoria.html]]></link>
</review>
<review>
	<rating>2.0</rating>
	<author><![CDATA[lilmissjen]]></author>
	<date>2008-04-21</date>
	<title><![CDATA[&#x201c;Average for adults&#x201d;]]></title>
	<excerpt><![CDATA[My husband and I went to this place expecting it to be like a theme park with lots to do. Instead we found ourselves back in time with few activities ]]></excerpt>
	<link><![CDATA[http://www.tripadvisor.com/Attraction_Review-g255346-d259670-Reviews-Sovereign_Hill-Ballarat_Victoria.html]]></link>
</review>
<review>
	<rating>4.0</rating>
	<author><![CDATA[totarapom]]></author>
	<date>2008-03-30</date>
	<title><![CDATA[&#x201c;Great Fun, and close to Melbourne&#x201d;]]></title>
	<excerpt><![CDATA[This was a last minute decision on our trip back to Melbourne Airport to leave Australia. Ballarat is an hours drive Northwest on motorway from airpor]]></excerpt>
	<link><![CDATA[http://www.tripadvisor.com/Attraction_Review-g255346-d259670-Reviews-Sovereign_Hill-Ballarat_Victoria.html]]></link>
</review>
<review>
	<rating>5.0</rating>
	<author><![CDATA[FatPete03]]></author>
	<date>2008-01-14</date>
	<title><![CDATA[&#x201c;Great excursion&#x201d;]]></title>
	<excerpt><![CDATA[We went on an excursion to Sovereign Hill and it was great!! It was very educational and fun at the same time!! You get to experience what it was like]]></excerpt>
	<link><![CDATA[http://www.tripadvisor.com/Attraction_Review-g255346-d259670-Reviews-Sovereign_Hill-Ballarat_Victoria.html]]></link>
</review>
<review>
	<rating>2.0</rating>
	<author><![CDATA[GlobalDesigner]]></author>
	<date>2007-03-29</date>
	<title><![CDATA[&#x201c;Not as good as expected!&#x201d;]]></title>
	<excerpt><![CDATA[My husband and I were really looking forward to seeing Sovereign Hill in March 07. We spent a few hours here in the afternoon and were both really qui]]></excerpt>
	<link><![CDATA[http://www.tripadvisor.com/Attraction_Review-g255346-d259670-Reviews-Sovereign_Hill-Ballarat_Victoria.html]]></link>
</review>
<review>
	<rating>5.0</rating>
	<author><![CDATA[graciem]]></author>
	<date>2006-04-24</date>
	<title><![CDATA[&#x201c;A fascinating day out&#x201d;]]></title>
	<excerpt><![CDATA[We had a great time at Sovereign Hill with the family. We spent nearly 6 hours there and didn't get to see everything there was to see. Anyone who has]]></excerpt>
	<link><![CDATA[http://www.tripadvisor.com/Attraction_Review-g255346-d259670-Reviews-Sovereign_Hill-Ballarat_Victoria.html]]></link>
</review>
<review>
	<rating>5.0</rating>
	<author><![CDATA[penanghill]]></author>
	<date>2005-11-27</date>
	<title><![CDATA[&#x201c;So much to see and do!&#x201d;]]></title>
	<excerpt><![CDATA[Our family visited Sovereign Hill today for the first time together, and it was a perfect day trip from Melbourne for us.
Traditionally visits to Ball]]></excerpt>
	<link><![CDATA[http://www.tripadvisor.com/Attraction_Review-g255346-d259670-Reviews-Sovereign_Hill-Ballarat_Victoria.html]]></link>
</review>
<review>
	<rating>2.0</rating>
	<author><![CDATA[mountainstar]]></author>
	<date>2005-04-29</date>
	<title><![CDATA[&#x201c;To be missed&#x201d;]]></title>
	<excerpt><![CDATA[Hmm.. I expected so much more, but that's probably because I've been to Williamsburg and Old Sturbridge in the USA and felt both balanced the commerci]]></excerpt>
	<link><![CDATA[http://www.tripadvisor.com/Attraction_Review-g255346-d259670-Reviews-Sovereign_Hill-Ballarat_Victoria.html]]></link>
</review>
<review>
	<rating>5.0</rating>
	<author><![CDATA[A TripAdvisor Member]]></author>
	<date>2004-07-12</date>
	<title><![CDATA[&#x201c;time travel&#x201d;]]></title>
	<excerpt><![CDATA[I enjoyed every moment of my visit last year. The evening show was very well put together, but at points I did tend to loose the drift. The daytime ac]]></excerpt>
	<link><![CDATA[http://www.tripadvisor.com/Attraction_Review-g255346-d259670-Reviews-or10-Sovereign_Hill-Ballarat_Victoria.html]]></link>
</review>
<review>
	<rating>5.0</rating>
	<author><![CDATA[A TripAdvisor Member]]></author>
	<date>2003-12-06</date>
	<title><![CDATA[&#x201c;Impressing Scottish friends&#x201d;]]></title>
	<excerpt><![CDATA[Have life time friends here from Scotland for first time. We have taken then around quite a bit & thought you might like a few comments. Last week we ]]></excerpt>
	<link><![CDATA[http://www.tripadvisor.com/Attraction_Review-g255346-d259670-Reviews-or10-Sovereign_Hill-Ballarat_Victoria.html]]></link>
</review>
</source>