<source name="Trip Advisor" avg-rating="2.0">
<review>
	<rating>1.0</rating>
	<author><![CDATA[MelbourneTraveller22]]></author>
	<date>2009-02-15</date>
	<title><![CDATA[Bed Bugs All Over The Bed]]></title>
	<excerpt><![CDATA[Do Not Stay Here Unless You Want To Be On Antibiotics For At Least Two Weeks After Being Bitten All Over By Bed Bugs!! ignore all reviews that it is c]]></excerpt>
	<link><![CDATA[http://www.tripadvisor.com/Hotel_Review-g255100-d637029-Reviews-St_Kilda_Beach_House-Melbourne_Victoria.html]]></link>
</review>
<review>
	<rating>3.0</rating>
	<author><![CDATA[PixieDoux]]></author>
	<date>2009-02-01</date>
	<title><![CDATA[Really not that bad!]]></title>
	<excerpt><![CDATA[I don't know what it is about TripAdvisor but it seems that reviews are written by older travellers with money to spend, hence the bad reviews of host]]></excerpt>
	<link><![CDATA[http://www.tripadvisor.com/Hotel_Review-g255100-d637029-Reviews-St_Kilda_Beach_House-Melbourne_Victoria.html]]></link>
</review>
<review>
	<rating>1.0</rating>
	<author><![CDATA[Luti_Luti]]></author>
	<date>2009-01-26</date>
	<title><![CDATA[An unsavoury and unsatisfactory experience]]></title>
	<excerpt><![CDATA[I stayed here in January 2009 with a group of three friends.
We liked:
- that we were able to book a four bed 'apartment';
- the location; and
- the b]]></excerpt>
	<link><![CDATA[http://www.tripadvisor.com/Hotel_Review-g255100-d637029-Reviews-St_Kilda_Beach_House-Melbourne_Victoria.html]]></link>
</review>
<review>
	<rating>1.0</rating>
	<author><![CDATA[MarshMadness]]></author>
	<date>2008-03-16</date>
	<title><![CDATA[Not what I was expecting]]></title>
	<excerpt><![CDATA[I was really disappointed with St Kilda Beach House. The location is excellent for seeing St Kilda and Melbourne but the hostel isn't what it is made ]]></excerpt>
	<link><![CDATA[http://www.tripadvisor.com/Hotel_Review-g255100-d637029-Reviews-St_Kilda_Beach_House-Melbourne_Victoria.html]]></link>
</review>
<review>
	<rating>1.0</rating>
	<author><![CDATA[dfoxmaster]]></author>
	<date>2007-01-01</date>
	<title><![CDATA[Disgusting - the shoddiest hell-hole I have ever stayed in]]></title>
	<excerpt><![CDATA[St Kilda Beach House is the worst hotel we have EVER stayed in - and that includes all the hotels we stayed in around India.
It is clearly not finishe]]></excerpt>
	<link><![CDATA[http://www.tripadvisor.com/Hotel_Review-g255100-d637029-Reviews-St_Kilda_Beach_House-Melbourne_Victoria.html]]></link>
</review>
</source>