<source name="Trip Advisor" avg-rating="4.0">
<review>
	<rating>5.0</rating>
	<author><![CDATA[Silky76]]></author>
	<date>2006-12-18</date>
	<title><![CDATA[&#x201c;Fantastic fun!&#x201d;]]></title>
	<excerpt><![CDATA[This is probably the most fantastic well planned and put together childrens play facility we have visited.
The atmosphere created, through the use of ]]></excerpt>
	<link><![CDATA[http://www.tripadvisor.com/Attraction_Review-g255100-d590662-Reviews-St_Kilda_Adventure_Playground-Melbourne_Victoria.html]]></link>
</review>
</source>