<source name="Trip Advisor" avg-rating="4.0">
<review>
	<rating>4.0</rating>
	<author><![CDATA[Victorianlad]]></author>
	<date>2008-06-12</date>
	<title><![CDATA[&#x201c;Wonderful walking&#x201d;]]></title>
	<excerpt><![CDATA[My favourite walk in the Dandenong Ranges is from Belgrave railway station to Sherbrooke Forest, where one can marvel at the great birds like friendly]]></excerpt>
	<link><![CDATA[http://www.tripadvisor.com/Attraction_Review-g255100-d300270-Reviews-Dandenong_Ranges-Melbourne_Victoria.html]]></link>
</review>
<review>
	<rating>4.0</rating>
	<author><![CDATA[aaatttaaaeee]]></author>
	<date>2008-05-13</date>
	<title><![CDATA[&#x201c;Dandenong Ranges&#x201d;]]></title>
	<excerpt><![CDATA[i think this place is great fun for the whole family and is a great day out. it is great fun hiking through the ranges and i would think that people s]]></excerpt>
	<link><![CDATA[http://www.tripadvisor.com/Attraction_Review-g255100-d300270-Reviews-Dandenong_Ranges-Melbourne_Victoria.html]]></link>
</review>
</source>