<source name="Trip Advisor" avg-rating="4.0">
<review>
	<rating>4.0</rating>
	<author><![CDATA[Victorianlad]]></author>
	<date>2008-08-14</date>
	<title><![CDATA[&#x201c;Beautiful in spring&#x201d;]]></title>
	<excerpt><![CDATA[Wattle Park was originally established by the then Melbourne and Metropolitan Tramways Board, which is now privatised.
It is a very large park about 1]]></excerpt>
	<link><![CDATA[http://www.tripadvisor.com/Attraction_Review-g255100-d590681-Reviews-Wattle_Park-Melbourne_Victoria.html]]></link>
</review>
<review>
	<rating>2.0</rating>
	<author><![CDATA[melbboy]]></author>
	<date>2006-12-06</date>
	<title><![CDATA[&#x201c;Just another park&#x201d;]]></title>
	<excerpt><![CDATA[As the title may suggest, Wattle Park is just another park. I live in Melbourne myself and live all of 1km from Wattle Park. When I first saw that Wat]]></excerpt>
	<link><![CDATA[http://www.tripadvisor.com/Attraction_Review-g255100-d590681-Reviews-Wattle_Park-Melbourne_Victoria.html]]></link>
</review>
</source>