<source name="Trip Advisor" avg-rating="4.0">
<review>
	<rating>4.0</rating>
	<author><![CDATA[Victorianlad]]></author>
	<date>2008-05-08</date>
	<title><![CDATA[&#x201c;Great for walks&#x201d;]]></title>
	<excerpt><![CDATA[While tannins from upstream eucalypt (gum) trees may make the Yarra River the butt of jokes about being an 'upside-down' river, it is pleasant to walk]]></excerpt>
	<link><![CDATA[http://www.tripadvisor.com/Attraction_Review-g255100-d286442-Reviews-Yarra_River-Melbourne_Victoria.html]]></link>
</review>
<review>
	<rating>4.0</rating>
	<author><![CDATA[suefromCalif]]></author>
	<date>2008-03-01</date>
	<title><![CDATA[&#x201c;Provides a Scenic View&#x201d;]]></title>
	<excerpt><![CDATA[The Yarra runs through Melbourne separating the city center from Southgate and the Docklands. There are many restaurants and bars lining the Yarra fro]]></excerpt>
	<link><![CDATA[http://www.tripadvisor.com/Attraction_Review-g255100-d286442-Reviews-Yarra_River-Melbourne_Victoria.html]]></link>
</review>
<review>
	<rating>4.0</rating>
	<author><![CDATA[くろぴょん]]></author>
	<date>2009-03-05</date>
	<title><![CDATA[&#x201c;&#x201d;]]></title>
	<excerpt><![CDATA[]]></excerpt>
	<link><![CDATA[http://www.tripadvisor.com/Attraction_Review-g255100-d286442-Reviews-Yarra_River-Melbourne_Victoria.html]]></link>
</review>
</source>