<source name="Trip Advisor" avg-rating="4.0">
<review>
	<rating>5.0</rating>
	<author><![CDATA[A TripAdvisor Contributor]]></author>
	<date>2008-09-16</date>
	<title><![CDATA[&#x201c;Great Flavours - A must...&#x201d;]]></title>
	<excerpt><![CDATA[Great Flavours - A must go! Best with friends so you can share different things more]]></excerpt>
	<link><![CDATA[http://www.tripadvisor.com/Restaurant_Review-g255060-d721089-Reviews-African_Feeling_Cafe-Sydney_New_South_Wales.html]]></link>
</review>
<review>
	<rating>4.0</rating>
	<author><![CDATA[A TripAdvisor Contributor]]></author>
	<date>2008-05-21</date>
	<title><![CDATA[&#x201c;Excellent African...&#x201d;]]></title>
	<excerpt><![CDATA[Excellent African cuisine. Reasonable prices. Makes the tight space & difficult parking worth it. more]]></excerpt>
	<link><![CDATA[http://www.tripadvisor.com/Restaurant_Review-g255060-d721089-Reviews-African_Feeling_Cafe-Sydney_New_South_Wales.html]]></link>
</review>
<review>
	<rating>4.0</rating>
	<author><![CDATA[A TripAdvisor Contributor]]></author>
	<date>2008-01-13</date>
	<title><![CDATA[&#x201c;Authentic, with...&#x201d;]]></title>
	<excerpt><![CDATA[Authentic, with incredible flavours more]]></excerpt>
	<link><![CDATA[http://www.tripadvisor.com/Restaurant_Review-g255060-d721089-Reviews-African_Feeling_Cafe-Sydney_New_South_Wales.html]]></link>
</review>
<review>
	<rating>4.0</rating>
	<author><![CDATA[A TripAdvisor Contributor]]></author>
	<date>2008-01-05</date>
	<title><![CDATA[&#x201c;Pretty good african&#x201d;]]></title>
	<excerpt><![CDATA[Pretty good african more]]></excerpt>
	<link><![CDATA[http://www.tripadvisor.com/Restaurant_Review-g255060-d721089-Reviews-African_Feeling_Cafe-Sydney_New_South_Wales.html]]></link>
</review>
<review>
	<rating>5.0</rating>
	<author><![CDATA[A TripAdvisor Contributor]]></author>
	<date>2007-12-28</date>
	<title><![CDATA[&#x201c;We stumbled upon this...&#x201d;]]></title>
	<excerpt><![CDATA[We stumbled upon this place in Newtown during a disappointing search for an Elvis jumpsuit! We went in and they didn't have any ingrediants for the di]]></excerpt>
	<link><![CDATA[http://www.tripadvisor.com/Restaurant_Review-g255060-d721089-Reviews-African_Feeling_Cafe-Sydney_New_South_Wales.html]]></link>
</review>
<review>
	<rating>5.0</rating>
	<author><![CDATA[A TripAdvisor Contributor]]></author>
	<date>2007-12-14</date>
	<title><![CDATA[&#x201c;Small and intimate...&#x201d;]]></title>
	<excerpt><![CDATA[Small and intimate, gorgeous traditional african food. The goat is to die for. more]]></excerpt>
	<link><![CDATA[http://www.tripadvisor.com/Restaurant_Review-g255060-d721089-Reviews-African_Feeling_Cafe-Sydney_New_South_Wales.html]]></link>
</review>
<review>
	<rating>5.0</rating>
	<author><![CDATA[A TripAdvisor Contributor]]></author>
	<date>2007-12-10</date>
	<title><![CDATA[&#x201c;10/10 for African...&#x201d;]]></title>
	<excerpt><![CDATA[10/10 for African Cuisine! more]]></excerpt>
	<link><![CDATA[http://www.tripadvisor.com/Restaurant_Review-g255060-d721089-Reviews-African_Feeling_Cafe-Sydney_New_South_Wales.html]]></link>
</review>
</source>