<source name="Trip Advisor" avg-rating="4.0">
<review>
	<rating>3.0</rating>
	<author><![CDATA[A TripAdvisor Contributor]]></author>
	<date>2008-04-03</date>
	<title><![CDATA[&#x201c;Reasonably good quality...&#x201d;]]></title>
	<excerpt><![CDATA[Reasonably good quality food, and service OK. Sometimes the dishes are a bit small. BYO more]]></excerpt>
	<link><![CDATA[http://www.tripadvisor.com/Restaurant_Review-g255060-d807501-Reviews-Aj_s_Indian_Restaurant-Sydney_New_South_Wales.html]]></link>
</review>
</source>