<source name="Trip Advisor" avg-rating="4.0">
<review>
	<rating>2.0</rating>
	<author><![CDATA[A TripAdvisor Contributor]]></author>
	<date>2008-03-04</date>
	<title><![CDATA[&#x201c;Food a little heavy for...&#x201d;]]></title>
	<excerpt><![CDATA[Food a little heavy for me. Rather crowded more]]></excerpt>
	<link><![CDATA[http://www.tripadvisor.com/Restaurant_Review-g255060-d721532-Reviews-Almustafa_Lebanese_Restaurant-Sydney_New_South_Wales.html]]></link>
</review>
<review>
	<rating>4.0</rating>
	<author><![CDATA[A TripAdvisor Contributor]]></author>
	<date>2008-01-10</date>
	<title><![CDATA[&#x201c;Good Traditional meals...&#x201d;]]></title>
	<excerpt><![CDATA[Good Traditional meals with entertainment on Fri/Sat nights but must book ahead and in groups. more]]></excerpt>
	<link><![CDATA[http://www.tripadvisor.com/Restaurant_Review-g255060-d721532-Reviews-Almustafa_Lebanese_Restaurant-Sydney_New_South_Wales.html]]></link>
</review>
<review>
	<rating>4.0</rating>
	<author><![CDATA[A TripAdvisor Contributor]]></author>
	<date>2007-12-27</date>
	<title><![CDATA[&#x201c;nice place & great food!&#x201d;]]></title>
	<excerpt><![CDATA[nice place & great food! more]]></excerpt>
	<link><![CDATA[http://www.tripadvisor.com/Restaurant_Review-g255060-d721532-Reviews-Almustafa_Lebanese_Restaurant-Sydney_New_South_Wales.html]]></link>
</review>
<review>
	<rating>4.0</rating>
	<author><![CDATA[A TripAdvisor Contributor]]></author>
	<date>2007-12-06</date>
	<title><![CDATA[&#x201c;Great food... great fun...&#x201d;]]></title>
	<excerpt><![CDATA[Great food... great fun! The belly dancers are great! more]]></excerpt>
	<link><![CDATA[http://www.tripadvisor.com/Restaurant_Review-g255060-d721532-Reviews-Almustafa_Lebanese_Restaurant-Sydney_New_South_Wales.html]]></link>
</review>
<review>
	<rating>4.0</rating>
	<author><![CDATA[A TripAdvisor Contributor]]></author>
	<date>2007-12-05</date>
	<title><![CDATA[&#x201c;Best Lebanese in Sydney&#x201d;]]></title>
	<excerpt><![CDATA[Best Lebanese in Sydney more]]></excerpt>
	<link><![CDATA[http://www.tripadvisor.com/Restaurant_Review-g255060-d721532-Reviews-Almustafa_Lebanese_Restaurant-Sydney_New_South_Wales.html]]></link>
</review>
<review>
	<rating>5.0</rating>
	<author><![CDATA[A TripAdvisor Contributor]]></author>
	<date>2007-12-03</date>
	<title><![CDATA[&#x201c;Atmosphere was loud but...&#x201d;]]></title>
	<excerpt><![CDATA[Atmosphere was loud but wonderfully colourful, lamb & chicken in particular were delicious. Arghileh a perfect touch to a lovely evening out with frie]]></excerpt>
	<link><![CDATA[http://www.tripadvisor.com/Restaurant_Review-g255060-d721532-Reviews-Almustafa_Lebanese_Restaurant-Sydney_New_South_Wales.html]]></link>
</review>
<review>
	<rating>4.0</rating>
	<author><![CDATA[A TripAdvisor Contributor]]></author>
	<date>2007-11-26</date>
	<title><![CDATA[&#x201c;many enjoyable nights...&#x201d;]]></title>
	<excerpt><![CDATA[many enjoyable nights here more]]></excerpt>
	<link><![CDATA[http://www.tripadvisor.com/Restaurant_Review-g255060-d721532-Reviews-Almustafa_Lebanese_Restaurant-Sydney_New_South_Wales.html]]></link>
</review>
<review>
	<rating>5.0</rating>
	<author><![CDATA[A TripAdvisor Contributor]]></author>
	<date>2007-11-12</date>
	<title><![CDATA[&#x201c;Great food & atmosphere...&#x201d;]]></title>
	<excerpt><![CDATA[Great food & atmosphere, cushion room, pipes, BYO more]]></excerpt>
	<link><![CDATA[http://www.tripadvisor.com/Restaurant_Review-g255060-d721532-Reviews-Almustafa_Lebanese_Restaurant-Sydney_New_South_Wales.html]]></link>
</review>
</source>