<source name="Trip Advisor" avg-rating="4.5">
<review>
	<rating>5.0</rating>
	<author><![CDATA[A TripAdvisor Contributor]]></author>
	<date>2008-08-23</date>
	<title><![CDATA[&#x201c;Excellent experince...&#x201d;]]></title>
	<excerpt><![CDATA[Excellent experince. Intimate. Moreso uptight than others for this standard. Go to the bar next door before dinner. more]]></excerpt>
	<link><![CDATA[http://www.tripadvisor.com/Restaurant_Review-g255060-d738208-Reviews-Altitude_Restaurant-Sydney_New_South_Wales.html]]></link>
</review>
<review>
	<rating>4.0</rating>
	<author><![CDATA[deletedpenguin]]></author>
	<date>2008-08-18</date>
	<title><![CDATA[&#x201c;Altitude Restaraunt&#x201d;]]></title>
	<excerpt><![CDATA[My girlfriend and I ate here this past Friday, and although the food was above average, and the service was top notch, I don't feel as if the food was]]></excerpt>
	<link><![CDATA[http://www.tripadvisor.com/Restaurant_Review-g255060-d738208-Reviews-Altitude_Restaurant-Sydney_New_South_Wales.html]]></link>
</review>
</source>