<source name="Trip Advisor" avg-rating="4.5">
<review>
	<rating>4.0</rating>
	<author><![CDATA[Mikrat]]></author>
	<date>2009-03-19</date>
	<title><![CDATA[&#x201c;Stunning food&#x201d;]]></title>
	<excerpt><![CDATA[On a brief trip to Sydney my wife and I hunted in TripAdvisor for a restaurant and called Aria Saturday afternoon with little hope of a vacancy, but w]]></excerpt>
	<link><![CDATA[http://www.tripadvisor.com/Restaurant_Review-g255060-d757695-Reviews-Aria-Sydney_New_South_Wales.html]]></link>
</review>
<review>
	<rating>5.0</rating>
	<author><![CDATA[A TripAdvisor Contributor]]></author>
	<date>2009-03-14</date>
	<title><![CDATA[&#x201c;Superb views (Sydney...&#x201d;]]></title>
	<excerpt><![CDATA[Superb views (Sydney Harbour Bridge on one side and the Opera House on the other) and excellent food. more]]></excerpt>
	<link><![CDATA[http://www.tripadvisor.com/Restaurant_Review-g255060-d757695-Reviews-Aria-Sydney_New_South_Wales.html]]></link>
</review>
<review>
	<rating>5.0</rating>
	<author><![CDATA[gav2008]]></author>
	<date>2009-02-27</date>
	<title><![CDATA[&#x201c;This has to be the Worlds finest Restaurant !&#x201d;]]></title>
	<excerpt><![CDATA[What more could your heart desire after seeing a beautiful performance at the Sydney Opera House ? Dinner at Aria. We were lucky enough to reserve our]]></excerpt>
	<link><![CDATA[http://www.tripadvisor.com/Restaurant_Review-g255060-d757695-Reviews-Aria-Sydney_New_South_Wales.html]]></link>
</review>
<review>
	<rating>5.0</rating>
	<author><![CDATA[bluey22]]></author>
	<date>2009-02-23</date>
	<title><![CDATA[&#x201c;Awesome&#x201d;]]></title>
	<excerpt><![CDATA[Have visited here 3 times in 5 months. Without a doubt some of the best food and wine in Sydney - with a view to die for. Menu is simple - focussing o]]></excerpt>
	<link><![CDATA[http://www.tripadvisor.com/Restaurant_Review-g255060-d757695-Reviews-Aria-Sydney_New_South_Wales.html]]></link>
</review>
<review>
	<rating>5.0</rating>
	<author><![CDATA[fivestarplease]]></author>
	<date>2009-02-21</date>
	<title><![CDATA[&#x201c;Second time and Fantastic again!&#x201d;]]></title>
	<excerpt><![CDATA[Went on 17th Feb and was our second time. Service on arrival was prompt and friendly. We received our window seat as requested, seated next to our for]]></excerpt>
	<link><![CDATA[http://www.tripadvisor.com/Restaurant_Review-g255060-d757695-Reviews-Aria-Sydney_New_South_Wales.html]]></link>
</review>
<review>
	<rating>3.0</rating>
	<author><![CDATA[pm2539]]></author>
	<date>2009-01-28</date>
	<title><![CDATA[&#x201c;Aria Restuarant Sydney&#x201d;]]></title>
	<excerpt><![CDATA[My wife and I visited The Aria Restuarant, Sydney for my wifes recent birthday. We had been looking forward to dining here for some time due to the ra]]></excerpt>
	<link><![CDATA[http://www.tripadvisor.com/Restaurant_Review-g255060-d757695-Reviews-Aria-Sydney_New_South_Wales.html]]></link>
</review>
<review>
	<rating>4.0</rating>
	<author><![CDATA[kingrox]]></author>
	<date>2008-12-14</date>
	<title><![CDATA[&#x201c;surprisingly understated....&#x201d;]]></title>
	<excerpt><![CDATA[..... my wife and i simply love good food...we are not whales, infact quite normal sized - but we love good food. we were very much looking forward to]]></excerpt>
	<link><![CDATA[http://www.tripadvisor.com/Restaurant_Review-g255060-d757695-Reviews-Aria-Sydney_New_South_Wales.html]]></link>
</review>
<review>
	<rating>5.0</rating>
	<author><![CDATA[Frequent_Flyers80]]></author>
	<date>2008-11-28</date>
	<title><![CDATA[&#x201c;An exceptional dining experience&#x201d;]]></title>
	<excerpt><![CDATA[My partner and I visited Sydney for a weekend break and, until we dined at Aria (for the first time), had some very negative dining experiences in Syd]]></excerpt>
	<link><![CDATA[http://www.tripadvisor.com/Restaurant_Review-g255060-d757695-Reviews-Aria-Sydney_New_South_Wales.html]]></link>
</review>
<review>
	<rating>5.0</rating>
	<author><![CDATA[CarolynHa]]></author>
	<date>2008-11-26</date>
	<title><![CDATA[&#x201c;a taste experience&#x201d;]]></title>
	<excerpt><![CDATA[I was lucky enough to be taken here for a birthday treat, and it was a lovely experience. A wonderful location with views overlooking the Opera House ]]></excerpt>
	<link><![CDATA[http://www.tripadvisor.com/Restaurant_Review-g255060-d757695-Reviews-Aria-Sydney_New_South_Wales.html]]></link>
</review>
<review>
	<rating>4.0</rating>
	<author><![CDATA[BostonPetvet]]></author>
	<date>2008-11-03</date>
	<title><![CDATA[&#x201c;A Great End to a Great Day&#x201d;]]></title>
	<excerpt><![CDATA[After climbing the Harbour Bridge earlier in the day, we ventured to the waterfront to dine at Aria in late Sept 2008. After locating the entrance, wh]]></excerpt>
	<link><![CDATA[http://www.tripadvisor.com/Restaurant_Review-g255060-d757695-Reviews-Aria-Sydney_New_South_Wales.html]]></link>
</review>
<review>
	<rating>5.0</rating>
	<author><![CDATA[Emloewe]]></author>
	<date>2008-10-23</date>
	<title><![CDATA[&#x201c;Outstanding meal&#x201d;]]></title>
	<excerpt><![CDATA[Food was simply outstanding. The staff was very attentive. Great place for a quiet, relaxing dinner for two before a performance at the Opera House. m]]></excerpt>
	<link><![CDATA[http://www.tripadvisor.com/Restaurant_Review-g255060-d757695-Reviews-or10-Aria-Sydney_New_South_Wales.html]]></link>
</review>
<review>
	<rating>4.0</rating>
	<author><![CDATA[A TripAdvisor Contributor]]></author>
	<date>2008-09-05</date>
	<title><![CDATA[&#x201c;Great food and great...&#x201d;]]></title>
	<excerpt><![CDATA[Great food and great atmosphere, been here a few times, loving the scallops and the chicken and the desserts... yummo more]]></excerpt>
	<link><![CDATA[http://www.tripadvisor.com/Restaurant_Review-g255060-d757695-Reviews-or10-Aria-Sydney_New_South_Wales.html]]></link>
</review>
<review>
	<rating>5.0</rating>
	<author><![CDATA[A TripAdvisor Contributor]]></author>
	<date>2008-08-23</date>
	<title><![CDATA[&#x201c;One of the best at a...&#x201d;]]></title>
	<excerpt><![CDATA[One of the best at a most premium price. Impressive setting. Formal dining. more]]></excerpt>
	<link><![CDATA[http://www.tripadvisor.com/Restaurant_Review-g255060-d757695-Reviews-or10-Aria-Sydney_New_South_Wales.html]]></link>
</review>
<review>
	<rating>5.0</rating>
	<author><![CDATA[whingeypom1]]></author>
	<date>2008-08-18</date>
	<title><![CDATA[&#x201c;Great pre-theatre prix fixe&#x201d;]]></title>
	<excerpt><![CDATA[Everything about this place oozes style. The location itself is a stone's throw from the Sydney Opera House, the food quite sumptuous, and the service]]></excerpt>
	<link><![CDATA[http://www.tripadvisor.com/Restaurant_Review-g255060-d757695-Reviews-or10-Aria-Sydney_New_South_Wales.html]]></link>
</review>
<review>
	<rating>5.0</rating>
	<author><![CDATA[A TripAdvisor Contributor]]></author>
	<date>2008-07-24</date>
	<title><![CDATA[&#x201c;Do you really need a...&#x201d;]]></title>
	<excerpt><![CDATA[Do you really need a comment? Just go! more]]></excerpt>
	<link><![CDATA[http://www.tripadvisor.com/Restaurant_Review-g255060-d757695-Reviews-or10-Aria-Sydney_New_South_Wales.html]]></link>
</review>
<review>
	<rating>3.0</rating>
	<author><![CDATA[A TripAdvisor Contributor]]></author>
	<date>2008-07-21</date>
	<title><![CDATA[&#x201c;Some of the most amazing...&#x201d;]]></title>
	<excerpt><![CDATA[Some of the most amazing tastes I have experienced, however it is let down by poor service and snobbery from wait staff more]]></excerpt>
	<link><![CDATA[http://www.tripadvisor.com/Restaurant_Review-g255060-d757695-Reviews-or10-Aria-Sydney_New_South_Wales.html]]></link>
</review>
<review>
	<rating>5.0</rating>
	<author><![CDATA[A TripAdvisor Contributor]]></author>
	<date>2008-07-19</date>
	<title><![CDATA[&#x201c;incredible food...&#x201d;]]></title>
	<excerpt><![CDATA[incredible food, incredible views more]]></excerpt>
	<link><![CDATA[http://www.tripadvisor.com/Restaurant_Review-g255060-d757695-Reviews-or10-Aria-Sydney_New_South_Wales.html]]></link>
</review>
<review>
	<rating>2.0</rating>
	<author><![CDATA[A TripAdvisor Contributor]]></author>
	<date>2008-07-02</date>
	<title><![CDATA[&#x201c;Impressive location...&#x201d;]]></title>
	<excerpt><![CDATA[Impressive location. Excellent service. Unimpressed with menu and suggested wines. more]]></excerpt>
	<link><![CDATA[http://www.tripadvisor.com/Restaurant_Review-g255060-d757695-Reviews-or10-Aria-Sydney_New_South_Wales.html]]></link>
</review>
<review>
	<rating>3.0</rating>
	<author><![CDATA[A TripAdvisor Contributor]]></author>
	<date>2008-06-06</date>
	<title><![CDATA[&#x201c;stunning view, ordinary...&#x201d;]]></title>
	<excerpt><![CDATA[stunning view, ordinary food and service, dessert is awesome and the wine selection is great. more]]></excerpt>
	<link><![CDATA[http://www.tripadvisor.com/Restaurant_Review-g255060-d757695-Reviews-or10-Aria-Sydney_New_South_Wales.html]]></link>
</review>
<review>
	<rating>3.0</rating>
	<author><![CDATA[A TripAdvisor Contributor]]></author>
	<date>2008-05-02</date>
	<title><![CDATA[&#x201c;Great food, views to die...&#x201d;]]></title>
	<excerpt><![CDATA[Great food, views to die for, but the service really struggled- too much time without menus or wine glasses, wait staff bringing the wrong meals, drop]]></excerpt>
	<link><![CDATA[http://www.tripadvisor.com/Restaurant_Review-g255060-d757695-Reviews-or10-Aria-Sydney_New_South_Wales.html]]></link>
</review>
<review>
	<rating>2.0</rating>
	<author><![CDATA[A TripAdvisor Contributor]]></author>
	<date>2008-03-30</date>
	<title><![CDATA[&#x201c;Barramundi was...&#x201d;]]></title>
	<excerpt><![CDATA[Barramundi was overcooked, otherwise ok more]]></excerpt>
	<link><![CDATA[http://www.tripadvisor.com/Restaurant_Review-g255060-d757695-Reviews-or20-Aria-Sydney_New_South_Wales.html]]></link>
</review>
<review>
	<rating>4.0</rating>
	<author><![CDATA[A TripAdvisor Contributor]]></author>
	<date>2008-02-25</date>
	<title><![CDATA[&#x201c;Loved the dessert!&#x201d;]]></title>
	<excerpt><![CDATA[Loved the dessert! more]]></excerpt>
	<link><![CDATA[http://www.tripadvisor.com/Restaurant_Review-g255060-d757695-Reviews-or20-Aria-Sydney_New_South_Wales.html]]></link>
</review>
<review>
	<rating>4.0</rating>
	<author><![CDATA[A TripAdvisor Contributor]]></author>
	<date>2008-02-13</date>
	<title><![CDATA[&#x201c;Spectacular food...&#x201d;]]></title>
	<excerpt><![CDATA[Spectacular food - especially the dessert menu. Spectacular bill also - dine with a generous sugardaddy. more]]></excerpt>
	<link><![CDATA[http://www.tripadvisor.com/Restaurant_Review-g255060-d757695-Reviews-or20-Aria-Sydney_New_South_Wales.html]]></link>
</review>
<review>
	<rating>3.0</rating>
	<author><![CDATA[A TripAdvisor Contributor]]></author>
	<date>2008-02-02</date>
	<title><![CDATA[&#x201c;A beautiful view, but...&#x201d;]]></title>
	<excerpt><![CDATA[A beautiful view, but the time I was there the food was just ordinary, and not worth anywhere near the price. more]]></excerpt>
	<link><![CDATA[http://www.tripadvisor.com/Restaurant_Review-g255060-d757695-Reviews-or20-Aria-Sydney_New_South_Wales.html]]></link>
</review>
<review>
	<rating>3.0</rating>
	<author><![CDATA[A TripAdvisor Contributor]]></author>
	<date>2008-01-22</date>
	<title><![CDATA[&#x201c;Overpriced. Degustation...&#x201d;]]></title>
	<excerpt><![CDATA[Overpriced. Degustation nice, but now wow! Still hungry at the end of the meal. more]]></excerpt>
	<link><![CDATA[http://www.tripadvisor.com/Restaurant_Review-g255060-d757695-Reviews-or20-Aria-Sydney_New_South_Wales.html]]></link>
</review>
<review>
	<rating>4.0</rating>
	<author><![CDATA[A TripAdvisor Contributor]]></author>
	<date>2008-01-11</date>
	<title><![CDATA[&#x201c;Very good.&#x201d;]]></title>
	<excerpt><![CDATA[Very good. more]]></excerpt>
	<link><![CDATA[http://www.tripadvisor.com/Restaurant_Review-g255060-d757695-Reviews-or20-Aria-Sydney_New_South_Wales.html]]></link>
</review>
<review>
	<rating>4.0</rating>
	<author><![CDATA[A TripAdvisor Contributor]]></author>
	<date>2007-12-28</date>
	<title><![CDATA[&#x201c;Great food, great...&#x201d;]]></title>
	<excerpt><![CDATA[Great food, great location, great big bill. more]]></excerpt>
	<link><![CDATA[http://www.tripadvisor.com/Restaurant_Review-g255060-d757695-Reviews-or20-Aria-Sydney_New_South_Wales.html]]></link>
</review>
<review>
	<rating>5.0</rating>
	<author><![CDATA[A TripAdvisor Contributor]]></author>
	<date>2007-12-27</date>
	<title><![CDATA[&#x201c;really nice restaurant...&#x201d;]]></title>
	<excerpt><![CDATA[really nice restaurant, worth of money but the food will satisfy you. more]]></excerpt>
	<link><![CDATA[http://www.tripadvisor.com/Restaurant_Review-g255060-d757695-Reviews-or20-Aria-Sydney_New_South_Wales.html]]></link>
</review>
</source>