<source name="Trip Advisor" avg-rating="4.5">
<review>
	<rating>4.0</rating>
	<author><![CDATA[A TripAdvisor Contributor]]></author>
	<date>2008-03-17</date>
	<title><![CDATA[&#x201c;great nightlife, never...&#x201d;]]></title>
	<excerpt><![CDATA[great nightlife, never ate here more]]></excerpt>
	<link><![CDATA[http://www.tripadvisor.com/Restaurant_Review-g255060-d946140-Reviews-Arthouse_Hotel_The-Sydney_New_South_Wales.html]]></link>
</review>
<review>
	<rating>4.0</rating>
	<author><![CDATA[A TripAdvisor Contributor]]></author>
	<date>2008-02-28</date>
	<title><![CDATA[&#x201c;Went there last night...&#x201d;]]></title>
	<excerpt><![CDATA[Went there last night. Fantastic food and service in the Dome Restaurant. Aside from a slight issue with some of the bartenders in the Attic Bar (whic]]></excerpt>
	<link><![CDATA[http://www.tripadvisor.com/Restaurant_Review-g255060-d946140-Reviews-Arthouse_Hotel_The-Sydney_New_South_Wales.html]]></link>
</review>
</source>