<source name="Trip Advisor" avg-rating="4.0">
<review>
	<rating>1.0</rating>
	<author><![CDATA[strop73]]></author>
	<date>2009-02-14</date>
	<title><![CDATA[&#x201c;Rude Aggressive Management&#x201d;]]></title>
	<excerpt><![CDATA[Ordered a delivery off their website totalling $21.
Ordered placed at 9.22pm and promised to be delivered by 10.22pm.
At 11.24pm I called and was advi]]></excerpt>
	<link><![CDATA[http://www.tripadvisor.com/Restaurant_Review-g255060-d721646-Reviews-Arthur_s_Pizza-Sydney_New_South_Wales.html]]></link>
</review>
<review>
	<rating>4.0</rating>
	<author><![CDATA[A TripAdvisor Contributor]]></author>
	<date>2008-08-26</date>
	<title><![CDATA[&#x201c;Love the pizza&#x201d;]]></title>
	<excerpt><![CDATA[Love the pizza more]]></excerpt>
	<link><![CDATA[http://www.tripadvisor.com/Restaurant_Review-g255060-d721646-Reviews-Arthur_s_Pizza-Sydney_New_South_Wales.html]]></link>
</review>
<review>
	<rating>3.0</rating>
	<author><![CDATA[A TripAdvisor Contributor]]></author>
	<date>2008-02-03</date>
	<title><![CDATA[&#x201c;Arthur's pizza is a...&#x201d;]]></title>
	<excerpt><![CDATA[Arthur's pizza is a household name in pizza across in sydney however, the interim owners (who now run Love Supreme), really made Arthur's the place to]]></excerpt>
	<link><![CDATA[http://www.tripadvisor.com/Restaurant_Review-g255060-d721646-Reviews-Arthur_s_Pizza-Sydney_New_South_Wales.html]]></link>
</review>
<review>
	<rating>4.0</rating>
	<author><![CDATA[A TripAdvisor Contributor]]></author>
	<date>2008-01-19</date>
	<title><![CDATA[&#x201c;great pizza!!!&#x201d;]]></title>
	<excerpt><![CDATA[great pizza!!! more]]></excerpt>
	<link><![CDATA[http://www.tripadvisor.com/Restaurant_Review-g255060-d721646-Reviews-Arthur_s_Pizza-Sydney_New_South_Wales.html]]></link>
</review>
<review>
	<rating>3.0</rating>
	<author><![CDATA[A TripAdvisor Contributor]]></author>
	<date>2008-01-10</date>
	<title><![CDATA[&#x201c;the old arthur's was...&#x201d;]]></title>
	<excerpt><![CDATA[the old arthur's was better!!!! more]]></excerpt>
	<link><![CDATA[http://www.tripadvisor.com/Restaurant_Review-g255060-d721646-Reviews-Arthur_s_Pizza-Sydney_New_South_Wales.html]]></link>
</review>
</source>