<source name="Trip Advisor" avg-rating="4.0">
<review>
	<rating>2.0</rating>
	<author><![CDATA[A TripAdvisor Contributor]]></author>
	<date>2008-04-21</date>
	<title><![CDATA[&#x201c;nothing special, its...&#x201d;]]></title>
	<excerpt><![CDATA[nothing special, its cheap though and always pack in fridays more]]></excerpt>
	<link><![CDATA[http://www.tripadvisor.com/Restaurant_Review-g255060-d946117-Reviews-Asakusa_Japanese_Restaurant-Sydney_New_South_Wales.html]]></link>
</review>
<review>
	<rating>3.0</rating>
	<author><![CDATA[A TripAdvisor Contributor]]></author>
	<date>2008-02-23</date>
	<title><![CDATA[&#x201c;Perfectly serviceable...&#x201d;]]></title>
	<excerpt><![CDATA[Perfectly serviceable, not outstanding. more]]></excerpt>
	<link><![CDATA[http://www.tripadvisor.com/Restaurant_Review-g255060-d946117-Reviews-Asakusa_Japanese_Restaurant-Sydney_New_South_Wales.html]]></link>
</review>
</source>