<source name="Trip Advisor" avg-rating="4.0">
<review>
	<rating>5.0</rating>
	<author><![CDATA[A TripAdvisor Contributor]]></author>
	<date>2008-09-05</date>
	<title><![CDATA[&#x201c;The best mexican food...&#x201d;]]></title>
	<excerpt><![CDATA[The best mexican food that I have tried in Sydney e.g. pozole, enchiladas, mole, etc. Nice place, mexican videos playing and very good service. more]]></excerpt>
	<link><![CDATA[http://www.tripadvisor.com/Restaurant_Review-g255060-d721717-Reviews-Azteca_s_Mexican_Restaurant-Sydney_New_South_Wales.html]]></link>
</review>
<review>
	<rating>4.0</rating>
	<author><![CDATA[A TripAdvisor Contributor]]></author>
	<date>2007-12-17</date>
	<title><![CDATA[&#x201c;real mexican&#x201d;]]></title>
	<excerpt><![CDATA[real mexican more]]></excerpt>
	<link><![CDATA[http://www.tripadvisor.com/Restaurant_Review-g255060-d721717-Reviews-Azteca_s_Mexican_Restaurant-Sydney_New_South_Wales.html]]></link>
</review>
<review>
	<rating>3.0</rating>
	<author><![CDATA[A TripAdvisor Contributor]]></author>
	<date>2007-12-13</date>
	<title><![CDATA[&#x201c;Good mexican food...&#x201d;]]></title>
	<excerpt><![CDATA[Good mexican food. Probably the best in the area. Family owned business with a nice touch. more]]></excerpt>
	<link><![CDATA[http://www.tripadvisor.com/Restaurant_Review-g255060-d721717-Reviews-Azteca_s_Mexican_Restaurant-Sydney_New_South_Wales.html]]></link>
</review>
<review>
	<rating>3.0</rating>
	<author><![CDATA[A TripAdvisor Contributor]]></author>
	<date>2007-11-24</date>
	<title><![CDATA[&#x201c;for mexican IN Australia...&#x201d;]]></title>
	<excerpt><![CDATA[for mexican IN Australia it's probably the most decent you'll get. however i down grade it cause the mexican that owns the store came out in a sombero]]></excerpt>
	<link><![CDATA[http://www.tripadvisor.com/Restaurant_Review-g255060-d721717-Reviews-Azteca_s_Mexican_Restaurant-Sydney_New_South_Wales.html]]></link>
</review>
<review>
	<rating>1.0</rating>
	<author><![CDATA[A TripAdvisor Contributor]]></author>
	<date>2007-10-30</date>
	<title><![CDATA[&#x201c;nice mexican, nothing...&#x201d;]]></title>
	<excerpt><![CDATA[nice mexican, nothing healthy about it. Guitar playing by a nice Mexican man. more]]></excerpt>
	<link><![CDATA[http://www.tripadvisor.com/Restaurant_Review-g255060-d721717-Reviews-Azteca_s_Mexican_Restaurant-Sydney_New_South_Wales.html]]></link>
</review>
</source>