<source name="Trip Advisor" avg-rating="4.5">
<review>
	<rating>5.0</rating>
	<author><![CDATA[Suzie81]]></author>
	<date>2009-02-01</date>
	<title><![CDATA[&#x201c;Loved it!!&#x201d;]]></title>
	<excerpt><![CDATA[This place was buzzing, the service is fantastic, so quick and efficient (we found it a bit slow in some other restaurants). The food was great and th]]></excerpt>
	<link><![CDATA[http://www.tripadvisor.com/Restaurant_Review-g255060-d947351-Reviews-Baia_San_Marco-Sydney_New_South_Wales.html]]></link>
</review>
</source>