<source name="Trip Advisor" avg-rating="4.0">
<review>
	<rating>3.0</rating>
	<author><![CDATA[A TripAdvisor Contributor]]></author>
	<date>2008-07-22</date>
	<title><![CDATA[&#x201c;An oldy but a goody for...&#x201d;]]></title>
	<excerpt><![CDATA[An oldy but a goody for a cheap meal more]]></excerpt>
	<link><![CDATA[http://www.tripadvisor.com/Restaurant_Review-g255060-d946136-Reviews-Balkan_Continental_Restaurant-Sydney_New_South_Wales.html]]></link>
</review>
<review>
	<rating>3.0</rating>
	<author><![CDATA[A TripAdvisor Contributor]]></author>
	<date>2008-03-17</date>
	<title><![CDATA[&#x201c;Pretty good feed here...&#x201d;]]></title>
	<excerpt><![CDATA[Pretty good feed here. Seafood is awesome! more]]></excerpt>
	<link><![CDATA[http://www.tripadvisor.com/Restaurant_Review-g255060-d946136-Reviews-Balkan_Continental_Restaurant-Sydney_New_South_Wales.html]]></link>
</review>
<review>
	<rating>4.0</rating>
	<author><![CDATA[A TripAdvisor Contributor]]></author>
	<date>2008-03-06</date>
	<title><![CDATA[&#x201c;start with a grill...&#x201d;]]></title>
	<excerpt><![CDATA[start with a grill seafood, then BBQ meats with their special tasting potato salad... yummy. more]]></excerpt>
	<link><![CDATA[http://www.tripadvisor.com/Restaurant_Review-g255060-d946136-Reviews-Balkan_Continental_Restaurant-Sydney_New_South_Wales.html]]></link>
</review>
</source>