<source name="Trip Advisor" avg-rating="4.0">
<review>
	<rating>3.0</rating>
	<author><![CDATA[whingeypom1]]></author>
	<date>2008-08-18</date>
	<title><![CDATA[&#x201c;seafood with european flavours&#x201d;]]></title>
	<excerpt><![CDATA[Very busy on Friday night, so you must book to savour the delights of Croation cuisine, albeit with an Australian twist. Seafood is a speciality, but ]]></excerpt>
	<link><![CDATA[http://www.tripadvisor.com/Restaurant_Review-g255060-d946123-Reviews-Balkan_Seafood_Restaurant-Sydney_New_South_Wales.html]]></link>
</review>
</source>