<source name="Trip Advisor" avg-rating="4.5">
<review>
	<rating>4.0</rating>
	<author><![CDATA[mfkrb]]></author>
	<date>2008-11-14</date>
	<title><![CDATA[&#x201c;Great wine bar - but it's moved!&#x201d;]]></title>
	<excerpt><![CDATA[Loved this little wine bar - great decor and buzz, with a solid selection of wines by the glass and good bar food. Felt more Melbourne than Sydney.
Wa]]></excerpt>
	<link><![CDATA[http://www.tripadvisor.com/Restaurant_Review-g255060-d721762-Reviews-Bambini_Cafe_Bar-Sydney_New_South_Wales.html]]></link>
</review>
<review>
	<rating>5.0</rating>
	<author><![CDATA[A TripAdvisor Contributor]]></author>
	<date>2008-10-05</date>
	<title><![CDATA[&#x201c;Very nice place for wine...&#x201d;]]></title>
	<excerpt><![CDATA[Very nice place for wine drinking facing the hyde park. more]]></excerpt>
	<link><![CDATA[http://www.tripadvisor.com/Restaurant_Review-g255060-d721762-Reviews-Bambini_Cafe_Bar-Sydney_New_South_Wales.html]]></link>
</review>
<review>
	<rating>5.0</rating>
	<author><![CDATA[A TripAdvisor Contributor]]></author>
	<date>2008-07-19</date>
	<title><![CDATA[&#x201c;a real treasure in the...&#x201d;]]></title>
	<excerpt><![CDATA[a real treasure in the city more]]></excerpt>
	<link><![CDATA[http://www.tripadvisor.com/Restaurant_Review-g255060-d721762-Reviews-Bambini_Cafe_Bar-Sydney_New_South_Wales.html]]></link>
</review>
<review>
	<rating>5.0</rating>
	<author><![CDATA[A TripAdvisor Contributor]]></author>
	<date>2008-01-29</date>
	<title><![CDATA[&#x201c;Excellent selection of...&#x201d;]]></title>
	<excerpt><![CDATA[Excellent selection of wines! more]]></excerpt>
	<link><![CDATA[http://www.tripadvisor.com/Restaurant_Review-g255060-d721762-Reviews-Bambini_Cafe_Bar-Sydney_New_South_Wales.html]]></link>
</review>
<review>
	<rating>5.0</rating>
	<author><![CDATA[A TripAdvisor Contributor]]></author>
	<date>2008-01-07</date>
	<title><![CDATA[&#x201c;went there a month ago...&#x201d;]]></title>
	<excerpt><![CDATA[went there a month ago and loved it more]]></excerpt>
	<link><![CDATA[http://www.tripadvisor.com/Restaurant_Review-g255060-d721762-Reviews-Bambini_Cafe_Bar-Sydney_New_South_Wales.html]]></link>
</review>
<review>
	<rating>4.0</rating>
	<author><![CDATA[A TripAdvisor Contributor]]></author>
	<date>2008-01-03</date>
	<title><![CDATA[&#x201c;Gorgeous atmosphere and...&#x201d;]]></title>
	<excerpt><![CDATA[Gorgeous atmosphere and a great selection of boutique wines. Great place to meet for after-work drinks more]]></excerpt>
	<link><![CDATA[http://www.tripadvisor.com/Restaurant_Review-g255060-d721762-Reviews-Bambini_Cafe_Bar-Sydney_New_South_Wales.html]]></link>
</review>
<review>
	<rating>4.0</rating>
	<author><![CDATA[A TripAdvisor Contributor]]></author>
	<date>2007-12-22</date>
	<title><![CDATA[&#x201c;great for a glass of...&#x201d;]]></title>
	<excerpt><![CDATA[great for a glass of wine in the evening more]]></excerpt>
	<link><![CDATA[http://www.tripadvisor.com/Restaurant_Review-g255060-d721762-Reviews-Bambini_Cafe_Bar-Sydney_New_South_Wales.html]]></link>
</review>
</source>