<source name="Trip Advisor" avg-rating="4.0">
<review>
	<rating>5.0</rating>
	<author><![CDATA[whingeypom1]]></author>
	<date>2008-08-18</date>
	<title><![CDATA[&#x201c;Another suburban triumph&#x201d;]]></title>
	<excerpt><![CDATA[You might think that there are better things to do on a cold and wet night in winter than spend it in the Sydney suburb of Marrickville, but it does h]]></excerpt>
	<link><![CDATA[http://www.tripadvisor.com/Restaurant_Review-g255060-d722246-Reviews-Bay_Tinh-Sydney_New_South_Wales.html]]></link>
</review>
<review>
	<rating>4.0</rating>
	<author><![CDATA[A TripAdvisor Contributor]]></author>
	<date>2008-07-21</date>
	<title><![CDATA[&#x201c;Wonderful value for...&#x201d;]]></title>
	<excerpt><![CDATA[Wonderful value for money. Tasty treats and speedy service at a price that wont bust your budget more]]></excerpt>
	<link><![CDATA[http://www.tripadvisor.com/Restaurant_Review-g255060-d722246-Reviews-Bay_Tinh-Sydney_New_South_Wales.html]]></link>
</review>
<review>
	<rating>3.0</rating>
	<author><![CDATA[cammos]]></author>
	<date>2008-06-06</date>
	<title><![CDATA[&#x201c;An old fav, but with...&#x201d;]]></title>
	<excerpt><![CDATA[An old fav, but with new owners since 2007, Ungraded decor is a definate plus. We didn't have a bboking, but after a 5 min wait, they were still able ]]></excerpt>
	<link><![CDATA[http://www.tripadvisor.com/Restaurant_Review-g255060-d722246-Reviews-Bay_Tinh-Sydney_New_South_Wales.html]]></link>
</review>
</source>