<source name="Trip Advisor" avg-rating="4.5">
<review>
	<rating>4.0</rating>
	<author><![CDATA[A TripAdvisor Contributor]]></author>
	<date>2008-09-05</date>
	<title><![CDATA[&#x201c;awesome food, they...&#x201d;]]></title>
	<excerpt><![CDATA[awesome food, they forgot about us inbetween entree and main, but made up for it with a free dessert and glass of wine, yay! more]]></excerpt>
	<link><![CDATA[http://www.tripadvisor.com/Restaurant_Review-g255060-d722249-Reviews-Bayswater_Brasserie-Sydney_New_South_Wales.html]]></link>
</review>
<review>
	<rating>4.0</rating>
	<author><![CDATA[A TripAdvisor Contributor]]></author>
	<date>2008-04-16</date>
	<title><![CDATA[&#x201c;The food is divine...&#x201d;]]></title>
	<excerpt><![CDATA[The food is divine. Great menu selection. more]]></excerpt>
	<link><![CDATA[http://www.tripadvisor.com/Restaurant_Review-g255060-d722249-Reviews-Bayswater_Brasserie-Sydney_New_South_Wales.html]]></link>
</review>
<review>
	<rating>4.0</rating>
	<author><![CDATA[A TripAdvisor Contributor]]></author>
	<date>2008-01-19</date>
	<title><![CDATA[&#x201c;Spectacular food&#x201d;]]></title>
	<excerpt><![CDATA[Spectacular food more]]></excerpt>
	<link><![CDATA[http://www.tripadvisor.com/Restaurant_Review-g255060-d722249-Reviews-Bayswater_Brasserie-Sydney_New_South_Wales.html]]></link>
</review>
<review>
	<rating>5.0</rating>
	<author><![CDATA[A TripAdvisor Contributor]]></author>
	<date>2007-11-19</date>
	<title><![CDATA[&#x201c;A Sydney institution...&#x201d;]]></title>
	<excerpt><![CDATA[A Sydney institution. Best selection of freshly shucked oysters around. Steak with porcini butter kills any steak at Bistro Moncur. And they have the ]]></excerpt>
	<link><![CDATA[http://www.tripadvisor.com/Restaurant_Review-g255060-d722249-Reviews-Bayswater_Brasserie-Sydney_New_South_Wales.html]]></link>
</review>
<review>
	<rating>4.0</rating>
	<author><![CDATA[A TripAdvisor Contributor]]></author>
	<date>2007-11-17</date>
	<title><![CDATA[&#x201c;The Bayz has been around...&#x201d;]]></title>
	<excerpt><![CDATA[The Bayz has been around forever and it's still reliably good. Buzzy atmosphere, polished service, and a nice bar out the back. Kinda pricey though mo]]></excerpt>
	<link><![CDATA[http://www.tripadvisor.com/Restaurant_Review-g255060-d722249-Reviews-Bayswater_Brasserie-Sydney_New_South_Wales.html]]></link>
</review>
</source>