<source name="Trip Advisor" avg-rating="4.5">
<review>
	<rating>4.0</rating>
	<author><![CDATA[A TripAdvisor Contributor]]></author>
	<date>2008-10-08</date>
	<title><![CDATA[&#x201c;Lovely decor&#x201d;]]></title>
	<excerpt><![CDATA[Lovely decor more]]></excerpt>
	<link><![CDATA[http://www.tripadvisor.com/Restaurant_Review-g255060-d722250-Reviews-BBQ_King-Sydney_New_South_Wales.html]]></link>
</review>
<review>
	<rating>3.0</rating>
	<author><![CDATA[A TripAdvisor Contributor]]></author>
	<date>2008-10-05</date>
	<title><![CDATA[&#x201c;Again, another...&#x201d;]]></title>
	<excerpt><![CDATA[Again, another disappointing roast pork/duck place in Sydney. if this is the best in Sydney, really disappointing. more]]></excerpt>
	<link><![CDATA[http://www.tripadvisor.com/Restaurant_Review-g255060-d722250-Reviews-BBQ_King-Sydney_New_South_Wales.html]]></link>
</review>
<review>
	<rating>3.0</rating>
	<author><![CDATA[A TripAdvisor Contributor]]></author>
	<date>2008-04-20</date>
	<title><![CDATA[&#x201c;salt and peper squid and...&#x201d;]]></title>
	<excerpt><![CDATA[salt and peper squid and the duck more]]></excerpt>
	<link><![CDATA[http://www.tripadvisor.com/Restaurant_Review-g255060-d722250-Reviews-BBQ_King-Sydney_New_South_Wales.html]]></link>
</review>
<review>
	<rating>1.0</rating>
	<author><![CDATA[A TripAdvisor Contributor]]></author>
	<date>2007-12-15</date>
	<title><![CDATA[&#x201c;Disappointing the last...&#x201d;]]></title>
	<excerpt><![CDATA[Disappointing the last time we went there. Ordered the house special pork, and it was just steamed pork, no spices, no flavouring whatsoever. The wait]]></excerpt>
	<link><![CDATA[http://www.tripadvisor.com/Restaurant_Review-g255060-d722250-Reviews-BBQ_King-Sydney_New_South_Wales.html]]></link>
</review>
<review>
	<rating>5.0</rating>
	<author><![CDATA[A TripAdvisor Contributor]]></author>
	<date>2007-12-13</date>
	<title><![CDATA[&#x201c;love it&#x201d;]]></title>
	<excerpt><![CDATA[love it more]]></excerpt>
	<link><![CDATA[http://www.tripadvisor.com/Restaurant_Review-g255060-d722250-Reviews-BBQ_King-Sydney_New_South_Wales.html]]></link>
</review>
<review>
	<rating>3.0</rating>
	<author><![CDATA[A TripAdvisor Contributor]]></author>
	<date>2007-11-28</date>
	<title><![CDATA[&#x201c;Good Chinese, reliable...&#x201d;]]></title>
	<excerpt><![CDATA[Good Chinese, reliable & lots of choices. more]]></excerpt>
	<link><![CDATA[http://www.tripadvisor.com/Restaurant_Review-g255060-d722250-Reviews-BBQ_King-Sydney_New_South_Wales.html]]></link>
</review>
<review>
	<rating>4.0</rating>
	<author><![CDATA[A TripAdvisor Contributor]]></author>
	<date>2007-11-27</date>
	<title><![CDATA[&#x201c;loved it&#x201d;]]></title>
	<excerpt><![CDATA[loved it more]]></excerpt>
	<link><![CDATA[http://www.tripadvisor.com/Restaurant_Review-g255060-d722250-Reviews-BBQ_King-Sydney_New_South_Wales.html]]></link>
</review>
<review>
	<rating>2.0</rating>
	<author><![CDATA[A TripAdvisor Contributor]]></author>
	<date>2007-11-26</date>
	<title><![CDATA[&#x201c;Everybody loves it, but...&#x201d;]]></title>
	<excerpt><![CDATA[Everybody loves it, but when cockroaches get dished up on your plates, do you really want to go back for more. Exceptionally tasty, but see the point ]]></excerpt>
	<link><![CDATA[http://www.tripadvisor.com/Restaurant_Review-g255060-d722250-Reviews-BBQ_King-Sydney_New_South_Wales.html]]></link>
</review>
<review>
	<rating>1.0</rating>
	<author><![CDATA[A TripAdvisor Contributor]]></author>
	<date>2007-11-26</date>
	<title><![CDATA[&#x201c;overrated. food was...&#x201d;]]></title>
	<excerpt><![CDATA[overrated. food was cold, poor service more]]></excerpt>
	<link><![CDATA[http://www.tripadvisor.com/Restaurant_Review-g255060-d722250-Reviews-BBQ_King-Sydney_New_South_Wales.html]]></link>
</review>
<review>
	<rating>3.0</rating>
	<author><![CDATA[A TripAdvisor Contributor]]></author>
	<date>2007-11-23</date>
	<title><![CDATA[&#x201c;great for lunch, you...&#x201d;]]></title>
	<excerpt><![CDATA[great for lunch, you will walk right past this place, but go in seriously and order from the menu I promise you won't be disappointed more]]></excerpt>
	<link><![CDATA[http://www.tripadvisor.com/Restaurant_Review-g255060-d722250-Reviews-BBQ_King-Sydney_New_South_Wales.html]]></link>
</review>
<review>
	<rating>3.0</rating>
	<author><![CDATA[A TripAdvisor Contributor]]></author>
	<date>2007-11-18</date>
	<title><![CDATA[&#x201c;The food is good though...&#x201d;]]></title>
	<excerpt><![CDATA[The food is good though not all that spectacular to make you clamour for more more]]></excerpt>
	<link><![CDATA[http://www.tripadvisor.com/Restaurant_Review-g255060-d722250-Reviews-or10-BBQ_King-Sydney_New_South_Wales.html]]></link>
</review>
<review>
	<rating>5.0</rating>
	<author><![CDATA[A TripAdvisor Contributor]]></author>
	<date>2007-11-02</date>
	<title><![CDATA[&#x201c;the salt and pepper...&#x201d;]]></title>
	<excerpt><![CDATA[the salt and pepper squid is the best more]]></excerpt>
	<link><![CDATA[http://www.tripadvisor.com/Restaurant_Review-g255060-d722250-Reviews-or10-BBQ_King-Sydney_New_South_Wales.html]]></link>
</review>
<review>
	<rating>3.0</rating>
	<author><![CDATA[A TripAdvisor Contributor]]></author>
	<date>2007-11-01</date>
	<title><![CDATA[&#x201c;Best BBQ pork in Sydney...&#x201d;]]></title>
	<excerpt><![CDATA[Best BBQ pork in Sydney, love the late night trading hours. more]]></excerpt>
	<link><![CDATA[http://www.tripadvisor.com/Restaurant_Review-g255060-d722250-Reviews-or10-BBQ_King-Sydney_New_South_Wales.html]]></link>
</review>
</source>