<source name="Trip Advisor" avg-rating="4.5">
<review>
	<rating>4.0</rating>
	<author><![CDATA[A TripAdvisor Contributor]]></author>
	<date>2008-07-21</date>
	<title><![CDATA[&#x201c;Another one of Sydneys...&#x201d;]]></title>
	<excerpt><![CDATA[Another one of Sydneys great dining experiences. Nifty decor, however service can be a little slow. more]]></excerpt>
	<link><![CDATA[http://www.tripadvisor.com/Restaurant_Review-g255060-d722271-Reviews-Becasse-Sydney_New_South_Wales.html]]></link>
</review>
<review>
	<rating>5.0</rating>
	<author><![CDATA[A TripAdvisor Contributor]]></author>
	<date>2008-06-04</date>
	<title><![CDATA[&#x201c;We had V day dinner at...&#x201d;]]></title>
	<excerpt><![CDATA[We had V day dinner at Becasse and it was fantastic. Great great food and service. The selection of french wine is perfect to accomodate their beautif]]></excerpt>
	<link><![CDATA[http://www.tripadvisor.com/Restaurant_Review-g255060-d722271-Reviews-Becasse-Sydney_New_South_Wales.html]]></link>
</review>
<review>
	<rating>4.0</rating>
	<author><![CDATA[A TripAdvisor Contributor]]></author>
	<date>2008-03-03</date>
	<title><![CDATA[&#x201c;I went on a busy...&#x201d;]]></title>
	<excerpt><![CDATA[I went on a busy saturday night (is there any other kind) and enjoyed the degustation menu. The wine and food match was almost perfect, but is expecte]]></excerpt>
	<link><![CDATA[http://www.tripadvisor.com/Restaurant_Review-g255060-d722271-Reviews-Becasse-Sydney_New_South_Wales.html]]></link>
</review>
<review>
	<rating>4.0</rating>
	<author><![CDATA[A TripAdvisor Contributor]]></author>
	<date>2007-11-08</date>
	<title><![CDATA[&#x201c;V special!&#x201d;]]></title>
	<excerpt><![CDATA[V special! more]]></excerpt>
	<link><![CDATA[http://www.tripadvisor.com/Restaurant_Review-g255060-d722271-Reviews-Becasse-Sydney_New_South_Wales.html]]></link>
</review>
</source>