<source name="Trip Advisor" avg-rating="4.5">
<review>
	<rating>1.0</rating>
	<author><![CDATA[AmY209]]></author>
	<date>2009-01-02</date>
	<title><![CDATA[&#x201c;Disappointing&#x201d;]]></title>
	<excerpt><![CDATA[Failed on every count.
Although the restaurant was not busy the wait between courses was up to 45 minutes.
Food seemed to have been on a warming tray ]]></excerpt>
	<link><![CDATA[http://www.tripadvisor.com/Restaurant_Review-g255060-d722279-Reviews-Bel_Mondo-Sydney_New_South_Wales.html]]></link>
</review>
<review>
	<rating>5.0</rating>
	<author><![CDATA[A TripAdvisor Contributor]]></author>
	<date>2008-03-17</date>
	<title><![CDATA[&#x201c;Very expensive for what...&#x201d;]]></title>
	<excerpt><![CDATA[Very expensive for what it is. Nesstled away in the heart of the rocks, this is the ultimate romantic spot for dinner for 2. Food - awesome. Wine - de]]></excerpt>
	<link><![CDATA[http://www.tripadvisor.com/Restaurant_Review-g255060-d722279-Reviews-Bel_Mondo-Sydney_New_South_Wales.html]]></link>
</review>
<review>
	<rating>4.0</rating>
	<author><![CDATA[A TripAdvisor Contributor]]></author>
	<date>2008-01-19</date>
	<title><![CDATA[&#x201c;Haven't been for a...&#x201d;]]></title>
	<excerpt><![CDATA[Haven't been for a while, but I have very fond memories of the fantastic food, great wine and lovely waiters. more]]></excerpt>
	<link><![CDATA[http://www.tripadvisor.com/Restaurant_Review-g255060-d722279-Reviews-Bel_Mondo-Sydney_New_South_Wales.html]]></link>
</review>
<review>
	<rating>5.0</rating>
	<author><![CDATA[A TripAdvisor Contributor]]></author>
	<date>2008-01-05</date>
	<title><![CDATA[&#x201c;We always get excited...&#x201d;]]></title>
	<excerpt><![CDATA[We always get excited about going to Bel Mondo.
Consisently good food, a welcoming service, with a fab atmosphere! more]]></excerpt>
	<link><![CDATA[http://www.tripadvisor.com/Restaurant_Review-g255060-d722279-Reviews-Bel_Mondo-Sydney_New_South_Wales.html]]></link>
</review>
<review>
	<rating>4.0</rating>
	<author><![CDATA[A TripAdvisor Contributor]]></author>
	<date>2008-01-03</date>
	<title><![CDATA[&#x201c;I haven't been here for...&#x201d;]]></title>
	<excerpt><![CDATA[I haven't been here for few years now..and not sure if they have changed anything. But from my memory, the food was amazing. Love to go back again soo]]></excerpt>
	<link><![CDATA[http://www.tripadvisor.com/Restaurant_Review-g255060-d722279-Reviews-Bel_Mondo-Sydney_New_South_Wales.html]]></link>
</review>
</source>