<source name="Trip Advisor" avg-rating="4.5">
<review>
	<rating>5.0</rating>
	<author><![CDATA[A TripAdvisor Contributor]]></author>
	<date>2008-09-08</date>
	<title><![CDATA[&#x201c;Very 'old school'. Took...&#x201d;]]></title>
	<excerpt><![CDATA[Very 'old school'. Took papa here for his 75th birthday (Beppi and papa are from the same region in Italy). I want to go back with the ragazzo. more]]></excerpt>
	<link><![CDATA[http://www.tripadvisor.com/Restaurant_Review-g255060-d722322-Reviews-Beppi_s_Restaurant-Sydney_New_South_Wales.html]]></link>
</review>
<review>
	<rating>3.0</rating>
	<author><![CDATA[A TripAdvisor Contributor]]></author>
	<date>2008-07-28</date>
	<title><![CDATA[&#x201c;Fantastic atmosphere...&#x201d;]]></title>
	<excerpt><![CDATA[Fantastic atmosphere - very classic - waiters are all older men and you have the feeling you are in an authentic italian restaurant. Quality of food n]]></excerpt>
	<link><![CDATA[http://www.tripadvisor.com/Restaurant_Review-g255060-d722322-Reviews-Beppi_s_Restaurant-Sydney_New_South_Wales.html]]></link>
</review>
<review>
	<rating>4.0</rating>
	<author><![CDATA[A TripAdvisor Contributor]]></author>
	<date>2008-07-01</date>
	<title><![CDATA[&#x201c;Fantastic food, and...&#x201d;]]></title>
	<excerpt><![CDATA[Fantastic food, and really nice staff more]]></excerpt>
	<link><![CDATA[http://www.tripadvisor.com/Restaurant_Review-g255060-d722322-Reviews-Beppi_s_Restaurant-Sydney_New_South_Wales.html]]></link>
</review>
<review>
	<rating>3.0</rating>
	<author><![CDATA[A TripAdvisor Contributor]]></author>
	<date>2008-06-09</date>
	<title><![CDATA[&#x201c;Was Ok, wasn't as good...&#x201d;]]></title>
	<excerpt><![CDATA[Was Ok, wasn't as good as expected...... more]]></excerpt>
	<link><![CDATA[http://www.tripadvisor.com/Restaurant_Review-g255060-d722322-Reviews-Beppi_s_Restaurant-Sydney_New_South_Wales.html]]></link>
</review>
<review>
	<rating>3.0</rating>
	<author><![CDATA[A TripAdvisor Contributor]]></author>
	<date>2008-05-28</date>
	<title><![CDATA[&#x201c;Old school Italian, a...&#x201d;]]></title>
	<excerpt><![CDATA[Old school Italian, a Sydney institution. The angel hair pasta was superb. more]]></excerpt>
	<link><![CDATA[http://www.tripadvisor.com/Restaurant_Review-g255060-d722322-Reviews-Beppi_s_Restaurant-Sydney_New_South_Wales.html]]></link>
</review>
<review>
	<rating>4.0</rating>
	<author><![CDATA[A TripAdvisor Contributor]]></author>
	<date>2008-04-14</date>
	<title><![CDATA[&#x201c;Great old school...&#x201d;]]></title>
	<excerpt><![CDATA[Great old school Italian. Bruschetta was fantastic. Ravioli great. Mushroom appetiser very tasty. The wine list is like a library and the wine we chos]]></excerpt>
	<link><![CDATA[http://www.tripadvisor.com/Restaurant_Review-g255060-d722322-Reviews-Beppi_s_Restaurant-Sydney_New_South_Wales.html]]></link>
</review>
<review>
	<rating>2.0</rating>
	<author><![CDATA[A TripAdvisor Contributor]]></author>
	<date>2008-02-28</date>
	<title><![CDATA[&#x201c;overpriced&#x201d;]]></title>
	<excerpt><![CDATA[overpriced more]]></excerpt>
	<link><![CDATA[http://www.tripadvisor.com/Restaurant_Review-g255060-d722322-Reviews-Beppi_s_Restaurant-Sydney_New_South_Wales.html]]></link>
</review>
<review>
	<rating>4.0</rating>
	<author><![CDATA[A TripAdvisor Contributor]]></author>
	<date>2008-01-15</date>
	<title><![CDATA[&#x201c;Italian food at its...&#x201d;]]></title>
	<excerpt><![CDATA[Italian food at its finest, its got the reputation to be a bit swanky but I guess it deserves to have it, the service is fantastic and the food matche]]></excerpt>
	<link><![CDATA[http://www.tripadvisor.com/Restaurant_Review-g255060-d722322-Reviews-Beppi_s_Restaurant-Sydney_New_South_Wales.html]]></link>
</review>
<review>
	<rating>3.0</rating>
	<author><![CDATA[A TripAdvisor Contributor]]></author>
	<date>2007-12-27</date>
	<title><![CDATA[&#x201c;Service was ok... food...&#x201d;]]></title>
	<excerpt><![CDATA[Service was ok... food was nice (but not amazing)... menu was varied and very traditionally Italian... but portions were too small for the cost of the]]></excerpt>
	<link><![CDATA[http://www.tripadvisor.com/Restaurant_Review-g255060-d722322-Reviews-Beppi_s_Restaurant-Sydney_New_South_Wales.html]]></link>
</review>
<review>
	<rating>4.0</rating>
	<author><![CDATA[A TripAdvisor Contributor]]></author>
	<date>2007-12-16</date>
	<title><![CDATA[&#x201c;Old world wonder&#x201d;]]></title>
	<excerpt><![CDATA[Old world wonder more]]></excerpt>
	<link><![CDATA[http://www.tripadvisor.com/Restaurant_Review-g255060-d722322-Reviews-Beppi_s_Restaurant-Sydney_New_South_Wales.html]]></link>
</review>
<review>
	<rating>4.0</rating>
	<author><![CDATA[A TripAdvisor Contributor]]></author>
	<date>2007-12-14</date>
	<title><![CDATA[&#x201c;Amazingly food, very...&#x201d;]]></title>
	<excerpt><![CDATA[Amazingly food, very fresh, great pasta, langoustines are my favourite. Atmosphere a little stuffy and appealing more to a maturer clientelle. more]]></excerpt>
	<link><![CDATA[http://www.tripadvisor.com/Restaurant_Review-g255060-d722322-Reviews-or10-Beppi_s_Restaurant-Sydney_New_South_Wales.html]]></link>
</review>
<review>
	<rating>5.0</rating>
	<author><![CDATA[A TripAdvisor Contributor]]></author>
	<date>2007-12-13</date>
	<title><![CDATA[&#x201c;Beppi's is my favourite...&#x201d;]]></title>
	<excerpt><![CDATA[Beppi's is my favourite traditional glam Italian restaurant. If you're lucky you can reserve a seat in the wine cellar rooms. more]]></excerpt>
	<link><![CDATA[http://www.tripadvisor.com/Restaurant_Review-g255060-d722322-Reviews-or10-Beppi_s_Restaurant-Sydney_New_South_Wales.html]]></link>
</review>
</source>