<source name="Trip Advisor" avg-rating="4.5">
<review>
	<rating>4.0</rating>
	<author><![CDATA[jhethcox]]></author>
	<date>2008-10-10</date>
	<title><![CDATA[&#x201c;Accidental treat&#x201d;]]></title>
	<excerpt><![CDATA[At the recommendation of our hotel front desk, we took a cab to Billy Kwong. We had no clue what to expect and we certainly didn't know that the resta]]></excerpt>
	<link><![CDATA[http://www.tripadvisor.com/Restaurant_Review-g255060-d722356-Reviews-Billy_Kwong-Sydney_New_South_Wales.html]]></link>
</review>
<review>
	<rating>5.0</rating>
	<author><![CDATA[Ellemay]]></author>
	<date>2008-10-03</date>
	<title><![CDATA[&#x201c;Awesome Chinese !&#x201d;]]></title>
	<excerpt><![CDATA[To enjoy this BYO and licensed restaurant one needs to get here early, as no reservations are taken. It's usual to see people lining up before it even]]></excerpt>
	<link><![CDATA[http://www.tripadvisor.com/Restaurant_Review-g255060-d722356-Reviews-Billy_Kwong-Sydney_New_South_Wales.html]]></link>
</review>
<review>
	<rating>3.0</rating>
	<author><![CDATA[A TripAdvisor Contributor]]></author>
	<date>2008-08-24</date>
	<title><![CDATA[&#x201c;great food, obviously a...&#x201d;]]></title>
	<excerpt><![CDATA[great food, obviously a labour of love for such a tiny place.
sure it's tight squeeze and expensive- but if you are rich and skinny, you'll fit right ]]></excerpt>
	<link><![CDATA[http://www.tripadvisor.com/Restaurant_Review-g255060-d722356-Reviews-Billy_Kwong-Sydney_New_South_Wales.html]]></link>
</review>
<review>
	<rating>4.0</rating>
	<author><![CDATA[A TripAdvisor Contributor]]></author>
	<date>2008-08-24</date>
	<title><![CDATA[&#x201c;Crowded but the food is...&#x201d;]]></title>
	<excerpt><![CDATA[Crowded but the food is always delicious. more]]></excerpt>
	<link><![CDATA[http://www.tripadvisor.com/Restaurant_Review-g255060-d722356-Reviews-Billy_Kwong-Sydney_New_South_Wales.html]]></link>
</review>
<review>
	<rating>3.0</rating>
	<author><![CDATA[A TripAdvisor Contributor]]></author>
	<date>2008-07-21</date>
	<title><![CDATA[&#x201c;Good value and speedy...&#x201d;]]></title>
	<excerpt><![CDATA[Good value and speedy service more]]></excerpt>
	<link><![CDATA[http://www.tripadvisor.com/Restaurant_Review-g255060-d722356-Reviews-Billy_Kwong-Sydney_New_South_Wales.html]]></link>
</review>
<review>
	<rating>3.0</rating>
	<author><![CDATA[A TripAdvisor Contributor]]></author>
	<date>2008-07-10</date>
	<title><![CDATA[&#x201c;ok food but overpriced...&#x201d;]]></title>
	<excerpt><![CDATA[ok food but overpriced for chinese more]]></excerpt>
	<link><![CDATA[http://www.tripadvisor.com/Restaurant_Review-g255060-d722356-Reviews-Billy_Kwong-Sydney_New_South_Wales.html]]></link>
</review>
<review>
	<rating>5.0</rating>
	<author><![CDATA[Kaz&Marty]]></author>
	<date>2008-05-31</date>
	<title><![CDATA[&#x201c;You must go!&#x201d;]]></title>
	<excerpt><![CDATA[We were told about this restaurant by a guy at the Information Centre on our first day in Sydney. No bookings are taken so you need to queue up outsid]]></excerpt>
	<link><![CDATA[http://www.tripadvisor.com/Restaurant_Review-g255060-d722356-Reviews-Billy_Kwong-Sydney_New_South_Wales.html]]></link>
</review>
<review>
	<rating>4.0</rating>
	<author><![CDATA[A TripAdvisor Contributor]]></author>
	<date>2008-05-13</date>
	<title><![CDATA[&#x201c;Amazing duck&#x201d;]]></title>
	<excerpt><![CDATA[Amazing duck more]]></excerpt>
	<link><![CDATA[http://www.tripadvisor.com/Restaurant_Review-g255060-d722356-Reviews-Billy_Kwong-Sydney_New_South_Wales.html]]></link>
</review>
<review>
	<rating>4.0</rating>
	<author><![CDATA[A TripAdvisor Contributor]]></author>
	<date>2008-04-21</date>
	<title><![CDATA[&#x201c;Order the orange duck...&#x201d;]]></title>
	<excerpt><![CDATA[Order the orange duck, you must! more]]></excerpt>
	<link><![CDATA[http://www.tripadvisor.com/Restaurant_Review-g255060-d722356-Reviews-Billy_Kwong-Sydney_New_South_Wales.html]]></link>
</review>
<review>
	<rating>4.0</rating>
	<author><![CDATA[A TripAdvisor Contributor]]></author>
	<date>2008-04-15</date>
	<title><![CDATA[&#x201c;A real gem, try the duck.&#x201d;]]></title>
	<excerpt><![CDATA[A real gem, try the duck. more]]></excerpt>
	<link><![CDATA[http://www.tripadvisor.com/Restaurant_Review-g255060-d722356-Reviews-Billy_Kwong-Sydney_New_South_Wales.html]]></link>
</review>
<review>
	<rating>3.0</rating>
	<author><![CDATA[A TripAdvisor Contributor]]></author>
	<date>2008-04-10</date>
	<title><![CDATA[&#x201c;was pretty good&#x201d;]]></title>
	<excerpt><![CDATA[was pretty good more]]></excerpt>
	<link><![CDATA[http://www.tripadvisor.com/Restaurant_Review-g255060-d722356-Reviews-or10-Billy_Kwong-Sydney_New_South_Wales.html]]></link>
</review>
<review>
	<rating>4.0</rating>
	<author><![CDATA[A TripAdvisor Contributor]]></author>
	<date>2008-03-17</date>
	<title><![CDATA[&#x201c;Good restaurant. Only...&#x201d;]]></title>
	<excerpt><![CDATA[Good restaurant. Only downside is that you cant book. Awesome food more]]></excerpt>
	<link><![CDATA[http://www.tripadvisor.com/Restaurant_Review-g255060-d722356-Reviews-or10-Billy_Kwong-Sydney_New_South_Wales.html]]></link>
</review>
<review>
	<rating>4.0</rating>
	<author><![CDATA[A TripAdvisor Contributor]]></author>
	<date>2008-03-10</date>
	<title><![CDATA[&#x201c;Modern Chinese&#x201d;]]></title>
	<excerpt><![CDATA[Modern Chinese more]]></excerpt>
	<link><![CDATA[http://www.tripadvisor.com/Restaurant_Review-g255060-d722356-Reviews-or10-Billy_Kwong-Sydney_New_South_Wales.html]]></link>
</review>
<review>
	<rating>2.0</rating>
	<author><![CDATA[A TripAdvisor Contributor]]></author>
	<date>2008-02-27</date>
	<title><![CDATA[&#x201c;Overrated. Extremely...&#x201d;]]></title>
	<excerpt><![CDATA[Overrated. Extremely uncomfortable. more]]></excerpt>
	<link><![CDATA[http://www.tripadvisor.com/Restaurant_Review-g255060-d722356-Reviews-or10-Billy_Kwong-Sydney_New_South_Wales.html]]></link>
</review>
<review>
	<rating>3.0</rating>
	<author><![CDATA[A TripAdvisor Contributor]]></author>
	<date>2008-01-31</date>
	<title><![CDATA[&#x201c;First time brilliant...&#x201d;]]></title>
	<excerpt><![CDATA[First time brilliant, second time with set menu not so good. more]]></excerpt>
	<link><![CDATA[http://www.tripadvisor.com/Restaurant_Review-g255060-d722356-Reviews-or10-Billy_Kwong-Sydney_New_South_Wales.html]]></link>
</review>
<review>
	<rating>5.0</rating>
	<author><![CDATA[A TripAdvisor Contributor]]></author>
	<date>2008-01-17</date>
	<title><![CDATA[&#x201c;The food is worth it!&#x201d;]]></title>
	<excerpt><![CDATA[The food is worth it! more]]></excerpt>
	<link><![CDATA[http://www.tripadvisor.com/Restaurant_Review-g255060-d722356-Reviews-or10-Billy_Kwong-Sydney_New_South_Wales.html]]></link>
</review>
<review>
	<rating>3.0</rating>
	<author><![CDATA[A TripAdvisor Contributor]]></author>
	<date>2008-01-08</date>
	<title><![CDATA[&#x201c;Too busy and too small...&#x201d;]]></title>
	<excerpt><![CDATA[Too busy and too small, although the food is quite good. more]]></excerpt>
	<link><![CDATA[http://www.tripadvisor.com/Restaurant_Review-g255060-d722356-Reviews-or10-Billy_Kwong-Sydney_New_South_Wales.html]]></link>
</review>
<review>
	<rating>3.0</rating>
	<author><![CDATA[A TripAdvisor Contributor]]></author>
	<date>2008-01-07</date>
	<title><![CDATA[&#x201c;good, havent been for a...&#x201d;]]></title>
	<excerpt><![CDATA[good, havent been for a long time though more]]></excerpt>
	<link><![CDATA[http://www.tripadvisor.com/Restaurant_Review-g255060-d722356-Reviews-or10-Billy_Kwong-Sydney_New_South_Wales.html]]></link>
</review>
<review>
	<rating>4.0</rating>
	<author><![CDATA[A TripAdvisor Contributor]]></author>
	<date>2008-01-03</date>
	<title><![CDATA[&#x201c;Really good food but...&#x201d;]]></title>
	<excerpt><![CDATA[Really good food but you'd expect it for the price you pay. more]]></excerpt>
	<link><![CDATA[http://www.tripadvisor.com/Restaurant_Review-g255060-d722356-Reviews-or10-Billy_Kwong-Sydney_New_South_Wales.html]]></link>
</review>
<review>
	<rating>1.0</rating>
	<author><![CDATA[A TripAdvisor Contributor]]></author>
	<date>2007-12-17</date>
	<title><![CDATA[&#x201c;Over rated&#x201d;]]></title>
	<excerpt><![CDATA[Over rated more]]></excerpt>
	<link><![CDATA[http://www.tripadvisor.com/Restaurant_Review-g255060-d722356-Reviews-or10-Billy_Kwong-Sydney_New_South_Wales.html]]></link>
</review>
<review>
	<rating>2.0</rating>
	<author><![CDATA[A TripAdvisor Contributor]]></author>
	<date>2007-12-15</date>
	<title><![CDATA[&#x201c;Kylie Kwong's star...&#x201d;]]></title>
	<excerpt><![CDATA[Kylie Kwong's star appeal doesn't translate to the dining experience more]]></excerpt>
	<link><![CDATA[http://www.tripadvisor.com/Restaurant_Review-g255060-d722356-Reviews-or20-Billy_Kwong-Sydney_New_South_Wales.html]]></link>
</review>
<review>
	<rating>1.0</rating>
	<author><![CDATA[A TripAdvisor Contributor]]></author>
	<date>2007-12-13</date>
	<title><![CDATA[&#x201c;Overrated. But I will...&#x201d;]]></title>
	<excerpt><![CDATA[Overrated. But I will give it one more try before i decide more]]></excerpt>
	<link><![CDATA[http://www.tripadvisor.com/Restaurant_Review-g255060-d722356-Reviews-or20-Billy_Kwong-Sydney_New_South_Wales.html]]></link>
</review>
<review>
	<rating>5.0</rating>
	<author><![CDATA[A TripAdvisor Contributor]]></author>
	<date>2007-12-10</date>
	<title><![CDATA[&#x201c;Best chinese in Sydney...&#x201d;]]></title>
	<excerpt><![CDATA[Best chinese in Sydney and affordable and byo more]]></excerpt>
	<link><![CDATA[http://www.tripadvisor.com/Restaurant_Review-g255060-d722356-Reviews-or20-Billy_Kwong-Sydney_New_South_Wales.html]]></link>
</review>
<review>
	<rating>4.0</rating>
	<author><![CDATA[A TripAdvisor Contributor]]></author>
	<date>2007-12-09</date>
	<title><![CDATA[&#x201c;A little cramped, but...&#x201d;]]></title>
	<excerpt><![CDATA[A little cramped, but the food just makes it worth it. All fresh ingredients, chinese food with a twist which is healthy. Not being able to book is fr]]></excerpt>
	<link><![CDATA[http://www.tripadvisor.com/Restaurant_Review-g255060-d722356-Reviews-or20-Billy_Kwong-Sydney_New_South_Wales.html]]></link>
</review>
<review>
	<rating>3.0</rating>
	<author><![CDATA[A TripAdvisor Contributor]]></author>
	<date>2007-12-07</date>
	<title><![CDATA[&#x201c;Food was great, but the...&#x201d;]]></title>
	<excerpt><![CDATA[Food was great, but the restaurant is just too small. more]]></excerpt>
	<link><![CDATA[http://www.tripadvisor.com/Restaurant_Review-g255060-d722356-Reviews-or20-Billy_Kwong-Sydney_New_South_Wales.html]]></link>
</review>
<review>
	<rating>4.0</rating>
	<author><![CDATA[A TripAdvisor Contributor]]></author>
	<date>2007-12-06</date>
	<title><![CDATA[&#x201c;Love it... but get in...&#x201d;]]></title>
	<excerpt><![CDATA[Love it... but get in early as they don't take reservations and its a very small restaurant! Fantastic food more]]></excerpt>
	<link><![CDATA[http://www.tripadvisor.com/Restaurant_Review-g255060-d722356-Reviews-or20-Billy_Kwong-Sydney_New_South_Wales.html]]></link>
</review>
<review>
	<rating>4.0</rating>
	<author><![CDATA[A TripAdvisor Contributor]]></author>
	<date>2007-12-05</date>
	<title><![CDATA[&#x201c;the crispy skin duck...&#x201d;]]></title>
	<excerpt><![CDATA[the crispy skin duck with orange sauce is lovely yum3 soooo good!! more]]></excerpt>
	<link><![CDATA[http://www.tripadvisor.com/Restaurant_Review-g255060-d722356-Reviews-or20-Billy_Kwong-Sydney_New_South_Wales.html]]></link>
</review>
<review>
	<rating>5.0</rating>
	<author><![CDATA[A TripAdvisor Contributor]]></author>
	<date>2007-12-01</date>
	<title><![CDATA[&#x201c;Yummy is all I can say.&#x201d;]]></title>
	<excerpt><![CDATA[Yummy is all I can say. more]]></excerpt>
	<link><![CDATA[http://www.tripadvisor.com/Restaurant_Review-g255060-d722356-Reviews-or20-Billy_Kwong-Sydney_New_South_Wales.html]]></link>
</review>
<review>
	<rating>4.0</rating>
	<author><![CDATA[A TripAdvisor Contributor]]></author>
	<date>2007-11-29</date>
	<title><![CDATA[&#x201c;Just lovely especially...&#x201d;]]></title>
	<excerpt><![CDATA[Just lovely especially when dining with Mr Li with the suggestions from Ms Kwong :D a long time favourite more]]></excerpt>
	<link><![CDATA[http://www.tripadvisor.com/Restaurant_Review-g255060-d722356-Reviews-or20-Billy_Kwong-Sydney_New_South_Wales.html]]></link>
</review>
<review>
	<rating>3.0</rating>
	<author><![CDATA[A TripAdvisor Contributor]]></author>
	<date>2007-11-27</date>
	<title><![CDATA[&#x201c;Expensive but fresh...&#x201d;]]></title>
	<excerpt><![CDATA[Expensive but fresh, simple fare. more]]></excerpt>
	<link><![CDATA[http://www.tripadvisor.com/Restaurant_Review-g255060-d722356-Reviews-or20-Billy_Kwong-Sydney_New_South_Wales.html]]></link>
</review>
<review>
	<rating>5.0</rating>
	<author><![CDATA[A TripAdvisor Contributor]]></author>
	<date>2007-11-24</date>
	<title><![CDATA[&#x201c;One of my favourite...&#x201d;]]></title>
	<excerpt><![CDATA[One of my favourite restaurants in Sydney. Worth the wait in the queue or in a nearby pub for this refreshing clean-tasting style of Chinese food. mor]]></excerpt>
	<link><![CDATA[http://www.tripadvisor.com/Restaurant_Review-g255060-d722356-Reviews-or30-Billy_Kwong-Sydney_New_South_Wales.html]]></link>
</review>
<review>
	<rating>3.0</rating>
	<author><![CDATA[A TripAdvisor Contributor]]></author>
	<date>2007-11-23</date>
	<title><![CDATA[&#x201c;it's my dad's favoret&#x201d;]]></title>
	<excerpt><![CDATA[it's my dad's favoret more]]></excerpt>
	<link><![CDATA[http://www.tripadvisor.com/Restaurant_Review-g255060-d722356-Reviews-or30-Billy_Kwong-Sydney_New_South_Wales.html]]></link>
</review>
<review>
	<rating>3.0</rating>
	<author><![CDATA[A TripAdvisor Contributor]]></author>
	<date>2007-11-23</date>
	<title><![CDATA[&#x201c;Great Chinese food in a...&#x201d;]]></title>
	<excerpt><![CDATA[Great Chinese food in a VERY intimate dark dining room. Tiny tables means you're bumper to bumper with the people next to you. Great vibe though. Very]]></excerpt>
	<link><![CDATA[http://www.tripadvisor.com/Restaurant_Review-g255060-d722356-Reviews-or30-Billy_Kwong-Sydney_New_South_Wales.html]]></link>
</review>
<review>
	<rating>4.0</rating>
	<author><![CDATA[A TripAdvisor Contributor]]></author>
	<date>2007-11-22</date>
	<title><![CDATA[&#x201c;great food a little on...&#x201d;]]></title>
	<excerpt><![CDATA[great food a little on the noisy side and .. seriously those chairs are not as charming as people think. But don't let that stop ya... go for the food]]></excerpt>
	<link><![CDATA[http://www.tripadvisor.com/Restaurant_Review-g255060-d722356-Reviews-or30-Billy_Kwong-Sydney_New_South_Wales.html]]></link>
</review>
<review>
	<rating>5.0</rating>
	<author><![CDATA[A TripAdvisor Contributor]]></author>
	<date>2007-11-20</date>
	<title><![CDATA[&#x201c;Amazing little...&#x201d;]]></title>
	<excerpt><![CDATA[Amazing little restaurant, queue up early as you generally can not book. Kylie Kwong's recipes are amazing. I keep coming back for the bio-dynamic egg]]></excerpt>
	<link><![CDATA[http://www.tripadvisor.com/Restaurant_Review-g255060-d722356-Reviews-or30-Billy_Kwong-Sydney_New_South_Wales.html]]></link>
</review>
</source>