<source name="Trip Advisor" avg-rating="4.5">
<review>
	<rating>3.0</rating>
	<author><![CDATA[A TripAdvisor Contributor]]></author>
	<date>2008-11-18</date>
	<title><![CDATA[&#x201c;Wasn't really impressed...&#x201d;]]></title>
	<excerpt><![CDATA[Wasn't really impressed with the degustation menu. And, it was my b'day..so, a little bit of sad memories there. more]]></excerpt>
	<link><![CDATA[http://www.tripadvisor.com/Restaurant_Review-g255060-d722359-Reviews-Bilson_s_Restaurant-Sydney_New_South_Wales.html]]></link>
</review>
<review>
	<rating>4.0</rating>
	<author><![CDATA[BostonPetvet]]></author>
	<date>2008-11-02</date>
	<title><![CDATA[&#x201c;A Lovely Dining Start to Our Australia Vacation&#x201d;]]></title>
	<excerpt><![CDATA[We dined at Bilson's on our first evening in Sydney on a Friday night in mid Sept 2008. Early reservations since we did not know how long we would hol]]></excerpt>
	<link><![CDATA[http://www.tripadvisor.com/Restaurant_Review-g255060-d722359-Reviews-Bilson_s_Restaurant-Sydney_New_South_Wales.html]]></link>
</review>
<review>
	<rating>5.0</rating>
	<author><![CDATA[u87em]]></author>
	<date>2008-10-28</date>
	<title><![CDATA[&#x201c;One of the best there is&#x201d;]]></title>
	<excerpt><![CDATA[Now called Quay, this is one of the best dining experiences i have ever had and i would like to think ive done some of the best.
The location is proba]]></excerpt>
	<link><![CDATA[http://www.tripadvisor.com/Restaurant_Review-g255060-d722359-Reviews-Bilson_s_Restaurant-Sydney_New_South_Wales.html]]></link>
</review>
<review>
	<rating>5.0</rating>
	<author><![CDATA[A TripAdvisor Contributor]]></author>
	<date>2008-09-05</date>
	<title><![CDATA[&#x201c;Yum yum, awesome...&#x201d;]]></title>
	<excerpt><![CDATA[Yum yum, awesome degustation, we did it with the french wines, you do get fairly pissed, but the food is incredible...! ambience was pretty good too, ]]></excerpt>
	<link><![CDATA[http://www.tripadvisor.com/Restaurant_Review-g255060-d722359-Reviews-Bilson_s_Restaurant-Sydney_New_South_Wales.html]]></link>
</review>
<review>
	<rating>5.0</rating>
	<author><![CDATA[A TripAdvisor Contributor]]></author>
	<date>2008-08-25</date>
	<title><![CDATA[&#x201c;Great fine-dining...&#x201d;]]></title>
	<excerpt><![CDATA[Great fine-dining experience. Dont look when they bring you the bill... The food, service and atmosphere is 1st class! more]]></excerpt>
	<link><![CDATA[http://www.tripadvisor.com/Restaurant_Review-g255060-d722359-Reviews-Bilson_s_Restaurant-Sydney_New_South_Wales.html]]></link>
</review>
<review>
	<rating>5.0</rating>
	<author><![CDATA[A TripAdvisor Contributor]]></author>
	<date>2008-07-31</date>
	<title><![CDATA[&#x201c;For all truffle...&#x201d;]]></title>
	<excerpt><![CDATA[For all truffle lovers....... more]]></excerpt>
	<link><![CDATA[http://www.tripadvisor.com/Restaurant_Review-g255060-d722359-Reviews-Bilson_s_Restaurant-Sydney_New_South_Wales.html]]></link>
</review>
<review>
	<rating>4.0</rating>
	<author><![CDATA[A TripAdvisor Contributor]]></author>
	<date>2008-07-20</date>
	<title><![CDATA[&#x201c;Wonderful food, great...&#x201d;]]></title>
	<excerpt><![CDATA[Wonderful food, great service more]]></excerpt>
	<link><![CDATA[http://www.tripadvisor.com/Restaurant_Review-g255060-d722359-Reviews-Bilson_s_Restaurant-Sydney_New_South_Wales.html]]></link>
</review>
<review>
	<rating>3.0</rating>
	<author><![CDATA[A TripAdvisor Contributor]]></author>
	<date>2008-07-19</date>
	<title><![CDATA[&#x201c;Overpriced. Not the best...&#x201d;]]></title>
	<excerpt><![CDATA[Overpriced. Not the best atmosphere more]]></excerpt>
	<link><![CDATA[http://www.tripadvisor.com/Restaurant_Review-g255060-d722359-Reviews-Bilson_s_Restaurant-Sydney_New_South_Wales.html]]></link>
</review>
<review>
	<rating>4.0</rating>
	<author><![CDATA[A TripAdvisor Contributor]]></author>
	<date>2008-07-19</date>
	<title><![CDATA[&#x201c;Excellent and friendly...&#x201d;]]></title>
	<excerpt><![CDATA[Excellent and friendly service more]]></excerpt>
	<link><![CDATA[http://www.tripadvisor.com/Restaurant_Review-g255060-d722359-Reviews-Bilson_s_Restaurant-Sydney_New_South_Wales.html]]></link>
</review>
<review>
	<rating>5.0</rating>
	<author><![CDATA[A TripAdvisor Contributor]]></author>
	<date>2008-07-17</date>
	<title><![CDATA[&#x201c;Another fantastic...&#x201d;]]></title>
	<excerpt><![CDATA[Another fantastic restaurant can't wait to go back! more]]></excerpt>
	<link><![CDATA[http://www.tripadvisor.com/Restaurant_Review-g255060-d722359-Reviews-Bilson_s_Restaurant-Sydney_New_South_Wales.html]]></link>
</review>
<review>
	<rating>2.0</rating>
	<author><![CDATA[A TripAdvisor Contributor]]></author>
	<date>2008-07-10</date>
	<title><![CDATA[&#x201c;Food was nice but...&#x201d;]]></title>
	<excerpt><![CDATA[Food was nice but terrible service from Matrie D ruined the experience. Definitely not up to 3 chef hat standards more]]></excerpt>
	<link><![CDATA[http://www.tripadvisor.com/Restaurant_Review-g255060-d722359-Reviews-or10-Bilson_s_Restaurant-Sydney_New_South_Wales.html]]></link>
</review>
<review>
	<rating>5.0</rating>
	<author><![CDATA[A TripAdvisor Contributor]]></author>
	<date>2008-06-01</date>
	<title><![CDATA[&#x201c;The food is amazing and...&#x201d;]]></title>
	<excerpt><![CDATA[The food is amazing and service first class. more]]></excerpt>
	<link><![CDATA[http://www.tripadvisor.com/Restaurant_Review-g255060-d722359-Reviews-or10-Bilson_s_Restaurant-Sydney_New_South_Wales.html]]></link>
</review>
<review>
	<rating>4.0</rating>
	<author><![CDATA[A TripAdvisor Contributor]]></author>
	<date>2008-05-28</date>
	<title><![CDATA[&#x201c;Lovely restaurant design...&#x201d;]]></title>
	<excerpt><![CDATA[Lovely restaurant design and space, food was fantastic, perfect for that special occasion. Really friendly and helpful waitstaff made the experience t]]></excerpt>
	<link><![CDATA[http://www.tripadvisor.com/Restaurant_Review-g255060-d722359-Reviews-or10-Bilson_s_Restaurant-Sydney_New_South_Wales.html]]></link>
</review>
<review>
	<rating>5.0</rating>
	<author><![CDATA[A TripAdvisor Contributor]]></author>
	<date>2008-04-16</date>
	<title><![CDATA[&#x201c;Excellent food, awesome...&#x201d;]]></title>
	<excerpt><![CDATA[Excellent food, awesome service. Definitely a special occasion place. more]]></excerpt>
	<link><![CDATA[http://www.tripadvisor.com/Restaurant_Review-g255060-d722359-Reviews-or10-Bilson_s_Restaurant-Sydney_New_South_Wales.html]]></link>
</review>
<review>
	<rating>4.0</rating>
	<author><![CDATA[A TripAdvisor Contributor]]></author>
	<date>2008-03-30</date>
	<title><![CDATA[&#x201c;Assiette of Angus Steak...&#x201d;]]></title>
	<excerpt><![CDATA[Assiette of Angus Steak was to die for, attentive service, would get full points if it had better ambience and view! Bread was a disappointment tho fo]]></excerpt>
	<link><![CDATA[http://www.tripadvisor.com/Restaurant_Review-g255060-d722359-Reviews-or10-Bilson_s_Restaurant-Sydney_New_South_Wales.html]]></link>
</review>
<review>
	<rating>5.0</rating>
	<author><![CDATA[A TripAdvisor Contributor]]></author>
	<date>2008-03-17</date>
	<title><![CDATA[&#x201c;Best service and...&#x201d;]]></title>
	<excerpt><![CDATA[Best service and sommelier I've ever worked with...A-Mazing! more]]></excerpt>
	<link><![CDATA[http://www.tripadvisor.com/Restaurant_Review-g255060-d722359-Reviews-or10-Bilson_s_Restaurant-Sydney_New_South_Wales.html]]></link>
</review>
<review>
	<rating>5.0</rating>
	<author><![CDATA[A TripAdvisor Contributor]]></author>
	<date>2008-03-15</date>
	<title><![CDATA[&#x201c;My favourite restaurant...&#x201d;]]></title>
	<excerpt><![CDATA[My favourite restaurant. The food was delicious and really special. The service was the best I have experienced - so warm and lovely and the restauran]]></excerpt>
	<link><![CDATA[http://www.tripadvisor.com/Restaurant_Review-g255060-d722359-Reviews-or10-Bilson_s_Restaurant-Sydney_New_South_Wales.html]]></link>
</review>
<review>
	<rating>4.0</rating>
	<author><![CDATA[A TripAdvisor Contributor]]></author>
	<date>2008-02-25</date>
	<title><![CDATA[&#x201c;9 dishes degustation...&#x201d;]]></title>
	<excerpt><![CDATA[9 dishes degustation menu was a bit too much for me ;o) Not all dishes were a hit, but lobster, dessert and wine were outstanding! more]]></excerpt>
	<link><![CDATA[http://www.tripadvisor.com/Restaurant_Review-g255060-d722359-Reviews-or10-Bilson_s_Restaurant-Sydney_New_South_Wales.html]]></link>
</review>
<review>
	<rating>5.0</rating>
	<author><![CDATA[A TripAdvisor Contributor]]></author>
	<date>2008-02-03</date>
	<title><![CDATA[&#x201c;Outstanding!&#x201d;]]></title>
	<excerpt><![CDATA[Outstanding! more]]></excerpt>
	<link><![CDATA[http://www.tripadvisor.com/Restaurant_Review-g255060-d722359-Reviews-or10-Bilson_s_Restaurant-Sydney_New_South_Wales.html]]></link>
</review>
<review>
	<rating>4.0</rating>
	<author><![CDATA[A TripAdvisor Contributor]]></author>
	<date>2008-01-08</date>
	<title><![CDATA[&#x201c;Top food and wine list...&#x201d;]]></title>
	<excerpt><![CDATA[Top food and wine list and friendly personalise service more]]></excerpt>
	<link><![CDATA[http://www.tripadvisor.com/Restaurant_Review-g255060-d722359-Reviews-or10-Bilson_s_Restaurant-Sydney_New_South_Wales.html]]></link>
</review>
<review>
	<rating>5.0</rating>
	<author><![CDATA[A TripAdvisor Contributor]]></author>
	<date>2008-01-03</date>
	<title><![CDATA[&#x201c;Really enjoyed the...&#x201d;]]></title>
	<excerpt><![CDATA[Really enjoyed the dining experience at Bilson's. Great service and excellent food. Even got to see the master chef Bilson talking to diners. Definite]]></excerpt>
	<link><![CDATA[http://www.tripadvisor.com/Restaurant_Review-g255060-d722359-Reviews-or20-Bilson_s_Restaurant-Sydney_New_South_Wales.html]]></link>
</review>
<review>
	<rating>5.0</rating>
	<author><![CDATA[A TripAdvisor Contributor]]></author>
	<date>2007-12-18</date>
	<title><![CDATA[&#x201c;Now! Tony Bilson is the...&#x201d;]]></title>
	<excerpt><![CDATA[Now! Tony Bilson is the master of French food in Sydney!!!!! Food is great & My mate works there!!!! more]]></excerpt>
	<link><![CDATA[http://www.tripadvisor.com/Restaurant_Review-g255060-d722359-Reviews-or20-Bilson_s_Restaurant-Sydney_New_South_Wales.html]]></link>
</review>
<review>
	<rating>5.0</rating>
	<author><![CDATA[A TripAdvisor Contributor]]></author>
	<date>2007-11-30</date>
	<title><![CDATA[&#x201c;Great service and food&#x201d;]]></title>
	<excerpt><![CDATA[Great service and food more]]></excerpt>
	<link><![CDATA[http://www.tripadvisor.com/Restaurant_Review-g255060-d722359-Reviews-or20-Bilson_s_Restaurant-Sydney_New_South_Wales.html]]></link>
</review>
</source>