<source name="Trip Advisor" avg-rating="4.0">
<review>
	<rating>5.0</rating>
	<author><![CDATA[jhethcox]]></author>
	<date>2008-10-10</date>
	<title><![CDATA[&#x201c;Terrific spot&#x201d;]]></title>
	<excerpt><![CDATA[What a great experience we had at Bistro Moncur. We came upon Bistro Moncur by total accident. We were touring the Fox Studios (a total waste of time)]]></excerpt>
	<link><![CDATA[http://www.tripadvisor.com/Restaurant_Review-g255060-d722373-Reviews-Bistro_Moncur-Sydney_New_South_Wales.html]]></link>
</review>
<review>
	<rating>5.0</rating>
	<author><![CDATA[A TripAdvisor Contributor]]></author>
	<date>2008-09-04</date>
	<title><![CDATA[&#x201c;Food is outstanding...&#x201d;]]></title>
	<excerpt><![CDATA[Food is outstanding & staff are very pleasant and helpful. Always a great experience. more]]></excerpt>
	<link><![CDATA[http://www.tripadvisor.com/Restaurant_Review-g255060-d722373-Reviews-Bistro_Moncur-Sydney_New_South_Wales.html]]></link>
</review>
<review>
	<rating>4.0</rating>
	<author><![CDATA[A TripAdvisor Contributor]]></author>
	<date>2008-01-11</date>
	<title><![CDATA[&#x201c;Always Enjoyable...&#x201d;]]></title>
	<excerpt><![CDATA[Always Enjoyable. Thursdays are packed out more]]></excerpt>
	<link><![CDATA[http://www.tripadvisor.com/Restaurant_Review-g255060-d722373-Reviews-Bistro_Moncur-Sydney_New_South_Wales.html]]></link>
</review>
<review>
	<rating>5.0</rating>
	<author><![CDATA[A TripAdvisor Contributor]]></author>
	<date>2008-01-04</date>
	<title><![CDATA[&#x201c;always very good...&#x201d;]]></title>
	<excerpt><![CDATA[always very good consistant service and food more]]></excerpt>
	<link><![CDATA[http://www.tripadvisor.com/Restaurant_Review-g255060-d722373-Reviews-Bistro_Moncur-Sydney_New_South_Wales.html]]></link>
</review>
<review>
	<rating>5.0</rating>
	<author><![CDATA[A TripAdvisor Contributor]]></author>
	<date>2007-12-30</date>
	<title><![CDATA[&#x201c;one of my favourite...&#x201d;]]></title>
	<excerpt><![CDATA[one of my favourite french restaurant in sydney. Interesting and delicious food, professional service, but cannot make bookings. more]]></excerpt>
	<link><![CDATA[http://www.tripadvisor.com/Restaurant_Review-g255060-d722373-Reviews-Bistro_Moncur-Sydney_New_South_Wales.html]]></link>
</review>
<review>
	<rating>4.0</rating>
	<author><![CDATA[A TripAdvisor Contributor]]></author>
	<date>2007-12-22</date>
	<title><![CDATA[&#x201c;Outstanding. Go for a...&#x201d;]]></title>
	<excerpt><![CDATA[Outstanding. Go for a late lunch or early dinner and avoid the queue. more]]></excerpt>
	<link><![CDATA[http://www.tripadvisor.com/Restaurant_Review-g255060-d722373-Reviews-Bistro_Moncur-Sydney_New_South_Wales.html]]></link>
</review>
<review>
	<rating>5.0</rating>
	<author><![CDATA[A TripAdvisor Contributor]]></author>
	<date>2007-12-18</date>
	<title><![CDATA[&#x201c;French bistro food at...&#x201d;]]></title>
	<excerpt><![CDATA[French bistro food at its finest, great service, and gorgeous decor more]]></excerpt>
	<link><![CDATA[http://www.tripadvisor.com/Restaurant_Review-g255060-d722373-Reviews-Bistro_Moncur-Sydney_New_South_Wales.html]]></link>
</review>
<review>
	<rating>5.0</rating>
	<author><![CDATA[A TripAdvisor Contributor]]></author>
	<date>2007-11-24</date>
	<title><![CDATA[&#x201c;A "Two Chef Hat...&#x201d;]]></title>
	<excerpt><![CDATA[A "Two Chef Hat" restaurant with the BEST green salad in Sydney. The service is fantastic and the food devine. Chef Damien Pignolet knows his stuff. I]]></excerpt>
	<link><![CDATA[http://www.tripadvisor.com/Restaurant_Review-g255060-d722373-Reviews-Bistro_Moncur-Sydney_New_South_Wales.html]]></link>
</review>
</source>