<source name="Trip Advisor" avg-rating="4.5">
<review>
	<rating>2.0</rating>
	<author><![CDATA[A TripAdvisor Contributor]]></author>
	<date>2008-08-18</date>
	<title><![CDATA[&#x201c;I wanted to love it...&#x201d;]]></title>
	<excerpt><![CDATA[I wanted to love it - but I didn't. In fairness, my entree of pupkin tart was possibly the best tart I've ever eaten - and still it couldn't save the ]]></excerpt>
	<link><![CDATA[http://www.tripadvisor.com/Restaurant_Review-g255060-d738551-Reviews-Bistrode-Sydney_New_South_Wales.html]]></link>
</review>
<review>
	<rating>2.0</rating>
	<author><![CDATA[A TripAdvisor Contributor]]></author>
	<date>2008-07-26</date>
	<title><![CDATA[&#x201c;Quite disappointed...&#x201d;]]></title>
	<excerpt><![CDATA[Quite disappointed - food took too long, service poor although food was good the other things let the experience down (not to mention place was bloody]]></excerpt>
	<link><![CDATA[http://www.tripadvisor.com/Restaurant_Review-g255060-d738551-Reviews-Bistrode-Sydney_New_South_Wales.html]]></link>
</review>
<review>
	<rating>3.0</rating>
	<author><![CDATA[A TripAdvisor Contributor]]></author>
	<date>2008-07-19</date>
	<title><![CDATA[&#x201c;very good food&#x201d;]]></title>
	<excerpt><![CDATA[very good food more]]></excerpt>
	<link><![CDATA[http://www.tripadvisor.com/Restaurant_Review-g255060-d738551-Reviews-Bistrode-Sydney_New_South_Wales.html]]></link>
</review>
<review>
	<rating>5.0</rating>
	<author><![CDATA[Barratt]]></author>
	<date>2008-07-05</date>
	<title><![CDATA[&#x201c;A hidden gem&#x201d;]]></title>
	<excerpt><![CDATA[This one is a hidden gem. It is a great experience for any lover of fine food and wine. The reataurant is simple, neat and tidy as befits a place wher]]></excerpt>
	<link><![CDATA[http://www.tripadvisor.com/Restaurant_Review-g255060-d738551-Reviews-Bistrode-Sydney_New_South_Wales.html]]></link>
</review>
<review>
	<rating>5.0</rating>
	<author><![CDATA[KCVM]]></author>
	<date>2008-04-22</date>
	<title><![CDATA[&#x201c;Not French but rather...&#x201d;]]></title>
	<excerpt><![CDATA[Not French but rather English food like you've never seen it before. Wonderful service and great warming Winter food. more]]></excerpt>
	<link><![CDATA[http://www.tripadvisor.com/Restaurant_Review-g255060-d738551-Reviews-Bistrode-Sydney_New_South_Wales.html]]></link>
</review>
<review>
	<rating>5.0</rating>
	<author><![CDATA[A TripAdvisor Contributor]]></author>
	<date>2007-12-03</date>
	<title><![CDATA[&#x201c;Incredible food with an...&#x201d;]]></title>
	<excerpt><![CDATA[Incredible food with an interesting menu and good range of wines to match. This is a great restaurant for a special occaision. I will definately be go]]></excerpt>
	<link><![CDATA[http://www.tripadvisor.com/Restaurant_Review-g255060-d738551-Reviews-Bistrode-Sydney_New_South_Wales.html]]></link>
</review>
</source>