<source name="Trip Advisor" avg-rating="4.5">
<review>
	<rating>4.0</rating>
	<author><![CDATA[A TripAdvisor Contributor]]></author>
	<date>2008-05-26</date>
	<title><![CDATA[&#x201c;I had a $10 rump steak...&#x201d;]]></title>
	<excerpt><![CDATA[I had a $10 rump steak and I ordered it with hesitation as I did not know what to expect.... but it was ABSOLUTELY DELICIOUS! One of the best steaks I]]></excerpt>
	<link><![CDATA[http://www.tripadvisor.com/Restaurant_Review-g255060-d738129-Reviews-Bourbon_Beefsteak_Bar-Sydney_New_South_Wales.html]]></link>
</review>
<review>
	<rating>3.0</rating>
	<author><![CDATA[A TripAdvisor Contributor]]></author>
	<date>2008-04-20</date>
	<title><![CDATA[&#x201c;$10 steak and trivia on...&#x201d;]]></title>
	<excerpt><![CDATA[$10 steak and trivia on wednesdays more]]></excerpt>
	<link><![CDATA[http://www.tripadvisor.com/Restaurant_Review-g255060-d738129-Reviews-Bourbon_Beefsteak_Bar-Sydney_New_South_Wales.html]]></link>
</review>
</source>