<source name="Trip Advisor" avg-rating="4.5">
<review>
	<rating>5.0</rating>
	<author><![CDATA[bnbev]]></author>
	<date>2009-03-05</date>
	<title><![CDATA[&#x201c;Great meal with a GREAT view!&#x201d;]]></title>
	<excerpt><![CDATA[We had dinner at Cafe Sydney the first night we were there and have no complaints! The food was incredible and the view was even better! Our server wa]]></excerpt>
	<link><![CDATA[http://www.tripadvisor.com/Restaurant_Review-g255060-d897843-Reviews-Cafe_Sydney-Sydney_New_South_Wales.html]]></link>
</review>
<review>
	<rating>5.0</rating>
	<author><![CDATA[66foodaddict]]></author>
	<date>2009-02-16</date>
	<title><![CDATA[&#x201c;Wonderful!!!&#x201d;]]></title>
	<excerpt><![CDATA[We celebrated my boyfriend's birthday at Cafe Sydney this evening.
the seafood platter was excellent and the cheese plate beyond our expectations! (we]]></excerpt>
	<link><![CDATA[http://www.tripadvisor.com/Restaurant_Review-g255060-d897843-Reviews-Cafe_Sydney-Sydney_New_South_Wales.html]]></link>
</review>
<review>
	<rating>5.0</rating>
	<author><![CDATA[A TripAdvisor Contributor]]></author>
	<date>2009-02-10</date>
	<title><![CDATA[&#x201c;Service traditionally...&#x201d;]]></title>
	<excerpt><![CDATA[Service traditionally slow and food prices are inflated because its all about the great views. Notwithstanding that the food quality is very good and ]]></excerpt>
	<link><![CDATA[http://www.tripadvisor.com/Restaurant_Review-g255060-d897843-Reviews-Cafe_Sydney-Sydney_New_South_Wales.html]]></link>
</review>
<review>
	<rating>5.0</rating>
	<author><![CDATA[PaulTSydney]]></author>
	<date>2008-12-29</date>
	<title><![CDATA[&#x201c;awesome&#x201d;]]></title>
	<excerpt><![CDATA[awesome more]]></excerpt>
	<link><![CDATA[http://www.tripadvisor.com/Restaurant_Review-g255060-d897843-Reviews-Cafe_Sydney-Sydney_New_South_Wales.html]]></link>
</review>
<review>
	<rating>5.0</rating>
	<author><![CDATA[km2]]></author>
	<date>2008-11-23</date>
	<title><![CDATA[&#x201c;Fantastic view and food!&#x201d;]]></title>
	<excerpt><![CDATA[Visited this restaurant during a 3 week trip to Australia with my sister and her boyfriend who live in Sydney!
For those who don't know this restuaran]]></excerpt>
	<link><![CDATA[http://www.tripadvisor.com/Restaurant_Review-g255060-d897843-Reviews-Cafe_Sydney-Sydney_New_South_Wales.html]]></link>
</review>
<review>
	<rating>3.0</rating>
	<author><![CDATA[rwalsh1348]]></author>
	<date>2008-11-06</date>
	<title><![CDATA[&#x201c;Good view, good food, poor service&#x201d;]]></title>
	<excerpt><![CDATA[Do go for the view which won't dissappoint. The food was also great. The service really hurts this restaraunt. We were rushed through our dinner only ]]></excerpt>
	<link><![CDATA[http://www.tripadvisor.com/Restaurant_Review-g255060-d897843-Reviews-Cafe_Sydney-Sydney_New_South_Wales.html]]></link>
</review>
<review>
	<rating>5.0</rating>
	<author><![CDATA[A TripAdvisor Contributor]]></author>
	<date>2008-09-08</date>
	<title><![CDATA[&#x201c;Great for a business...&#x201d;]]></title>
	<excerpt><![CDATA[Great for a business lunch. more]]></excerpt>
	<link><![CDATA[http://www.tripadvisor.com/Restaurant_Review-g255060-d897843-Reviews-Cafe_Sydney-Sydney_New_South_Wales.html]]></link>
</review>
<review>
	<rating>5.0</rating>
	<author><![CDATA[A TripAdvisor Contributor]]></author>
	<date>2008-09-03</date>
	<title><![CDATA[&#x201c;Fantastic! Great food...&#x201d;]]></title>
	<excerpt><![CDATA[Fantastic! Great food, and the best view in Sydney! more]]></excerpt>
	<link><![CDATA[http://www.tripadvisor.com/Restaurant_Review-g255060-d897843-Reviews-Cafe_Sydney-Sydney_New_South_Wales.html]]></link>
</review>
<review>
	<rating>5.0</rating>
	<author><![CDATA[A TripAdvisor Contributor]]></author>
	<date>2008-08-16</date>
	<title><![CDATA[&#x201c;Sensationally sydney&#x201d;]]></title>
	<excerpt><![CDATA[Sensationally sydney more]]></excerpt>
	<link><![CDATA[http://www.tripadvisor.com/Restaurant_Review-g255060-d897843-Reviews-Cafe_Sydney-Sydney_New_South_Wales.html]]></link>
</review>
<review>
	<rating>5.0</rating>
	<author><![CDATA[annieandnick]]></author>
	<date>2008-08-02</date>
	<title><![CDATA[&#x201c;Great view, food & service&#x201d;]]></title>
	<excerpt><![CDATA[We had an awesome (Sunday) lunch here in July 08. The sunny day helped as we sat outside and as such had the best view of the harbour. The tables are ]]></excerpt>
	<link><![CDATA[http://www.tripadvisor.com/Restaurant_Review-g255060-d897843-Reviews-Cafe_Sydney-Sydney_New_South_Wales.html]]></link>
</review>
<review>
	<rating>4.0</rating>
	<author><![CDATA[ChristineWSydney]]></author>
	<date>2008-07-30</date>
	<title><![CDATA[&#x201c;excellent, great...&#x201d;]]></title>
	<excerpt><![CDATA[excellent, great outlook, great food and service more]]></excerpt>
	<link><![CDATA[http://www.tripadvisor.com/Restaurant_Review-g255060-d897843-Reviews-or10-Cafe_Sydney-Sydney_New_South_Wales.html]]></link>
</review>
<review>
	<rating>3.0</rating>
	<author><![CDATA[A TripAdvisor Contributor]]></author>
	<date>2008-07-28</date>
	<title><![CDATA[&#x201c;Great view. Pricey. Food...&#x201d;]]></title>
	<excerpt><![CDATA[Great view. Pricey. Food is average. Waitstaff we had were not particularly friendly. more]]></excerpt>
	<link><![CDATA[http://www.tripadvisor.com/Restaurant_Review-g255060-d897843-Reviews-or10-Cafe_Sydney-Sydney_New_South_Wales.html]]></link>
</review>
<review>
	<rating>4.0</rating>
	<author><![CDATA[A TripAdvisor Contributor]]></author>
	<date>2008-07-19</date>
	<title><![CDATA[&#x201c;great food and...&#x201d;]]></title>
	<excerpt><![CDATA[great food and unbelievable view more]]></excerpt>
	<link><![CDATA[http://www.tripadvisor.com/Restaurant_Review-g255060-d897843-Reviews-or10-Cafe_Sydney-Sydney_New_South_Wales.html]]></link>
</review>
<review>
	<rating>5.0</rating>
	<author><![CDATA[A TripAdvisor Contributor]]></author>
	<date>2008-06-24</date>
	<title><![CDATA[&#x201c;Good food, good...&#x201d;]]></title>
	<excerpt><![CDATA[Good food, good cocktails, good service and stunning views. Cafe Sydney will always be a favorite. more]]></excerpt>
	<link><![CDATA[http://www.tripadvisor.com/Restaurant_Review-g255060-d897843-Reviews-or10-Cafe_Sydney-Sydney_New_South_Wales.html]]></link>
</review>
<review>
	<rating>5.0</rating>
	<author><![CDATA[A TripAdvisor Contributor]]></author>
	<date>2008-06-03</date>
	<title><![CDATA[&#x201c;what an amazing view&#x201d;]]></title>
	<excerpt><![CDATA[what an amazing view more]]></excerpt>
	<link><![CDATA[http://www.tripadvisor.com/Restaurant_Review-g255060-d897843-Reviews-or10-Cafe_Sydney-Sydney_New_South_Wales.html]]></link>
</review>
<review>
	<rating>5.0</rating>
	<author><![CDATA[A TripAdvisor Contributor]]></author>
	<date>2008-04-23</date>
	<title><![CDATA[&#x201c;How can you beat that...&#x201d;]]></title>
	<excerpt><![CDATA[How can you beat that view? more]]></excerpt>
	<link><![CDATA[http://www.tripadvisor.com/Restaurant_Review-g255060-d897843-Reviews-or10-Cafe_Sydney-Sydney_New_South_Wales.html]]></link>
</review>
<review>
	<rating>2.0</rating>
	<author><![CDATA[A TripAdvisor Contributor]]></author>
	<date>2008-03-06</date>
	<title><![CDATA[&#x201c;Good for taking out of...&#x201d;]]></title>
	<excerpt><![CDATA[Good for taking out of towners for the view, however the food is aspirational, but leaves much to be desired. more]]></excerpt>
	<link><![CDATA[http://www.tripadvisor.com/Restaurant_Review-g255060-d897843-Reviews-or10-Cafe_Sydney-Sydney_New_South_Wales.html]]></link>
</review>
<review>
	<rating>4.0</rating>
	<author><![CDATA[A TripAdvisor Contributor]]></author>
	<date>2008-02-28</date>
	<title><![CDATA[&#x201c;all about the view -a...&#x201d;]]></title>
	<excerpt><![CDATA[all about the view -a must for visitors more]]></excerpt>
	<link><![CDATA[http://www.tripadvisor.com/Restaurant_Review-g255060-d897843-Reviews-or10-Cafe_Sydney-Sydney_New_South_Wales.html]]></link>
</review>
<review>
	<rating>4.0</rating>
	<author><![CDATA[A TripAdvisor Contributor]]></author>
	<date>2008-02-16</date>
	<title><![CDATA[&#x201c;Very nice habour view of...&#x201d;]]></title>
	<excerpt><![CDATA[Very nice habour view of opera house and harbour bridge. Food tastes so so.. more]]></excerpt>
	<link><![CDATA[http://www.tripadvisor.com/Restaurant_Review-g255060-d897843-Reviews-or10-Cafe_Sydney-Sydney_New_South_Wales.html]]></link>
</review>
<review>
	<rating>4.0</rating>
	<author><![CDATA[A TripAdvisor Contributor]]></author>
	<date>2008-02-10</date>
	<title><![CDATA[&#x201c;One of the few...&#x201d;]]></title>
	<excerpt><![CDATA[One of the few restaurants in Sydney that gets the service right. Food is as expected from the pricy menu. Full of business-use people. Very nice view]]></excerpt>
	<link><![CDATA[http://www.tripadvisor.com/Restaurant_Review-g255060-d897843-Reviews-or10-Cafe_Sydney-Sydney_New_South_Wales.html]]></link>
</review>
<review>
	<rating>5.0</rating>
	<author><![CDATA[A TripAdvisor Contributor]]></author>
	<date>2008-01-17</date>
	<title><![CDATA[&#x201c;This is one of my...&#x201d;]]></title>
	<excerpt><![CDATA[This is one of my favourite restaurants in Sydney - I LOVE the food and the view of Sydney Harbour is fantastic! ;-) more]]></excerpt>
	<link><![CDATA[http://www.tripadvisor.com/Restaurant_Review-g255060-d897843-Reviews-or20-Cafe_Sydney-Sydney_New_South_Wales.html]]></link>
</review>
</source>