<source name="Trip Advisor" avg-rating="4.5">
<review>
	<rating>5.0</rating>
	<author><![CDATA[A TripAdvisor Contributor]]></author>
	<date>2008-06-17</date>
	<title><![CDATA[&#x201c;Love the food, service...&#x201d;]]></title>
	<excerpt><![CDATA[Love the food, service, coffee. Good atmosphere as well. more]]></excerpt>
	<link><![CDATA[http://www.tripadvisor.com/Restaurant_Review-g255060-d722990-Reviews-Cafe_Mint-Sydney_New_South_Wales.html]]></link>
</review>
<review>
	<rating>3.0</rating>
	<author><![CDATA[A TripAdvisor Contributor]]></author>
	<date>2008-06-09</date>
	<title><![CDATA[&#x201c;Unique, good pricing vs...&#x201d;]]></title>
	<excerpt><![CDATA[Unique, good pricing vs portion, easy way to appreciate different types of food. Ingredients seem much more organic than most others. My sister ate th]]></excerpt>
	<link><![CDATA[http://www.tripadvisor.com/Restaurant_Review-g255060-d722990-Reviews-Cafe_Mint-Sydney_New_South_Wales.html]]></link>
</review>
<review>
	<rating>4.0</rating>
	<author><![CDATA[A TripAdvisor Contributor]]></author>
	<date>2008-02-03</date>
	<title><![CDATA[&#x201c;Excellent cheap eat on...&#x201d;]]></title>
	<excerpt><![CDATA[Excellent cheap eat on Crown St. Most flavoursome north African fare. more]]></excerpt>
	<link><![CDATA[http://www.tripadvisor.com/Restaurant_Review-g255060-d722990-Reviews-Cafe_Mint-Sydney_New_South_Wales.html]]></link>
</review>
<review>
	<rating>3.0</rating>
	<author><![CDATA[A TripAdvisor Contributor]]></author>
	<date>2008-01-21</date>
	<title><![CDATA[&#x201c;Great place for...&#x201d;]]></title>
	<excerpt><![CDATA[Great place for Moroccan\ Turkish cuisine at reasonable prices and beautiful coffee. more]]></excerpt>
	<link><![CDATA[http://www.tripadvisor.com/Restaurant_Review-g255060-d722990-Reviews-Cafe_Mint-Sydney_New_South_Wales.html]]></link>
</review>
<review>
	<rating>4.0</rating>
	<author><![CDATA[A TripAdvisor Contributor]]></author>
	<date>2008-01-19</date>
	<title><![CDATA[&#x201c;Really nice&#x201d;]]></title>
	<excerpt><![CDATA[Really nice more]]></excerpt>
	<link><![CDATA[http://www.tripadvisor.com/Restaurant_Review-g255060-d722990-Reviews-Cafe_Mint-Sydney_New_South_Wales.html]]></link>
</review>
<review>
	<rating>4.0</rating>
	<author><![CDATA[A TripAdvisor Contributor]]></author>
	<date>2007-12-24</date>
	<title><![CDATA[&#x201c;interesting breakfast...&#x201d;]]></title>
	<excerpt><![CDATA[interesting breakfast options! and good coffee more]]></excerpt>
	<link><![CDATA[http://www.tripadvisor.com/Restaurant_Review-g255060-d722990-Reviews-Cafe_Mint-Sydney_New_South_Wales.html]]></link>
</review>
<review>
	<rating>4.0</rating>
	<author><![CDATA[A TripAdvisor Contributor]]></author>
	<date>2007-12-16</date>
	<title><![CDATA[&#x201c;Chilled out, busy...&#x201d;]]></title>
	<excerpt><![CDATA[Chilled out, busy african/middle eastern cuisine. Resonable price, great food and beverages. Try the almond milk if your into marzipan. more]]></excerpt>
	<link><![CDATA[http://www.tripadvisor.com/Restaurant_Review-g255060-d722990-Reviews-Cafe_Mint-Sydney_New_South_Wales.html]]></link>
</review>
</source>