<source name="Trip Advisor" avg-rating="4.5">
<review>
	<rating>5.0</rating>
	<author><![CDATA[A TripAdvisor Contributor]]></author>
	<date>2008-05-27</date>
	<title><![CDATA[&#x201c;Excellent food, worth...&#x201d;]]></title>
	<excerpt><![CDATA[Excellent food, worth every penny! Usually buffet foods are a bit blah but these are excellent. The best buffet desert we've encountered (taste ]]></excerpt>
	<link><![CDATA[http://www.tripadvisor.com/Restaurant_Review-g255060-d946285-Reviews-Cafe_Mix-Sydney_New_South_Wales.html]]></link>
</review>
</source>