<source name="Trip Advisor" avg-rating="4.5">
<review>
	<rating>4.0</rating>
	<author><![CDATA[Macau038]]></author>
	<date>2009-01-10</date>
	<title><![CDATA[&#x201c;Very Good !&#x201d;]]></title>
	<excerpt><![CDATA[We were at a loose end on a somewhat unusually cool day in Sydney and killing time before going to the cinema. Liverpool St. was recommended as the "L]]></excerpt>
	<link><![CDATA[http://www.tripadvisor.com/Restaurant_Review-g255060-d723270-Reviews-Capitan_Torres_Spanish_Restaurant-Sydney_New_South_Wales.html]]></link>
</review>
<review>
	<rating>5.0</rating>
	<author><![CDATA[A TripAdvisor Contributor]]></author>
	<date>2008-06-30</date>
	<title><![CDATA[&#x201c;a fun place. Got a...&#x201d;]]></title>
	<excerpt><![CDATA[a fun place. Got a whole fish and ate around the bones, etc. they are very popular for tapas. more]]></excerpt>
	<link><![CDATA[http://www.tripadvisor.com/Restaurant_Review-g255060-d723270-Reviews-Capitan_Torres_Spanish_Restaurant-Sydney_New_South_Wales.html]]></link>
</review>
<review>
	<rating>5.0</rating>
	<author><![CDATA[A TripAdvisor Contributor]]></author>
	<date>2008-06-30</date>
	<title><![CDATA[&#x201c;Great spanish food. Fun...&#x201d;]]></title>
	<excerpt><![CDATA[Great spanish food. Fun atmosphere. Can accommodate large groups. Tapas areas and non-tapas areas. more]]></excerpt>
	<link><![CDATA[http://www.tripadvisor.com/Restaurant_Review-g255060-d723270-Reviews-Capitan_Torres_Spanish_Restaurant-Sydney_New_South_Wales.html]]></link>
</review>
<review>
	<rating>2.0</rating>
	<author><![CDATA[A TripAdvisor Contributor]]></author>
	<date>2008-06-17</date>
	<title><![CDATA[&#x201c;nothing special, pricey...&#x201d;]]></title>
	<excerpt><![CDATA[nothing special, pricey and small proportions-not happy more]]></excerpt>
	<link><![CDATA[http://www.tripadvisor.com/Restaurant_Review-g255060-d723270-Reviews-Capitan_Torres_Spanish_Restaurant-Sydney_New_South_Wales.html]]></link>
</review>
<review>
	<rating>2.0</rating>
	<author><![CDATA[A TripAdvisor Contributor]]></author>
	<date>2008-04-24</date>
	<title><![CDATA[&#x201c;food is fantastic...&#x201d;]]></title>
	<excerpt><![CDATA[food is fantastic, service is rough, noise is everywhere. You would be shouting over each other to carry a conversation. With the convenient location,]]></excerpt>
	<link><![CDATA[http://www.tripadvisor.com/Restaurant_Review-g255060-d723270-Reviews-Capitan_Torres_Spanish_Restaurant-Sydney_New_South_Wales.html]]></link>
</review>
<review>
	<rating>4.0</rating>
	<author><![CDATA[A TripAdvisor Contributor]]></author>
	<date>2008-04-16</date>
	<title><![CDATA[&#x201c;Paella, Tapas and...&#x201d;]]></title>
	<excerpt><![CDATA[Paella, Tapas and Sangria. Eat here all the time. Quick & always good. more]]></excerpt>
	<link><![CDATA[http://www.tripadvisor.com/Restaurant_Review-g255060-d723270-Reviews-Capitan_Torres_Spanish_Restaurant-Sydney_New_South_Wales.html]]></link>
</review>
<review>
	<rating>3.0</rating>
	<author><![CDATA[A TripAdvisor Contributor]]></author>
	<date>2008-01-28</date>
	<title><![CDATA[&#x201c;A fave place of Ollie...&#x201d;]]></title>
	<excerpt><![CDATA[A fave place of Ollie and I a while ago was like stepping into Spain, would love to go again when we can afford it ! more]]></excerpt>
	<link><![CDATA[http://www.tripadvisor.com/Restaurant_Review-g255060-d723270-Reviews-Capitan_Torres_Spanish_Restaurant-Sydney_New_South_Wales.html]]></link>
</review>
<review>
	<rating>4.0</rating>
	<author><![CDATA[A TripAdvisor Contributor]]></author>
	<date>2008-01-05</date>
	<title><![CDATA[&#x201c;Love having seafood...&#x201d;]]></title>
	<excerpt><![CDATA[Love having seafood paella with grilled baby octopus and of course Sangria! They serve best Sangria in town. yum yum.. more]]></excerpt>
	<link><![CDATA[http://www.tripadvisor.com/Restaurant_Review-g255060-d723270-Reviews-Capitan_Torres_Spanish_Restaurant-Sydney_New_South_Wales.html]]></link>
</review>
<review>
	<rating>4.0</rating>
	<author><![CDATA[A TripAdvisor Contributor]]></author>
	<date>2007-12-23</date>
	<title><![CDATA[&#x201c;Tasty Spanish, good...&#x201d;]]></title>
	<excerpt><![CDATA[Tasty Spanish, good atmoshere and service.The joy of Sangria & Tapas. more]]></excerpt>
	<link><![CDATA[http://www.tripadvisor.com/Restaurant_Review-g255060-d723270-Reviews-Capitan_Torres_Spanish_Restaurant-Sydney_New_South_Wales.html]]></link>
</review>
<review>
	<rating>5.0</rating>
	<author><![CDATA[A TripAdvisor Contributor]]></author>
	<date>2007-12-18</date>
	<title><![CDATA[&#x201c;Love the casual...&#x201d;]]></title>
	<excerpt><![CDATA[Love the casual atmosphere. Fantastic tapas, awesome sangria. Great place to hang out with the crowd! more]]></excerpt>
	<link><![CDATA[http://www.tripadvisor.com/Restaurant_Review-g255060-d723270-Reviews-Capitan_Torres_Spanish_Restaurant-Sydney_New_South_Wales.html]]></link>
</review>
<review>
	<rating>3.0</rating>
	<author><![CDATA[A TripAdvisor Contributor]]></author>
	<date>2007-12-17</date>
	<title><![CDATA[&#x201c;Located in the Spanish...&#x201d;]]></title>
	<excerpt><![CDATA[Located in the Spanish quarter, go here for the tapas. more]]></excerpt>
	<link><![CDATA[http://www.tripadvisor.com/Restaurant_Review-g255060-d723270-Reviews-or10-Capitan_Torres_Spanish_Restaurant-Sydney_New_South_Wales.html]]></link>
</review>
<review>
	<rating>5.0</rating>
	<author><![CDATA[A TripAdvisor Contributor]]></author>
	<date>2007-12-16</date>
	<title><![CDATA[&#x201c;Been going there for...&#x201d;]]></title>
	<excerpt><![CDATA[Been going there for over 10 years!!! Great food!! more]]></excerpt>
	<link><![CDATA[http://www.tripadvisor.com/Restaurant_Review-g255060-d723270-Reviews-or10-Capitan_Torres_Spanish_Restaurant-Sydney_New_South_Wales.html]]></link>
</review>
<review>
	<rating>3.0</rating>
	<author><![CDATA[A TripAdvisor Contributor]]></author>
	<date>2007-11-27</date>
	<title><![CDATA[&#x201c;A bit too crowdy for my...&#x201d;]]></title>
	<excerpt><![CDATA[A bit too crowdy for my taste, again this Ozzie-Spanish style more]]></excerpt>
	<link><![CDATA[http://www.tripadvisor.com/Restaurant_Review-g255060-d723270-Reviews-or10-Capitan_Torres_Spanish_Restaurant-Sydney_New_South_Wales.html]]></link>
</review>
<review>
	<rating>1.0</rating>
	<author><![CDATA[A TripAdvisor Contributor]]></author>
	<date>2007-11-23</date>
	<title><![CDATA[&#x201c;there are better Spanish...&#x201d;]]></title>
	<excerpt><![CDATA[there are better Spanish places around.. like Raquels on Oxford St. Give this place a miss more]]></excerpt>
	<link><![CDATA[http://www.tripadvisor.com/Restaurant_Review-g255060-d723270-Reviews-or10-Capitan_Torres_Spanish_Restaurant-Sydney_New_South_Wales.html]]></link>
</review>
<review>
	<rating>3.0</rating>
	<author><![CDATA[A TripAdvisor Contributor]]></author>
	<date>2007-11-19</date>
	<title><![CDATA[&#x201c;Have been going here...&#x201d;]]></title>
	<excerpt><![CDATA[Have been going here since i was a kid. Love the smell of the place, however the food is only okay and a little overpriced for the quality. more]]></excerpt>
	<link><![CDATA[http://www.tripadvisor.com/Restaurant_Review-g255060-d723270-Reviews-or10-Capitan_Torres_Spanish_Restaurant-Sydney_New_South_Wales.html]]></link>
</review>
<review>
	<rating>4.0</rating>
	<author><![CDATA[A TripAdvisor Contributor]]></author>
	<date>2007-11-18</date>
	<title><![CDATA[&#x201c;Great range of yummy...&#x201d;]]></title>
	<excerpt><![CDATA[Great range of yummy tapas, and all the other items on the menu is worth trying with their delicious sangria~~~ The only downside to this resturant is]]></excerpt>
	<link><![CDATA[http://www.tripadvisor.com/Restaurant_Review-g255060-d723270-Reviews-or10-Capitan_Torres_Spanish_Restaurant-Sydney_New_South_Wales.html]]></link>
</review>
<review>
	<rating>4.0</rating>
	<author><![CDATA[A TripAdvisor Contributor]]></author>
	<date>2007-11-17</date>
	<title><![CDATA[&#x201c;REALLY great tapas and...&#x201d;]]></title>
	<excerpt><![CDATA[REALLY great tapas and all the food is sensational. Wine list is a bit limited, but Sangria is great more]]></excerpt>
	<link><![CDATA[http://www.tripadvisor.com/Restaurant_Review-g255060-d723270-Reviews-or10-Capitan_Torres_Spanish_Restaurant-Sydney_New_South_Wales.html]]></link>
</review>
<review>
	<rating>4.0</rating>
	<author><![CDATA[A TripAdvisor Contributor]]></author>
	<date>2007-11-12</date>
	<title><![CDATA[&#x201c;Great Spanish cuisine&#x201d;]]></title>
	<excerpt><![CDATA[Great Spanish cuisine more]]></excerpt>
	<link><![CDATA[http://www.tripadvisor.com/Restaurant_Review-g255060-d723270-Reviews-or10-Capitan_Torres_Spanish_Restaurant-Sydney_New_South_Wales.html]]></link>
</review>
<review>
	<rating>4.0</rating>
	<author><![CDATA[A TripAdvisor Contributor]]></author>
	<date>2007-11-09</date>
	<title><![CDATA[&#x201c;Can't go wrong with the...&#x201d;]]></title>
	<excerpt><![CDATA[Can't go wrong with the paella here! more]]></excerpt>
	<link><![CDATA[http://www.tripadvisor.com/Restaurant_Review-g255060-d723270-Reviews-or10-Capitan_Torres_Spanish_Restaurant-Sydney_New_South_Wales.html]]></link>
</review>
<review>
	<rating>3.0</rating>
	<author><![CDATA[A TripAdvisor Contributor]]></author>
	<date>2007-11-08</date>
	<title><![CDATA[&#x201c;An oldie but a goodie&#x201d;]]></title>
	<excerpt><![CDATA[An oldie but a goodie more]]></excerpt>
	<link><![CDATA[http://www.tripadvisor.com/Restaurant_Review-g255060-d723270-Reviews-or10-Capitan_Torres_Spanish_Restaurant-Sydney_New_South_Wales.html]]></link>
</review>
<review>
	<rating>4.0</rating>
	<author><![CDATA[A TripAdvisor Contributor]]></author>
	<date>2007-11-02</date>
	<title><![CDATA[&#x201c;Great Tapas~~Just hope...&#x201d;]]></title>
	<excerpt><![CDATA[Great Tapas~~Just hope they could use saffron instead of turmeric in the seafood Paella:P more]]></excerpt>
	<link><![CDATA[http://www.tripadvisor.com/Restaurant_Review-g255060-d723270-Reviews-or20-Capitan_Torres_Spanish_Restaurant-Sydney_New_South_Wales.html]]></link>
</review>
</source>