<source name="Trip Advisor" avg-rating="4.5">
<review>
	<rating>5.0</rating>
	<author><![CDATA[Tiree13]]></author>
	<date>2009-02-17</date>
	<title><![CDATA[&#x201c;Great Food&#x201d;]]></title>
	<excerpt><![CDATA[Location, food and wine fantastic, service with a smile and all at a very reasonable price. We eat here every time in Sydney and will continue to do s]]></excerpt>
	<link><![CDATA[http://www.tripadvisor.com/Restaurant_Review-g255060-d946291-Reviews-City_Extra_Circular_Quay-Sydney_New_South_Wales.html]]></link>
</review>
</source>