<source name="Trip Advisor" avg-rating="4.0">
<review>
	<rating>2.0</rating>
	<author><![CDATA[A TripAdvisor Contributor]]></author>
	<date>2008-03-04</date>
	<title><![CDATA[&#x201c;Used to be absolutely...&#x201d;]]></title>
	<excerpt><![CDATA[Used to be absolutely brilliant. New owners not so good more]]></excerpt>
	<link><![CDATA[http://www.tripadvisor.com/Restaurant_Review-g255060-d724023-Reviews-Dakhni_Indian_Restaurant-Sydney_New_South_Wales.html]]></link>
</review>
<review>
	<rating>3.0</rating>
	<author><![CDATA[A TripAdvisor Contributor]]></author>
	<date>2008-01-17</date>
	<title><![CDATA[&#x201c;Good food but wont rock...&#x201d;]]></title>
	<excerpt><![CDATA[Good food but wont rock your world more]]></excerpt>
	<link><![CDATA[http://www.tripadvisor.com/Restaurant_Review-g255060-d724023-Reviews-Dakhni_Indian_Restaurant-Sydney_New_South_Wales.html]]></link>
</review>
</source>