<source name="Trip Advisor" avg-rating="4.0">
<review>
	<rating>5.0</rating>
	<author><![CDATA[brando99]]></author>
	<date>2009-03-15</date>
	<title><![CDATA[&#x201c;delicious&#x201d;]]></title>
	<excerpt><![CDATA[really delicious
cozy place
nice staff
yummie
good value for money
center of paddington
easy to get there by bus more]]></excerpt>
	<link><![CDATA[http://www.tripadvisor.com/Restaurant_Review-g255060-d724515-Reviews-Eat_Thai-Sydney_New_South_Wales.html]]></link>
</review>
<review>
	<rating>4.0</rating>
	<author><![CDATA[A TripAdvisor Contributor]]></author>
	<date>2008-08-29</date>
	<title><![CDATA[&#x201c;The 39 $ meal deal for...&#x201d;]]></title>
	<excerpt><![CDATA[The 39 $ meal deal for 2, just great more]]></excerpt>
	<link><![CDATA[http://www.tripadvisor.com/Restaurant_Review-g255060-d724515-Reviews-Eat_Thai-Sydney_New_South_Wales.html]]></link>
</review>
</source>