<source name="Trip Advisor" avg-rating="4.5">
<review>
	<rating>5.0</rating>
	<author><![CDATA[anitamay09]]></author>
	<date>2009-02-06</date>
	<title><![CDATA[&#x201c;simply the best&#x201d;]]></title>
	<excerpt><![CDATA[Hubby took me to est to celebrate our anniversary.
Sheer delight wonderful food and great service - steal a waiters outfit just to get in! more]]></excerpt>
	<link><![CDATA[http://www.tripadvisor.com/Restaurant_Review-g255060-d724603-Reviews-Est-Sydney_New_South_Wales.html]]></link>
</review>
<review>
	<rating>5.0</rating>
	<author><![CDATA[A TripAdvisor Contributor]]></author>
	<date>2009-01-12</date>
	<title><![CDATA[&#x201c;Top class , food and...&#x201d;]]></title>
	<excerpt><![CDATA[Top class , food and service was immaculate. Amazing place! more]]></excerpt>
	<link><![CDATA[http://www.tripadvisor.com/Restaurant_Review-g255060-d724603-Reviews-Est-Sydney_New_South_Wales.html]]></link>
</review>
<review>
	<rating>5.0</rating>
	<author><![CDATA[A TripAdvisor Contributor]]></author>
	<date>2008-12-17</date>
	<title><![CDATA[&#x201c;Great experience! The...&#x201d;]]></title>
	<excerpt><![CDATA[Great experience! The Chefs menu was an excellent way to sample a variety of dishes...come on an empty stomach! more]]></excerpt>
	<link><![CDATA[http://www.tripadvisor.com/Restaurant_Review-g255060-d724603-Reviews-Est-Sydney_New_South_Wales.html]]></link>
</review>
<review>
	<rating>5.0</rating>
	<author><![CDATA[A TripAdvisor Contributor]]></author>
	<date>2008-11-18</date>
	<title><![CDATA[&#x201c;Loved Everything! The...&#x201d;]]></title>
	<excerpt><![CDATA[Loved Everything! The flavour, presentation, the fusion. The waiters! The professionalism. The dessert! A bit pricey, but left the resto very satisfie]]></excerpt>
	<link><![CDATA[http://www.tripadvisor.com/Restaurant_Review-g255060-d724603-Reviews-Est-Sydney_New_South_Wales.html]]></link>
</review>
<review>
	<rating>5.0</rating>
	<author><![CDATA[BostonPetvet]]></author>
	<date>2008-11-02</date>
	<title><![CDATA[&#x201c;Fine Dining in a Happening Environment&#x201d;]]></title>
	<excerpt><![CDATA[We dined at est in mid- Sept on a Saturday night. With the hotel, nightclub and restaurant all located on different floors of the same building -- thi]]></excerpt>
	<link><![CDATA[http://www.tripadvisor.com/Restaurant_Review-g255060-d724603-Reviews-Est-Sydney_New_South_Wales.html]]></link>
</review>
<review>
	<rating>5.0</rating>
	<author><![CDATA[Ellemay]]></author>
	<date>2008-09-11</date>
	<title><![CDATA[&#x201c;A real dining experience.&#x201d;]]></title>
	<excerpt><![CDATA[We stayed at the Establishment Hotel overnight as a special treat as we were dining at Est. which is located on level one. The restaurant was wonderfu]]></excerpt>
	<link><![CDATA[http://www.tripadvisor.com/Restaurant_Review-g255060-d724603-Reviews-Est-Sydney_New_South_Wales.html]]></link>
</review>
<review>
	<rating>5.0</rating>
	<author><![CDATA[SydneyTravel222]]></author>
	<date>2008-09-07</date>
	<title><![CDATA[&#x201c;Fabulous&#x201d;]]></title>
	<excerpt><![CDATA[I have been to this restaurant on a number of occasions and absolutely love it. In my opinion it is a standout in Sydney. more]]></excerpt>
	<link><![CDATA[http://www.tripadvisor.com/Restaurant_Review-g255060-d724603-Reviews-Est-Sydney_New_South_Wales.html]]></link>
</review>
<review>
	<rating>5.0</rating>
	<author><![CDATA[A TripAdvisor Contributor]]></author>
	<date>2008-09-05</date>
	<title><![CDATA[&#x201c;The degustation is...&#x201d;]]></title>
	<excerpt><![CDATA[The degustation is fantastic, they did leave a little too long inbetween our courses at one stage, but made up for it by giving us an extra glass of f]]></excerpt>
	<link><![CDATA[http://www.tripadvisor.com/Restaurant_Review-g255060-d724603-Reviews-Est-Sydney_New_South_Wales.html]]></link>
</review>
<review>
	<rating>3.0</rating>
	<author><![CDATA[A TripAdvisor Contributor]]></author>
	<date>2008-08-24</date>
	<title><![CDATA[&#x201c;Was once great but this...&#x201d;]]></title>
	<excerpt><![CDATA[Was once great but this place has lost its lustre. more]]></excerpt>
	<link><![CDATA[http://www.tripadvisor.com/Restaurant_Review-g255060-d724603-Reviews-Est-Sydney_New_South_Wales.html]]></link>
</review>
<review>
	<rating>4.0</rating>
	<author><![CDATA[A TripAdvisor Contributor]]></author>
	<date>2008-07-28</date>
	<title><![CDATA[&#x201c;Very good food...&#x201d;]]></title>
	<excerpt><![CDATA[Very good food. Fashionable surrounds. more]]></excerpt>
	<link><![CDATA[http://www.tripadvisor.com/Restaurant_Review-g255060-d724603-Reviews-Est-Sydney_New_South_Wales.html]]></link>
</review>
<review>
	<rating>1.0</rating>
	<author><![CDATA[A TripAdvisor Contributor]]></author>
	<date>2008-07-21</date>
	<title><![CDATA[&#x201c;A very disappointing...&#x201d;]]></title>
	<excerpt><![CDATA[A very disappointing experience. Poor service and average cuisine made our visit a forgetable experience more]]></excerpt>
	<link><![CDATA[http://www.tripadvisor.com/Restaurant_Review-g255060-d724603-Reviews-or10-Est-Sydney_New_South_Wales.html]]></link>
</review>
<review>
	<rating>5.0</rating>
	<author><![CDATA[A TripAdvisor Contributor]]></author>
	<date>2008-07-19</date>
	<title><![CDATA[&#x201c;A beautiful restaurant...&#x201d;]]></title>
	<excerpt><![CDATA[A beautiful restaurant with outstanding food more]]></excerpt>
	<link><![CDATA[http://www.tripadvisor.com/Restaurant_Review-g255060-d724603-Reviews-or10-Est-Sydney_New_South_Wales.html]]></link>
</review>
<review>
	<rating>5.0</rating>
	<author><![CDATA[A TripAdvisor Contributor]]></author>
	<date>2008-07-10</date>
	<title><![CDATA[&#x201c;Excellent food and...&#x201d;]]></title>
	<excerpt><![CDATA[Excellent food and service, great sommelier! more]]></excerpt>
	<link><![CDATA[http://www.tripadvisor.com/Restaurant_Review-g255060-d724603-Reviews-or10-Est-Sydney_New_South_Wales.html]]></link>
</review>
<review>
	<rating>4.0</rating>
	<author><![CDATA[A TripAdvisor Contributor]]></author>
	<date>2008-04-21</date>
	<title><![CDATA[&#x201c;try the degustation with...&#x201d;]]></title>
	<excerpt><![CDATA[try the degustation with matching wines, be prepared for an all night event more]]></excerpt>
	<link><![CDATA[http://www.tripadvisor.com/Restaurant_Review-g255060-d724603-Reviews-or10-Est-Sydney_New_South_Wales.html]]></link>
</review>
<review>
	<rating>5.0</rating>
	<author><![CDATA[A TripAdvisor Contributor]]></author>
	<date>2008-04-16</date>
	<title><![CDATA[&#x201c;Fantastic food and great...&#x201d;]]></title>
	<excerpt><![CDATA[Fantastic food and great service. The souffle is to die for more]]></excerpt>
	<link><![CDATA[http://www.tripadvisor.com/Restaurant_Review-g255060-d724603-Reviews-or10-Est-Sydney_New_South_Wales.html]]></link>
</review>
<review>
	<rating>4.0</rating>
	<author><![CDATA[A TripAdvisor Contributor]]></author>
	<date>2008-03-15</date>
	<title><![CDATA[&#x201c;The food is wonderful...&#x201d;]]></title>
	<excerpt><![CDATA[The food is wonderful - service is excellent (really professional and warm/friendly at the same time). Beautiful restaurant - no views but the gorgeou]]></excerpt>
	<link><![CDATA[http://www.tripadvisor.com/Restaurant_Review-g255060-d724603-Reviews-or10-Est-Sydney_New_South_Wales.html]]></link>
</review>
<review>
	<rating>4.0</rating>
	<author><![CDATA[A TripAdvisor Contributor]]></author>
	<date>2008-02-16</date>
	<title><![CDATA[&#x201c;Good menu, nice decor.&#x201d;]]></title>
	<excerpt><![CDATA[Good menu, nice decor. more]]></excerpt>
	<link><![CDATA[http://www.tripadvisor.com/Restaurant_Review-g255060-d724603-Reviews-or10-Est-Sydney_New_South_Wales.html]]></link>
</review>
<review>
	<rating>3.0</rating>
	<author><![CDATA[A TripAdvisor Contributor]]></author>
	<date>2008-02-01</date>
	<title><![CDATA[&#x201c;Nice decor and food to...&#x201d;]]></title>
	<excerpt><![CDATA[Nice decor and food to match more]]></excerpt>
	<link><![CDATA[http://www.tripadvisor.com/Restaurant_Review-g255060-d724603-Reviews-or10-Est-Sydney_New_South_Wales.html]]></link>
</review>
<review>
	<rating>5.0</rating>
	<author><![CDATA[A TripAdvisor Contributor]]></author>
	<date>2008-01-29</date>
	<title><![CDATA[&#x201c;Had a perfect birthday...&#x201d;]]></title>
	<excerpt><![CDATA[Had a perfect birthday dinner here. Lovely. more]]></excerpt>
	<link><![CDATA[http://www.tripadvisor.com/Restaurant_Review-g255060-d724603-Reviews-or10-Est-Sydney_New_South_Wales.html]]></link>
</review>
<review>
	<rating>5.0</rating>
	<author><![CDATA[A TripAdvisor Contributor]]></author>
	<date>2008-01-15</date>
	<title><![CDATA[&#x201c;Perfection.&#x201d;]]></title>
	<excerpt><![CDATA[Perfection. more]]></excerpt>
	<link><![CDATA[http://www.tripadvisor.com/Restaurant_Review-g255060-d724603-Reviews-or10-Est-Sydney_New_South_Wales.html]]></link>
</review>
<review>
	<rating>4.0</rating>
	<author><![CDATA[A TripAdvisor Contributor]]></author>
	<date>2008-01-11</date>
	<title><![CDATA[&#x201c;Great, but can be a bit...&#x201d;]]></title>
	<excerpt><![CDATA[Great, but can be a bit slow for lunch. more]]></excerpt>
	<link><![CDATA[http://www.tripadvisor.com/Restaurant_Review-g255060-d724603-Reviews-or20-Est-Sydney_New_South_Wales.html]]></link>
</review>
<review>
	<rating>4.0</rating>
	<author><![CDATA[awinarto]]></author>
	<date>2008-01-10</date>
	<title><![CDATA[&#x201c;Classy restaurant worth...&#x201d;]]></title>
	<excerpt><![CDATA[Classy restaurant worth visitig for both the food and the service. more]]></excerpt>
	<link><![CDATA[http://www.tripadvisor.com/Restaurant_Review-g255060-d724603-Reviews-or20-Est-Sydney_New_South_Wales.html]]></link>
</review>
<review>
	<rating>5.0</rating>
	<author><![CDATA[A TripAdvisor Contributor]]></author>
	<date>2008-01-09</date>
	<title><![CDATA[&#x201c;Expensive but...&#x201d;]]></title>
	<excerpt><![CDATA[Expensive but exquisite!!! more]]></excerpt>
	<link><![CDATA[http://www.tripadvisor.com/Restaurant_Review-g255060-d724603-Reviews-or20-Est-Sydney_New_South_Wales.html]]></link>
</review>
<review>
	<rating>4.0</rating>
	<author><![CDATA[A TripAdvisor Contributor]]></author>
	<date>2008-01-08</date>
	<title><![CDATA[&#x201c;Top place and a perfect...&#x201d;]]></title>
	<excerpt><![CDATA[Top place and a perfect place to celevrate you love one s birthday or your anniverasry more]]></excerpt>
	<link><![CDATA[http://www.tripadvisor.com/Restaurant_Review-g255060-d724603-Reviews-or20-Est-Sydney_New_South_Wales.html]]></link>
</review>
<review>
	<rating>5.0</rating>
	<author><![CDATA[A TripAdvisor Contributor]]></author>
	<date>2008-01-07</date>
	<title><![CDATA[&#x201c;Great food and fantastic...&#x201d;]]></title>
	<excerpt><![CDATA[Great food and fantastic service more]]></excerpt>
	<link><![CDATA[http://www.tripadvisor.com/Restaurant_Review-g255060-d724603-Reviews-or20-Est-Sydney_New_South_Wales.html]]></link>
</review>
<review>
	<rating>4.0</rating>
	<author><![CDATA[A TripAdvisor Contributor]]></author>
	<date>2008-01-06</date>
	<title><![CDATA[&#x201c;I had their tasting menu...&#x201d;]]></title>
	<excerpt><![CDATA[I had their tasting menu which was very good. But why was I feeling that I was mostly paying for the location and atmosphere rather than food itself..]]></excerpt>
	<link><![CDATA[http://www.tripadvisor.com/Restaurant_Review-g255060-d724603-Reviews-or20-Est-Sydney_New_South_Wales.html]]></link>
</review>
<review>
	<rating>4.0</rating>
	<author><![CDATA[A TripAdvisor Contributor]]></author>
	<date>2008-01-05</date>
	<title><![CDATA[&#x201c;Love the food and wine...&#x201d;]]></title>
	<excerpt><![CDATA[Love the food and wine. Their duck is exquisit and the service is superb. The only down side is the lack of fresh air and outdoor view. more]]></excerpt>
	<link><![CDATA[http://www.tripadvisor.com/Restaurant_Review-g255060-d724603-Reviews-or20-Est-Sydney_New_South_Wales.html]]></link>
</review>
<review>
	<rating>5.0</rating>
	<author><![CDATA[A TripAdvisor Contributor]]></author>
	<date>2008-01-03</date>
	<title><![CDATA[&#x201c;The best service and top...&#x201d;]]></title>
	<excerpt><![CDATA[The best service and top class food. more]]></excerpt>
	<link><![CDATA[http://www.tripadvisor.com/Restaurant_Review-g255060-d724603-Reviews-or20-Est-Sydney_New_South_Wales.html]]></link>
</review>
<review>
	<rating>5.0</rating>
	<author><![CDATA[A TripAdvisor Contributor]]></author>
	<date>2007-12-26</date>
	<title><![CDATA[&#x201c;A place for refined...&#x201d;]]></title>
	<excerpt><![CDATA[A place for refined dining and palates. Food: Degustation menu ordered. Seafood was cooked to perfection - textures of fish and shellfishes were prett]]></excerpt>
	<link><![CDATA[http://www.tripadvisor.com/Restaurant_Review-g255060-d724603-Reviews-or20-Est-Sydney_New_South_Wales.html]]></link>
</review>
<review>
	<rating>2.0</rating>
	<author><![CDATA[A TripAdvisor Contributor]]></author>
	<date>2007-12-24</date>
	<title><![CDATA[&#x201c;nice but nuthing special.&#x201d;]]></title>
	<excerpt><![CDATA[nice but nuthing special. more]]></excerpt>
	<link><![CDATA[http://www.tripadvisor.com/Restaurant_Review-g255060-d724603-Reviews-or20-Est-Sydney_New_South_Wales.html]]></link>
</review>
<review>
	<rating>2.0</rating>
	<author><![CDATA[A TripAdvisor Contributor]]></author>
	<date>2007-12-22</date>
	<title><![CDATA[&#x201c;overrated reputation&#x201d;]]></title>
	<excerpt><![CDATA[overrated reputation more]]></excerpt>
	<link><![CDATA[http://www.tripadvisor.com/Restaurant_Review-g255060-d724603-Reviews-or30-Est-Sydney_New_South_Wales.html]]></link>
</review>
<review>
	<rating>3.0</rating>
	<author><![CDATA[A TripAdvisor Contributor]]></author>
	<date>2007-12-22</date>
	<title><![CDATA[&#x201c;decent for a lunch.&#x201d;]]></title>
	<excerpt><![CDATA[decent for a lunch. more]]></excerpt>
	<link><![CDATA[http://www.tripadvisor.com/Restaurant_Review-g255060-d724603-Reviews-or30-Est-Sydney_New_South_Wales.html]]></link>
</review>
<review>
	<rating>3.0</rating>
	<author><![CDATA[A TripAdvisor Contributor]]></author>
	<date>2007-12-21</date>
	<title><![CDATA[&#x201c;Good for lunch&#x201d;]]></title>
	<excerpt><![CDATA[Good for lunch more]]></excerpt>
	<link><![CDATA[http://www.tripadvisor.com/Restaurant_Review-g255060-d724603-Reviews-or30-Est-Sydney_New_South_Wales.html]]></link>
</review>
<review>
	<rating>5.0</rating>
	<author><![CDATA[A TripAdvisor Contributor]]></author>
	<date>2007-12-19</date>
	<title><![CDATA[&#x201c;One the the finest...&#x201d;]]></title>
	<excerpt><![CDATA[One the the finest contemporary dining experiences you'll ever have. more]]></excerpt>
	<link><![CDATA[http://www.tripadvisor.com/Restaurant_Review-g255060-d724603-Reviews-or30-Est-Sydney_New_South_Wales.html]]></link>
</review>
<review>
	<rating>4.0</rating>
	<author><![CDATA[A TripAdvisor Contributor]]></author>
	<date>2007-12-19</date>
	<title><![CDATA[&#x201c;Pretty good - very fancy.&#x201d;]]></title>
	<excerpt><![CDATA[Pretty good - very fancy. more]]></excerpt>
	<link><![CDATA[http://www.tripadvisor.com/Restaurant_Review-g255060-d724603-Reviews-or30-Est-Sydney_New_South_Wales.html]]></link>
</review>
<review>
	<rating>5.0</rating>
	<author><![CDATA[A TripAdvisor Contributor]]></author>
	<date>2007-12-10</date>
	<title><![CDATA[&#x201c;Bloody brilliant food...&#x201d;]]></title>
	<excerpt><![CDATA[Bloody brilliant food. Fantastic place for a special nite out. more]]></excerpt>
	<link><![CDATA[http://www.tripadvisor.com/Restaurant_Review-g255060-d724603-Reviews-or30-Est-Sydney_New_South_Wales.html]]></link>
</review>
<review>
	<rating>4.0</rating>
	<author><![CDATA[A TripAdvisor Contributor]]></author>
	<date>2007-12-04</date>
	<title><![CDATA[&#x201c;The food is great, and...&#x201d;]]></title>
	<excerpt><![CDATA[The food is great, and one of the very few places in sydney that do a decent souffle. The menu is not too adventurous, the food, cooked perfectly. It']]></excerpt>
	<link><![CDATA[http://www.tripadvisor.com/Restaurant_Review-g255060-d724603-Reviews-or30-Est-Sydney_New_South_Wales.html]]></link>
</review>
<review>
	<rating>5.0</rating>
	<author><![CDATA[A TripAdvisor Contributor]]></author>
	<date>2007-12-03</date>
	<title><![CDATA[&#x201c;The restuarant was...&#x201d;]]></title>
	<excerpt><![CDATA[The restuarant was beautiful. The wine pairing was superb every single wine goes really well with the flowing courses. One of the best or not the best]]></excerpt>
	<link><![CDATA[http://www.tripadvisor.com/Restaurant_Review-g255060-d724603-Reviews-or30-Est-Sydney_New_South_Wales.html]]></link>
</review>
<review>
	<rating>5.0</rating>
	<author><![CDATA[A TripAdvisor Contributor]]></author>
	<date>2007-11-28</date>
	<title><![CDATA[&#x201c;What a classy joint...&#x201d;]]></title>
	<excerpt><![CDATA[What a classy joint, special place. Great private dining room. more]]></excerpt>
	<link><![CDATA[http://www.tripadvisor.com/Restaurant_Review-g255060-d724603-Reviews-or30-Est-Sydney_New_South_Wales.html]]></link>
</review>
<review>
	<rating>5.0</rating>
	<author><![CDATA[A TripAdvisor Contributor]]></author>
	<date>2007-11-24</date>
	<title><![CDATA[&#x201c;Best ever. I saw the...&#x201d;]]></title>
	<excerpt><![CDATA[Best ever. I saw the ocean after I tasted the scallop and oyster. The fish sauce was slightly salty but still wonderful. Didnt know food could be this]]></excerpt>
	<link><![CDATA[http://www.tripadvisor.com/Restaurant_Review-g255060-d724603-Reviews-or30-Est-Sydney_New_South_Wales.html]]></link>
</review>
<review>
	<rating>5.0</rating>
	<author><![CDATA[A TripAdvisor Contributor]]></author>
	<date>2007-11-22</date>
	<title><![CDATA[&#x201c;Beautifully crafted. Not...&#x201d;]]></title>
	<excerpt><![CDATA[Beautifully crafted. Not a fault. Great service, attention to detail from both floor and kitchen staff. Delicate flavour. Sublime more]]></excerpt>
	<link><![CDATA[http://www.tripadvisor.com/Restaurant_Review-g255060-d724603-Reviews-or40-Est-Sydney_New_South_Wales.html]]></link>
</review>
<review>
	<rating>4.0</rating>
	<author><![CDATA[A TripAdvisor Contributor]]></author>
	<date>2007-11-21</date>
	<title><![CDATA[&#x201c;Lovely food but waaay...&#x201d;]]></title>
	<excerpt><![CDATA[Lovely food but waaay overpriced. Beautiful space though. more]]></excerpt>
	<link><![CDATA[http://www.tripadvisor.com/Restaurant_Review-g255060-d724603-Reviews-or40-Est-Sydney_New_South_Wales.html]]></link>
</review>
<review>
	<rating>4.0</rating>
	<author><![CDATA[A TripAdvisor Contributor]]></author>
	<date>2007-11-12</date>
	<title><![CDATA[&#x201c;loved the wine and...&#x201d;]]></title>
	<excerpt><![CDATA[loved the wine and cheese platter!! YUM!! more]]></excerpt>
	<link><![CDATA[http://www.tripadvisor.com/Restaurant_Review-g255060-d724603-Reviews-or40-Est-Sydney_New_South_Wales.html]]></link>
</review>
<review>
	<rating>4.0</rating>
	<author><![CDATA[A TripAdvisor Contributor]]></author>
	<date>2007-11-08</date>
	<title><![CDATA[&#x201c;Fabulous food and great...&#x201d;]]></title>
	<excerpt><![CDATA[Fabulous food and great ambiance more]]></excerpt>
	<link><![CDATA[http://www.tripadvisor.com/Restaurant_Review-g255060-d724603-Reviews-or40-Est-Sydney_New_South_Wales.html]]></link>
</review>
<review>
	<rating>5.0</rating>
	<author><![CDATA[A TripAdvisor Contributor]]></author>
	<date>2007-11-01</date>
	<title><![CDATA[&#x201c;Fab Food, This is Sydney...&#x201d;]]></title>
	<excerpt><![CDATA[Fab Food, This is Sydney at it's best more]]></excerpt>
	<link><![CDATA[http://www.tripadvisor.com/Restaurant_Review-g255060-d724603-Reviews-or40-Est-Sydney_New_South_Wales.html]]></link>
</review>
<review>
	<rating>3.0</rating>
	<author><![CDATA[A TripAdvisor Contributor]]></author>
	<date>2007-10-30</date>
	<title><![CDATA[&#x201c;Had 2 great work...&#x201d;]]></title>
	<excerpt><![CDATA[Had 2 great work Christmas dinnerd here in the private room. Both were great. The only reason it's not 4 star is that it has been a couple of years si]]></excerpt>
	<link><![CDATA[http://www.tripadvisor.com/Restaurant_Review-g255060-d724603-Reviews-or40-Est-Sydney_New_South_Wales.html]]></link>
</review>
</source>