<source name="Trip Advisor" avg-rating="0.0">
<review>
	<rating>1.0</rating>
	<author><![CDATA[A TripAdvisor Contributor]]></author>
	<date>2009-03-17</date>
	<title><![CDATA[&#x201c;Since this restaurant...&#x201d;]]></title>
	<excerpt><![CDATA[Since this restaurant has changed from its Asian menu to that of a Brazilian 'Churrascaria' all-you-can-eat, I will reserve judgement. However, the re]]></excerpt>
	<link><![CDATA[http://www.tripadvisor.com/Restaurant_Review-g255060-d738607-Reviews-Favela-Sydney_New_South_Wales.html]]></link>
</review>
</source>