<source name="Trip Advisor" avg-rating="4.0">
<review>
	<rating>4.0</rating>
	<author><![CDATA[A TripAdvisor Contributor]]></author>
	<date>2008-07-28</date>
	<title><![CDATA[&#x201c;Very good indian food...&#x201d;]]></title>
	<excerpt><![CDATA[Very good indian food - one of our preferred takeaway places more]]></excerpt>
	<link><![CDATA[http://www.tripadvisor.com/Restaurant_Review-g255060-d724848-Reviews-Flavour_of_India_Edgecliff-Sydney_New_South_Wales.html]]></link>
</review>
<review>
	<rating>3.0</rating>
	<author><![CDATA[A TripAdvisor Contributor]]></author>
	<date>2008-07-13</date>
	<title><![CDATA[&#x201c;OK. Expensive, but have...&#x201d;]]></title>
	<excerpt><![CDATA[OK. Expensive, but have a good lunch deal, bit heavy handed on the spice. Bukhara at Double Bay is a much better choice. more]]></excerpt>
	<link><![CDATA[http://www.tripadvisor.com/Restaurant_Review-g255060-d724848-Reviews-Flavour_of_India_Edgecliff-Sydney_New_South_Wales.html]]></link>
</review>
<review>
	<rating>4.0</rating>
	<author><![CDATA[A TripAdvisor Contributor]]></author>
	<date>2008-02-25</date>
	<title><![CDATA[&#x201c;Very good indian food...&#x201d;]]></title>
	<excerpt><![CDATA[Very good indian food, especially the appetizers and the "chicken tikka masala" more]]></excerpt>
	<link><![CDATA[http://www.tripadvisor.com/Restaurant_Review-g255060-d724848-Reviews-Flavour_of_India_Edgecliff-Sydney_New_South_Wales.html]]></link>
</review>
<review>
	<rating>3.0</rating>
	<author><![CDATA[A TripAdvisor Contributor]]></author>
	<date>2008-01-17</date>
	<title><![CDATA[&#x201c;Good indian food and...&#x201d;]]></title>
	<excerpt><![CDATA[Good indian food and friendly service. Great local. more]]></excerpt>
	<link><![CDATA[http://www.tripadvisor.com/Restaurant_Review-g255060-d724848-Reviews-Flavour_of_India_Edgecliff-Sydney_New_South_Wales.html]]></link>
</review>
<review>
	<rating>4.0</rating>
	<author><![CDATA[A TripAdvisor Contributor]]></author>
	<date>2008-01-07</date>
	<title><![CDATA[&#x201c;Great&#x201d;]]></title>
	<excerpt><![CDATA[Great more]]></excerpt>
	<link><![CDATA[http://www.tripadvisor.com/Restaurant_Review-g255060-d724848-Reviews-Flavour_of_India_Edgecliff-Sydney_New_South_Wales.html]]></link>
</review>
<review>
	<rating>5.0</rating>
	<author><![CDATA[A TripAdvisor Contributor]]></author>
	<date>2007-12-13</date>
	<title><![CDATA[&#x201c;Not normally a fan of...&#x201d;]]></title>
	<excerpt><![CDATA[Not normally a fan of Northern Indian (not spicy enuf!) but this is a great restaurant with consistently good food more]]></excerpt>
	<link><![CDATA[http://www.tripadvisor.com/Restaurant_Review-g255060-d724848-Reviews-Flavour_of_India_Edgecliff-Sydney_New_South_Wales.html]]></link>
</review>
<review>
	<rating>5.0</rating>
	<author><![CDATA[A TripAdvisor Contributor]]></author>
	<date>2007-11-08</date>
	<title><![CDATA[&#x201c;oh so good!&#x201d;]]></title>
	<excerpt><![CDATA[oh so good! more]]></excerpt>
	<link><![CDATA[http://www.tripadvisor.com/Restaurant_Review-g255060-d724848-Reviews-Flavour_of_India_Edgecliff-Sydney_New_South_Wales.html]]></link>
</review>
</source>