<source name="Trip Advisor" avg-rating="4.5">
<review>
	<rating>5.0</rating>
	<author><![CDATA[Florian254]]></author>
	<date>2009-03-20</date>
	<title><![CDATA[&#x201c;Wonderful setting and wonderful food&#x201d;]]></title>
	<excerpt><![CDATA[We reserved from Germany and even though they mixed it up a little we got a nice table for two at the top floor.
Food: Does somebody have the recipe f]]></excerpt>
	<link><![CDATA[http://www.tripadvisor.com/Restaurant_Review-g255060-d724865-Reviews-Flying_Fish-Sydney_New_South_Wales.html]]></link>
</review>
<review>
	<rating>5.0</rating>
	<author><![CDATA[AmY209]]></author>
	<date>2009-01-02</date>
	<title><![CDATA[&#x201c;Fabulous&#x201d;]]></title>
	<excerpt><![CDATA[Can't fault anything about it. Lovely bar to have a pre dinner drink, friendly but attentive staff and a helpful sommelier.
Great food.
Its a little o]]></excerpt>
	<link><![CDATA[http://www.tripadvisor.com/Restaurant_Review-g255060-d724865-Reviews-Flying_Fish-Sydney_New_South_Wales.html]]></link>
</review>
<review>
	<rating>4.0</rating>
	<author><![CDATA[A TripAdvisor Contributor]]></author>
	<date>2008-10-18</date>
	<title><![CDATA[&#x201c;Love everything about...&#x201d;]]></title>
	<excerpt><![CDATA[Love everything about it, lighting, waterview, fantastic seafood and awesome wine. warm deco..etc. One of the best dating place. more]]></excerpt>
	<link><![CDATA[http://www.tripadvisor.com/Restaurant_Review-g255060-d724865-Reviews-Flying_Fish-Sydney_New_South_Wales.html]]></link>
</review>
<review>
	<rating>3.0</rating>
	<author><![CDATA[A TripAdvisor Contributor]]></author>
	<date>2008-08-05</date>
	<title><![CDATA[&#x201c;Expensive, and I find...&#x201d;]]></title>
	<excerpt><![CDATA[Expensive, and I find sauces and dressings are overdone so they mask the taste of the fish: a bit more simplicity would be good! more]]></excerpt>
	<link><![CDATA[http://www.tripadvisor.com/Restaurant_Review-g255060-d724865-Reviews-Flying_Fish-Sydney_New_South_Wales.html]]></link>
</review>
<review>
	<rating>3.0</rating>
	<author><![CDATA[A TripAdvisor Contributor]]></author>
	<date>2008-07-28</date>
	<title><![CDATA[&#x201c;Great view. A bit out of...&#x201d;]]></title>
	<excerpt><![CDATA[Great view. A bit out of the way - hard to get cabs unless you walk to the casino. Food not very good for the price. I wouldn't give it a single hat. ]]></excerpt>
	<link><![CDATA[http://www.tripadvisor.com/Restaurant_Review-g255060-d724865-Reviews-Flying_Fish-Sydney_New_South_Wales.html]]></link>
</review>
<review>
	<rating>5.0</rating>
	<author><![CDATA[Speargrass]]></author>
	<date>2008-06-19</date>
	<title><![CDATA[&#x201c;Outstanding&#x201d;]]></title>
	<excerpt><![CDATA[An outstanding experience,location,ambience, staff, food, wine list
Very professional, sophisticated, under stated elegance.
Expensive yes but if you ]]></excerpt>
	<link><![CDATA[http://www.tripadvisor.com/Restaurant_Review-g255060-d724865-Reviews-Flying_Fish-Sydney_New_South_Wales.html]]></link>
</review>
<review>
	<rating>4.0</rating>
	<author><![CDATA[A TripAdvisor Contributor]]></author>
	<date>2008-04-17</date>
	<title><![CDATA[&#x201c;Liked the fish but must...&#x201d;]]></title>
	<excerpt><![CDATA[Liked the fish but must sit up stairs more]]></excerpt>
	<link><![CDATA[http://www.tripadvisor.com/Restaurant_Review-g255060-d724865-Reviews-Flying_Fish-Sydney_New_South_Wales.html]]></link>
</review>
<review>
	<rating>5.0</rating>
	<author><![CDATA[A TripAdvisor Contributor]]></author>
	<date>2008-04-10</date>
	<title><![CDATA[&#x201c;Warm, friendly service...&#x201d;]]></title>
	<excerpt><![CDATA[Warm, friendly service; great food; fascinating decor. Expensive. more]]></excerpt>
	<link><![CDATA[http://www.tripadvisor.com/Restaurant_Review-g255060-d724865-Reviews-Flying_Fish-Sydney_New_South_Wales.html]]></link>
</review>
<review>
	<rating>4.0</rating>
	<author><![CDATA[A TripAdvisor Contributor]]></author>
	<date>2008-04-10</date>
	<title><![CDATA[&#x201c;Very nice&#x201d;]]></title>
	<excerpt><![CDATA[Very nice more]]></excerpt>
	<link><![CDATA[http://www.tripadvisor.com/Restaurant_Review-g255060-d724865-Reviews-Flying_Fish-Sydney_New_South_Wales.html]]></link>
</review>
<review>
	<rating>5.0</rating>
	<author><![CDATA[A TripAdvisor Contributor]]></author>
	<date>2008-03-15</date>
	<title><![CDATA[&#x201c;took discerning european...&#x201d;]]></title>
	<excerpt><![CDATA[took discerning european visitors there - great food, great service, great atmosphere. recommend their sashimi - kingfish particularly good. maybe a l]]></excerpt>
	<link><![CDATA[http://www.tripadvisor.com/Restaurant_Review-g255060-d724865-Reviews-Flying_Fish-Sydney_New_South_Wales.html]]></link>
</review>
<review>
	<rating>3.0</rating>
	<author><![CDATA[A TripAdvisor Contributor]]></author>
	<date>2008-02-22</date>
	<title><![CDATA[&#x201c;Food was great but...&#x201d;]]></title>
	<excerpt><![CDATA[Food was great but service was unacceptably poor & slow. more]]></excerpt>
	<link><![CDATA[http://www.tripadvisor.com/Restaurant_Review-g255060-d724865-Reviews-or10-Flying_Fish-Sydney_New_South_Wales.html]]></link>
</review>
<review>
	<rating>3.0</rating>
	<author><![CDATA[A TripAdvisor Contributor]]></author>
	<date>2008-02-21</date>
	<title><![CDATA[&#x201c;We were here in 2006, so...&#x201d;]]></title>
	<excerpt><![CDATA[We were here in 2006, so my comment and rating are probably a little old. Service was good, Sommilier was excellent, but boy was overpriced for the le]]></excerpt>
	<link><![CDATA[http://www.tripadvisor.com/Restaurant_Review-g255060-d724865-Reviews-or10-Flying_Fish-Sydney_New_South_Wales.html]]></link>
</review>
<review>
	<rating>5.0</rating>
	<author><![CDATA[A TripAdvisor Contributor]]></author>
	<date>2008-02-19</date>
	<title><![CDATA[&#x201c;AMAZING Food, AMAZING...&#x201d;]]></title>
	<excerpt><![CDATA[AMAZING Food, AMAZING serice, AMAZING time we had at this place..
BUT it does cost you ..) more]]></excerpt>
	<link><![CDATA[http://www.tripadvisor.com/Restaurant_Review-g255060-d724865-Reviews-or10-Flying_Fish-Sydney_New_South_Wales.html]]></link>
</review>
<review>
	<rating>5.0</rating>
	<author><![CDATA[A TripAdvisor Contributor]]></author>
	<date>2008-01-19</date>
	<title><![CDATA[&#x201c;Great tasting plate for...&#x201d;]]></title>
	<excerpt><![CDATA[Great tasting plate for dessert more]]></excerpt>
	<link><![CDATA[http://www.tripadvisor.com/Restaurant_Review-g255060-d724865-Reviews-or10-Flying_Fish-Sydney_New_South_Wales.html]]></link>
</review>
<review>
	<rating>1.0</rating>
	<author><![CDATA[A TripAdvisor Contributor]]></author>
	<date>2008-01-18</date>
	<title><![CDATA[&#x201c;The food was over rated...&#x201d;]]></title>
	<excerpt><![CDATA[The food was over rated, and the service was pretty much non existing after all our food came out. Will never dine there again more]]></excerpt>
	<link><![CDATA[http://www.tripadvisor.com/Restaurant_Review-g255060-d724865-Reviews-or10-Flying_Fish-Sydney_New_South_Wales.html]]></link>
</review>
<review>
	<rating>4.0</rating>
	<author><![CDATA[A TripAdvisor Contributor]]></author>
	<date>2008-01-11</date>
	<title><![CDATA[&#x201c;I really liked this...&#x201d;]]></title>
	<excerpt><![CDATA[I really liked this place. more]]></excerpt>
	<link><![CDATA[http://www.tripadvisor.com/Restaurant_Review-g255060-d724865-Reviews-or10-Flying_Fish-Sydney_New_South_Wales.html]]></link>
</review>
<review>
	<rating>4.0</rating>
	<author><![CDATA[A TripAdvisor Contributor]]></author>
	<date>2008-01-08</date>
	<title><![CDATA[&#x201c;Top seafood restaurant...&#x201d;]]></title>
	<excerpt><![CDATA[Top seafood restaurant at a perfect spot more]]></excerpt>
	<link><![CDATA[http://www.tripadvisor.com/Restaurant_Review-g255060-d724865-Reviews-or10-Flying_Fish-Sydney_New_South_Wales.html]]></link>
</review>
<review>
	<rating>4.0</rating>
	<author><![CDATA[A TripAdvisor Contributor]]></author>
	<date>2008-01-07</date>
	<title><![CDATA[&#x201c;Excellent&#x201d;]]></title>
	<excerpt><![CDATA[Excellent more]]></excerpt>
	<link><![CDATA[http://www.tripadvisor.com/Restaurant_Review-g255060-d724865-Reviews-or10-Flying_Fish-Sydney_New_South_Wales.html]]></link>
</review>
<review>
	<rating>4.0</rating>
	<author><![CDATA[A TripAdvisor Contributor]]></author>
	<date>2008-01-03</date>
	<title><![CDATA[&#x201c;What can I say, it was...&#x201d;]]></title>
	<excerpt><![CDATA[What can I say, it was fulfilling. more]]></excerpt>
	<link><![CDATA[http://www.tripadvisor.com/Restaurant_Review-g255060-d724865-Reviews-or10-Flying_Fish-Sydney_New_South_Wales.html]]></link>
</review>
<review>
	<rating>4.0</rating>
	<author><![CDATA[A TripAdvisor Contributor]]></author>
	<date>2007-12-29</date>
	<title><![CDATA[&#x201c;Very nice entree, very...&#x201d;]]></title>
	<excerpt><![CDATA[Very nice entree, very poor main. its a seafood restaurant therefore they are better in the seafood dishes, but it is still unacceptable to serve bad ]]></excerpt>
	<link><![CDATA[http://www.tripadvisor.com/Restaurant_Review-g255060-d724865-Reviews-or10-Flying_Fish-Sydney_New_South_Wales.html]]></link>
</review>
<review>
	<rating>5.0</rating>
	<author><![CDATA[A TripAdvisor Contributor]]></author>
	<date>2007-12-28</date>
	<title><![CDATA[&#x201c;Love this spot. Great...&#x201d;]]></title>
	<excerpt><![CDATA[Love this spot. Great food too more]]></excerpt>
	<link><![CDATA[http://www.tripadvisor.com/Restaurant_Review-g255060-d724865-Reviews-or20-Flying_Fish-Sydney_New_South_Wales.html]]></link>
</review>
<review>
	<rating>5.0</rating>
	<author><![CDATA[A TripAdvisor Contributor]]></author>
	<date>2007-12-24</date>
	<title><![CDATA[&#x201c;Awsome A+++ such an...&#x201d;]]></title>
	<excerpt><![CDATA[Awsome A+++ such an overall dining experience! more]]></excerpt>
	<link><![CDATA[http://www.tripadvisor.com/Restaurant_Review-g255060-d724865-Reviews-or20-Flying_Fish-Sydney_New_South_Wales.html]]></link>
</review>
<review>
	<rating>4.0</rating>
	<author><![CDATA[A TripAdvisor Contributor]]></author>
	<date>2007-12-24</date>
	<title><![CDATA[&#x201c;amazing seafood.&#x201d;]]></title>
	<excerpt><![CDATA[amazing seafood. more]]></excerpt>
	<link><![CDATA[http://www.tripadvisor.com/Restaurant_Review-g255060-d724865-Reviews-or20-Flying_Fish-Sydney_New_South_Wales.html]]></link>
</review>
<review>
	<rating>5.0</rating>
	<author><![CDATA[A TripAdvisor Contributor]]></author>
	<date>2007-12-23</date>
	<title><![CDATA[&#x201c;Fantastic seafood.&#x201d;]]></title>
	<excerpt><![CDATA[Fantastic seafood. more]]></excerpt>
	<link><![CDATA[http://www.tripadvisor.com/Restaurant_Review-g255060-d724865-Reviews-or20-Flying_Fish-Sydney_New_South_Wales.html]]></link>
</review>
<review>
	<rating>5.0</rating>
	<author><![CDATA[A TripAdvisor Contributor]]></author>
	<date>2007-12-22</date>
	<title><![CDATA[&#x201c;best in Sydney&#x201d;]]></title>
	<excerpt><![CDATA[best in Sydney more]]></excerpt>
	<link><![CDATA[http://www.tripadvisor.com/Restaurant_Review-g255060-d724865-Reviews-or20-Flying_Fish-Sydney_New_South_Wales.html]]></link>
</review>
<review>
	<rating>4.0</rating>
	<author><![CDATA[A TripAdvisor Contributor]]></author>
	<date>2007-12-18</date>
	<title><![CDATA[&#x201c;Love the Food n the...&#x201d;]]></title>
	<excerpt><![CDATA[Love the Food n the team....
I use to work here. more]]></excerpt>
	<link><![CDATA[http://www.tripadvisor.com/Restaurant_Review-g255060-d724865-Reviews-or20-Flying_Fish-Sydney_New_South_Wales.html]]></link>
</review>
<review>
	<rating>4.0</rating>
	<author><![CDATA[A TripAdvisor Contributor]]></author>
	<date>2007-12-16</date>
	<title><![CDATA[&#x201c;Great atmosphere and...&#x201d;]]></title>
	<excerpt><![CDATA[Great atmosphere and food. more]]></excerpt>
	<link><![CDATA[http://www.tripadvisor.com/Restaurant_Review-g255060-d724865-Reviews-or20-Flying_Fish-Sydney_New_South_Wales.html]]></link>
</review>
<review>
	<rating>3.0</rating>
	<author><![CDATA[A TripAdvisor Contributor]]></author>
	<date>2007-12-15</date>
	<title><![CDATA[&#x201c;Friendly staff, great...&#x201d;]]></title>
	<excerpt><![CDATA[Friendly staff, great food and cocktails located on the waterfront more]]></excerpt>
	<link><![CDATA[http://www.tripadvisor.com/Restaurant_Review-g255060-d724865-Reviews-or20-Flying_Fish-Sydney_New_South_Wales.html]]></link>
</review>
<review>
	<rating>4.0</rating>
	<author><![CDATA[A TripAdvisor Contributor]]></author>
	<date>2007-12-10</date>
	<title><![CDATA[&#x201c;This place gets 4 stars...&#x201d;]]></title>
	<excerpt><![CDATA[This place gets 4 stars for the food but 5 stars for the toilets. Go there when no one's there and you'll understand why. Whoa. more]]></excerpt>
	<link><![CDATA[http://www.tripadvisor.com/Restaurant_Review-g255060-d724865-Reviews-or20-Flying_Fish-Sydney_New_South_Wales.html]]></link>
</review>
<review>
	<rating>4.0</rating>
	<author><![CDATA[A TripAdvisor Contributor]]></author>
	<date>2007-12-06</date>
	<title><![CDATA[&#x201c;Great restaurant for...&#x201d;]]></title>
	<excerpt><![CDATA[Great restaurant for those special occasions! more]]></excerpt>
	<link><![CDATA[http://www.tripadvisor.com/Restaurant_Review-g255060-d724865-Reviews-or20-Flying_Fish-Sydney_New_South_Wales.html]]></link>
</review>
<review>
	<rating>4.0</rating>
	<author><![CDATA[A TripAdvisor Contributor]]></author>
	<date>2007-12-01</date>
	<title><![CDATA[&#x201c;Sensational food and...&#x201d;]]></title>
	<excerpt><![CDATA[Sensational food and wine in a beautiful location. more]]></excerpt>
	<link><![CDATA[http://www.tripadvisor.com/Restaurant_Review-g255060-d724865-Reviews-or30-Flying_Fish-Sydney_New_South_Wales.html]]></link>
</review>
<review>
	<rating>4.0</rating>
	<author><![CDATA[A TripAdvisor Contributor]]></author>
	<date>2007-11-29</date>
	<title><![CDATA[&#x201c;can't fault anything...&#x201d;]]></title>
	<excerpt><![CDATA[can't fault anything - the deustation was perfect. more]]></excerpt>
	<link><![CDATA[http://www.tripadvisor.com/Restaurant_Review-g255060-d724865-Reviews-or30-Flying_Fish-Sydney_New_South_Wales.html]]></link>
</review>
<review>
	<rating>5.0</rating>
	<author><![CDATA[A TripAdvisor Contributor]]></author>
	<date>2007-11-28</date>
	<title><![CDATA[&#x201c;Just go once...&#x201d;]]></title>
	<excerpt><![CDATA[Just go once... more]]></excerpt>
	<link><![CDATA[http://www.tripadvisor.com/Restaurant_Review-g255060-d724865-Reviews-or30-Flying_Fish-Sydney_New_South_Wales.html]]></link>
</review>
<review>
	<rating>3.0</rating>
	<author><![CDATA[A TripAdvisor Contributor]]></author>
	<date>2007-11-28</date>
	<title><![CDATA[&#x201c;Great sunday lunch, good...&#x201d;]]></title>
	<excerpt><![CDATA[Great sunday lunch, good food yet very exe. more]]></excerpt>
	<link><![CDATA[http://www.tripadvisor.com/Restaurant_Review-g255060-d724865-Reviews-or30-Flying_Fish-Sydney_New_South_Wales.html]]></link>
</review>
<review>
	<rating>4.0</rating>
	<author><![CDATA[A TripAdvisor Contributor]]></author>
	<date>2007-11-27</date>
	<title><![CDATA[&#x201c;So Sydney! Multicultural...&#x201d;]]></title>
	<excerpt><![CDATA[So Sydney! Multicultural and modern. Sri Lankan Chef Peter Kuruvita adds a touch of cool exotism more]]></excerpt>
	<link><![CDATA[http://www.tripadvisor.com/Restaurant_Review-g255060-d724865-Reviews-or30-Flying_Fish-Sydney_New_South_Wales.html]]></link>
</review>
<review>
	<rating>4.0</rating>
	<author><![CDATA[A TripAdvisor Contributor]]></author>
	<date>2007-11-27</date>
	<title><![CDATA[&#x201c;nice&#x201d;]]></title>
	<excerpt><![CDATA[nice more]]></excerpt>
	<link><![CDATA[http://www.tripadvisor.com/Restaurant_Review-g255060-d724865-Reviews-or30-Flying_Fish-Sydney_New_South_Wales.html]]></link>
</review>
<review>
	<rating>5.0</rating>
	<author><![CDATA[A TripAdvisor Contributor]]></author>
	<date>2007-11-23</date>
	<title><![CDATA[&#x201c;Excellent, if only i...&#x201d;]]></title>
	<excerpt><![CDATA[Excellent, if only i could row there instead of going the long way around more]]></excerpt>
	<link><![CDATA[http://www.tripadvisor.com/Restaurant_Review-g255060-d724865-Reviews-or30-Flying_Fish-Sydney_New_South_Wales.html]]></link>
</review>
</source>