<source name="Trip Advisor" avg-rating="4.0">
<review>
	<rating>4.0</rating>
	<author><![CDATA[A TripAdvisor Contributor]]></author>
	<date>2008-07-22</date>
	<title><![CDATA[&#x201c;Nice place off the...&#x201d;]]></title>
	<excerpt><![CDATA[Nice place off the beaten track for a local meal. more]]></excerpt>
	<link><![CDATA[http://www.tripadvisor.com/Restaurant_Review-g255060-d848767-Reviews-Four_In_Hand-Sydney_New_South_Wales.html]]></link>
</review>
<review>
	<rating>4.0</rating>
	<author><![CDATA[A TripAdvisor Contributor]]></author>
	<date>2008-04-22</date>
	<title><![CDATA[&#x201c;Memories of some...&#x201d;]]></title>
	<excerpt><![CDATA[Memories of some excellent nights. Great food & atmosphere...what more could you want? more]]></excerpt>
	<link><![CDATA[http://www.tripadvisor.com/Restaurant_Review-g255060-d848767-Reviews-Four_In_Hand-Sydney_New_South_Wales.html]]></link>
</review>
<review>
	<rating>3.0</rating>
	<author><![CDATA[A TripAdvisor Contributor]]></author>
	<date>2008-02-03</date>
	<title><![CDATA[&#x201c;One of our favourite...&#x201d;]]></title>
	<excerpt><![CDATA[One of our favourite haunts. Had a great meal even though a little more expensive than you would pay in a pub. The catch was it wasn't pub food. more]]></excerpt>
	<link><![CDATA[http://www.tripadvisor.com/Restaurant_Review-g255060-d848767-Reviews-Four_In_Hand-Sydney_New_South_Wales.html]]></link>
</review>
<review>
	<rating>3.0</rating>
	<author><![CDATA[A TripAdvisor Contributor]]></author>
	<date>2008-02-03</date>
	<title><![CDATA[&#x201c;good value money . 8...&#x201d;]]></title>
	<excerpt><![CDATA[good value money . 8 course for 90. liked most dishes more]]></excerpt>
	<link><![CDATA[http://www.tripadvisor.com/Restaurant_Review-g255060-d848767-Reviews-Four_In_Hand-Sydney_New_South_Wales.html]]></link>
</review>
<review>
	<rating>4.0</rating>
	<author><![CDATA[A TripAdvisor Contributor]]></author>
	<date>2008-01-10</date>
	<title><![CDATA[&#x201c;This is a neighbourhood...&#x201d;]]></title>
	<excerpt><![CDATA[This is a neighbourhood bistro which offers a truly wonderful dining experience. The simple but yet creative and exquisite food complimented by the at]]></excerpt>
	<link><![CDATA[http://www.tripadvisor.com/Restaurant_Review-g255060-d848767-Reviews-Four_In_Hand-Sydney_New_South_Wales.html]]></link>
</review>
</source>