<source name="Trip Advisor" avg-rating="4.5">
<review>
	<rating>1.0</rating>
	<author><![CDATA[ghfatw]]></author>
	<date>2009-03-14</date>
	<title><![CDATA[&#x201c;Something is going wrong&#x201d;]]></title>
	<excerpt><![CDATA[I have eaten at Galileo several times before in the past and it has been an undisputably excellent restaurant. But something has gone horribly wrong w]]></excerpt>
	<link><![CDATA[http://www.tripadvisor.com/Restaurant_Review-g255060-d724950-Reviews-Galileo_Restaurant-Sydney_New_South_Wales.html]]></link>
</review>
<review>
	<rating>5.0</rating>
	<author><![CDATA[mimo2Syndey]]></author>
	<date>2009-02-19</date>
	<title><![CDATA[&#x201c;Fantastic Experience&#x201d;]]></title>
	<excerpt><![CDATA[Great food, interesting flavours and dishes - had the chefs menu. Also want to mention the wine list - great choices and friendly sommelier to help ]]></excerpt>
	<link><![CDATA[http://www.tripadvisor.com/Restaurant_Review-g255060-d724950-Reviews-Galileo_Restaurant-Sydney_New_South_Wales.html]]></link>
</review>
<review>
	<rating>3.0</rating>
	<author><![CDATA[DS087]]></author>
	<date>2009-02-18</date>
	<title><![CDATA[&#x201c;Disappointing&#x201d;]]></title>
	<excerpt><![CDATA[We visited Galileo in February, 2009. Nothing about our dinner experience was bad, but I must say that the experience was disappointing, given the rep]]></excerpt>
	<link><![CDATA[http://www.tripadvisor.com/Restaurant_Review-g255060-d724950-Reviews-Galileo_Restaurant-Sydney_New_South_Wales.html]]></link>
</review>
<review>
	<rating>5.0</rating>
	<author><![CDATA[A TripAdvisor Contributor]]></author>
	<date>2008-11-22</date>
	<title><![CDATA[&#x201c;Worth the price tag&#x201d;]]></title>
	<excerpt><![CDATA[Worth the price tag more]]></excerpt>
	<link><![CDATA[http://www.tripadvisor.com/Restaurant_Review-g255060-d724950-Reviews-Galileo_Restaurant-Sydney_New_South_Wales.html]]></link>
</review>
<review>
	<rating>5.0</rating>
	<author><![CDATA[A TripAdvisor Contributor]]></author>
	<date>2008-11-18</date>
	<title><![CDATA[&#x201c;Loved this resto...&#x201d;]]></title>
	<excerpt><![CDATA[Loved this resto! Fantastic presentation n hospitality, considering the fact that they actually made a nice presentation for the cake that we brought ]]></excerpt>
	<link><![CDATA[http://www.tripadvisor.com/Restaurant_Review-g255060-d724950-Reviews-Galileo_Restaurant-Sydney_New_South_Wales.html]]></link>
</review>
<review>
	<rating>4.0</rating>
	<author><![CDATA[A TripAdvisor Contributor]]></author>
	<date>2008-08-20</date>
	<title><![CDATA[&#x201c;The food was delicious...&#x201d;]]></title>
	<excerpt><![CDATA[The food was delicious. I loved the old english atmosphere and thought the service was fantastic. One of the people in my party had a birthday and the]]></excerpt>
	<link><![CDATA[http://www.tripadvisor.com/Restaurant_Review-g255060-d724950-Reviews-Galileo_Restaurant-Sydney_New_South_Wales.html]]></link>
</review>
<review>
	<rating>4.0</rating>
	<author><![CDATA[A TripAdvisor Contributor]]></author>
	<date>2008-08-02</date>
	<title><![CDATA[&#x201c;$78 two course meal...&#x201d;]]></title>
	<excerpt><![CDATA[$78 two course meal (with complimentary appetiser, pre-mains and pre-desserts). more]]></excerpt>
	<link><![CDATA[http://www.tripadvisor.com/Restaurant_Review-g255060-d724950-Reviews-Galileo_Restaurant-Sydney_New_South_Wales.html]]></link>
</review>
<review>
	<rating>4.0</rating>
	<author><![CDATA[A TripAdvisor Contributor]]></author>
	<date>2008-07-09</date>
	<title><![CDATA[&#x201c;the Egg cocotte is yummy&#x201d;]]></title>
	<excerpt><![CDATA[the Egg cocotte is yummy more]]></excerpt>
	<link><![CDATA[http://www.tripadvisor.com/Restaurant_Review-g255060-d724950-Reviews-Galileo_Restaurant-Sydney_New_South_Wales.html]]></link>
</review>
<review>
	<rating>3.0</rating>
	<author><![CDATA[A TripAdvisor Contributor]]></author>
	<date>2008-05-11</date>
	<title><![CDATA[&#x201c;Services are great...&#x201d;]]></title>
	<excerpt><![CDATA[Services are great, price ok (it was on special $85 for 7 course degustation), but food is average.
My expextation were higher. more]]></excerpt>
	<link><![CDATA[http://www.tripadvisor.com/Restaurant_Review-g255060-d724950-Reviews-Galileo_Restaurant-Sydney_New_South_Wales.html]]></link>
</review>
<review>
	<rating>3.0</rating>
	<author><![CDATA[A TripAdvisor Contributor]]></author>
	<date>2008-05-03</date>
	<title><![CDATA[&#x201c;great service, well...&#x201d;]]></title>
	<excerpt><![CDATA[great service, well matched degustation. more]]></excerpt>
	<link><![CDATA[http://www.tripadvisor.com/Restaurant_Review-g255060-d724950-Reviews-Galileo_Restaurant-Sydney_New_South_Wales.html]]></link>
</review>
<review>
	<rating>4.0</rating>
	<author><![CDATA[A TripAdvisor Contributor]]></author>
	<date>2008-03-23</date>
	<title><![CDATA[&#x201c;soothing courteous...&#x201d;]]></title>
	<excerpt><![CDATA[soothing courteous waiting service, classic interior and comfortable seatings. Homely feel with not over the top vibe....excellent intimate and chatti]]></excerpt>
	<link><![CDATA[http://www.tripadvisor.com/Restaurant_Review-g255060-d724950-Reviews-or10-Galileo_Restaurant-Sydney_New_South_Wales.html]]></link>
</review>
<review>
	<rating>5.0</rating>
	<author><![CDATA[A TripAdvisor Contributor]]></author>
	<date>2008-01-25</date>
	<title><![CDATA[&#x201c;The degustation is a...&#x201d;]]></title>
	<excerpt><![CDATA[The degustation is a tour de force. Definitely more an experience than a meal. Quiet, regal ambience allows you to enjoy the food and company with whi]]></excerpt>
	<link><![CDATA[http://www.tripadvisor.com/Restaurant_Review-g255060-d724950-Reviews-or10-Galileo_Restaurant-Sydney_New_South_Wales.html]]></link>
</review>
<review>
	<rating>4.0</rating>
	<author><![CDATA[A TripAdvisor Contributor]]></author>
	<date>2008-01-08</date>
	<title><![CDATA[&#x201c;Beautiful Restaurant...&#x201d;]]></title>
	<excerpt><![CDATA[Beautiful Restaurant with romantic ambience and lovely food more]]></excerpt>
	<link><![CDATA[http://www.tripadvisor.com/Restaurant_Review-g255060-d724950-Reviews-or10-Galileo_Restaurant-Sydney_New_South_Wales.html]]></link>
</review>
<review>
	<rating>5.0</rating>
	<author><![CDATA[A TripAdvisor Contributor]]></author>
	<date>2008-01-06</date>
	<title><![CDATA[&#x201c;Had the most exquisite...&#x201d;]]></title>
	<excerpt><![CDATA[Had the most exquisite dining experience with the 11 courses degustation menu. Great food and service, altho I wish I can afford to attend one of the ]]></excerpt>
	<link><![CDATA[http://www.tripadvisor.com/Restaurant_Review-g255060-d724950-Reviews-or10-Galileo_Restaurant-Sydney_New_South_Wales.html]]></link>
</review>
<review>
	<rating>5.0</rating>
	<author><![CDATA[A TripAdvisor Contributor]]></author>
	<date>2007-12-30</date>
	<title><![CDATA[&#x201c;Have had High Tea here a...&#x201d;]]></title>
	<excerpt><![CDATA[Have had High Tea here a few times - always consistently good and great value for money more]]></excerpt>
	<link><![CDATA[http://www.tripadvisor.com/Restaurant_Review-g255060-d724950-Reviews-or10-Galileo_Restaurant-Sydney_New_South_Wales.html]]></link>
</review>
<review>
	<rating>5.0</rating>
	<author><![CDATA[A TripAdvisor Contributor]]></author>
	<date>2007-12-29</date>
	<title><![CDATA[&#x201c;Very nice high tea! We...&#x201d;]]></title>
	<excerpt><![CDATA[Very nice high tea! We had our engagement party in this hotel and the afternoon tea was just beautiful! Every guest was telling us that the food was v]]></excerpt>
	<link><![CDATA[http://www.tripadvisor.com/Restaurant_Review-g255060-d724950-Reviews-or10-Galileo_Restaurant-Sydney_New_South_Wales.html]]></link>
</review>
<review>
	<rating>4.0</rating>
	<author><![CDATA[A TripAdvisor Contributor]]></author>
	<date>2007-12-16</date>
	<title><![CDATA[&#x201c;Tried the 9 courses...&#x201d;]]></title>
	<excerpt><![CDATA[Tried the 9 courses "Gourmet Degustation"...great food, nice ambience and excellent value! more]]></excerpt>
	<link><![CDATA[http://www.tripadvisor.com/Restaurant_Review-g255060-d724950-Reviews-or10-Galileo_Restaurant-Sydney_New_South_Wales.html]]></link>
</review>
<review>
	<rating>4.0</rating>
	<author><![CDATA[A TripAdvisor Contributor]]></author>
	<date>2007-12-15</date>
	<title><![CDATA[&#x201c;Tried the degustation...&#x201d;]]></title>
	<excerpt><![CDATA[Tried the degustation menu and the food was excellent! more]]></excerpt>
	<link><![CDATA[http://www.tripadvisor.com/Restaurant_Review-g255060-d724950-Reviews-or10-Galileo_Restaurant-Sydney_New_South_Wales.html]]></link>
</review>
<review>
	<rating>4.0</rating>
	<author><![CDATA[A TripAdvisor Contributor]]></author>
	<date>2007-12-05</date>
	<title><![CDATA[&#x201c;Love the 9 courses...&#x201d;]]></title>
	<excerpt><![CDATA[Love the 9 courses degustation menu... my boyfriend & I decided to take his friend from NZ there for dinner on 7th December 2007 & hopefully he'll enj]]></excerpt>
	<link><![CDATA[http://www.tripadvisor.com/Restaurant_Review-g255060-d724950-Reviews-or10-Galileo_Restaurant-Sydney_New_South_Wales.html]]></link>
</review>
<review>
	<rating>5.0</rating>
	<author><![CDATA[A TripAdvisor Contributor]]></author>
	<date>2007-11-20</date>
	<title><![CDATA[&#x201c;Luv their Sugar Hits&#x201d;]]></title>
	<excerpt><![CDATA[Luv their Sugar Hits more]]></excerpt>
	<link><![CDATA[http://www.tripadvisor.com/Restaurant_Review-g255060-d724950-Reviews-or10-Galileo_Restaurant-Sydney_New_South_Wales.html]]></link>
</review>
<review>
	<rating>5.0</rating>
	<author><![CDATA[A TripAdvisor Contributor]]></author>
	<date>2007-11-18</date>
	<title><![CDATA[&#x201c;Fantastic food, a real...&#x201d;]]></title>
	<excerpt><![CDATA[Fantastic food, a real treat to your palate. The atmosphere is also very romantic and relaxing. Degaustation menu is worth trying more]]></excerpt>
	<link><![CDATA[http://www.tripadvisor.com/Restaurant_Review-g255060-d724950-Reviews-or20-Galileo_Restaurant-Sydney_New_South_Wales.html]]></link>
</review>
<review>
	<rating>4.0</rating>
	<author><![CDATA[A TripAdvisor Contributor]]></author>
	<date>2007-11-10</date>
	<title><![CDATA[&#x201c;quiet, elegant and great...&#x201d;]]></title>
	<excerpt><![CDATA[quiet, elegant and great service more]]></excerpt>
	<link><![CDATA[http://www.tripadvisor.com/Restaurant_Review-g255060-d724950-Reviews-or20-Galileo_Restaurant-Sydney_New_South_Wales.html]]></link>
</review>
<review>
	<rating>5.0</rating>
	<author><![CDATA[A TripAdvisor Contributor]]></author>
	<date>2007-11-01</date>
	<title><![CDATA[&#x201c;Haru is a legend.&#x201d;]]></title>
	<excerpt><![CDATA[Haru is a legend. more]]></excerpt>
	<link><![CDATA[http://www.tripadvisor.com/Restaurant_Review-g255060-d724950-Reviews-or20-Galileo_Restaurant-Sydney_New_South_Wales.html]]></link>
</review>
</source>