<source name="Trip Advisor" avg-rating="4.5">
<review>
	<rating>5.0</rating>
	<author><![CDATA[A TripAdvisor Contributor]]></author>
	<date>2008-09-28</date>
	<title><![CDATA[&#x201c;one of the best...&#x201d;]]></title>
	<excerpt><![CDATA[one of the best restaurants i've been to. had the chef's specials when i went which consisted of oysters (with chef's special toppings), salad, and a ]]></excerpt>
	<link><![CDATA[http://www.tripadvisor.com/Restaurant_Review-g255060-d947519-Reviews-Glass_Brasserie-Sydney_New_South_Wales.html]]></link>
</review>
<review>
	<rating>3.0</rating>
	<author><![CDATA[robbowan]]></author>
	<date>2008-08-16</date>
	<title><![CDATA[&#x201c;One OK visit, one great!&#x201d;]]></title>
	<excerpt><![CDATA[I'm not sure what to make of the Glass Brasserie?
On my first visit the set menu was bland and boring, the service was so-so and the restaurant didn't]]></excerpt>
	<link><![CDATA[http://www.tripadvisor.com/Restaurant_Review-g255060-d947519-Reviews-Glass_Brasserie-Sydney_New_South_Wales.html]]></link>
</review>
<review>
	<rating>2.0</rating>
	<author><![CDATA[A TripAdvisor Contributor]]></author>
	<date>2008-07-17</date>
	<title><![CDATA[&#x201c;I went just after...&#x201d;]]></title>
	<excerpt><![CDATA[I went just after opening, and it seemed to be in disarray. The food was OK, but the service somewhat offhand. Wonderful space, though. Perhaps the ki]]></excerpt>
	<link><![CDATA[http://www.tripadvisor.com/Restaurant_Review-g255060-d947519-Reviews-Glass_Brasserie-Sydney_New_South_Wales.html]]></link>
</review>
<review>
	<rating>2.0</rating>
	<author><![CDATA[A TripAdvisor Contributor]]></author>
	<date>2008-07-17</date>
	<title><![CDATA[&#x201c;Good food but shme it...&#x201d;]]></title>
	<excerpt><![CDATA[Good food but shme it takes so long to get it. 40 minutes for 1/2 dozen oysters??? Then the wrong main comes out, expect much more from what used to b]]></excerpt>
	<link><![CDATA[http://www.tripadvisor.com/Restaurant_Review-g255060-d947519-Reviews-Glass_Brasserie-Sydney_New_South_Wales.html]]></link>
</review>
<review>
	<rating>2.0</rating>
	<author><![CDATA[A TripAdvisor Contributor]]></author>
	<date>2008-05-16</date>
	<title><![CDATA[&#x201c;The fusion Sashimi has...&#x201d;]]></title>
	<excerpt><![CDATA[The fusion Sashimi has got to stop. Leave it raw. Less is more. more]]></excerpt>
	<link><![CDATA[http://www.tripadvisor.com/Restaurant_Review-g255060-d947519-Reviews-Glass_Brasserie-Sydney_New_South_Wales.html]]></link>
</review>
<review>
	<rating>4.0</rating>
	<author><![CDATA[A TripAdvisor Contributor]]></author>
	<date>2008-05-11</date>
	<title><![CDATA[&#x201c;Must try the chocolate...&#x201d;]]></title>
	<excerpt><![CDATA[Must try the chocolate assiette!!! Fresh and yummy.Suggestion: try the bugs tail. more]]></excerpt>
	<link><![CDATA[http://www.tripadvisor.com/Restaurant_Review-g255060-d947519-Reviews-Glass_Brasserie-Sydney_New_South_Wales.html]]></link>
</review>
</source>