<source name="Trip Advisor" avg-rating="4.5">
<review>
	<rating>3.0</rating>
	<author><![CDATA[A TripAdvisor Contributor]]></author>
	<date>2009-03-10</date>
	<title><![CDATA[&#x201c;Great seafood, but...&#x201d;]]></title>
	<excerpt><![CDATA[Great seafood, but everything else is fair to middling. more]]></excerpt>
	<link><![CDATA[http://www.tripadvisor.com/Restaurant_Review-g255060-d725205-Reviews-Golden_Century-Sydney_New_South_Wales.html]]></link>
</review>
<review>
	<rating>5.0</rating>
	<author><![CDATA[A TripAdvisor Contributor]]></author>
	<date>2008-09-23</date>
	<title><![CDATA[&#x201c;expensive but tasty...&#x201d;]]></title>
	<excerpt><![CDATA[expensive but tasty seafood restaurant more]]></excerpt>
	<link><![CDATA[http://www.tripadvisor.com/Restaurant_Review-g255060-d725205-Reviews-Golden_Century-Sydney_New_South_Wales.html]]></link>
</review>
<review>
	<rating>3.0</rating>
	<author><![CDATA[A TripAdvisor Contributor]]></author>
	<date>2008-08-28</date>
	<title><![CDATA[&#x201c;Food is ok..the pipis...&#x201d;]]></title>
	<excerpt><![CDATA[Food is ok..the pipis with xo sauce are very tasty,but the service is horrid. more]]></excerpt>
	<link><![CDATA[http://www.tripadvisor.com/Restaurant_Review-g255060-d725205-Reviews-Golden_Century-Sydney_New_South_Wales.html]]></link>
</review>
<review>
	<rating>4.0</rating>
	<author><![CDATA[A TripAdvisor Contributor]]></author>
	<date>2008-08-17</date>
	<title><![CDATA[&#x201c;Great mud crab...&#x201d;]]></title>
	<excerpt><![CDATA[Great mud crab -- reminds me of Hong Kong cuisine. Just a note of warning, everything is made with peanut oil. My kids had to go to McDonald's around ]]></excerpt>
	<link><![CDATA[http://www.tripadvisor.com/Restaurant_Review-g255060-d725205-Reviews-Golden_Century-Sydney_New_South_Wales.html]]></link>
</review>
<review>
	<rating>4.0</rating>
	<author><![CDATA[Barratt]]></author>
	<date>2008-07-30</date>
	<title><![CDATA[&#x201c;Enjoy Canton in Sydney!!&#x201d;]]></title>
	<excerpt><![CDATA[Golden Century continues as a little bit of Canton in Sydney. It provides Cantonese food and atmosphere in Sydney perfectly.
I ate there last night wi]]></excerpt>
	<link><![CDATA[http://www.tripadvisor.com/Restaurant_Review-g255060-d725205-Reviews-Golden_Century-Sydney_New_South_Wales.html]]></link>
</review>
<review>
	<rating>4.0</rating>
	<author><![CDATA[A TripAdvisor Contributor]]></author>
	<date>2008-07-04</date>
	<title><![CDATA[&#x201c;best place for late...&#x201d;]]></title>
	<excerpt><![CDATA[best place for late night supper. x.o sauce pipis, drunken prawns, lobster sashimi, black bean sauce crabs...excellent cantonese cuisine. more]]></excerpt>
	<link><![CDATA[http://www.tripadvisor.com/Restaurant_Review-g255060-d725205-Reviews-Golden_Century-Sydney_New_South_Wales.html]]></link>
</review>
<review>
	<rating>3.0</rating>
	<author><![CDATA[A TripAdvisor Contributor]]></author>
	<date>2008-06-23</date>
	<title><![CDATA[&#x201c;Yum Cha time. Chicken's...&#x201d;]]></title>
	<excerpt><![CDATA[Yum Cha time. Chicken's feet - hehehe. more]]></excerpt>
	<link><![CDATA[http://www.tripadvisor.com/Restaurant_Review-g255060-d725205-Reviews-Golden_Century-Sydney_New_South_Wales.html]]></link>
</review>
<review>
	<rating>4.0</rating>
	<author><![CDATA[A TripAdvisor Contributor]]></author>
	<date>2008-06-11</date>
	<title><![CDATA[&#x201c;great pipis in XO sauce&#x201d;]]></title>
	<excerpt><![CDATA[great pipis in XO sauce more]]></excerpt>
	<link><![CDATA[http://www.tripadvisor.com/Restaurant_Review-g255060-d725205-Reviews-Golden_Century-Sydney_New_South_Wales.html]]></link>
</review>
<review>
	<rating>3.0</rating>
	<author><![CDATA[A TripAdvisor Contributor]]></author>
	<date>2008-06-09</date>
	<title><![CDATA[&#x201c;Used to be the best for...&#x201d;]]></title>
	<excerpt><![CDATA[Used to be the best for sure but Fisherman's Wharf now rocks! Service is always bad from the waiters (but its funny) and awesome from restaurant manag]]></excerpt>
	<link><![CDATA[http://www.tripadvisor.com/Restaurant_Review-g255060-d725205-Reviews-Golden_Century-Sydney_New_South_Wales.html]]></link>
</review>
<review>
	<rating>3.0</rating>
	<author><![CDATA[A TripAdvisor Contributor]]></author>
	<date>2008-05-28</date>
	<title><![CDATA[&#x201c;One of the best place...&#x201d;]]></title>
	<excerpt><![CDATA[One of the best place for Chinese food around Sydney. more]]></excerpt>
	<link><![CDATA[http://www.tripadvisor.com/Restaurant_Review-g255060-d725205-Reviews-Golden_Century-Sydney_New_South_Wales.html]]></link>
</review>
<review>
	<rating>4.0</rating>
	<author><![CDATA[A TripAdvisor Contributor]]></author>
	<date>2008-04-23</date>
	<title><![CDATA[&#x201c;Late night GC's with a...&#x201d;]]></title>
	<excerpt><![CDATA[Late night GC's with a wine list from hell more]]></excerpt>
	<link><![CDATA[http://www.tripadvisor.com/Restaurant_Review-g255060-d725205-Reviews-or10-Golden_Century-Sydney_New_South_Wales.html]]></link>
</review>
<review>
	<rating>3.0</rating>
	<author><![CDATA[A TripAdvisor Contributor]]></author>
	<date>2008-04-21</date>
	<title><![CDATA[&#x201c;you must try the salt...&#x201d;]]></title>
	<excerpt><![CDATA[you must try the salt & pepper squid. best in syd. more]]></excerpt>
	<link><![CDATA[http://www.tripadvisor.com/Restaurant_Review-g255060-d725205-Reviews-or10-Golden_Century-Sydney_New_South_Wales.html]]></link>
</review>
<review>
	<rating>3.0</rating>
	<author><![CDATA[A TripAdvisor Contributor]]></author>
	<date>2008-04-20</date>
	<title><![CDATA[&#x201c;lots of stuff in tanks&#x201d;]]></title>
	<excerpt><![CDATA[lots of stuff in tanks more]]></excerpt>
	<link><![CDATA[http://www.tripadvisor.com/Restaurant_Review-g255060-d725205-Reviews-or10-Golden_Century-Sydney_New_South_Wales.html]]></link>
</review>
<review>
	<rating>5.0</rating>
	<author><![CDATA[A TripAdvisor Contributor]]></author>
	<date>2008-04-18</date>
	<title><![CDATA[&#x201c;Always satisfying&#x201d;]]></title>
	<excerpt><![CDATA[Always satisfying more]]></excerpt>
	<link><![CDATA[http://www.tripadvisor.com/Restaurant_Review-g255060-d725205-Reviews-or10-Golden_Century-Sydney_New_South_Wales.html]]></link>
</review>
<review>
	<rating>3.0</rating>
	<author><![CDATA[A TripAdvisor Contributor]]></author>
	<date>2008-04-16</date>
	<title><![CDATA[&#x201c;Great Seafood, its who...&#x201d;]]></title>
	<excerpt><![CDATA[Great Seafood, its who you know, not what you know that gets you a table! Good for a Late Supper. more]]></excerpt>
	<link><![CDATA[http://www.tripadvisor.com/Restaurant_Review-g255060-d725205-Reviews-or10-Golden_Century-Sydney_New_South_Wales.html]]></link>
</review>
<review>
	<rating>2.0</rating>
	<author><![CDATA[A TripAdvisor Contributor]]></author>
	<date>2008-04-10</date>
	<title><![CDATA[&#x201c;overrated-rude staff&#x201d;]]></title>
	<excerpt><![CDATA[overrated-rude staff more]]></excerpt>
	<link><![CDATA[http://www.tripadvisor.com/Restaurant_Review-g255060-d725205-Reviews-or10-Golden_Century-Sydney_New_South_Wales.html]]></link>
</review>
<review>
	<rating>5.0</rating>
	<author><![CDATA[A TripAdvisor Contributor]]></author>
	<date>2008-03-27</date>
	<title><![CDATA[&#x201c;Fantastic, fast and very...&#x201d;]]></title>
	<excerpt><![CDATA[Fantastic, fast and very busy more]]></excerpt>
	<link><![CDATA[http://www.tripadvisor.com/Restaurant_Review-g255060-d725205-Reviews-or10-Golden_Century-Sydney_New_South_Wales.html]]></link>
</review>
<review>
	<rating>3.0</rating>
	<author><![CDATA[A TripAdvisor Contributor]]></author>
	<date>2008-02-20</date>
	<title><![CDATA[&#x201c;Not bad seafood...&#x201d;]]></title>
	<excerpt><![CDATA[Not bad seafood. Variable quality depending on your visit. more]]></excerpt>
	<link><![CDATA[http://www.tripadvisor.com/Restaurant_Review-g255060-d725205-Reviews-or10-Golden_Century-Sydney_New_South_Wales.html]]></link>
</review>
<review>
	<rating>4.0</rating>
	<author><![CDATA[A TripAdvisor Contributor]]></author>
	<date>2008-02-18</date>
	<title><![CDATA[&#x201c;Great mud crab with XO...&#x201d;]]></title>
	<excerpt><![CDATA[Great mud crab with XO saunce. Mmmmmmm more]]></excerpt>
	<link><![CDATA[http://www.tripadvisor.com/Restaurant_Review-g255060-d725205-Reviews-or10-Golden_Century-Sydney_New_South_Wales.html]]></link>
</review>
<review>
	<rating>4.0</rating>
	<author><![CDATA[A TripAdvisor Contributor]]></author>
	<date>2008-02-02</date>
	<title><![CDATA[&#x201c;great chinese food, a...&#x201d;]]></title>
	<excerpt><![CDATA[great chinese food, a level above your normal Chinese restaurant more]]></excerpt>
	<link><![CDATA[http://www.tripadvisor.com/Restaurant_Review-g255060-d725205-Reviews-or10-Golden_Century-Sydney_New_South_Wales.html]]></link>
</review>
<review>
	<rating>3.0</rating>
	<author><![CDATA[A TripAdvisor Contributor]]></author>
	<date>2008-01-30</date>
	<title><![CDATA[&#x201c;Great late night place!&#x201d;]]></title>
	<excerpt><![CDATA[Great late night place! more]]></excerpt>
	<link><![CDATA[http://www.tripadvisor.com/Restaurant_Review-g255060-d725205-Reviews-or20-Golden_Century-Sydney_New_South_Wales.html]]></link>
</review>
<review>
	<rating>4.0</rating>
	<author><![CDATA[A TripAdvisor Contributor]]></author>
	<date>2008-01-29</date>
	<title><![CDATA[&#x201c;Good food.&#x201d;]]></title>
	<excerpt><![CDATA[Good food. more]]></excerpt>
	<link><![CDATA[http://www.tripadvisor.com/Restaurant_Review-g255060-d725205-Reviews-or20-Golden_Century-Sydney_New_South_Wales.html]]></link>
</review>
<review>
	<rating>5.0</rating>
	<author><![CDATA[A TripAdvisor Contributor]]></author>
	<date>2008-01-26</date>
	<title><![CDATA[&#x201c;simply the best chinese...&#x201d;]]></title>
	<excerpt><![CDATA[simply the best chinese food outside of china more]]></excerpt>
	<link><![CDATA[http://www.tripadvisor.com/Restaurant_Review-g255060-d725205-Reviews-or20-Golden_Century-Sydney_New_South_Wales.html]]></link>
</review>
<review>
	<rating>3.0</rating>
	<author><![CDATA[A TripAdvisor Contributor]]></author>
	<date>2008-01-21</date>
	<title><![CDATA[&#x201c;food is great. service...&#x201d;]]></title>
	<excerpt><![CDATA[food is great. service is bad. more]]></excerpt>
	<link><![CDATA[http://www.tripadvisor.com/Restaurant_Review-g255060-d725205-Reviews-or20-Golden_Century-Sydney_New_South_Wales.html]]></link>
</review>
<review>
	<rating>5.0</rating>
	<author><![CDATA[A TripAdvisor Contributor]]></author>
	<date>2008-01-20</date>
	<title><![CDATA[&#x201c;great yum cha&#x201d;]]></title>
	<excerpt><![CDATA[great yum cha more]]></excerpt>
	<link><![CDATA[http://www.tripadvisor.com/Restaurant_Review-g255060-d725205-Reviews-or20-Golden_Century-Sydney_New_South_Wales.html]]></link>
</review>
<review>
	<rating>4.0</rating>
	<author><![CDATA[A TripAdvisor Contributor]]></author>
	<date>2008-01-16</date>
	<title><![CDATA[&#x201c;The best Chinese Food in...&#x201d;]]></title>
	<excerpt><![CDATA[The best Chinese Food in Sydney!! more]]></excerpt>
	<link><![CDATA[http://www.tripadvisor.com/Restaurant_Review-g255060-d725205-Reviews-or20-Golden_Century-Sydney_New_South_Wales.html]]></link>
</review>
<review>
	<rating>4.0</rating>
	<author><![CDATA[A TripAdvisor Contributor]]></author>
	<date>2008-01-15</date>
	<title><![CDATA[&#x201c;Old Sydney favorite, I...&#x201d;]]></title>
	<excerpt><![CDATA[Old Sydney favorite, I cant really think of anyone that hasnt eaten here that I know...
The food and service are great, and the place is allways packe]]></excerpt>
	<link><![CDATA[http://www.tripadvisor.com/Restaurant_Review-g255060-d725205-Reviews-or20-Golden_Century-Sydney_New_South_Wales.html]]></link>
</review>
<review>
	<rating>5.0</rating>
	<author><![CDATA[A TripAdvisor Contributor]]></author>
	<date>2008-01-12</date>
	<title><![CDATA[&#x201c;Love the crab. Super...&#x201d;]]></title>
	<excerpt><![CDATA[Love the crab. Super busy at dinner time, esp on weekends. more]]></excerpt>
	<link><![CDATA[http://www.tripadvisor.com/Restaurant_Review-g255060-d725205-Reviews-or20-Golden_Century-Sydney_New_South_Wales.html]]></link>
</review>
<review>
	<rating>5.0</rating>
	<author><![CDATA[A TripAdvisor Contributor]]></author>
	<date>2008-01-08</date>
	<title><![CDATA[&#x201c;Thinking about having...&#x201d;]]></title>
	<excerpt><![CDATA[Thinking about having fresh seafood dishes?? This is the place to come to besides the Sydney Fish Market. Of course the price of the seafood will be d]]></excerpt>
	<link><![CDATA[http://www.tripadvisor.com/Restaurant_Review-g255060-d725205-Reviews-or20-Golden_Century-Sydney_New_South_Wales.html]]></link>
</review>
<review>
	<rating>2.0</rating>
	<author><![CDATA[A TripAdvisor Contributor]]></author>
	<date>2008-01-07</date>
	<title><![CDATA[&#x201c;not bad&#x201d;]]></title>
	<excerpt><![CDATA[not bad more]]></excerpt>
	<link><![CDATA[http://www.tripadvisor.com/Restaurant_Review-g255060-d725205-Reviews-or20-Golden_Century-Sydney_New_South_Wales.html]]></link>
</review>
<review>
	<rating>4.0</rating>
	<author><![CDATA[A TripAdvisor Contributor]]></author>
	<date>2008-01-04</date>
	<title><![CDATA[&#x201c;Takes forever to get in...&#x201d;]]></title>
	<excerpt><![CDATA[Takes forever to get in but the food is great. more]]></excerpt>
	<link><![CDATA[http://www.tripadvisor.com/Restaurant_Review-g255060-d725205-Reviews-or30-Golden_Century-Sydney_New_South_Wales.html]]></link>
</review>
<review>
	<rating>5.0</rating>
	<author><![CDATA[A TripAdvisor Contributor]]></author>
	<date>2008-01-04</date>
	<title><![CDATA[&#x201c;Open from lunch till...&#x201d;]]></title>
	<excerpt><![CDATA[Open from lunch till 4am, provides fantastic value for money. Great food (depsite the long wait for a table for dinner). Pipis in XO sauce with fried ]]></excerpt>
	<link><![CDATA[http://www.tripadvisor.com/Restaurant_Review-g255060-d725205-Reviews-or30-Golden_Century-Sydney_New_South_Wales.html]]></link>
</review>
<review>
	<rating>1.0</rating>
	<author><![CDATA[A TripAdvisor Contributor]]></author>
	<date>2008-01-04</date>
	<title><![CDATA[&#x201c;Not that great...&#x201d;]]></title>
	<excerpt><![CDATA[Not that great... more]]></excerpt>
	<link><![CDATA[http://www.tripadvisor.com/Restaurant_Review-g255060-d725205-Reviews-or30-Golden_Century-Sydney_New_South_Wales.html]]></link>
</review>
<review>
	<rating>5.0</rating>
	<author><![CDATA[A TripAdvisor Contributor]]></author>
	<date>2008-01-03</date>
	<title><![CDATA[&#x201c;Great great seafood...&#x201d;]]></title>
	<excerpt><![CDATA[Great great seafood, lobster my favourite!!! Good for a late night supper with family and friends!! more]]></excerpt>
	<link><![CDATA[http://www.tripadvisor.com/Restaurant_Review-g255060-d725205-Reviews-or30-Golden_Century-Sydney_New_South_Wales.html]]></link>
</review>
<review>
	<rating>5.0</rating>
	<author><![CDATA[A TripAdvisor Contributor]]></author>
	<date>2008-01-02</date>
	<title><![CDATA[&#x201c;Best chinese resturant...&#x201d;]]></title>
	<excerpt><![CDATA[Best chinese resturant ever! more]]></excerpt>
	<link><![CDATA[http://www.tripadvisor.com/Restaurant_Review-g255060-d725205-Reviews-or30-Golden_Century-Sydney_New_South_Wales.html]]></link>
</review>
<review>
	<rating>2.0</rating>
	<author><![CDATA[A TripAdvisor Contributor]]></author>
	<date>2008-01-01</date>
	<title><![CDATA[&#x201c;food ok but this place...&#x201d;]]></title>
	<excerpt><![CDATA[food ok but this place seems to lack in hygiene and presentation. more]]></excerpt>
	<link><![CDATA[http://www.tripadvisor.com/Restaurant_Review-g255060-d725205-Reviews-or30-Golden_Century-Sydney_New_South_Wales.html]]></link>
</review>
<review>
	<rating>2.0</rating>
	<author><![CDATA[A TripAdvisor Contributor]]></author>
	<date>2007-12-27</date>
	<title><![CDATA[&#x201c;nice chinese&#x201d;]]></title>
	<excerpt><![CDATA[nice chinese more]]></excerpt>
	<link><![CDATA[http://www.tripadvisor.com/Restaurant_Review-g255060-d725205-Reviews-or30-Golden_Century-Sydney_New_South_Wales.html]]></link>
</review>
<review>
	<rating>2.0</rating>
	<author><![CDATA[A TripAdvisor Contributor]]></author>
	<date>2007-12-24</date>
	<title><![CDATA[&#x201c;good for a quick bite...&#x201d;]]></title>
	<excerpt><![CDATA[good for a quick bite for lunch more]]></excerpt>
	<link><![CDATA[http://www.tripadvisor.com/Restaurant_Review-g255060-d725205-Reviews-or30-Golden_Century-Sydney_New_South_Wales.html]]></link>
</review>
<review>
	<rating>4.0</rating>
	<author><![CDATA[A TripAdvisor Contributor]]></author>
	<date>2007-12-24</date>
	<title><![CDATA[&#x201c;For when you want to...&#x201d;]]></title>
	<excerpt><![CDATA[For when you want to impress the chinese family... more]]></excerpt>
	<link><![CDATA[http://www.tripadvisor.com/Restaurant_Review-g255060-d725205-Reviews-or30-Golden_Century-Sydney_New_South_Wales.html]]></link>
</review>
<review>
	<rating>4.0</rating>
	<author><![CDATA[A TripAdvisor Contributor]]></author>
	<date>2007-12-23</date>
	<title><![CDATA[&#x201c;Just about the only good...&#x201d;]]></title>
	<excerpt><![CDATA[Just about the only good place for a late night feed. more]]></excerpt>
	<link><![CDATA[http://www.tripadvisor.com/Restaurant_Review-g255060-d725205-Reviews-or30-Golden_Century-Sydney_New_South_Wales.html]]></link>
</review>
<review>
	<rating>4.0</rating>
	<author><![CDATA[A TripAdvisor Contributor]]></author>
	<date>2007-12-23</date>
	<title><![CDATA[&#x201c;i love this joint...&#x201d;]]></title>
	<excerpt><![CDATA[i love this joint, excellent food & open till late more]]></excerpt>
	<link><![CDATA[http://www.tripadvisor.com/Restaurant_Review-g255060-d725205-Reviews-or40-Golden_Century-Sydney_New_South_Wales.html]]></link>
</review>
<review>
	<rating>4.0</rating>
	<author><![CDATA[A TripAdvisor Contributor]]></author>
	<date>2007-12-22</date>
	<title><![CDATA[&#x201c;the braised tofu [peipa...&#x201d;]]></title>
	<excerpt><![CDATA[the braised tofu [peipa tofu] is the best! no where beats it! :P more]]></excerpt>
	<link><![CDATA[http://www.tripadvisor.com/Restaurant_Review-g255060-d725205-Reviews-or40-Golden_Century-Sydney_New_South_Wales.html]]></link>
</review>
<review>
	<rating>3.0</rating>
	<author><![CDATA[A TripAdvisor Contributor]]></author>
	<date>2007-12-19</date>
	<title><![CDATA[&#x201c;They open till 4am. What...&#x201d;]]></title>
	<excerpt><![CDATA[They open till 4am. What more can you ask for from this restaurant that serves up authentic Chinese dishes. more]]></excerpt>
	<link><![CDATA[http://www.tripadvisor.com/Restaurant_Review-g255060-d725205-Reviews-or40-Golden_Century-Sydney_New_South_Wales.html]]></link>
</review>
<review>
	<rating>4.0</rating>
	<author><![CDATA[A TripAdvisor Contributor]]></author>
	<date>2007-12-17</date>
	<title><![CDATA[&#x201c;Great Chinese banquet a...&#x201d;]]></title>
	<excerpt><![CDATA[Great Chinese banquet a favorite of my boss. more]]></excerpt>
	<link><![CDATA[http://www.tripadvisor.com/Restaurant_Review-g255060-d725205-Reviews-or40-Golden_Century-Sydney_New_South_Wales.html]]></link>
</review>
<review>
	<rating>4.0</rating>
	<author><![CDATA[A TripAdvisor Contributor]]></author>
	<date>2007-12-14</date>
	<title><![CDATA[&#x201c;best chinese restaurant...&#x201d;]]></title>
	<excerpt><![CDATA[best chinese restaurant ever! great for birthdays and other formal functions. loud atmosphere balanced with seafood galore! more]]></excerpt>
	<link><![CDATA[http://www.tripadvisor.com/Restaurant_Review-g255060-d725205-Reviews-or40-Golden_Century-Sydney_New_South_Wales.html]]></link>
</review>
<review>
	<rating>2.0</rating>
	<author><![CDATA[A TripAdvisor Contributor]]></author>
	<date>2007-12-13</date>
	<title><![CDATA[&#x201c;Good chinese esp. the...&#x201d;]]></title>
	<excerpt><![CDATA[Good chinese esp. the yum cha. Known for fresh seafood but not sure if they employ sustainable fishing practices. more]]></excerpt>
	<link><![CDATA[http://www.tripadvisor.com/Restaurant_Review-g255060-d725205-Reviews-or40-Golden_Century-Sydney_New_South_Wales.html]]></link>
</review>
<review>
	<rating>5.0</rating>
	<author><![CDATA[A TripAdvisor Contributor]]></author>
	<date>2007-12-11</date>
	<title><![CDATA[&#x201c;Brilliant Chinese. Make...&#x201d;]]></title>
	<excerpt><![CDATA[Brilliant Chinese. Make sure you book, and even when you do, expect a wait! more]]></excerpt>
	<link><![CDATA[http://www.tripadvisor.com/Restaurant_Review-g255060-d725205-Reviews-or40-Golden_Century-Sydney_New_South_Wales.html]]></link>
</review>
<review>
	<rating>5.0</rating>
	<author><![CDATA[A TripAdvisor Contributor]]></author>
	<date>2007-12-09</date>
	<title><![CDATA[&#x201c;I went there for a work...&#x201d;]]></title>
	<excerpt><![CDATA[I went there for a work xmas party yesterday, and it was superb!! We had 8-9 courses of entre size meals. All of them were absolutely delicious!! If]]></excerpt>
	<link><![CDATA[http://www.tripadvisor.com/Restaurant_Review-g255060-d725205-Reviews-or40-Golden_Century-Sydney_New_South_Wales.html]]></link>
</review>
<review>
	<rating>3.0</rating>
	<author><![CDATA[A TripAdvisor Contributor]]></author>
	<date>2007-12-09</date>
	<title><![CDATA[&#x201c;food is good, service is...&#x201d;]]></title>
	<excerpt><![CDATA[food is good, service is very fast but not very friendly more]]></excerpt>
	<link><![CDATA[http://www.tripadvisor.com/Restaurant_Review-g255060-d725205-Reviews-or40-Golden_Century-Sydney_New_South_Wales.html]]></link>
</review>
<review>
	<rating>4.0</rating>
	<author><![CDATA[A TripAdvisor Contributor]]></author>
	<date>2007-12-07</date>
	<title><![CDATA[&#x201c;seafood's great there...&#x201d;]]></title>
	<excerpt><![CDATA[seafood's great there... everything else is average. more]]></excerpt>
	<link><![CDATA[http://www.tripadvisor.com/Restaurant_Review-g255060-d725205-Reviews-or40-Golden_Century-Sydney_New_South_Wales.html]]></link>
</review>
<review>
	<rating>3.0</rating>
	<author><![CDATA[A TripAdvisor Contributor]]></author>
	<date>2007-11-28</date>
	<title><![CDATA[&#x201c;Pipis in XO with crispy...&#x201d;]]></title>
	<excerpt><![CDATA[Pipis in XO with crispy noodles are amazing!! more]]></excerpt>
	<link><![CDATA[http://www.tripadvisor.com/Restaurant_Review-g255060-d725205-Reviews-or50-Golden_Century-Sydney_New_South_Wales.html]]></link>
</review>
<review>
	<rating>3.0</rating>
	<author><![CDATA[A TripAdvisor Contributor]]></author>
	<date>2007-11-27</date>
	<title><![CDATA[&#x201c;Highly priced. Not sure...&#x201d;]]></title>
	<excerpt><![CDATA[Highly priced. Not sure about the taste. more]]></excerpt>
	<link><![CDATA[http://www.tripadvisor.com/Restaurant_Review-g255060-d725205-Reviews-or50-Golden_Century-Sydney_New_South_Wales.html]]></link>
</review>
<review>
	<rating>3.0</rating>
	<author><![CDATA[A TripAdvisor Contributor]]></author>
	<date>2007-11-23</date>
	<title><![CDATA[&#x201c;Kinda over-rated and I...&#x201d;]]></title>
	<excerpt><![CDATA[Kinda over-rated and I don't know why there are always huge queues to get in outside. Pretty good Chinese food more]]></excerpt>
	<link><![CDATA[http://www.tripadvisor.com/Restaurant_Review-g255060-d725205-Reviews-or50-Golden_Century-Sydney_New_South_Wales.html]]></link>
</review>
<review>
	<rating>4.0</rating>
	<author><![CDATA[A TripAdvisor Contributor]]></author>
	<date>2007-11-19</date>
	<title><![CDATA[&#x201c;Best restaurant to go to...&#x201d;]]></title>
	<excerpt><![CDATA[Best restaurant to go to after a twelve hour double. Hands down, the only decent place to eat at 3AM. more]]></excerpt>
	<link><![CDATA[http://www.tripadvisor.com/Restaurant_Review-g255060-d725205-Reviews-or50-Golden_Century-Sydney_New_South_Wales.html]]></link>
</review>
<review>
	<rating>5.0</rating>
	<author><![CDATA[A TripAdvisor Contributor]]></author>
	<date>2007-11-18</date>
	<title><![CDATA[&#x201c;Best chinese restaurant...&#x201d;]]></title>
	<excerpt><![CDATA[Best chinese restaurant in Sydney. Been going for over 10 years and the food it always worth going back for more]]></excerpt>
	<link><![CDATA[http://www.tripadvisor.com/Restaurant_Review-g255060-d725205-Reviews-or50-Golden_Century-Sydney_New_South_Wales.html]]></link>
</review>
<review>
	<rating>5.0</rating>
	<author><![CDATA[A TripAdvisor Contributor]]></author>
	<date>2007-11-17</date>
	<title><![CDATA[&#x201c;Fantastic, beware of the...&#x201d;]]></title>
	<excerpt><![CDATA[Fantastic, beware of the waiters, they are noisy and usually not very friendly but it is still one of our favourites just ignore waiters more]]></excerpt>
	<link><![CDATA[http://www.tripadvisor.com/Restaurant_Review-g255060-d725205-Reviews-or50-Golden_Century-Sydney_New_South_Wales.html]]></link>
</review>
<review>
	<rating>4.0</rating>
	<author><![CDATA[A TripAdvisor Contributor]]></author>
	<date>2007-11-07</date>
	<title><![CDATA[&#x201c;Love their salt and...&#x201d;]]></title>
	<excerpt><![CDATA[Love their salt and pepper squid..............best in Sydney. Great service, very fast. A little loud no matter what time of night you want to dine ..]]></excerpt>
	<link><![CDATA[http://www.tripadvisor.com/Restaurant_Review-g255060-d725205-Reviews-or50-Golden_Century-Sydney_New_South_Wales.html]]></link>
</review>
<review>
	<rating>4.0</rating>
	<author><![CDATA[A TripAdvisor Contributor]]></author>
	<date>2007-11-02</date>
	<title><![CDATA[&#x201c;Great mud crab with...&#x201d;]]></title>
	<excerpt><![CDATA[Great mud crab with ginger and shallot~ more]]></excerpt>
	<link><![CDATA[http://www.tripadvisor.com/Restaurant_Review-g255060-d725205-Reviews-or50-Golden_Century-Sydney_New_South_Wales.html]]></link>
</review>
<review>
	<rating>4.0</rating>
	<author><![CDATA[A TripAdvisor Contributor]]></author>
	<date>2007-11-01</date>
	<title><![CDATA[&#x201c;Decent Food, and they...&#x201d;]]></title>
	<excerpt><![CDATA[Decent Food, and they have 1 chef hat's. more]]></excerpt>
	<link><![CDATA[http://www.tripadvisor.com/Restaurant_Review-g255060-d725205-Reviews-or50-Golden_Century-Sydney_New_South_Wales.html]]></link>
</review>
</source>