<source name="Trip Advisor" avg-rating="4.5">
<review>
	<rating>3.0</rating>
	<author><![CDATA[A TripAdvisor Contributor]]></author>
	<date>2009-03-10</date>
	<title><![CDATA[&#x201c;Pretty nice from memory...&#x201d;]]></title>
	<excerpt><![CDATA[Pretty nice from memory, but the view is spectacular. more]]></excerpt>
	<link><![CDATA[http://www.tripadvisor.com/Restaurant_Review-g255060-d884916-Reviews-Guillaume_at_Bennelong-Sydney_New_South_Wales.html]]></link>
</review>
<review>
	<rating>5.0</rating>
	<author><![CDATA[Getway]]></author>
	<date>2009-02-08</date>
	<title><![CDATA[&#x201c;Sydney at it's best !&#x201d;]]></title>
	<excerpt><![CDATA[We spent the weekend in Sydney with friends (6th & 7th Feb 09) and dined at this Restaurant on the Friday night. It was a spur of the moment decision ]]></excerpt>
	<link><![CDATA[http://www.tripadvisor.com/Restaurant_Review-g255060-d884916-Reviews-Guillaume_at_Bennelong-Sydney_New_South_Wales.html]]></link>
</review>
<review>
	<rating>2.0</rating>
	<author><![CDATA[madmasri]]></author>
	<date>2008-12-16</date>
	<title><![CDATA[&#x201c;I share the sentiment: Very Disappointing!&#x201d;]]></title>
	<excerpt><![CDATA[I was actually looking forward to this meal. After the Messiah performance at the Opera, I decided that we need to try this sought-after restaurant, b]]></excerpt>
	<link><![CDATA[http://www.tripadvisor.com/Restaurant_Review-g255060-d884916-Reviews-Guillaume_at_Bennelong-Sydney_New_South_Wales.html]]></link>
</review>
<review>
	<rating>3.0</rating>
	<author><![CDATA[Mayufly]]></author>
	<date>2008-12-15</date>
	<title><![CDATA[&#x201c;Was that it???&#x201d;]]></title>
	<excerpt><![CDATA[Growing up in Sydney, Benelong was one of those restaurants that you dream of going. Being inside the Opera where you could gaze at people outside, wh]]></excerpt>
	<link><![CDATA[http://www.tripadvisor.com/Restaurant_Review-g255060-d884916-Reviews-Guillaume_at_Bennelong-Sydney_New_South_Wales.html]]></link>
</review>
<review>
	<rating>2.0</rating>
	<author><![CDATA[Florent_Demaroubra]]></author>
	<date>2008-12-14</date>
	<title><![CDATA[&#x201c;Very desapointing&#x201d;]]></title>
	<excerpt><![CDATA[We were looking forward to it... Never again... Poor service, ridicule wine recommandations from the waiter - where was the sommelier? Having say that]]></excerpt>
	<link><![CDATA[http://www.tripadvisor.com/Restaurant_Review-g255060-d884916-Reviews-Guillaume_at_Bennelong-Sydney_New_South_Wales.html]]></link>
</review>
<review>
	<rating>5.0</rating>
	<author><![CDATA[Brian_de_Kilburn]]></author>
	<date>2008-12-12</date>
	<title><![CDATA[&#x201c;Fantastic space, wonderful views, outstanding food, great value&#x201d;]]></title>
	<excerpt><![CDATA[It's like being in a small version of the Opera House, but with advantage of being on two levels, with views over the Harbour, the Botanic Gardens and]]></excerpt>
	<link><![CDATA[http://www.tripadvisor.com/Restaurant_Review-g255060-d884916-Reviews-Guillaume_at_Bennelong-Sydney_New_South_Wales.html]]></link>
</review>
<review>
	<rating>3.0</rating>
	<author><![CDATA[A TripAdvisor Contributor]]></author>
	<date>2008-10-12</date>
	<title><![CDATA[&#x201c;Quite disappointing. For...&#x201d;]]></title>
	<excerpt><![CDATA[Quite disappointing. For a restaurant so well regarded it lacked any of the wow factor I expected. Dishes fell flat, service was off-key and overall d]]></excerpt>
	<link><![CDATA[http://www.tripadvisor.com/Restaurant_Review-g255060-d884916-Reviews-Guillaume_at_Bennelong-Sydney_New_South_Wales.html]]></link>
</review>
<review>
	<rating>5.0</rating>
	<author><![CDATA[A TripAdvisor Contributor]]></author>
	<date>2008-07-28</date>
	<title><![CDATA[&#x201c;Great service. Food was...&#x201d;]]></title>
	<excerpt><![CDATA[Great service. Food was top rate, as was the service more]]></excerpt>
	<link><![CDATA[http://www.tripadvisor.com/Restaurant_Review-g255060-d884916-Reviews-Guillaume_at_Bennelong-Sydney_New_South_Wales.html]]></link>
</review>
<review>
	<rating>4.0</rating>
	<author><![CDATA[A TripAdvisor Contributor]]></author>
	<date>2008-07-10</date>
	<title><![CDATA[&#x201c;Great classic french...&#x201d;]]></title>
	<excerpt><![CDATA[Great classic french food, in a sydney landmark. Went a few years ago though, and it's lost a chefs hat since. more]]></excerpt>
	<link><![CDATA[http://www.tripadvisor.com/Restaurant_Review-g255060-d884916-Reviews-Guillaume_at_Bennelong-Sydney_New_South_Wales.html]]></link>
</review>
<review>
	<rating>5.0</rating>
	<author><![CDATA[A TripAdvisor Contributor]]></author>
	<date>2008-05-28</date>
	<title><![CDATA[&#x201c;Great chef. Location out...&#x201d;]]></title>
	<excerpt><![CDATA[Great chef. Location out of this world. Surprisingly intimate for such a large space. more]]></excerpt>
	<link><![CDATA[http://www.tripadvisor.com/Restaurant_Review-g255060-d884916-Reviews-Guillaume_at_Bennelong-Sydney_New_South_Wales.html]]></link>
</review>
<review>
	<rating>3.0</rating>
	<author><![CDATA[A TripAdvisor Contributor]]></author>
	<date>2008-05-25</date>
	<title><![CDATA[&#x201c;The smallest of the...&#x201d;]]></title>
	<excerpt><![CDATA[The smallest of the three opera buildings. Great views. Food ok, poor service. more]]></excerpt>
	<link><![CDATA[http://www.tripadvisor.com/Restaurant_Review-g255060-d884916-Reviews-or10-Guillaume_at_Bennelong-Sydney_New_South_Wales.html]]></link>
</review>
<review>
	<rating>5.0</rating>
	<author><![CDATA[A TripAdvisor Contributor]]></author>
	<date>2008-04-17</date>
	<title><![CDATA[&#x201c;We loved it, the flavors...&#x201d;]]></title>
	<excerpt><![CDATA[We loved it, the flavors were rich, and the service impeccable. more]]></excerpt>
	<link><![CDATA[http://www.tripadvisor.com/Restaurant_Review-g255060-d884916-Reviews-or10-Guillaume_at_Bennelong-Sydney_New_South_Wales.html]]></link>
</review>
<review>
	<rating>3.0</rating>
	<author><![CDATA[A TripAdvisor Contributor]]></author>
	<date>2008-03-23</date>
	<title><![CDATA[&#x201c;The only reason to go...&#x201d;]]></title>
	<excerpt><![CDATA[The only reason to go here is to say you've been. The location is fantastic and the view pretty stellar, but the food is only "pretty good", not mind-]]></excerpt>
	<link><![CDATA[http://www.tripadvisor.com/Restaurant_Review-g255060-d884916-Reviews-or10-Guillaume_at_Bennelong-Sydney_New_South_Wales.html]]></link>
</review>
<review>
	<rating>5.0</rating>
	<author><![CDATA[A TripAdvisor Contributor]]></author>
	<date>2008-03-14</date>
	<title><![CDATA[&#x201c;one of the best meals I...&#x201d;]]></title>
	<excerpt><![CDATA[one of the best meals I have had more]]></excerpt>
	<link><![CDATA[http://www.tripadvisor.com/Restaurant_Review-g255060-d884916-Reviews-or10-Guillaume_at_Bennelong-Sydney_New_South_Wales.html]]></link>
</review>
<review>
	<rating>5.0</rating>
	<author><![CDATA[A TripAdvisor Contributor]]></author>
	<date>2008-02-22</date>
	<title><![CDATA[&#x201c;One word for you...&#x201d;]]></title>
	<excerpt><![CDATA[One word for you.... Brilliant! Not only the location, service, quality of food, taste and wine list but the price is comparable to any fine dining re]]></excerpt>
	<link><![CDATA[http://www.tripadvisor.com/Restaurant_Review-g255060-d884916-Reviews-or10-Guillaume_at_Bennelong-Sydney_New_South_Wales.html]]></link>
</review>
<review>
	<rating>5.0</rating>
	<author><![CDATA[A TripAdvisor Contributor]]></author>
	<date>2008-01-20</date>
	<title><![CDATA[&#x201c;I had the degustation...&#x201d;]]></title>
	<excerpt><![CDATA[I had the degustation menu here and it was possibly the best food that I have eaten! I can think of the food now and still taste it. Quite a lot of se]]></excerpt>
	<link><![CDATA[http://www.tripadvisor.com/Restaurant_Review-g255060-d884916-Reviews-or10-Guillaume_at_Bennelong-Sydney_New_South_Wales.html]]></link>
</review>
<review>
	<rating>2.0</rating>
	<author><![CDATA[A TripAdvisor Contributor]]></author>
	<date>2008-01-13</date>
	<title><![CDATA[&#x201c;Used to be one of my...&#x201d;]]></title>
	<excerpt><![CDATA[Used to be one of my favorites, but a recent visit has shown remarkable drop in service, serving portion, and even the uniqueness of the dishes. Kille]]></excerpt>
	<link><![CDATA[http://www.tripadvisor.com/Restaurant_Review-g255060-d884916-Reviews-or10-Guillaume_at_Bennelong-Sydney_New_South_Wales.html]]></link>
</review>
<review>
	<rating>5.0</rating>
	<author><![CDATA[A TripAdvisor Contributor]]></author>
	<date>2008-01-11</date>
	<title><![CDATA[&#x201c;I cant believe this had...&#x201d;]]></title>
	<excerpt><![CDATA[I cant believe this had not been added before. more]]></excerpt>
	<link><![CDATA[http://www.tripadvisor.com/Restaurant_Review-g255060-d884916-Reviews-or10-Guillaume_at_Bennelong-Sydney_New_South_Wales.html]]></link>
</review>
</source>