<source name="Trip Advisor" avg-rating="4.5">
<review>
	<rating>3.0</rating>
	<author><![CDATA[A TripAdvisor Contributor]]></author>
	<date>2009-03-10</date>
	<title><![CDATA[&#x201c;Overrated.&#x201d;]]></title>
	<excerpt><![CDATA[Overrated. more]]></excerpt>
	<link><![CDATA[http://www.tripadvisor.com/Restaurant_Review-g255060-d946607-Reviews-Harbour_Kitchen_Bar-Sydney_New_South_Wales.html]]></link>
</review>
<review>
	<rating>5.0</rating>
	<author><![CDATA[KnaresboroughEagle]]></author>
	<date>2009-02-19</date>
	<title><![CDATA[&#x201c;mediterranean magic&#x201d;]]></title>
	<excerpt><![CDATA[Amazing location and atmosphere with direct views of The Opera House and Circular Quay. Cuisine has a predominantly Mediterranean theme producing grea]]></excerpt>
	<link><![CDATA[http://www.tripadvisor.com/Restaurant_Review-g255060-d946607-Reviews-Harbour_Kitchen_Bar-Sydney_New_South_Wales.html]]></link>
</review>
</source>