<source name="Trip Advisor" avg-rating="4.0">
<review>
	<rating>4.0</rating>
	<author><![CDATA[A TripAdvisor Contributor]]></author>
	<date>2008-01-17</date>
	<title><![CDATA[&#x201c;Great restaurant serving...&#x201d;]]></title>
	<excerpt><![CDATA[Great restaurant serving only vego food. Really nice food although portions are not that big more]]></excerpt>
	<link><![CDATA[http://www.tripadvisor.com/Restaurant_Review-g255060-d725522-Reviews-Harvest_Vegetarian_Restaurant-Sydney_New_South_Wales.html]]></link>
</review>
<review>
	<rating>3.0</rating>
	<author><![CDATA[A TripAdvisor Contributor]]></author>
	<date>2007-11-24</date>
	<title><![CDATA[&#x201c;Slightly quirky veg...&#x201d;]]></title>
	<excerpt><![CDATA[Slightly quirky veg. restaurant and ideal for treating veg. friends in the inner west. As a committed non-veg. this was a relaxed and satisfying, if s]]></excerpt>
	<link><![CDATA[http://www.tripadvisor.com/Restaurant_Review-g255060-d725522-Reviews-Harvest_Vegetarian_Restaurant-Sydney_New_South_Wales.html]]></link>
</review>
</source>