<source name="Trip Advisor" avg-rating="4.0">
<review>
	<rating>4.0</rating>
	<author><![CDATA[colourbird]]></author>
	<date>2008-08-13</date>
	<title><![CDATA[&#x201c;Great food and a great...&#x201d;]]></title>
	<excerpt><![CDATA[Great food and a great view. more]]></excerpt>
	<link><![CDATA[http://www.tripadvisor.com/Restaurant_Review-g255060-d725650-Reviews-Icebergs_Dining_Room_Bar-Sydney_New_South_Wales.html]]></link>
</review>
<review>
	<rating>1.0</rating>
	<author><![CDATA[A TripAdvisor Contributor]]></author>
	<date>2008-08-02</date>
	<title><![CDATA[&#x201c;The only good thing...&#x201d;]]></title>
	<excerpt><![CDATA[The only good thing about this restaurant was the view.
We came in for a special occasion. The service was patronising and unbelievably slow, it took ]]></excerpt>
	<link><![CDATA[http://www.tripadvisor.com/Restaurant_Review-g255060-d725650-Reviews-Icebergs_Dining_Room_Bar-Sydney_New_South_Wales.html]]></link>
</review>
<review>
	<rating>5.0</rating>
	<author><![CDATA[A TripAdvisor Contributor]]></author>
	<date>2008-07-28</date>
	<title><![CDATA[&#x201c;Outstandingview. Great...&#x201d;]]></title>
	<excerpt><![CDATA[Outstandingview. Great food. I have continually been impressed with the service. more]]></excerpt>
	<link><![CDATA[http://www.tripadvisor.com/Restaurant_Review-g255060-d725650-Reviews-Icebergs_Dining_Room_Bar-Sydney_New_South_Wales.html]]></link>
</review>
<review>
	<rating>3.0</rating>
	<author><![CDATA[A TripAdvisor Contributor]]></author>
	<date>2008-07-21</date>
	<title><![CDATA[&#x201c;Despite great location...&#x201d;]]></title>
	<excerpt><![CDATA[Despite great location, this restaurant is highly over rated. Go there if you want to see and be seen, not so much for the food more]]></excerpt>
	<link><![CDATA[http://www.tripadvisor.com/Restaurant_Review-g255060-d725650-Reviews-Icebergs_Dining_Room_Bar-Sydney_New_South_Wales.html]]></link>
</review>
<review>
	<rating>3.0</rating>
	<author><![CDATA[A TripAdvisor Contributor]]></author>
	<date>2008-05-16</date>
	<title><![CDATA[&#x201c;Food's good. Didn't...&#x201d;]]></title>
	<excerpt><![CDATA[Food's good. Didn't quite like the dessert. Memorable view. more]]></excerpt>
	<link><![CDATA[http://www.tripadvisor.com/Restaurant_Review-g255060-d725650-Reviews-Icebergs_Dining_Room_Bar-Sydney_New_South_Wales.html]]></link>
</review>
<review>
	<rating>5.0</rating>
	<author><![CDATA[A TripAdvisor Contributor]]></author>
	<date>2008-04-25</date>
	<title><![CDATA[&#x201c;Visit this place at...&#x201d;]]></title>
	<excerpt><![CDATA[Visit this place at lunch time on a sparkling Sydney day for an absolutely stunning experience. Worth every cent! Food is excellent, with professional]]></excerpt>
	<link><![CDATA[http://www.tripadvisor.com/Restaurant_Review-g255060-d725650-Reviews-Icebergs_Dining_Room_Bar-Sydney_New_South_Wales.html]]></link>
</review>
<review>
	<rating>5.0</rating>
	<author><![CDATA[A TripAdvisor Contributor]]></author>
	<date>2008-03-26</date>
	<title><![CDATA[&#x201c;How can you not love...&#x201d;]]></title>
	<excerpt><![CDATA[How can you not love it?! Too busy but great location, nice food, cold beer and the best people watching in Sydney! more]]></excerpt>
	<link><![CDATA[http://www.tripadvisor.com/Restaurant_Review-g255060-d725650-Reviews-Icebergs_Dining_Room_Bar-Sydney_New_South_Wales.html]]></link>
</review>
<review>
	<rating>5.0</rating>
	<author><![CDATA[A TripAdvisor Contributor]]></author>
	<date>2008-02-21</date>
	<title><![CDATA[&#x201c;Steak cooked to...&#x201d;]]></title>
	<excerpt><![CDATA[Steak cooked to perfection and a perfect view more]]></excerpt>
	<link><![CDATA[http://www.tripadvisor.com/Restaurant_Review-g255060-d725650-Reviews-Icebergs_Dining_Room_Bar-Sydney_New_South_Wales.html]]></link>
</review>
<review>
	<rating>3.0</rating>
	<author><![CDATA[A TripAdvisor Contributor]]></author>
	<date>2008-02-20</date>
	<title><![CDATA[&#x201c;Perfect view!&#x201d;]]></title>
	<excerpt><![CDATA[Perfect view! more]]></excerpt>
	<link><![CDATA[http://www.tripadvisor.com/Restaurant_Review-g255060-d725650-Reviews-Icebergs_Dining_Room_Bar-Sydney_New_South_Wales.html]]></link>
</review>
<review>
	<rating>1.0</rating>
	<author><![CDATA[A TripAdvisor Contributor]]></author>
	<date>2008-02-18</date>
	<title><![CDATA[&#x201c;So bloody hard to get a...&#x201d;]]></title>
	<excerpt><![CDATA[So bloody hard to get a booking! more]]></excerpt>
	<link><![CDATA[http://www.tripadvisor.com/Restaurant_Review-g255060-d725650-Reviews-Icebergs_Dining_Room_Bar-Sydney_New_South_Wales.html]]></link>
</review>
<review>
	<rating>5.0</rating>
	<author><![CDATA[A TripAdvisor Contributor]]></author>
	<date>2008-02-01</date>
	<title><![CDATA[&#x201c;Everything about...&#x201d;]]></title>
	<excerpt><![CDATA[Everything about Icebergs is divine. The view on a sunny day is the best in the world, the service is perfect & the food is to die for. Thank God I di]]></excerpt>
	<link><![CDATA[http://www.tripadvisor.com/Restaurant_Review-g255060-d725650-Reviews-or10-Icebergs_Dining_Room_Bar-Sydney_New_South_Wales.html]]></link>
</review>
<review>
	<rating>4.0</rating>
	<author><![CDATA[A TripAdvisor Contributor]]></author>
	<date>2008-01-15</date>
	<title><![CDATA[&#x201c;Does the best soft-shell...&#x201d;]]></title>
	<excerpt><![CDATA[Does the best soft-shell prawns. Can't beat the view. more]]></excerpt>
	<link><![CDATA[http://www.tripadvisor.com/Restaurant_Review-g255060-d725650-Reviews-or10-Icebergs_Dining_Room_Bar-Sydney_New_South_Wales.html]]></link>
</review>
<review>
	<rating>3.0</rating>
	<author><![CDATA[awinarto]]></author>
	<date>2008-01-10</date>
	<title><![CDATA[&#x201c;Great view of Bondi...&#x201d;]]></title>
	<excerpt><![CDATA[Great view of Bondi. Better to go for lunch on a sunny day so you can soak in the view. more]]></excerpt>
	<link><![CDATA[http://www.tripadvisor.com/Restaurant_Review-g255060-d725650-Reviews-or10-Icebergs_Dining_Room_Bar-Sydney_New_South_Wales.html]]></link>
</review>
<review>
	<rating>4.0</rating>
	<author><![CDATA[A TripAdvisor Contributor]]></author>
	<date>2008-01-06</date>
	<title><![CDATA[&#x201c;Only been to the...&#x201d;]]></title>
	<excerpt><![CDATA[Only been to the downstairs Bistro, but what a view! The flathead fillets and chips are superb. more]]></excerpt>
	<link><![CDATA[http://www.tripadvisor.com/Restaurant_Review-g255060-d725650-Reviews-or10-Icebergs_Dining_Room_Bar-Sydney_New_South_Wales.html]]></link>
</review>
<review>
	<rating>4.0</rating>
	<author><![CDATA[A TripAdvisor Contributor]]></author>
	<date>2008-01-06</date>
	<title><![CDATA[&#x201c;Great atmosphere & food...&#x201d;]]></title>
	<excerpt><![CDATA[Great atmosphere & food. Too bad that it's a bit pricy to visit as often as I want to. more]]></excerpt>
	<link><![CDATA[http://www.tripadvisor.com/Restaurant_Review-g255060-d725650-Reviews-or10-Icebergs_Dining_Room_Bar-Sydney_New_South_Wales.html]]></link>
</review>
<review>
	<rating>5.0</rating>
	<author><![CDATA[A TripAdvisor Contributor]]></author>
	<date>2008-01-04</date>
	<title><![CDATA[&#x201c;Stunning setting...&#x201d;]]></title>
	<excerpt><![CDATA[Stunning setting overlooking the world famous Bondi Beach.
Iceberg's will create and re-create the best in Sydney food!
A must for sydney siders and t]]></excerpt>
	<link><![CDATA[http://www.tripadvisor.com/Restaurant_Review-g255060-d725650-Reviews-or10-Icebergs_Dining_Room_Bar-Sydney_New_South_Wales.html]]></link>
</review>
<review>
	<rating>5.0</rating>
	<author><![CDATA[A TripAdvisor Contributor]]></author>
	<date>2007-12-26</date>
	<title><![CDATA[&#x201c;nice view!!&#x201d;]]></title>
	<excerpt><![CDATA[nice view!! more]]></excerpt>
	<link><![CDATA[http://www.tripadvisor.com/Restaurant_Review-g255060-d725650-Reviews-or10-Icebergs_Dining_Room_Bar-Sydney_New_South_Wales.html]]></link>
</review>
<review>
	<rating>4.0</rating>
	<author><![CDATA[A TripAdvisor Contributor]]></author>
	<date>2007-12-24</date>
	<title><![CDATA[&#x201c;Impressive views, superb...&#x201d;]]></title>
	<excerpt><![CDATA[Impressive views, superb cocktails and food to match. A place to be seen and to impress the non bondi commoner more]]></excerpt>
	<link><![CDATA[http://www.tripadvisor.com/Restaurant_Review-g255060-d725650-Reviews-or10-Icebergs_Dining_Room_Bar-Sydney_New_South_Wales.html]]></link>
</review>
<review>
	<rating>4.0</rating>
	<author><![CDATA[A TripAdvisor Contributor]]></author>
	<date>2007-12-22</date>
	<title><![CDATA[&#x201c;fun and good food&#x201d;]]></title>
	<excerpt><![CDATA[fun and good food more]]></excerpt>
	<link><![CDATA[http://www.tripadvisor.com/Restaurant_Review-g255060-d725650-Reviews-or10-Icebergs_Dining_Room_Bar-Sydney_New_South_Wales.html]]></link>
</review>
<review>
	<rating>5.0</rating>
	<author><![CDATA[A TripAdvisor Contributor]]></author>
	<date>2007-12-19</date>
	<title><![CDATA[&#x201c;Best view in Sydney&#x201d;]]></title>
	<excerpt><![CDATA[Best view in Sydney more]]></excerpt>
	<link><![CDATA[http://www.tripadvisor.com/Restaurant_Review-g255060-d725650-Reviews-or10-Icebergs_Dining_Room_Bar-Sydney_New_South_Wales.html]]></link>
</review>
<review>
	<rating>5.0</rating>
	<author><![CDATA[A TripAdvisor Contributor]]></author>
	<date>2007-12-17</date>
	<title><![CDATA[&#x201c;Fabulous with friends on...&#x201d;]]></title>
	<excerpt><![CDATA[Fabulous with friends on a gorgeous Sunny Sunday... more]]></excerpt>
	<link><![CDATA[http://www.tripadvisor.com/Restaurant_Review-g255060-d725650-Reviews-or20-Icebergs_Dining_Room_Bar-Sydney_New_South_Wales.html]]></link>
</review>
<review>
	<rating>3.0</rating>
	<author><![CDATA[A TripAdvisor Contributor]]></author>
	<date>2007-12-13</date>
	<title><![CDATA[&#x201c;Where is everyone? I...&#x201d;]]></title>
	<excerpt><![CDATA[Where is everyone? I could barely see the food in front of me. Swordfish was great. Expect to pay more here more]]></excerpt>
	<link><![CDATA[http://www.tripadvisor.com/Restaurant_Review-g255060-d725650-Reviews-or20-Icebergs_Dining_Room_Bar-Sydney_New_South_Wales.html]]></link>
</review>
<review>
	<rating>4.0</rating>
	<author><![CDATA[A TripAdvisor Contributor]]></author>
	<date>2007-12-13</date>
	<title><![CDATA[&#x201c;Hugely expensive, but...&#x201d;]]></title>
	<excerpt><![CDATA[Hugely expensive, but the view is incredible and the service of a level you'd expect. Breathtaking surrounds, though the food is perhaps not as good a]]></excerpt>
	<link><![CDATA[http://www.tripadvisor.com/Restaurant_Review-g255060-d725650-Reviews-or20-Icebergs_Dining_Room_Bar-Sydney_New_South_Wales.html]]></link>
</review>
<review>
	<rating>4.0</rating>
	<author><![CDATA[A TripAdvisor Contributor]]></author>
	<date>2007-12-12</date>
	<title><![CDATA[&#x201c;Great service and great...&#x201d;]]></title>
	<excerpt><![CDATA[Great service and great food.. more]]></excerpt>
	<link><![CDATA[http://www.tripadvisor.com/Restaurant_Review-g255060-d725650-Reviews-or20-Icebergs_Dining_Room_Bar-Sydney_New_South_Wales.html]]></link>
</review>
<review>
	<rating>4.0</rating>
	<author><![CDATA[A TripAdvisor Contributor]]></author>
	<date>2007-12-11</date>
	<title><![CDATA[&#x201c;Great view, Good Food...&#x201d;]]></title>
	<excerpt><![CDATA[Great view, Good Food, Predictable and reliable... more]]></excerpt>
	<link><![CDATA[http://www.tripadvisor.com/Restaurant_Review-g255060-d725650-Reviews-or20-Icebergs_Dining_Room_Bar-Sydney_New_South_Wales.html]]></link>
</review>
<review>
	<rating>2.0</rating>
	<author><![CDATA[A TripAdvisor Contributor]]></author>
	<date>2007-12-05</date>
	<title><![CDATA[&#x201c;This place is for...&#x201d;]]></title>
	<excerpt><![CDATA[This place is for gullible tourists only. There's not really much difference between the bar food they serve downstairs and the overpriced rubbish the]]></excerpt>
	<link><![CDATA[http://www.tripadvisor.com/Restaurant_Review-g255060-d725650-Reviews-or20-Icebergs_Dining_Room_Bar-Sydney_New_South_Wales.html]]></link>
</review>
<review>
	<rating>3.0</rating>
	<author><![CDATA[A TripAdvisor Contributor]]></author>
	<date>2007-12-04</date>
	<title><![CDATA[&#x201c;I'm neutral to this...&#x201d;]]></title>
	<excerpt><![CDATA[I'm neutral to this place, i think its over hyped but the food is decent (nothing fancy or special, but of a good quality - i cannot remember what I a]]></excerpt>
	<link><![CDATA[http://www.tripadvisor.com/Restaurant_Review-g255060-d725650-Reviews-or20-Icebergs_Dining_Room_Bar-Sydney_New_South_Wales.html]]></link>
</review>
<review>
	<rating>2.0</rating>
	<author><![CDATA[A TripAdvisor Contributor]]></author>
	<date>2007-12-03</date>
	<title><![CDATA[&#x201c;Call me crazy, but I...&#x201d;]]></title>
	<excerpt><![CDATA[Call me crazy, but I found this restaurant a little too pretentious, noisy and overpriced. The food was good but I've had better for less. more]]></excerpt>
	<link><![CDATA[http://www.tripadvisor.com/Restaurant_Review-g255060-d725650-Reviews-or20-Icebergs_Dining_Room_Bar-Sydney_New_South_Wales.html]]></link>
</review>
<review>
	<rating>5.0</rating>
	<author><![CDATA[A TripAdvisor Contributor]]></author>
	<date>2007-12-03</date>
	<title><![CDATA[&#x201c;Perfect place in my...&#x201d;]]></title>
	<excerpt><![CDATA[Perfect place in my perfect city! more]]></excerpt>
	<link><![CDATA[http://www.tripadvisor.com/Restaurant_Review-g255060-d725650-Reviews-or20-Icebergs_Dining_Room_Bar-Sydney_New_South_Wales.html]]></link>
</review>
<review>
	<rating>3.0</rating>
	<author><![CDATA[A TripAdvisor Contributor]]></author>
	<date>2007-12-02</date>
	<title><![CDATA[&#x201c;great for couples...&#x201d;]]></title>
	<excerpt><![CDATA[great for couples especially with beautiful view of bondi beach more]]></excerpt>
	<link><![CDATA[http://www.tripadvisor.com/Restaurant_Review-g255060-d725650-Reviews-or20-Icebergs_Dining_Room_Bar-Sydney_New_South_Wales.html]]></link>
</review>
<review>
	<rating>5.0</rating>
	<author><![CDATA[A TripAdvisor Contributor]]></author>
	<date>2007-11-30</date>
	<title><![CDATA[&#x201c;Love the view!&#x201d;]]></title>
	<excerpt><![CDATA[Love the view! more]]></excerpt>
	<link><![CDATA[http://www.tripadvisor.com/Restaurant_Review-g255060-d725650-Reviews-or30-Icebergs_Dining_Room_Bar-Sydney_New_South_Wales.html]]></link>
</review>
<review>
	<rating>3.0</rating>
	<author><![CDATA[A TripAdvisor Contributor]]></author>
	<date>2007-11-28</date>
	<title><![CDATA[&#x201c;Food average, view...&#x201d;]]></title>
	<excerpt><![CDATA[Food average, view amazing. more]]></excerpt>
	<link><![CDATA[http://www.tripadvisor.com/Restaurant_Review-g255060-d725650-Reviews-or30-Icebergs_Dining_Room_Bar-Sydney_New_South_Wales.html]]></link>
</review>
<review>
	<rating>5.0</rating>
	<author><![CDATA[A TripAdvisor Contributor]]></author>
	<date>2007-11-27</date>
	<title><![CDATA[&#x201c;Looking over Bondi...&#x201d;]]></title>
	<excerpt><![CDATA[Looking over Bondi Beach, fantastic food. Just love it more]]></excerpt>
	<link><![CDATA[http://www.tripadvisor.com/Restaurant_Review-g255060-d725650-Reviews-or30-Icebergs_Dining_Room_Bar-Sydney_New_South_Wales.html]]></link>
</review>
<review>
	<rating>3.0</rating>
	<author><![CDATA[A TripAdvisor Contributor]]></author>
	<date>2007-11-26</date>
	<title><![CDATA[&#x201c;What a wonderful...&#x201d;]]></title>
	<excerpt><![CDATA[What a wonderful location. If location scored marks alone, it would be 5. However, the food lacked a punch that was deserving of such a location, and ]]></excerpt>
	<link><![CDATA[http://www.tripadvisor.com/Restaurant_Review-g255060-d725650-Reviews-or30-Icebergs_Dining_Room_Bar-Sydney_New_South_Wales.html]]></link>
</review>
<review>
	<rating>5.0</rating>
	<author><![CDATA[A TripAdvisor Contributor]]></author>
	<date>2007-11-23</date>
	<title><![CDATA[&#x201c;Gotta love this...&#x201d;]]></title>
	<excerpt><![CDATA[Gotta love this restaurant. Perched above the Bondi cliff-face overlooking the beach, fantastic dining room, bar with great seafood! A must-do! more]]></excerpt>
	<link><![CDATA[http://www.tripadvisor.com/Restaurant_Review-g255060-d725650-Reviews-or30-Icebergs_Dining_Room_Bar-Sydney_New_South_Wales.html]]></link>
</review>
<review>
	<rating>5.0</rating>
	<author><![CDATA[A TripAdvisor Contributor]]></author>
	<date>2007-11-21</date>
	<title><![CDATA[&#x201c;Best steak ever and the...&#x201d;]]></title>
	<excerpt><![CDATA[Best steak ever and the view is unrivaled. more]]></excerpt>
	<link><![CDATA[http://www.tripadvisor.com/Restaurant_Review-g255060-d725650-Reviews-or30-Icebergs_Dining_Room_Bar-Sydney_New_South_Wales.html]]></link>
</review>
<review>
	<rating>4.0</rating>
	<author><![CDATA[A TripAdvisor Contributor]]></author>
	<date>2007-11-18</date>
	<title><![CDATA[&#x201c;Considered to be one of...&#x201d;]]></title>
	<excerpt><![CDATA[Considered to be one of the bext restaurants to go to in Sydney situated in the most ideal locations ever. The view makes the experience a great one a]]></excerpt>
	<link><![CDATA[http://www.tripadvisor.com/Restaurant_Review-g255060-d725650-Reviews-or30-Icebergs_Dining_Room_Bar-Sydney_New_South_Wales.html]]></link>
</review>
<review>
	<rating>4.0</rating>
	<author><![CDATA[A TripAdvisor Contributor]]></author>
	<date>2007-11-15</date>
	<title><![CDATA[&#x201c;Amazing views. Great...&#x201d;]]></title>
	<excerpt><![CDATA[Amazing views. Great Lunch! Coolest atmosphere. more]]></excerpt>
	<link><![CDATA[http://www.tripadvisor.com/Restaurant_Review-g255060-d725650-Reviews-or30-Icebergs_Dining_Room_Bar-Sydney_New_South_Wales.html]]></link>
</review>
<review>
	<rating>5.0</rating>
	<author><![CDATA[A TripAdvisor Contributor]]></author>
	<date>2007-11-10</date>
	<title><![CDATA[&#x201c;great for lunch...&#x201d;]]></title>
	<excerpt><![CDATA[great for lunch, especially with an out of towner! Take me there any day... more]]></excerpt>
	<link><![CDATA[http://www.tripadvisor.com/Restaurant_Review-g255060-d725650-Reviews-or30-Icebergs_Dining_Room_Bar-Sydney_New_South_Wales.html]]></link>
</review>
<review>
	<rating>4.0</rating>
	<author><![CDATA[A TripAdvisor Contributor]]></author>
	<date>2007-11-08</date>
	<title><![CDATA[&#x201c;great...&#x201d;]]></title>
	<excerpt><![CDATA[great atmosphere.....awsome views more]]></excerpt>
	<link><![CDATA[http://www.tripadvisor.com/Restaurant_Review-g255060-d725650-Reviews-or30-Icebergs_Dining_Room_Bar-Sydney_New_South_Wales.html]]></link>
</review>
<review>
	<rating>4.0</rating>
	<author><![CDATA[A TripAdvisor Contributor]]></author>
	<date>2007-11-08</date>
	<title><![CDATA[&#x201c;Best view in Bondi...&#x201d;]]></title>
	<excerpt><![CDATA[Best view in Bondi! Great bar, love the swinging chairs more]]></excerpt>
	<link><![CDATA[http://www.tripadvisor.com/Restaurant_Review-g255060-d725650-Reviews-or40-Icebergs_Dining_Room_Bar-Sydney_New_South_Wales.html]]></link>
</review>
<review>
	<rating>4.0</rating>
	<author><![CDATA[A TripAdvisor Contributor]]></author>
	<date>2007-11-07</date>
	<title><![CDATA[&#x201c;Amazing view, great...&#x201d;]]></title>
	<excerpt><![CDATA[Amazing view, great food, even better with live music ... more]]></excerpt>
	<link><![CDATA[http://www.tripadvisor.com/Restaurant_Review-g255060-d725650-Reviews-or40-Icebergs_Dining_Room_Bar-Sydney_New_South_Wales.html]]></link>
</review>
<review>
	<rating>5.0</rating>
	<author><![CDATA[A TripAdvisor Contributor]]></author>
	<date>2007-11-02</date>
	<title><![CDATA[&#x201c;Great view~delicious...&#x201d;]]></title>
	<excerpt><![CDATA[Great view~delicious food and amicable services~Strongly recomended for couples:) more]]></excerpt>
	<link><![CDATA[http://www.tripadvisor.com/Restaurant_Review-g255060-d725650-Reviews-or40-Icebergs_Dining_Room_Bar-Sydney_New_South_Wales.html]]></link>
</review>
<review>
	<rating>5.0</rating>
	<author><![CDATA[A TripAdvisor Contributor]]></author>
	<date>2007-10-30</date>
	<title><![CDATA[&#x201c;Great food, wine...&#x201d;]]></title>
	<excerpt><![CDATA[Great food, wine, cocktails and location! more]]></excerpt>
	<link><![CDATA[http://www.tripadvisor.com/Restaurant_Review-g255060-d725650-Reviews-or40-Icebergs_Dining_Room_Bar-Sydney_New_South_Wales.html]]></link>
</review>
</source>