<source name="Trip Advisor" avg-rating="4.0">
<review>
	<rating>4.0</rating>
	<author><![CDATA[A TripAdvisor Contributor]]></author>
	<date>2008-01-07</date>
	<title><![CDATA[&#x201c;best indian ive had in...&#x201d;]]></title>
	<excerpt><![CDATA[best indian ive had in Sydney more]]></excerpt>
	<link><![CDATA[http://www.tripadvisor.com/Restaurant_Review-g255060-d725850-Reviews-Indian_Palace_Restaurant-Sydney_New_South_Wales.html]]></link>
</review>
<review>
	<rating>3.0</rating>
	<author><![CDATA[A TripAdvisor Contributor]]></author>
	<date>2007-12-14</date>
	<title><![CDATA[&#x201c;Pretty good Indian and...&#x201d;]]></title>
	<excerpt><![CDATA[Pretty good Indian and value for money more]]></excerpt>
	<link><![CDATA[http://www.tripadvisor.com/Restaurant_Review-g255060-d725850-Reviews-Indian_Palace_Restaurant-Sydney_New_South_Wales.html]]></link>
</review>
<review>
	<rating>4.0</rating>
	<author><![CDATA[A TripAdvisor Contributor]]></author>
	<date>2007-12-13</date>
	<title><![CDATA[&#x201c;Butter chicken is to die...&#x201d;]]></title>
	<excerpt><![CDATA[Butter chicken is to die for. Also try the amazing naan and papadums. more]]></excerpt>
	<link><![CDATA[http://www.tripadvisor.com/Restaurant_Review-g255060-d725850-Reviews-Indian_Palace_Restaurant-Sydney_New_South_Wales.html]]></link>
</review>
<review>
	<rating>3.0</rating>
	<author><![CDATA[A TripAdvisor Contributor]]></author>
	<date>2007-11-28</date>
	<title><![CDATA[&#x201c;Good solid food and...&#x201d;]]></title>
	<excerpt><![CDATA[Good solid food and service. more]]></excerpt>
	<link><![CDATA[http://www.tripadvisor.com/Restaurant_Review-g255060-d725850-Reviews-Indian_Palace_Restaurant-Sydney_New_South_Wales.html]]></link>
</review>
<review>
	<rating>5.0</rating>
	<author><![CDATA[A TripAdvisor Contributor]]></author>
	<date>2007-11-23</date>
	<title><![CDATA[&#x201c;5 star all the way, say...&#x201d;]]></title>
	<excerpt><![CDATA[5 star all the way, say hello to Narinda the owner he's a legend! more]]></excerpt>
	<link><![CDATA[http://www.tripadvisor.com/Restaurant_Review-g255060-d725850-Reviews-Indian_Palace_Restaurant-Sydney_New_South_Wales.html]]></link>
</review>
</source>