<source name="Trip Advisor" avg-rating="4.0">
<review>
	<rating>3.0</rating>
	<author><![CDATA[A TripAdvisor Contributor]]></author>
	<date>2008-07-19</date>
	<title><![CDATA[&#x201c;Not bad for some...&#x201d;]]></title>
	<excerpt><![CDATA[Not bad for some Singaporean chinese cuisine more]]></excerpt>
	<link><![CDATA[http://www.tripadvisor.com/Restaurant_Review-g255060-d725892-Reviews-Istana_Restaurant-Sydney_New_South_Wales.html]]></link>
</review>
<review>
	<rating>3.0</rating>
	<author><![CDATA[A TripAdvisor Contributor]]></author>
	<date>2008-05-03</date>
	<title><![CDATA[&#x201c;Hainan chicken & Hokkien...&#x201d;]]></title>
	<excerpt><![CDATA[Hainan chicken & Hokkien mee... yum more]]></excerpt>
	<link><![CDATA[http://www.tripadvisor.com/Restaurant_Review-g255060-d725892-Reviews-Istana_Restaurant-Sydney_New_South_Wales.html]]></link>
</review>
</source>