<source name="Trip Advisor" avg-rating="4.5">
<review>
	<rating>4.0</rating>
	<author><![CDATA[A TripAdvisor Contributor]]></author>
	<date>2008-08-22</date>
	<title><![CDATA[&#x201c;might have to loosen...&#x201d;]]></title>
	<excerpt><![CDATA[might have to loosen your belt for this one. pork knuckle A+ more]]></excerpt>
	<link><![CDATA[http://www.tripadvisor.com/Restaurant_Review-g255060-d726198-Reviews-Kaiser_Stub_n-Sydney_New_South_Wales.html]]></link>
</review>
<review>
	<rating>4.0</rating>
	<author><![CDATA[A TripAdvisor Contributor]]></author>
	<date>2007-11-26</date>
	<title><![CDATA[&#x201c;Excellent and authentic&#x201d;]]></title>
	<excerpt><![CDATA[Excellent and authentic more]]></excerpt>
	<link><![CDATA[http://www.tripadvisor.com/Restaurant_Review-g255060-d726198-Reviews-Kaiser_Stub_n-Sydney_New_South_Wales.html]]></link>
</review>
</source>