<source name="Trip Advisor" avg-rating="4.0">
<review>
	<rating>3.0</rating>
	<author><![CDATA[A TripAdvisor Contributor]]></author>
	<date>2008-02-14</date>
	<title><![CDATA[&#x201c;While the food was nice...&#x201d;]]></title>
	<excerpt><![CDATA[While the food was nice, the miniscule portion, coupled with the astronomical price, knocks off a few stars. You can find African food of the same qua]]></excerpt>
	<link><![CDATA[http://www.tripadvisor.com/Restaurant_Review-g255060-d726261-Reviews-Kilimanjaro-Sydney_New_South_Wales.html]]></link>
</review>
<review>
	<rating>1.0</rating>
	<author><![CDATA[A TripAdvisor Contributor]]></author>
	<date>2008-02-12</date>
	<title><![CDATA[&#x201c;The food here is a bit...&#x201d;]]></title>
	<excerpt><![CDATA[The food here is a bit different and isn't bad. The main trouble is that they massively overcharge for it. The menu on the wall indicates that it is $]]></excerpt>
	<link><![CDATA[http://www.tripadvisor.com/Restaurant_Review-g255060-d726261-Reviews-Kilimanjaro-Sydney_New_South_Wales.html]]></link>
</review>
</source>