<source name="Trip Advisor" avg-rating="4.5">
<review>
	<rating>5.0</rating>
	<author><![CDATA[cammos]]></author>
	<date>2009-01-11</date>
	<title><![CDATA[&#x201c;Before it's Time!&#x201d;]]></title>
	<excerpt><![CDATA[Before it's Time! more]]></excerpt>
	<link><![CDATA[http://www.tripadvisor.com/Restaurant_Review-g255060-d726908-Reviews-Longrain-Sydney_New_South_Wales.html]]></link>
</review>
<review>
	<rating>3.0</rating>
	<author><![CDATA[A TripAdvisor Contributor]]></author>
	<date>2008-12-19</date>
	<title><![CDATA[&#x201c;I think Longrain is...&#x201d;]]></title>
	<excerpt><![CDATA[I think Longrain is over-rated. It's good, but for what you pay, I don't think it's that special. Killer cocktails though! more]]></excerpt>
	<link><![CDATA[http://www.tripadvisor.com/Restaurant_Review-g255060-d726908-Reviews-Longrain-Sydney_New_South_Wales.html]]></link>
</review>
<review>
	<rating>4.0</rating>
	<author><![CDATA[A TripAdvisor Contributor]]></author>
	<date>2008-11-06</date>
	<title><![CDATA[&#x201c;yum&#x201d;]]></title>
	<excerpt><![CDATA[yum more]]></excerpt>
	<link><![CDATA[http://www.tripadvisor.com/Restaurant_Review-g255060-d726908-Reviews-Longrain-Sydney_New_South_Wales.html]]></link>
</review>
<review>
	<rating>5.0</rating>
	<author><![CDATA[JJSydney]]></author>
	<date>2008-08-28</date>
	<title><![CDATA[&#x201c;One of my favourite Sydney Restaurants&#x201d;]]></title>
	<excerpt><![CDATA[I live in Sydney, travel extensively all over the world and this is one of my favourite restaurants. The food is modern Thai - and the flavours are si]]></excerpt>
	<link><![CDATA[http://www.tripadvisor.com/Restaurant_Review-g255060-d726908-Reviews-Longrain-Sydney_New_South_Wales.html]]></link>
</review>
<review>
	<rating>5.0</rating>
	<author><![CDATA[A TripAdvisor Contributor]]></author>
	<date>2008-08-24</date>
	<title><![CDATA[&#x201c;I love this place...&#x201d;]]></title>
	<excerpt><![CDATA[I love this place. Great drinks, delicious food, fun atmosphere. more]]></excerpt>
	<link><![CDATA[http://www.tripadvisor.com/Restaurant_Review-g255060-d726908-Reviews-Longrain-Sydney_New_South_Wales.html]]></link>
</review>
<review>
	<rating>5.0</rating>
	<author><![CDATA[A TripAdvisor Contributor]]></author>
	<date>2008-08-22</date>
	<title><![CDATA[&#x201c;very nice caprioskas&#x201d;]]></title>
	<excerpt><![CDATA[very nice caprioskas more]]></excerpt>
	<link><![CDATA[http://www.tripadvisor.com/Restaurant_Review-g255060-d726908-Reviews-Longrain-Sydney_New_South_Wales.html]]></link>
</review>
<review>
	<rating>4.0</rating>
	<author><![CDATA[A TripAdvisor Contributor]]></author>
	<date>2008-07-20</date>
	<title><![CDATA[&#x201c;Good for Modern Thai...&#x201d;]]></title>
	<excerpt><![CDATA[Good for Modern Thai Cuisine more]]></excerpt>
	<link><![CDATA[http://www.tripadvisor.com/Restaurant_Review-g255060-d726908-Reviews-Longrain-Sydney_New_South_Wales.html]]></link>
</review>
<review>
	<rating>5.0</rating>
	<author><![CDATA[A TripAdvisor Contributor]]></author>
	<date>2008-07-19</date>
	<title><![CDATA[&#x201c;GREAT food, but the...&#x201d;]]></title>
	<excerpt><![CDATA[GREAT food, but the communal seating is not my preference and I dislike sitting on tall stools when eating delicious food more]]></excerpt>
	<link><![CDATA[http://www.tripadvisor.com/Restaurant_Review-g255060-d726908-Reviews-Longrain-Sydney_New_South_Wales.html]]></link>
</review>
<review>
	<rating>4.0</rating>
	<author><![CDATA[A TripAdvisor Contributor]]></author>
	<date>2008-07-08</date>
	<title><![CDATA[&#x201c;Great place for lunch&#x201d;]]></title>
	<excerpt><![CDATA[Great place for lunch more]]></excerpt>
	<link><![CDATA[http://www.tripadvisor.com/Restaurant_Review-g255060-d726908-Reviews-Longrain-Sydney_New_South_Wales.html]]></link>
</review>
<review>
	<rating>5.0</rating>
	<author><![CDATA[A TripAdvisor Contributor]]></author>
	<date>2008-06-24</date>
	<title><![CDATA[&#x201c;Fantastic food and...&#x201d;]]></title>
	<excerpt><![CDATA[Fantastic food and fabulous cocktails. It's refreshing with the modern twist on the thai inspired dishes. Have already been there twice and will most ]]></excerpt>
	<link><![CDATA[http://www.tripadvisor.com/Restaurant_Review-g255060-d726908-Reviews-Longrain-Sydney_New_South_Wales.html]]></link>
</review>
<review>
	<rating>4.0</rating>
	<author><![CDATA[A TripAdvisor Contributor]]></author>
	<date>2008-06-18</date>
	<title><![CDATA[&#x201c;maybe the best thai...&#x201d;]]></title>
	<excerpt><![CDATA[maybe the best thai restaurant in sydney Caramelised pork hock, betel leaves, red duck curry a must all the food is proper thai taste 8/10 , also grab]]></excerpt>
	<link><![CDATA[http://www.tripadvisor.com/Restaurant_Review-g255060-d726908-Reviews-or10-Longrain-Sydney_New_South_Wales.html]]></link>
</review>
<review>
	<rating>5.0</rating>
	<author><![CDATA[A TripAdvisor Contributor]]></author>
	<date>2008-06-03</date>
	<title><![CDATA[&#x201c;MY FAVE rest&#x201d;]]></title>
	<excerpt><![CDATA[MY FAVE rest more]]></excerpt>
	<link><![CDATA[http://www.tripadvisor.com/Restaurant_Review-g255060-d726908-Reviews-or10-Longrain-Sydney_New_South_Wales.html]]></link>
</review>
<review>
	<rating>4.0</rating>
	<author><![CDATA[A TripAdvisor Contributor]]></author>
	<date>2008-05-12</date>
	<title><![CDATA[&#x201c;nice modern thai food...&#x201d;]]></title>
	<excerpt><![CDATA[nice modern thai food, but overated. more]]></excerpt>
	<link><![CDATA[http://www.tripadvisor.com/Restaurant_Review-g255060-d726908-Reviews-or10-Longrain-Sydney_New_South_Wales.html]]></link>
</review>
<review>
	<rating>3.0</rating>
	<author><![CDATA[A TripAdvisor Contributor]]></author>
	<date>2008-05-01</date>
	<title><![CDATA[&#x201c;Good food and original...&#x201d;]]></title>
	<excerpt><![CDATA[Good food and original atmosphere more]]></excerpt>
	<link><![CDATA[http://www.tripadvisor.com/Restaurant_Review-g255060-d726908-Reviews-or10-Longrain-Sydney_New_South_Wales.html]]></link>
</review>
<review>
	<rating>3.0</rating>
	<author><![CDATA[A TripAdvisor Contributor]]></author>
	<date>2008-04-21</date>
	<title><![CDATA[&#x201c;perfect destination if...&#x201d;]]></title>
	<excerpt><![CDATA[perfect destination if your like me and live for a list of cocktails that takes you all night to get through ;) more]]></excerpt>
	<link><![CDATA[http://www.tripadvisor.com/Restaurant_Review-g255060-d726908-Reviews-or10-Longrain-Sydney_New_South_Wales.html]]></link>
</review>
<review>
	<rating>4.0</rating>
	<author><![CDATA[A TripAdvisor Contributor]]></author>
	<date>2008-03-30</date>
	<title><![CDATA[&#x201c;Some great dishes&#x201d;]]></title>
	<excerpt><![CDATA[Some great dishes more]]></excerpt>
	<link><![CDATA[http://www.tripadvisor.com/Restaurant_Review-g255060-d726908-Reviews-or10-Longrain-Sydney_New_South_Wales.html]]></link>
</review>
<review>
	<rating>3.0</rating>
	<author><![CDATA[A TripAdvisor Contributor]]></author>
	<date>2008-03-15</date>
	<title><![CDATA[&#x201c;The food is so delicious...&#x201d;]]></title>
	<excerpt><![CDATA[The food is so delicious but I think the long waits (due to no reservations) and the long communal tables detract from the experience. more]]></excerpt>
	<link><![CDATA[http://www.tripadvisor.com/Restaurant_Review-g255060-d726908-Reviews-or10-Longrain-Sydney_New_South_Wales.html]]></link>
</review>
<review>
	<rating>2.0</rating>
	<author><![CDATA[A TripAdvisor Contributor]]></author>
	<date>2008-02-22</date>
	<title><![CDATA[&#x201c;Overrated.&#x201d;]]></title>
	<excerpt><![CDATA[Overrated. more]]></excerpt>
	<link><![CDATA[http://www.tripadvisor.com/Restaurant_Review-g255060-d726908-Reviews-or10-Longrain-Sydney_New_South_Wales.html]]></link>
</review>
<review>
	<rating>5.0</rating>
	<author><![CDATA[A TripAdvisor Contributor]]></author>
	<date>2008-02-02</date>
	<title><![CDATA[&#x201c;I dream about the...&#x201d;]]></title>
	<excerpt><![CDATA[I dream about the Caramelised Pork Hock here. It's heaven on a plate. more]]></excerpt>
	<link><![CDATA[http://www.tripadvisor.com/Restaurant_Review-g255060-d726908-Reviews-or10-Longrain-Sydney_New_South_Wales.html]]></link>
</review>
<review>
	<rating>4.0</rating>
	<author><![CDATA[A TripAdvisor Contributor]]></author>
	<date>2008-01-19</date>
	<title><![CDATA[&#x201c;I love the betel leaves!&#x201d;]]></title>
	<excerpt><![CDATA[I love the betel leaves! more]]></excerpt>
	<link><![CDATA[http://www.tripadvisor.com/Restaurant_Review-g255060-d726908-Reviews-or10-Longrain-Sydney_New_South_Wales.html]]></link>
</review>
<review>
	<rating>5.0</rating>
	<author><![CDATA[A TripAdvisor Contributor]]></author>
	<date>2008-01-15</date>
	<title><![CDATA[&#x201c;Great drinks and...&#x201d;]]></title>
	<excerpt><![CDATA[Great drinks and entrees. Amazing mains more]]></excerpt>
	<link><![CDATA[http://www.tripadvisor.com/Restaurant_Review-g255060-d726908-Reviews-or20-Longrain-Sydney_New_South_Wales.html]]></link>
</review>
<review>
	<rating>4.0</rating>
	<author><![CDATA[A TripAdvisor Contributor]]></author>
	<date>2008-01-11</date>
	<title><![CDATA[&#x201c;Excellent Thai.&#x201d;]]></title>
	<excerpt><![CDATA[Excellent Thai. more]]></excerpt>
	<link><![CDATA[http://www.tripadvisor.com/Restaurant_Review-g255060-d726908-Reviews-or20-Longrain-Sydney_New_South_Wales.html]]></link>
</review>
<review>
	<rating>3.0</rating>
	<author><![CDATA[A TripAdvisor Contributor]]></author>
	<date>2008-01-09</date>
	<title><![CDATA[&#x201c;AMAZING desserts...&#x201d;]]></title>
	<excerpt><![CDATA[AMAZING desserts, otherwise i am not really a big fan of thai food so not the best person to judge this place more]]></excerpt>
	<link><![CDATA[http://www.tripadvisor.com/Restaurant_Review-g255060-d726908-Reviews-or20-Longrain-Sydney_New_South_Wales.html]]></link>
</review>
<review>
	<rating>4.0</rating>
	<author><![CDATA[A TripAdvisor Contributor]]></author>
	<date>2008-01-07</date>
	<title><![CDATA[&#x201c;Loved their cocktail...&#x201d;]]></title>
	<excerpt><![CDATA[Loved their cocktail selections & good food. more]]></excerpt>
	<link><![CDATA[http://www.tripadvisor.com/Restaurant_Review-g255060-d726908-Reviews-or20-Longrain-Sydney_New_South_Wales.html]]></link>
</review>
<review>
	<rating>4.0</rating>
	<author><![CDATA[A TripAdvisor Contributor]]></author>
	<date>2008-01-07</date>
	<title><![CDATA[&#x201c;Good cocktails and Thai...&#x201d;]]></title>
	<excerpt><![CDATA[Good cocktails and Thai food more]]></excerpt>
	<link><![CDATA[http://www.tripadvisor.com/Restaurant_Review-g255060-d726908-Reviews-or20-Longrain-Sydney_New_South_Wales.html]]></link>
</review>
<review>
	<rating>4.0</rating>
	<author><![CDATA[A TripAdvisor Contributor]]></author>
	<date>2008-01-05</date>
	<title><![CDATA[&#x201c;Mixture of fusion Thai...&#x201d;]]></title>
	<excerpt><![CDATA[Mixture of fusion Thai and seafood..
Nice range of drinks and great music and atmosphere. Love to go there again to explore bit more on their menu! mo]]></excerpt>
	<link><![CDATA[http://www.tripadvisor.com/Restaurant_Review-g255060-d726908-Reviews-or20-Longrain-Sydney_New_South_Wales.html]]></link>
</review>
<review>
	<rating>3.0</rating>
	<author><![CDATA[A TripAdvisor Contributor]]></author>
	<date>2008-01-03</date>
	<title><![CDATA[&#x201c;I guess good place to go...&#x201d;]]></title>
	<excerpt><![CDATA[I guess good place to go if everything is booked out on Friday and Saturday nights... bit over priced for that kind of food. more]]></excerpt>
	<link><![CDATA[http://www.tripadvisor.com/Restaurant_Review-g255060-d726908-Reviews-or20-Longrain-Sydney_New_South_Wales.html]]></link>
</review>
<review>
	<rating>2.0</rating>
	<author><![CDATA[A TripAdvisor Contributor]]></author>
	<date>2007-12-29</date>
	<title><![CDATA[&#x201c;Great food. Painful...&#x201d;]]></title>
	<excerpt><![CDATA[Great food. Painful service! more]]></excerpt>
	<link><![CDATA[http://www.tripadvisor.com/Restaurant_Review-g255060-d726908-Reviews-or20-Longrain-Sydney_New_South_Wales.html]]></link>
</review>
<review>
	<rating>5.0</rating>
	<author><![CDATA[A TripAdvisor Contributor]]></author>
	<date>2007-12-28</date>
	<title><![CDATA[&#x201c;Great experience. Sam...&#x201d;]]></title>
	<excerpt><![CDATA[Great experience. Sam and his team do a stellar job. more]]></excerpt>
	<link><![CDATA[http://www.tripadvisor.com/Restaurant_Review-g255060-d726908-Reviews-or20-Longrain-Sydney_New_South_Wales.html]]></link>
</review>
<review>
	<rating>4.0</rating>
	<author><![CDATA[A TripAdvisor Contributor]]></author>
	<date>2007-12-22</date>
	<title><![CDATA[&#x201c;lve the virgin...&#x201d;]]></title>
	<excerpt><![CDATA[lve the virgin caipiroska & soft shell crab + tofu!! more]]></excerpt>
	<link><![CDATA[http://www.tripadvisor.com/Restaurant_Review-g255060-d726908-Reviews-or20-Longrain-Sydney_New_South_Wales.html]]></link>
</review>
<review>
	<rating>4.0</rating>
	<author><![CDATA[A TripAdvisor Contributor]]></author>
	<date>2007-12-20</date>
	<title><![CDATA[&#x201c;Soft shell crab is the...&#x201d;]]></title>
	<excerpt><![CDATA[Soft shell crab is the bomb! more]]></excerpt>
	<link><![CDATA[http://www.tripadvisor.com/Restaurant_Review-g255060-d726908-Reviews-or30-Longrain-Sydney_New_South_Wales.html]]></link>
</review>
<review>
	<rating>2.0</rating>
	<author><![CDATA[A TripAdvisor Contributor]]></author>
	<date>2007-12-19</date>
	<title><![CDATA[&#x201c;Yet another style over...&#x201d;]]></title>
	<excerpt><![CDATA[Yet another style over substance Asian fusion for people who wants to be seen. more]]></excerpt>
	<link><![CDATA[http://www.tripadvisor.com/Restaurant_Review-g255060-d726908-Reviews-or30-Longrain-Sydney_New_South_Wales.html]]></link>
</review>
<review>
	<rating>5.0</rating>
	<author><![CDATA[A TripAdvisor Contributor]]></author>
	<date>2007-12-18</date>
	<title><![CDATA[&#x201c;Awesome for cocktails...&#x201d;]]></title>
	<excerpt><![CDATA[Awesome for cocktails and loud meals at the big table. more]]></excerpt>
	<link><![CDATA[http://www.tripadvisor.com/Restaurant_Review-g255060-d726908-Reviews-or30-Longrain-Sydney_New_South_Wales.html]]></link>
</review>
<review>
	<rating>5.0</rating>
	<author><![CDATA[A TripAdvisor Contributor]]></author>
	<date>2007-12-16</date>
	<title><![CDATA[&#x201c;It's the best Mojitos...&#x201d;]]></title>
	<excerpt><![CDATA[It's the best Mojitos I've had. Great Thai cuisine!
Thanks to you for bringing me there... more]]></excerpt>
	<link><![CDATA[http://www.tripadvisor.com/Restaurant_Review-g255060-d726908-Reviews-or30-Longrain-Sydney_New_South_Wales.html]]></link>
</review>
<review>
	<rating>3.0</rating>
	<author><![CDATA[A TripAdvisor Contributor]]></author>
	<date>2007-12-13</date>
	<title><![CDATA[&#x201c;Consistent Thai food...&#x201d;]]></title>
	<excerpt><![CDATA[Consistent Thai food. Bar area while you wait. Trendy. Fun. Don't miss the soft shell crabs and betel nut leaf dishes...yummmm! more]]></excerpt>
	<link><![CDATA[http://www.tripadvisor.com/Restaurant_Review-g255060-d726908-Reviews-or30-Longrain-Sydney_New_South_Wales.html]]></link>
</review>
<review>
	<rating>4.0</rating>
	<author><![CDATA[A TripAdvisor Contributor]]></author>
	<date>2007-12-03</date>
	<title><![CDATA[&#x201c;Consistently great food...&#x201d;]]></title>
	<excerpt><![CDATA[Consistently great food and service for the many years I've been going there more]]></excerpt>
	<link><![CDATA[http://www.tripadvisor.com/Restaurant_Review-g255060-d726908-Reviews-or30-Longrain-Sydney_New_South_Wales.html]]></link>
</review>
<review>
	<rating>5.0</rating>
	<author><![CDATA[A TripAdvisor Contributor]]></author>
	<date>2007-12-03</date>
	<title><![CDATA[&#x201c;Absolute favorite for...&#x201d;]]></title>
	<excerpt><![CDATA[Absolute favorite for Thai/European fusion cuisine more]]></excerpt>
	<link><![CDATA[http://www.tripadvisor.com/Restaurant_Review-g255060-d726908-Reviews-or30-Longrain-Sydney_New_South_Wales.html]]></link>
</review>
<review>
	<rating>3.0</rating>
	<author><![CDATA[A TripAdvisor Contributor]]></author>
	<date>2007-12-03</date>
	<title><![CDATA[&#x201c;Was craving for asian...&#x201d;]]></title>
	<excerpt><![CDATA[Was craving for asian food when i chance upoon Longgrain. With a big fish tank in the front of the restuarant really makes it abit like in the asian r]]></excerpt>
	<link><![CDATA[http://www.tripadvisor.com/Restaurant_Review-g255060-d726908-Reviews-or30-Longrain-Sydney_New_South_Wales.html]]></link>
</review>
<review>
	<rating>3.0</rating>
	<author><![CDATA[A TripAdvisor Contributor]]></author>
	<date>2007-11-26</date>
	<title><![CDATA[&#x201c;good cocktails&#x201d;]]></title>
	<excerpt><![CDATA[good cocktails more]]></excerpt>
	<link><![CDATA[http://www.tripadvisor.com/Restaurant_Review-g255060-d726908-Reviews-or30-Longrain-Sydney_New_South_Wales.html]]></link>
</review>
<review>
	<rating>4.0</rating>
	<author><![CDATA[A TripAdvisor Contributor]]></author>
	<date>2007-11-24</date>
	<title><![CDATA[&#x201c;Longrain always...&#x201d;]]></title>
	<excerpt><![CDATA[Longrain always impresses visiting friends for special occasions and you never leave with an empty stomach. Not ideal for romantic dinners though. Sho]]></excerpt>
	<link><![CDATA[http://www.tripadvisor.com/Restaurant_Review-g255060-d726908-Reviews-or30-Longrain-Sydney_New_South_Wales.html]]></link>
</review>
<review>
	<rating>4.0</rating>
	<author><![CDATA[A TripAdvisor Contributor]]></author>
	<date>2007-11-23</date>
	<title><![CDATA[&#x201c;Awesome cocktails...&#x201d;]]></title>
	<excerpt><![CDATA[Awesome cocktails, yummiest modern Thai food & great ambience!!!! more]]></excerpt>
	<link><![CDATA[http://www.tripadvisor.com/Restaurant_Review-g255060-d726908-Reviews-or40-Longrain-Sydney_New_South_Wales.html]]></link>
</review>
<review>
	<rating>4.0</rating>
	<author><![CDATA[A TripAdvisor Contributor]]></author>
	<date>2007-11-23</date>
	<title><![CDATA[&#x201c;One of the best modern...&#x201d;]]></title>
	<excerpt><![CDATA[One of the best modern Thai/fusion restaurants in Sydney. Great cocktail lounge - and even though it's noisy - their eggnets or stuffed betel leaves a]]></excerpt>
	<link><![CDATA[http://www.tripadvisor.com/Restaurant_Review-g255060-d726908-Reviews-or40-Longrain-Sydney_New_South_Wales.html]]></link>
</review>
<review>
	<rating>4.0</rating>
	<author><![CDATA[A TripAdvisor Contributor]]></author>
	<date>2007-11-23</date>
	<title><![CDATA[&#x201c;Great food - FANTASTIC...&#x201d;]]></title>
	<excerpt><![CDATA[Great food - FANTASTIC Drinks and good service. Great for Modern Thai more]]></excerpt>
	<link><![CDATA[http://www.tripadvisor.com/Restaurant_Review-g255060-d726908-Reviews-or40-Longrain-Sydney_New_South_Wales.html]]></link>
</review>
<review>
	<rating>4.0</rating>
	<author><![CDATA[A TripAdvisor Contributor]]></author>
	<date>2007-11-21</date>
	<title><![CDATA[&#x201c;Fabulous food, even...&#x201d;]]></title>
	<excerpt><![CDATA[Fabulous food, even better cocktails more]]></excerpt>
	<link><![CDATA[http://www.tripadvisor.com/Restaurant_Review-g255060-d726908-Reviews-or40-Longrain-Sydney_New_South_Wales.html]]></link>
</review>
<review>
	<rating>4.0</rating>
	<author><![CDATA[A TripAdvisor Contributor]]></author>
	<date>2007-11-11</date>
	<title><![CDATA[&#x201c;Longrain in Melbourne is...&#x201d;]]></title>
	<excerpt><![CDATA[Longrain in Melbourne is even better. Their cocktail list is amazing! more]]></excerpt>
	<link><![CDATA[http://www.tripadvisor.com/Restaurant_Review-g255060-d726908-Reviews-or40-Longrain-Sydney_New_South_Wales.html]]></link>
</review>
<review>
	<rating>4.0</rating>
	<author><![CDATA[A TripAdvisor Contributor]]></author>
	<date>2007-11-08</date>
	<title><![CDATA[&#x201c;one of my faves - love...&#x201d;]]></title>
	<excerpt><![CDATA[one of my faves - love the communal dining, fab cocktails more]]></excerpt>
	<link><![CDATA[http://www.tripadvisor.com/Restaurant_Review-g255060-d726908-Reviews-or40-Longrain-Sydney_New_South_Wales.html]]></link>
</review>
<review>
	<rating>4.0</rating>
	<author><![CDATA[A TripAdvisor Contributor]]></author>
	<date>2007-10-30</date>
	<title><![CDATA[&#x201c;Myself and my now...&#x201d;]]></title>
	<excerpt><![CDATA[Myself and my now husband Tony had our first date here, it will always be special for us. Cool bar to have a pre-dinner drink. Communal eating spaces ]]></excerpt>
	<link><![CDATA[http://www.tripadvisor.com/Restaurant_Review-g255060-d726908-Reviews-or40-Longrain-Sydney_New_South_Wales.html]]></link>
</review>
<review>
	<rating>1.0</rating>
	<author><![CDATA[xav75Paris]]></author>
	<date>2008-08-13</date>
	<title><![CDATA[&#x201c;Tres dcevant&#x201d;]]></title>
	<excerpt><![CDATA[Si nous avons choisis ce restaurant , c'est suite aux conseils du guide Phaidon, qui jusque la avait t de... more]]></excerpt>
	<link><![CDATA[http://www.tripadvisor.com/Restaurant_Review-g255060-d726908-Reviews-or40-Longrain-Sydney_New_South_Wales.html]]></link>
</review>
</source>