<source name="Trip Advisor" avg-rating="4.0">
<review>
	<rating>5.0</rating>
	<author><![CDATA[sg6]]></author>
	<date>2009-03-19</date>
	<title><![CDATA[&#x201c;I love Lucio's&#x201d;]]></title>
	<excerpt><![CDATA[Consistently delicious food, fabulous artworks and friendly Italian service. By far the best pasta I've eaten outside of Italy. I recommend to everyon]]></excerpt>
	<link><![CDATA[http://www.tripadvisor.com/Restaurant_Review-g255060-d726927-Reviews-Lucio_s_Italian_Restaurant-Sydney_New_South_Wales.html]]></link>
</review>
<review>
	<rating>3.0</rating>
	<author><![CDATA[Brian_de_Kilburn]]></author>
	<date>2008-12-12</date>
	<title><![CDATA[&#x201c;Poor value food, nice ambience&#x201d;]]></title>
	<excerpt><![CDATA[Lucio's 25th anniversary has a menu which gives the dates when he first introduced the dish. Old or new, the dishes we had did not excite, but were co]]></excerpt>
	<link><![CDATA[http://www.tripadvisor.com/Restaurant_Review-g255060-d726927-Reviews-Lucio_s_Italian_Restaurant-Sydney_New_South_Wales.html]]></link>
</review>
<review>
	<rating>5.0</rating>
	<author><![CDATA[Mikey36]]></author>
	<date>2008-11-21</date>
	<title><![CDATA[&#x201c;Charming staff, delicious food&#x201d;]]></title>
	<excerpt><![CDATA[We dined here recently to celebrate my birthday & it was wonderful. Located in Paddington, a delightful suburb $10-15AUD taxi fare from the city centr]]></excerpt>
	<link><![CDATA[http://www.tripadvisor.com/Restaurant_Review-g255060-d726927-Reviews-Lucio_s_Italian_Restaurant-Sydney_New_South_Wales.html]]></link>
</review>
<review>
	<rating>3.0</rating>
	<author><![CDATA[A TripAdvisor Contributor]]></author>
	<date>2008-07-22</date>
	<title><![CDATA[&#x201c;Very good food. Bit pricy&#x201d;]]></title>
	<excerpt><![CDATA[Very good food. Bit pricy more]]></excerpt>
	<link><![CDATA[http://www.tripadvisor.com/Restaurant_Review-g255060-d726927-Reviews-Lucio_s_Italian_Restaurant-Sydney_New_South_Wales.html]]></link>
</review>
<review>
	<rating>4.0</rating>
	<author><![CDATA[A TripAdvisor Contributor]]></author>
	<date>2008-02-15</date>
	<title><![CDATA[&#x201c;Beautiful artwork, and...&#x201d;]]></title>
	<excerpt><![CDATA[Beautiful artwork, and one of my dad's first restaurants in Sydney (he was a partner). I love it for the memories it brings back of my face covered in]]></excerpt>
	<link><![CDATA[http://www.tripadvisor.com/Restaurant_Review-g255060-d726927-Reviews-Lucio_s_Italian_Restaurant-Sydney_New_South_Wales.html]]></link>
</review>
<review>
	<rating>2.0</rating>
	<author><![CDATA[A TripAdvisor Contributor]]></author>
	<date>2008-02-02</date>
	<title><![CDATA[&#x201c;a bit of a let down no...&#x201d;]]></title>
	<excerpt><![CDATA[a bit of a let down no wonder i hadn't been before! the artwork and the entree were nice - proscuitto and fig salad, the main a handkerchief pasta was]]></excerpt>
	<link><![CDATA[http://www.tripadvisor.com/Restaurant_Review-g255060-d726927-Reviews-Lucio_s_Italian_Restaurant-Sydney_New_South_Wales.html]]></link>
</review>
<review>
	<rating>3.0</rating>
	<author><![CDATA[A TripAdvisor Contributor]]></author>
	<date>2008-01-19</date>
	<title><![CDATA[&#x201c;lovely&#x201d;]]></title>
	<excerpt><![CDATA[lovely more]]></excerpt>
	<link><![CDATA[http://www.tripadvisor.com/Restaurant_Review-g255060-d726927-Reviews-Lucio_s_Italian_Restaurant-Sydney_New_South_Wales.html]]></link>
</review>
<review>
	<rating>1.0</rating>
	<author><![CDATA[A TripAdvisor Contributor]]></author>
	<date>2007-12-29</date>
	<title><![CDATA[&#x201c;I am so dissapointed...&#x201d;]]></title>
	<excerpt><![CDATA[I am so dissapointed with this place! I've always wanted to try Lucio's, so my partner took me there for our anniversary dinner. Service was sooo slow]]></excerpt>
	<link><![CDATA[http://www.tripadvisor.com/Restaurant_Review-g255060-d726927-Reviews-Lucio_s_Italian_Restaurant-Sydney_New_South_Wales.html]]></link>
</review>
</source>