<source name="Trip Advisor" avg-rating="4.5">
<review>
	<rating>5.0</rating>
	<author><![CDATA[Ellemay]]></author>
	<date>2008-09-18</date>
	<title><![CDATA[&#x201c;A lovely juicy steak!&#x201d;]]></title>
	<excerpt><![CDATA[The Mad Cow restaurant is located in the Ivy Building 330 George Street, Sydney. The restaurant is seriously cute with large gorgeous lampshades overh]]></excerpt>
	<link><![CDATA[http://www.tripadvisor.com/Restaurant_Review-g255060-d1054424-Reviews-Mad_Cow-Sydney_New_South_Wales.html]]></link>
</review>
<review>
	<rating>5.0</rating>
	<author><![CDATA[A TripAdvisor Contributor]]></author>
	<date>2008-05-27</date>
	<title><![CDATA[&#x201c;We had the best night at...&#x201d;]]></title>
	<excerpt><![CDATA[We had the best night at Mad Cow. It's not cheap, but it's great value. The sides are massive and it's a great idea because then you always get the me]]></excerpt>
	<link><![CDATA[http://www.tripadvisor.com/Restaurant_Review-g255060-d1054424-Reviews-Mad_Cow-Sydney_New_South_Wales.html]]></link>
</review>
<review>
	<rating>4.0</rating>
	<author><![CDATA[A TripAdvisor Contributor]]></author>
	<date>2008-05-15</date>
	<title><![CDATA[&#x201c;Best steak in the city...&#x201d;]]></title>
	<excerpt><![CDATA[Best steak in the city and very good wine list more]]></excerpt>
	<link><![CDATA[http://www.tripadvisor.com/Restaurant_Review-g255060-d1054424-Reviews-Mad_Cow-Sydney_New_South_Wales.html]]></link>
</review>
</source>