<source name="Trip Advisor" avg-rating="4.0">
<review>
	<rating>3.0</rating>
	<author><![CDATA[A TripAdvisor Contributor]]></author>
	<date>2008-03-02</date>
	<title><![CDATA[&#x201c;Quite good take away...&#x201d;]]></title>
	<excerpt><![CDATA[Quite good take away, butter chicken was great. more]]></excerpt>
	<link><![CDATA[http://www.tripadvisor.com/Restaurant_Review-g255060-d726986-Reviews-Malabar_South_Indian_Restaurant-Sydney_New_South_Wales.html]]></link>
</review>
<review>
	<rating>2.0</rating>
	<author><![CDATA[A TripAdvisor Contributor]]></author>
	<date>2008-02-01</date>
	<title><![CDATA[&#x201c;food ok, but overpriced&#x201d;]]></title>
	<excerpt><![CDATA[food ok, but overpriced more]]></excerpt>
	<link><![CDATA[http://www.tripadvisor.com/Restaurant_Review-g255060-d726986-Reviews-Malabar_South_Indian_Restaurant-Sydney_New_South_Wales.html]]></link>
</review>
<review>
	<rating>4.0</rating>
	<author><![CDATA[A TripAdvisor Contributor]]></author>
	<date>2008-01-01</date>
	<title><![CDATA[&#x201c;yummy tandoori n butter...&#x201d;]]></title>
	<excerpt><![CDATA[yummy tandoori n butter chicken!! more]]></excerpt>
	<link><![CDATA[http://www.tripadvisor.com/Restaurant_Review-g255060-d726986-Reviews-Malabar_South_Indian_Restaurant-Sydney_New_South_Wales.html]]></link>
</review>
<review>
	<rating>4.0</rating>
	<author><![CDATA[A TripAdvisor Contributor]]></author>
	<date>2008-01-01</date>
	<title><![CDATA[&#x201c;so yummmy!!!
Everything...&#x201d;]]></title>
	<excerpt><![CDATA[so yummmy!!!
Everything is just so good there, service is jus excellent, food is brilliant. The spices are cooked really well and the best dosas ever.]]></excerpt>
	<link><![CDATA[http://www.tripadvisor.com/Restaurant_Review-g255060-d726986-Reviews-Malabar_South_Indian_Restaurant-Sydney_New_South_Wales.html]]></link>
</review>
<review>
	<rating>3.0</rating>
	<author><![CDATA[A TripAdvisor Contributor]]></author>
	<date>2007-12-22</date>
	<title><![CDATA[&#x201c;Reliable South Indian.&#x201d;]]></title>
	<excerpt><![CDATA[Reliable South Indian. more]]></excerpt>
	<link><![CDATA[http://www.tripadvisor.com/Restaurant_Review-g255060-d726986-Reviews-Malabar_South_Indian_Restaurant-Sydney_New_South_Wales.html]]></link>
</review>
<review>
	<rating>3.0</rating>
	<author><![CDATA[A TripAdvisor Contributor]]></author>
	<date>2007-12-12</date>
	<title><![CDATA[&#x201c;Good Food and reasonably...&#x201d;]]></title>
	<excerpt><![CDATA[Good Food and reasonably good ambience. Prices do not match food. more]]></excerpt>
	<link><![CDATA[http://www.tripadvisor.com/Restaurant_Review-g255060-d726986-Reviews-Malabar_South_Indian_Restaurant-Sydney_New_South_Wales.html]]></link>
</review>
<review>
	<rating>5.0</rating>
	<author><![CDATA[A TripAdvisor Contributor]]></author>
	<date>2007-12-07</date>
	<title><![CDATA[&#x201c;just great indian...&#x201d;]]></title>
	<excerpt><![CDATA[just great indian fod,lovely employees,lovely owner more]]></excerpt>
	<link><![CDATA[http://www.tripadvisor.com/Restaurant_Review-g255060-d726986-Reviews-Malabar_South_Indian_Restaurant-Sydney_New_South_Wales.html]]></link>
</review>
<review>
	<rating>5.0</rating>
	<author><![CDATA[A TripAdvisor Contributor]]></author>
	<date>2007-12-01</date>
	<title><![CDATA[&#x201c;Our favourite place for...&#x201d;]]></title>
	<excerpt><![CDATA[Our favourite place for dosa. The Chef is Nepalese, yet the dosas remind me of the dosas from Udipi, Munirka, Delhi - in those days when it was a popu]]></excerpt>
	<link><![CDATA[http://www.tripadvisor.com/Restaurant_Review-g255060-d726986-Reviews-Malabar_South_Indian_Restaurant-Sydney_New_South_Wales.html]]></link>
</review>
<review>
	<rating>5.0</rating>
	<author><![CDATA[A TripAdvisor Contributor]]></author>
	<date>2007-11-21</date>
	<title><![CDATA[&#x201c;Love the food&#x201d;]]></title>
	<excerpt><![CDATA[Love the food more]]></excerpt>
	<link><![CDATA[http://www.tripadvisor.com/Restaurant_Review-g255060-d726986-Reviews-Malabar_South_Indian_Restaurant-Sydney_New_South_Wales.html]]></link>
</review>
<review>
	<rating>4.0</rating>
	<author><![CDATA[A TripAdvisor Contributor]]></author>
	<date>2007-11-08</date>
	<title><![CDATA[&#x201c;this is really good...&#x201d;]]></title>
	<excerpt><![CDATA[this is really good indian more]]></excerpt>
	<link><![CDATA[http://www.tripadvisor.com/Restaurant_Review-g255060-d726986-Reviews-Malabar_South_Indian_Restaurant-Sydney_New_South_Wales.html]]></link>
</review>
<review>
	<rating>5.0</rating>
	<author><![CDATA[A TripAdvisor Contributor]]></author>
	<date>2007-11-06</date>
	<title><![CDATA[&#x201c;Excellent south indian...&#x201d;]]></title>
	<excerpt><![CDATA[Excellent south indian cusine. Well worth a visit more]]></excerpt>
	<link><![CDATA[http://www.tripadvisor.com/Restaurant_Review-g255060-d726986-Reviews-or10-Malabar_South_Indian_Restaurant-Sydney_New_South_Wales.html]]></link>
</review>
</source>