<source name="Trip Advisor" avg-rating="4.5">
<review>
	<rating>4.0</rating>
	<author><![CDATA[A TripAdvisor Contributor]]></author>
	<date>2008-08-05</date>
	<title><![CDATA[&#x201c;A big restaurant, great...&#x201d;]]></title>
	<excerpt><![CDATA[A big restaurant, great yum cha and service. Excelent option for dinner!! more]]></excerpt>
	<link><![CDATA[http://www.tripadvisor.com/Restaurant_Review-g255060-d727056-Reviews-Marigold_Citymark-Sydney_New_South_Wales.html]]></link>
</review>
<review>
	<rating>4.0</rating>
	<author><![CDATA[RonAusOz]]></author>
	<date>2008-05-10</date>
	<title><![CDATA[&#x201c;Best dim sum in Sydney...&#x201d;]]></title>
	<excerpt><![CDATA[Best dim sum in Sydney, and at dinner you'll find some of the best Chinese food anywhere in the world (including HK). more]]></excerpt>
	<link><![CDATA[http://www.tripadvisor.com/Restaurant_Review-g255060-d727056-Reviews-Marigold_Citymark-Sydney_New_South_Wales.html]]></link>
</review>
<review>
	<rating>4.0</rating>
	<author><![CDATA[A TripAdvisor Contributor]]></author>
	<date>2008-04-23</date>
	<title><![CDATA[&#x201c;The Yum Cha is arguably...&#x201d;]]></title>
	<excerpt><![CDATA[The Yum Cha is arguably the best in town. It's good if you can turn a blind eye to the rude waiters. The food is the only reason to come to this resta]]></excerpt>
	<link><![CDATA[http://www.tripadvisor.com/Restaurant_Review-g255060-d727056-Reviews-Marigold_Citymark-Sydney_New_South_Wales.html]]></link>
</review>
<review>
	<rating>3.0</rating>
	<author><![CDATA[A TripAdvisor Contributor]]></author>
	<date>2008-04-16</date>
	<title><![CDATA[&#x201c;Good Banquet for a...&#x201d;]]></title>
	<excerpt><![CDATA[Good Banquet for a luxurious dinner Good fried chicken + chicken rool + cod and oyster sauce dipping more]]></excerpt>
	<link><![CDATA[http://www.tripadvisor.com/Restaurant_Review-g255060-d727056-Reviews-Marigold_Citymark-Sydney_New_South_Wales.html]]></link>
</review>
<review>
	<rating>3.0</rating>
	<author><![CDATA[A TripAdvisor Contributor]]></author>
	<date>2008-02-01</date>
	<title><![CDATA[&#x201c;This is a place you go...&#x201d;]]></title>
	<excerpt><![CDATA[This is a place you go to for the great yum cha, not the service. more]]></excerpt>
	<link><![CDATA[http://www.tripadvisor.com/Restaurant_Review-g255060-d727056-Reviews-Marigold_Citymark-Sydney_New_South_Wales.html]]></link>
</review>
<review>
	<rating>3.0</rating>
	<author><![CDATA[A TripAdvisor Contributor]]></author>
	<date>2008-01-10</date>
	<title><![CDATA[&#x201c;Did this place start...&#x201d;]]></title>
	<excerpt><![CDATA[Did this place start Yumcha? Crowded but convenient feed/ more]]></excerpt>
	<link><![CDATA[http://www.tripadvisor.com/Restaurant_Review-g255060-d727056-Reviews-Marigold_Citymark-Sydney_New_South_Wales.html]]></link>
</review>
<review>
	<rating>1.0</rating>
	<author><![CDATA[A TripAdvisor Contributor]]></author>
	<date>2008-01-07</date>
	<title><![CDATA[&#x201c;not impressed&#x201d;]]></title>
	<excerpt><![CDATA[not impressed more]]></excerpt>
	<link><![CDATA[http://www.tripadvisor.com/Restaurant_Review-g255060-d727056-Reviews-Marigold_Citymark-Sydney_New_South_Wales.html]]></link>
</review>
<review>
	<rating>3.0</rating>
	<author><![CDATA[A TripAdvisor Contributor]]></author>
	<date>2008-01-05</date>
	<title><![CDATA[&#x201c;Love having yumcha there...&#x201d;]]></title>
	<excerpt><![CDATA[Love having yumcha there for Sat brunch. But very poor service. Better not expect much from the waiter or waitresses.. but the food is great! more]]></excerpt>
	<link><![CDATA[http://www.tripadvisor.com/Restaurant_Review-g255060-d727056-Reviews-Marigold_Citymark-Sydney_New_South_Wales.html]]></link>
</review>
<review>
	<rating>5.0</rating>
	<author><![CDATA[A TripAdvisor Contributor]]></author>
	<date>2007-12-26</date>
	<title><![CDATA[&#x201c;yum cha!!&#x201d;]]></title>
	<excerpt><![CDATA[yum cha!! more]]></excerpt>
	<link><![CDATA[http://www.tripadvisor.com/Restaurant_Review-g255060-d727056-Reviews-Marigold_Citymark-Sydney_New_South_Wales.html]]></link>
</review>
<review>
	<rating>3.0</rating>
	<author><![CDATA[A TripAdvisor Contributor]]></author>
	<date>2007-12-16</date>
	<title><![CDATA[&#x201c;The Yum Cha is better...&#x201d;]]></title>
	<excerpt><![CDATA[The Yum Cha is better than East Ocean and Regal. What do you think ?
Prices are reasonable. more]]></excerpt>
	<link><![CDATA[http://www.tripadvisor.com/Restaurant_Review-g255060-d727056-Reviews-Marigold_Citymark-Sydney_New_South_Wales.html]]></link>
</review>
<review>
	<rating>3.0</rating>
	<author><![CDATA[A TripAdvisor Contributor]]></author>
	<date>2007-12-13</date>
	<title><![CDATA[&#x201c;Great Yumcha&#x201d;]]></title>
	<excerpt><![CDATA[Great Yumcha more]]></excerpt>
	<link><![CDATA[http://www.tripadvisor.com/Restaurant_Review-g255060-d727056-Reviews-or10-Marigold_Citymark-Sydney_New_South_Wales.html]]></link>
</review>
<review>
	<rating>4.0</rating>
	<author><![CDATA[A TripAdvisor Contributor]]></author>
	<date>2007-12-13</date>
	<title><![CDATA[&#x201c;Expensive but awesome...&#x201d;]]></title>
	<excerpt><![CDATA[Expensive but awesome Sweet & Sour pork. Straight to the hips! more]]></excerpt>
	<link><![CDATA[http://www.tripadvisor.com/Restaurant_Review-g255060-d727056-Reviews-or10-Marigold_Citymark-Sydney_New_South_Wales.html]]></link>
</review>
<review>
	<rating>3.0</rating>
	<author><![CDATA[A TripAdvisor Contributor]]></author>
	<date>2007-12-13</date>
	<title><![CDATA[&#x201c;Not bad dimsum either...&#x201d;]]></title>
	<excerpt><![CDATA[Not bad dimsum either. And there's a carpark right underneath it which is convenient. more]]></excerpt>
	<link><![CDATA[http://www.tripadvisor.com/Restaurant_Review-g255060-d727056-Reviews-or10-Marigold_Citymark-Sydney_New_South_Wales.html]]></link>
</review>
<review>
	<rating>3.0</rating>
	<author><![CDATA[A TripAdvisor Contributor]]></author>
	<date>2007-12-08</date>
	<title><![CDATA[&#x201c;Food ok, but nothing...&#x201d;]]></title>
	<excerpt><![CDATA[Food ok, but nothing special. more]]></excerpt>
	<link><![CDATA[http://www.tripadvisor.com/Restaurant_Review-g255060-d727056-Reviews-or10-Marigold_Citymark-Sydney_New_South_Wales.html]]></link>
</review>
<review>
	<rating>3.0</rating>
	<author><![CDATA[A TripAdvisor Contributor]]></author>
	<date>2007-11-27</date>
	<title><![CDATA[&#x201c;The best Chinese in...&#x201d;]]></title>
	<excerpt><![CDATA[The best Chinese in Sydney. more]]></excerpt>
	<link><![CDATA[http://www.tripadvisor.com/Restaurant_Review-g255060-d727056-Reviews-or10-Marigold_Citymark-Sydney_New_South_Wales.html]]></link>
</review>
<review>
	<rating>4.0</rating>
	<author><![CDATA[A TripAdvisor Contributor]]></author>
	<date>2007-11-26</date>
	<title><![CDATA[&#x201c;good reliable yum cha...&#x201d;]]></title>
	<excerpt><![CDATA[good reliable yum cha. go early for better service. more]]></excerpt>
	<link><![CDATA[http://www.tripadvisor.com/Restaurant_Review-g255060-d727056-Reviews-or10-Marigold_Citymark-Sydney_New_South_Wales.html]]></link>
</review>
<review>
	<rating>3.0</rating>
	<author><![CDATA[A TripAdvisor Contributor]]></author>
	<date>2007-11-23</date>
	<title><![CDATA[&#x201c;Yum Cha favs&#x201d;]]></title>
	<excerpt><![CDATA[Yum Cha favs more]]></excerpt>
	<link><![CDATA[http://www.tripadvisor.com/Restaurant_Review-g255060-d727056-Reviews-or10-Marigold_Citymark-Sydney_New_South_Wales.html]]></link>
</review>
<review>
	<rating>4.0</rating>
	<author><![CDATA[A TripAdvisor Contributor]]></author>
	<date>2007-11-18</date>
	<title><![CDATA[&#x201c;Yum Cha is very yummy...&#x201d;]]></title>
	<excerpt><![CDATA[Yum Cha is very yummy, worth going back and being in line for more]]></excerpt>
	<link><![CDATA[http://www.tripadvisor.com/Restaurant_Review-g255060-d727056-Reviews-or10-Marigold_Citymark-Sydney_New_South_Wales.html]]></link>
</review>
<review>
	<rating>5.0</rating>
	<author><![CDATA[A TripAdvisor Contributor]]></author>
	<date>2007-11-17</date>
	<title><![CDATA[&#x201c;Very good&#x201d;]]></title>
	<excerpt><![CDATA[Very good more]]></excerpt>
	<link><![CDATA[http://www.tripadvisor.com/Restaurant_Review-g255060-d727056-Reviews-or10-Marigold_Citymark-Sydney_New_South_Wales.html]]></link>
</review>
</source>