<source name="Trip Advisor" avg-rating="4.5">
<review>
	<rating>3.0</rating>
	<author><![CDATA[cammos]]></author>
	<date>2009-01-11</date>
	<title><![CDATA[&#x201c;too much foam when I...&#x201d;]]></title>
	<excerpt><![CDATA[too much foam when I went and pricey more]]></excerpt>
	<link><![CDATA[http://www.tripadvisor.com/Restaurant_Review-g255060-d727071-Reviews-Marque-Sydney_New_South_Wales.html]]></link>
</review>
<review>
	<rating>2.0</rating>
	<author><![CDATA[SydneyWal]]></author>
	<date>2009-01-05</date>
	<title><![CDATA[&#x201c;Nothing special for the price&#x201d;]]></title>
	<excerpt><![CDATA[My wife took me to Marque for my birthday and we had the set course menu. Having eaten at many fine dining places sadly Marque doesn't live up to the ]]></excerpt>
	<link><![CDATA[http://www.tripadvisor.com/Restaurant_Review-g255060-d727071-Reviews-Marque-Sydney_New_South_Wales.html]]></link>
</review>
<review>
	<rating>5.0</rating>
	<author><![CDATA[Ellemay]]></author>
	<date>2008-09-26</date>
	<title><![CDATA[&#x201c;thumbs up for Marque !&#x201d;]]></title>
	<excerpt><![CDATA[As group of 4 we have decided to eat our way through the top 3 hat award restaurants in Sydney. Seeing Marque has the big  three hats  it was ne]]></excerpt>
	<link><![CDATA[http://www.tripadvisor.com/Restaurant_Review-g255060-d727071-Reviews-Marque-Sydney_New_South_Wales.html]]></link>
</review>
<review>
	<rating>4.0</rating>
	<author><![CDATA[A TripAdvisor Contributor]]></author>
	<date>2008-09-10</date>
	<title><![CDATA[&#x201c;Mmmm. Yummy - went to a...&#x201d;]]></title>
	<excerpt><![CDATA[Mmmm. Yummy - went to a Charles Melton Winery organised dinner to launch their newest vintages. The food pairings were excellent and the service top n]]></excerpt>
	<link><![CDATA[http://www.tripadvisor.com/Restaurant_Review-g255060-d727071-Reviews-Marque-Sydney_New_South_Wales.html]]></link>
</review>
<review>
	<rating>3.0</rating>
	<author><![CDATA[canary2211]]></author>
	<date>2008-08-18</date>
	<title><![CDATA[&#x201c;A bit tricky ......&#x201d;]]></title>
	<excerpt><![CDATA[If you have experience of fine dining and the very best restaurants then I can see why you would enjoy this. I thought the food was very different, so]]></excerpt>
	<link><![CDATA[http://www.tripadvisor.com/Restaurant_Review-g255060-d727071-Reviews-Marque-Sydney_New_South_Wales.html]]></link>
</review>
<review>
	<rating>5.0</rating>
	<author><![CDATA[KiwiR0b]]></author>
	<date>2008-07-23</date>
	<title><![CDATA[&#x201c;Slendour in Surrey hills&#x201d;]]></title>
	<excerpt><![CDATA[We went to this restaurant with great expectations and were not disapointed !
The wine list was superb along with a specialised knowledge of the Somme]]></excerpt>
	<link><![CDATA[http://www.tripadvisor.com/Restaurant_Review-g255060-d727071-Reviews-Marque-Sydney_New_South_Wales.html]]></link>
</review>
<review>
	<rating>3.0</rating>
	<author><![CDATA[A TripAdvisor Contributor]]></author>
	<date>2008-07-21</date>
	<title><![CDATA[&#x201c;Nice food however the...&#x201d;]]></title>
	<excerpt><![CDATA[Nice food however the venue is a little claustrophobic. Also, not sure about the fried pigeons head.... more]]></excerpt>
	<link><![CDATA[http://www.tripadvisor.com/Restaurant_Review-g255060-d727071-Reviews-Marque-Sydney_New_South_Wales.html]]></link>
</review>
<review>
	<rating>5.0</rating>
	<author><![CDATA[A TripAdvisor Contributor]]></author>
	<date>2008-07-19</date>
	<title><![CDATA[&#x201c;Delicious food but the...&#x201d;]]></title>
	<excerpt><![CDATA[Delicious food but the brown decor is depressing more]]></excerpt>
	<link><![CDATA[http://www.tripadvisor.com/Restaurant_Review-g255060-d727071-Reviews-Marque-Sydney_New_South_Wales.html]]></link>
</review>
<review>
	<rating>5.0</rating>
	<author><![CDATA[AX13]]></author>
	<date>2008-07-14</date>
	<title><![CDATA[&#x201c;My new favourite&#x201d;]]></title>
	<excerpt><![CDATA[I've been lucky enough to eat at most of Sydney's top restaurants and this is my new favourite. I didn't think anything would ever top Tetsuya's but I]]></excerpt>
	<link><![CDATA[http://www.tripadvisor.com/Restaurant_Review-g255060-d727071-Reviews-Marque-Sydney_New_South_Wales.html]]></link>
</review>
<review>
	<rating>5.0</rating>
	<author><![CDATA[A TripAdvisor Contributor]]></author>
	<date>2008-07-10</date>
	<title><![CDATA[&#x201c;Closest to Molecular...&#x201d;]]></title>
	<excerpt><![CDATA[Closest to Molecular Gastronomy you get in Sydney. Very nice more]]></excerpt>
	<link><![CDATA[http://www.tripadvisor.com/Restaurant_Review-g255060-d727071-Reviews-Marque-Sydney_New_South_Wales.html]]></link>
</review>
<review>
	<rating>4.0</rating>
	<author><![CDATA[A TripAdvisor Contributor]]></author>
	<date>2008-07-10</date>
	<title><![CDATA[&#x201c;Very interesting menu...&#x201d;]]></title>
	<excerpt><![CDATA[Very interesting menu, wonderful sommelier. more]]></excerpt>
	<link><![CDATA[http://www.tripadvisor.com/Restaurant_Review-g255060-d727071-Reviews-or10-Marque-Sydney_New_South_Wales.html]]></link>
</review>
<review>
	<rating>4.0</rating>
	<author><![CDATA[A TripAdvisor Contributor]]></author>
	<date>2008-07-08</date>
	<title><![CDATA[&#x201c;Fantastic but pricey.&#x201d;]]></title>
	<excerpt><![CDATA[Fantastic but pricey. more]]></excerpt>
	<link><![CDATA[http://www.tripadvisor.com/Restaurant_Review-g255060-d727071-Reviews-or10-Marque-Sydney_New_South_Wales.html]]></link>
</review>
<review>
	<rating>5.0</rating>
	<author><![CDATA[Tattoosydney]]></author>
	<date>2008-07-04</date>
	<title><![CDATA[&#x201c;World class...&#x201d;]]></title>
	<excerpt><![CDATA[Compared to the pallid Tetsuya's, Marque is an explosion of flavour and excitement - innovation married to exceptional technique.
It should be noted t]]></excerpt>
	<link><![CDATA[http://www.tripadvisor.com/Restaurant_Review-g255060-d727071-Reviews-or10-Marque-Sydney_New_South_Wales.html]]></link>
</review>
<review>
	<rating>5.0</rating>
	<author><![CDATA[EllaDexter]]></author>
	<date>2008-05-16</date>
	<title><![CDATA[&#x201c;It's the Best&#x201d;]]></title>
	<excerpt><![CDATA[Marque is probably our favourite restaurant in Sydney - easily as good as Michelin ** and *** places we have visited in Paris but half the price. Prob]]></excerpt>
	<link><![CDATA[http://www.tripadvisor.com/Restaurant_Review-g255060-d727071-Reviews-or10-Marque-Sydney_New_South_Wales.html]]></link>
</review>
<review>
	<rating>5.0</rating>
	<author><![CDATA[docframe]]></author>
	<date>2008-05-08</date>
	<title><![CDATA[&#x201c;Marque sets the mark&#x201d;]]></title>
	<excerpt><![CDATA[A real treat . . . the menu degastacion was an exciting experience. The talents of the proprietor are beyond question and even the least successful di]]></excerpt>
	<link><![CDATA[http://www.tripadvisor.com/Restaurant_Review-g255060-d727071-Reviews-or10-Marque-Sydney_New_South_Wales.html]]></link>
</review>
<review>
	<rating>4.0</rating>
	<author><![CDATA[A TripAdvisor Contributor]]></author>
	<date>2008-05-01</date>
	<title><![CDATA[&#x201c;Very nice albeit a bit...&#x201d;]]></title>
	<excerpt><![CDATA[Very nice albeit a bit expensive more]]></excerpt>
	<link><![CDATA[http://www.tripadvisor.com/Restaurant_Review-g255060-d727071-Reviews-or10-Marque-Sydney_New_South_Wales.html]]></link>
</review>
<review>
	<rating>3.0</rating>
	<author><![CDATA[A TripAdvisor Contributor]]></author>
	<date>2008-04-20</date>
	<title><![CDATA[&#x201c;Great degustation menu...&#x201d;]]></title>
	<excerpt><![CDATA[Great degustation menu, seafood selection was excellent using fresh catches of the day! more]]></excerpt>
	<link><![CDATA[http://www.tripadvisor.com/Restaurant_Review-g255060-d727071-Reviews-or10-Marque-Sydney_New_South_Wales.html]]></link>
</review>
<review>
	<rating>5.0</rating>
	<author><![CDATA[A TripAdvisor Contributor]]></author>
	<date>2008-02-18</date>
	<title><![CDATA[&#x201c;Fantastic! Great food...&#x201d;]]></title>
	<excerpt><![CDATA[Fantastic! Great food and service. The molecular gastronomy is fun to try. great wine list too. more]]></excerpt>
	<link><![CDATA[http://www.tripadvisor.com/Restaurant_Review-g255060-d727071-Reviews-or10-Marque-Sydney_New_South_Wales.html]]></link>
</review>
<review>
	<rating>5.0</rating>
	<author><![CDATA[A TripAdvisor Contributor]]></author>
	<date>2008-01-22</date>
	<title><![CDATA[&#x201c;The sort of food you...&#x201d;]]></title>
	<excerpt><![CDATA[The sort of food you wouldn't cook at home. Had the degustation. Attention to detail was amazing. Octopus carpaccio delicious and the hot/cold oef was]]></excerpt>
	<link><![CDATA[http://www.tripadvisor.com/Restaurant_Review-g255060-d727071-Reviews-or10-Marque-Sydney_New_South_Wales.html]]></link>
</review>
<review>
	<rating>4.0</rating>
	<author><![CDATA[awinarto]]></author>
	<date>2008-01-10</date>
	<title><![CDATA[&#x201c;Very good degustaton...&#x201d;]]></title>
	<excerpt><![CDATA[Very good degustaton menu with different dishes. Unique egg entree. Bourin noir black pudding... jelly crab... caramel sauterne. more]]></excerpt>
	<link><![CDATA[http://www.tripadvisor.com/Restaurant_Review-g255060-d727071-Reviews-or10-Marque-Sydney_New_South_Wales.html]]></link>
</review>
<review>
	<rating>4.0</rating>
	<author><![CDATA[A TripAdvisor Contributor]]></author>
	<date>2008-01-06</date>
	<title><![CDATA[&#x201c;very elegant, only few...&#x201d;]]></title>
	<excerpt><![CDATA[very elegant, only few tables, bookings essential more]]></excerpt>
	<link><![CDATA[http://www.tripadvisor.com/Restaurant_Review-g255060-d727071-Reviews-or20-Marque-Sydney_New_South_Wales.html]]></link>
</review>
<review>
	<rating>5.0</rating>
	<author><![CDATA[A TripAdvisor Contributor]]></author>
	<date>2007-12-25</date>
	<title><![CDATA[&#x201c;They have my favourite...&#x201d;]]></title>
	<excerpt><![CDATA[They have my favourite red wine! more]]></excerpt>
	<link><![CDATA[http://www.tripadvisor.com/Restaurant_Review-g255060-d727071-Reviews-or20-Marque-Sydney_New_South_Wales.html]]></link>
</review>
<review>
	<rating>5.0</rating>
	<author><![CDATA[A TripAdvisor Contributor]]></author>
	<date>2007-12-19</date>
	<title><![CDATA[&#x201c;fabulous food and service&#x201d;]]></title>
	<excerpt><![CDATA[fabulous food and service more]]></excerpt>
	<link><![CDATA[http://www.tripadvisor.com/Restaurant_Review-g255060-d727071-Reviews-or20-Marque-Sydney_New_South_Wales.html]]></link>
</review>
<review>
	<rating>5.0</rating>
	<author><![CDATA[A TripAdvisor Contributor]]></author>
	<date>2007-12-19</date>
	<title><![CDATA[&#x201c;Creative and modern...&#x201d;]]></title>
	<excerpt><![CDATA[Creative and modern French cuisine that truly wows with amazing dishes served in an intimate atmosphere. more]]></excerpt>
	<link><![CDATA[http://www.tripadvisor.com/Restaurant_Review-g255060-d727071-Reviews-or20-Marque-Sydney_New_South_Wales.html]]></link>
</review>
<review>
	<rating>5.0</rating>
	<author><![CDATA[A TripAdvisor Contributor]]></author>
	<date>2007-12-16</date>
	<title><![CDATA[&#x201c;Fab French flavour...&#x201d;]]></title>
	<excerpt><![CDATA[Fab French flavour & great staff. Excellent choice for somewhere special. more]]></excerpt>
	<link><![CDATA[http://www.tripadvisor.com/Restaurant_Review-g255060-d727071-Reviews-or20-Marque-Sydney_New_South_Wales.html]]></link>
</review>
<review>
	<rating>4.0</rating>
	<author><![CDATA[A TripAdvisor Contributor]]></author>
	<date>2007-12-03</date>
	<title><![CDATA[&#x201c;The food was fantastic...&#x201d;]]></title>
	<excerpt><![CDATA[The food was fantastic but service was a bit off that night. Maybe its crowded. Anyway its still a pleasant evening. more]]></excerpt>
	<link><![CDATA[http://www.tripadvisor.com/Restaurant_Review-g255060-d727071-Reviews-or20-Marque-Sydney_New_South_Wales.html]]></link>
</review>
<review>
	<rating>5.0</rating>
	<author><![CDATA[A TripAdvisor Contributor]]></author>
	<date>2007-11-29</date>
	<title><![CDATA[&#x201c;Brilliant - one of the...&#x201d;]]></title>
	<excerpt><![CDATA[Brilliant - one of the best meals ever had! more]]></excerpt>
	<link><![CDATA[http://www.tripadvisor.com/Restaurant_Review-g255060-d727071-Reviews-or20-Marque-Sydney_New_South_Wales.html]]></link>
</review>
<review>
	<rating>5.0</rating>
	<author><![CDATA[A TripAdvisor Contributor]]></author>
	<date>2007-11-26</date>
	<title><![CDATA[&#x201c;Hands down, Mark Best is...&#x201d;]]></title>
	<excerpt><![CDATA[Hands down, Mark Best is Sydney's most underrated star. There's no pretence here, just a fine, fine dining experience. more]]></excerpt>
	<link><![CDATA[http://www.tripadvisor.com/Restaurant_Review-g255060-d727071-Reviews-or20-Marque-Sydney_New_South_Wales.html]]></link>
</review>
<review>
	<rating>5.0</rating>
	<author><![CDATA[A TripAdvisor Contributor]]></author>
	<date>2007-11-24</date>
	<title><![CDATA[&#x201c;o my god with out doubt...&#x201d;]]></title>
	<excerpt><![CDATA[o my god with out doubt the most fantazik duck dish in sydney more]]></excerpt>
	<link><![CDATA[http://www.tripadvisor.com/Restaurant_Review-g255060-d727071-Reviews-or20-Marque-Sydney_New_South_Wales.html]]></link>
</review>
<review>
	<rating>4.0</rating>
	<author><![CDATA[A TripAdvisor Contributor]]></author>
	<date>2007-11-23</date>
	<title><![CDATA[&#x201c;Great French food...&#x201d;]]></title>
	<excerpt><![CDATA[Great French food, remember to make a reservation :-) more]]></excerpt>
	<link><![CDATA[http://www.tripadvisor.com/Restaurant_Review-g255060-d727071-Reviews-or20-Marque-Sydney_New_South_Wales.html]]></link>
</review>
<review>
	<rating>5.0</rating>
	<author><![CDATA[A TripAdvisor Contributor]]></author>
	<date>2007-11-22</date>
	<title><![CDATA[&#x201c;Best meal in Sydney...&#x201d;]]></title>
	<excerpt><![CDATA[Best meal in Sydney, fantastic wine & food match. more]]></excerpt>
	<link><![CDATA[http://www.tripadvisor.com/Restaurant_Review-g255060-d727071-Reviews-or30-Marque-Sydney_New_South_Wales.html]]></link>
</review>
<review>
	<rating>5.0</rating>
	<author><![CDATA[A TripAdvisor Contributor]]></author>
	<date>2007-11-16</date>
	<title><![CDATA[&#x201c;This place really...&#x201d;]]></title>
	<excerpt><![CDATA[This place really deserves a 5 out of 5.
Definitely going back. more]]></excerpt>
	<link><![CDATA[http://www.tripadvisor.com/Restaurant_Review-g255060-d727071-Reviews-or30-Marque-Sydney_New_South_Wales.html]]></link>
</review>
</source>