<source name="Trip Advisor" avg-rating="4.5">
<review>
	<rating>3.0</rating>
	<author><![CDATA[A TripAdvisor Contributor]]></author>
	<date>2008-06-15</date>
	<title><![CDATA[&#x201c;This is a great place...&#x201d;]]></title>
	<excerpt><![CDATA[This is a great place for a late brekky if you are staying in the rocks. With views out over the quay, this cafe doesn't fall into the trap of good vi]]></excerpt>
	<link><![CDATA[http://www.tripadvisor.com/Restaurant_Review-g255060-d727109-Reviews-MCA_Cafe-Sydney_New_South_Wales.html]]></link>
</review>
<review>
	<rating>2.0</rating>
	<author><![CDATA[A TripAdvisor Contributor]]></author>
	<date>2007-11-24</date>
	<title><![CDATA[&#x201c;My visit was...&#x201d;]]></title>
	<excerpt><![CDATA[My visit was disappointing after a friendly welcome from the md - expensive snooty table service for standard fare...... ne should never choose riso]]></excerpt>
	<link><![CDATA[http://www.tripadvisor.com/Restaurant_Review-g255060-d727109-Reviews-MCA_Cafe-Sydney_New_South_Wales.html]]></link>
</review>
</source>