<source name="Trip Advisor" avg-rating="4.0">
<review>
	<rating>5.0</rating>
	<author><![CDATA[A TripAdvisor Contributor]]></author>
	<date>2008-09-05</date>
	<title><![CDATA[&#x201c;This is one of my...&#x201d;]]></title>
	<excerpt><![CDATA[This is one of my fave's, been there loads of times, brilliant atmosphere and really consistent food :-) more]]></excerpt>
	<link><![CDATA[http://www.tripadvisor.com/Restaurant_Review-g255060-d727150-Reviews-Mezzaluna_Ristorante-Sydney_New_South_Wales.html]]></link>
</review>
<review>
	<rating>4.0</rating>
	<author><![CDATA[A TripAdvisor Contributor]]></author>
	<date>2008-07-03</date>
	<title><![CDATA[&#x201c;The best view!!&#x201d;]]></title>
	<excerpt><![CDATA[The best view!! more]]></excerpt>
	<link><![CDATA[http://www.tripadvisor.com/Restaurant_Review-g255060-d727150-Reviews-Mezzaluna_Ristorante-Sydney_New_South_Wales.html]]></link>
</review>
<review>
	<rating>3.0</rating>
	<author><![CDATA[A TripAdvisor Contributor]]></author>
	<date>2008-02-06</date>
	<title><![CDATA[&#x201c;Nice food, unfortunately...&#x201d;]]></title>
	<excerpt><![CDATA[Nice food, unfortunately the views were dampened by the weather otherwise would have been great. Service was just OK and is reasonably pricey with lim]]></excerpt>
	<link><![CDATA[http://www.tripadvisor.com/Restaurant_Review-g255060-d727150-Reviews-Mezzaluna_Ristorante-Sydney_New_South_Wales.html]]></link>
</review>
<review>
	<rating>4.0</rating>
	<author><![CDATA[A TripAdvisor Contributor]]></author>
	<date>2007-12-17</date>
	<title><![CDATA[&#x201c;Beautiful food...&#x201d;]]></title>
	<excerpt><![CDATA[Beautiful food, beautiful view, beautiful restaurant. more]]></excerpt>
	<link><![CDATA[http://www.tripadvisor.com/Restaurant_Review-g255060-d727150-Reviews-Mezzaluna_Ristorante-Sydney_New_South_Wales.html]]></link>
</review>
</source>