<source name="Trip Advisor" avg-rating="4.0">
<review>
	<rating>3.0</rating>
	<author><![CDATA[A TripAdvisor Contributor]]></author>
	<date>2008-05-22</date>
	<title><![CDATA[&#x201c;cheap authentic food but...&#x201d;]]></title>
	<excerpt><![CDATA[cheap authentic food but has a drab interior. more]]></excerpt>
	<link><![CDATA[http://www.tripadvisor.com/Restaurant_Review-g255060-d727193-Reviews-Minh_Vietnamese_Restaurant-Sydney_New_South_Wales.html]]></link>
</review>
<review>
	<rating>4.0</rating>
	<author><![CDATA[A TripAdvisor Contributor]]></author>
	<date>2008-03-25</date>
	<title><![CDATA[&#x201c;nice food!&#x201d;]]></title>
	<excerpt><![CDATA[nice food! more]]></excerpt>
	<link><![CDATA[http://www.tripadvisor.com/Restaurant_Review-g255060-d727193-Reviews-Minh_Vietnamese_Restaurant-Sydney_New_South_Wales.html]]></link>
</review>
<review>
	<rating>3.0</rating>
	<author><![CDATA[A TripAdvisor Contributor]]></author>
	<date>2007-12-17</date>
	<title><![CDATA[&#x201c;Pretty good food and...&#x201d;]]></title>
	<excerpt><![CDATA[Pretty good food and cheap too. They do a good satay beef. more]]></excerpt>
	<link><![CDATA[http://www.tripadvisor.com/Restaurant_Review-g255060-d727193-Reviews-Minh_Vietnamese_Restaurant-Sydney_New_South_Wales.html]]></link>
</review>
</source>