<source name="Trip Advisor" avg-rating="4.0">
<review>
	<rating>5.0</rating>
	<author><![CDATA[A TripAdvisor Contributor]]></author>
	<date>2008-09-08</date>
	<title><![CDATA[&#x201c;Best traditional Italian...&#x201d;]]></title>
	<excerpt><![CDATA[Best traditional Italian food in Sydney. No reservations but who cares? No problem when you're looking down onto Bondi beach with a glass of wine in y]]></excerpt>
	<link><![CDATA[http://www.tripadvisor.com/Restaurant_Review-g255060-d1115093-Reviews-North_Bondi_Italian_Food-Sydney_New_South_Wales.html]]></link>
</review>
<review>
	<rating>4.0</rating>
	<author><![CDATA[Barratt]]></author>
	<date>2008-07-25</date>
	<title><![CDATA[&#x201c;For fun and informal dining...&#x201d;]]></title>
	<excerpt><![CDATA[Beautifully situated at the north end of world famous Bondi Beach. This is informal dining at its best.
Food has a good Italian base as the Chef's nam]]></excerpt>
	<link><![CDATA[http://www.tripadvisor.com/Restaurant_Review-g255060-d1115093-Reviews-North_Bondi_Italian_Food-Sydney_New_South_Wales.html]]></link>
</review>
</source>