<source name="Trip Advisor" avg-rating="4.5">
<review>
	<rating>4.0</rating>
	<author><![CDATA[A TripAdvisor Contributor]]></author>
	<date>2008-08-25</date>
	<title><![CDATA[&#x201c;Great seafood restaurant...&#x201d;]]></title>
	<excerpt><![CDATA[Great seafood restaurant and great location. IT was a very pleasant dinner from what I recall and the price was just fine. more]]></excerpt>
	<link><![CDATA[http://www.tripadvisor.com/Restaurant_Review-g255060-d886717-Reviews-Ocean_Room-Sydney_New_South_Wales.html]]></link>
</review>
<review>
	<rating>4.0</rating>
	<author><![CDATA[A TripAdvisor Contributor]]></author>
	<date>2008-07-21</date>
	<title><![CDATA[&#x201c;Good Japanese and...&#x201d;]]></title>
	<excerpt><![CDATA[Good Japanese and Seafood. Recommend that you go to Testsuya which serves excellent Japanese. more]]></excerpt>
	<link><![CDATA[http://www.tripadvisor.com/Restaurant_Review-g255060-d886717-Reviews-Ocean_Room-Sydney_New_South_Wales.html]]></link>
</review>
<review>
	<rating>4.0</rating>
	<author><![CDATA[A TripAdvisor Contributor]]></author>
	<date>2008-05-01</date>
	<title><![CDATA[&#x201c;Very good food, but as I...&#x201d;]]></title>
	<excerpt><![CDATA[Very good food, but as I didn't pay I can't comment on the value more]]></excerpt>
	<link><![CDATA[http://www.tripadvisor.com/Restaurant_Review-g255060-d886717-Reviews-Ocean_Room-Sydney_New_South_Wales.html]]></link>
</review>
<review>
	<rating>1.0</rating>
	<author><![CDATA[A TripAdvisor Contributor]]></author>
	<date>2008-04-16</date>
	<title><![CDATA[&#x201c;Very Very Expensive and...&#x201d;]]></title>
	<excerpt><![CDATA[Very Very Expensive and overrated. Beautiful decor and great to look at more]]></excerpt>
	<link><![CDATA[http://www.tripadvisor.com/Restaurant_Review-g255060-d886717-Reviews-Ocean_Room-Sydney_New_South_Wales.html]]></link>
</review>
<review>
	<rating>4.0</rating>
	<author><![CDATA[A TripAdvisor Contributor]]></author>
	<date>2008-03-13</date>
	<title><![CDATA[&#x201c;overall good food and...&#x201d;]]></title>
	<excerpt><![CDATA[overall good food and service A place for special occasions more]]></excerpt>
	<link><![CDATA[http://www.tripadvisor.com/Restaurant_Review-g255060-d886717-Reviews-Ocean_Room-Sydney_New_South_Wales.html]]></link>
</review>
<review>
	<rating>4.0</rating>
	<author><![CDATA[A TripAdvisor Contributor]]></author>
	<date>2008-02-28</date>
	<title><![CDATA[&#x201c;delicious, and the best...&#x201d;]]></title>
	<excerpt><![CDATA[delicious, and the best sides avail anywhere! more]]></excerpt>
	<link><![CDATA[http://www.tripadvisor.com/Restaurant_Review-g255060-d886717-Reviews-Ocean_Room-Sydney_New_South_Wales.html]]></link>
</review>
<review>
	<rating>4.0</rating>
	<author><![CDATA[A TripAdvisor Contributor]]></author>
	<date>2008-02-15</date>
	<title><![CDATA[&#x201c;nice view of the opera...&#x201d;]]></title>
	<excerpt><![CDATA[nice view of the opera house & harbour. food is sensibly prepared. more]]></excerpt>
	<link><![CDATA[http://www.tripadvisor.com/Restaurant_Review-g255060-d886717-Reviews-Ocean_Room-Sydney_New_South_Wales.html]]></link>
</review>
<review>
	<rating>4.0</rating>
	<author><![CDATA[A TripAdvisor Contributor]]></author>
	<date>2008-02-10</date>
	<title><![CDATA[&#x201c;GReat presentation...&#x201d;]]></title>
	<excerpt><![CDATA[GReat presentation, great food...! more]]></excerpt>
	<link><![CDATA[http://www.tripadvisor.com/Restaurant_Review-g255060-d886717-Reviews-Ocean_Room-Sydney_New_South_Wales.html]]></link>
</review>
<review>
	<rating>4.0</rating>
	<author><![CDATA[A TripAdvisor Contributor]]></author>
	<date>2008-01-20</date>
	<title><![CDATA[&#x201c;Nice seafood, very...&#x201d;]]></title>
	<excerpt><![CDATA[Nice seafood, very Special Snapper Salad, you have to ask for it( signature dish) more]]></excerpt>
	<link><![CDATA[http://www.tripadvisor.com/Restaurant_Review-g255060-d886717-Reviews-Ocean_Room-Sydney_New_South_Wales.html]]></link>
</review>
<review>
	<rating>4.0</rating>
	<author><![CDATA[A TripAdvisor Contributor]]></author>
	<date>2008-01-07</date>
	<title><![CDATA[&#x201c;Expensive, good seafood&#x201d;]]></title>
	<excerpt><![CDATA[Expensive, good seafood more]]></excerpt>
	<link><![CDATA[http://www.tripadvisor.com/Restaurant_Review-g255060-d886717-Reviews-Ocean_Room-Sydney_New_South_Wales.html]]></link>
</review>
<review>
	<rating>4.0</rating>
	<author><![CDATA[A TripAdvisor Contributor]]></author>
	<date>2008-01-06</date>
	<title><![CDATA[&#x201c;Intricate delicious...&#x201d;]]></title>
	<excerpt><![CDATA[Intricate delicious seafood, great decor and location. DEfinitely an experience. more]]></excerpt>
	<link><![CDATA[http://www.tripadvisor.com/Restaurant_Review-g255060-d886717-Reviews-or10-Ocean_Room-Sydney_New_South_Wales.html]]></link>
</review>
<review>
	<rating>4.0</rating>
	<author><![CDATA[A TripAdvisor Contributor]]></author>
	<date>2008-01-03</date>
	<title><![CDATA[&#x201c;A bit pricy but totally...&#x201d;]]></title>
	<excerpt><![CDATA[A bit pricy but totally worth it. more]]></excerpt>
	<link><![CDATA[http://www.tripadvisor.com/Restaurant_Review-g255060-d886717-Reviews-or10-Ocean_Room-Sydney_New_South_Wales.html]]></link>
</review>
</source>