<source name="Trip Advisor" avg-rating="4.5">
<review>
	<rating>4.0</rating>
	<author><![CDATA[TravellingTex]]></author>
	<date>2009-03-07</date>
	<title><![CDATA[&#x201c;lovely place&#x201d;]]></title>
	<excerpt><![CDATA[It would be hard to find a better place to sit for a snack, lunch, or drink where you could see the Sydney Harbor Bridge and Circular Quay. The mezze ]]></excerpt>
	<link><![CDATA[http://www.tripadvisor.com/Restaurant_Review-g255060-d1052826-Reviews-Opera_Bar-Sydney_New_South_Wales.html]]></link>
</review>
<review>
	<rating>5.0</rating>
	<author><![CDATA[jen99va80]]></author>
	<date>2008-09-06</date>
	<title><![CDATA[&#x201c;Have your first drink here&#x201d;]]></title>
	<excerpt><![CDATA[Ordered a bottle of house champagne ($36 AUD) and sat outside... with the opera house on one side, the bridge on the other, and ferries whistling by t]]></excerpt>
	<link><![CDATA[http://www.tripadvisor.com/Restaurant_Review-g255060-d1052826-Reviews-Opera_Bar-Sydney_New_South_Wales.html]]></link>
</review>
<review>
	<rating>4.0</rating>
	<author><![CDATA[A TripAdvisor Contributor]]></author>
	<date>2008-08-03</date>
	<title><![CDATA[&#x201c;love a Bloody Mary...&#x201d;]]></title>
	<excerpt><![CDATA[love a Bloody Mary... great location during summer time! more]]></excerpt>
	<link><![CDATA[http://www.tripadvisor.com/Restaurant_Review-g255060-d1052826-Reviews-Opera_Bar-Sydney_New_South_Wales.html]]></link>
</review>
<review>
	<rating>3.0</rating>
	<author><![CDATA[A TripAdvisor Contributor]]></author>
	<date>2008-07-21</date>
	<title><![CDATA[&#x201c;A great place for...&#x201d;]]></title>
	<excerpt><![CDATA[A great place for drinks. An awesome view and if you're lucky, you can get a nice, romantic table near the water. more]]></excerpt>
	<link><![CDATA[http://www.tripadvisor.com/Restaurant_Review-g255060-d1052826-Reviews-Opera_Bar-Sydney_New_South_Wales.html]]></link>
</review>
<review>
	<rating>4.0</rating>
	<author><![CDATA[A TripAdvisor Contributor]]></author>
	<date>2008-07-20</date>
	<title><![CDATA[&#x201c;the beer-battered fish...&#x201d;]]></title>
	<excerpt><![CDATA[the beer-battered fish and chips rocks! more]]></excerpt>
	<link><![CDATA[http://www.tripadvisor.com/Restaurant_Review-g255060-d1052826-Reviews-Opera_Bar-Sydney_New_South_Wales.html]]></link>
</review>
<review>
	<rating>4.0</rating>
	<author><![CDATA[A TripAdvisor Contributor]]></author>
	<date>2008-07-19</date>
	<title><![CDATA[&#x201c;Nearly the best bar in...&#x201d;]]></title>
	<excerpt><![CDATA[Nearly the best bar in Sydney - who could not love the view! more]]></excerpt>
	<link><![CDATA[http://www.tripadvisor.com/Restaurant_Review-g255060-d1052826-Reviews-Opera_Bar-Sydney_New_South_Wales.html]]></link>
</review>
<review>
	<rating>5.0</rating>
	<author><![CDATA[A TripAdvisor Contributor]]></author>
	<date>2008-07-03</date>
	<title><![CDATA[&#x201c;Sunday afternoon jazz&#x201d;]]></title>
	<excerpt><![CDATA[Sunday afternoon jazz more]]></excerpt>
	<link><![CDATA[http://www.tripadvisor.com/Restaurant_Review-g255060-d1052826-Reviews-Opera_Bar-Sydney_New_South_Wales.html]]></link>
</review>
<review>
	<rating>3.0</rating>
	<author><![CDATA[A TripAdvisor Contributor]]></author>
	<date>2008-06-21</date>
	<title><![CDATA[&#x201c;Great place to relax and...&#x201d;]]></title>
	<excerpt><![CDATA[Great place to relax and listen to Jazz, R&B etc on a Sunday more]]></excerpt>
	<link><![CDATA[http://www.tripadvisor.com/Restaurant_Review-g255060-d1052826-Reviews-Opera_Bar-Sydney_New_South_Wales.html]]></link>
</review>
<review>
	<rating>5.0</rating>
	<author><![CDATA[Morgan47Perth]]></author>
	<date>2008-04-30</date>
	<title><![CDATA[&#x201c;The Best Saturday Night in Sydney&#x201d;]]></title>
	<excerpt><![CDATA[As visitors to Sydney staying at a harbourside hotel we ventured around to the Opera House for a free outdoor concert and then we visited the OPERA BA]]></excerpt>
	<link><![CDATA[http://www.tripadvisor.com/Restaurant_Review-g255060-d1052826-Reviews-Opera_Bar-Sydney_New_South_Wales.html]]></link>
</review>
</source>