<source name="Trip Advisor" avg-rating="4.5">
<review>
	<rating>3.0</rating>
	<author><![CDATA[A TripAdvisor Contributor]]></author>
	<date>2009-02-02</date>
	<title><![CDATA[&#x201c;Over-rated for the...&#x201d;]]></title>
	<excerpt><![CDATA[Over-rated for the price, though food is good more]]></excerpt>
	<link><![CDATA[http://www.tripadvisor.com/Restaurant_Review-g255060-d727531-Reviews-Otto_Ristorante_Italiano-Sydney_New_South_Wales.html]]></link>
</review>
<review>
	<rating>4.0</rating>
	<author><![CDATA[Chococat24]]></author>
	<date>2008-11-23</date>
	<title><![CDATA[&#x201c;Super!&#x201d;]]></title>
	<excerpt><![CDATA[We had our last Australian diner here and it was well worth every penny ! The atmosphere, the food, the view of the Sydney skyline with the flying fox]]></excerpt>
	<link><![CDATA[http://www.tripadvisor.com/Restaurant_Review-g255060-d727531-Reviews-Otto_Ristorante_Italiano-Sydney_New_South_Wales.html]]></link>
</review>
<review>
	<rating>4.0</rating>
	<author><![CDATA[Leigh60]]></author>
	<date>2008-11-04</date>
	<title><![CDATA[&#x201c;Great night of fine food and wine&#x201d;]]></title>
	<excerpt><![CDATA[My wife and I dined at Otto last night having a fantastic experience. Both the food and wine selections are extensive and exciting. Had a bottle of th]]></excerpt>
	<link><![CDATA[http://www.tripadvisor.com/Restaurant_Review-g255060-d727531-Reviews-Otto_Ristorante_Italiano-Sydney_New_South_Wales.html]]></link>
</review>
<review>
	<rating>5.0</rating>
	<author><![CDATA[A TripAdvisor Contributor]]></author>
	<date>2008-08-22</date>
	<title><![CDATA[&#x201c;My favorite...&#x201d;]]></title>
	<excerpt><![CDATA[My favorite restaurant!
The best quality food and wine. more]]></excerpt>
	<link><![CDATA[http://www.tripadvisor.com/Restaurant_Review-g255060-d727531-Reviews-Otto_Ristorante_Italiano-Sydney_New_South_Wales.html]]></link>
</review>
<review>
	<rating>3.0</rating>
	<author><![CDATA[ChristineWSydney]]></author>
	<date>2008-07-30</date>
	<title><![CDATA[&#x201c;good location, good...&#x201d;]]></title>
	<excerpt><![CDATA[good location, good people watching, food is ok a bit overrated as a top restaurant more]]></excerpt>
	<link><![CDATA[http://www.tripadvisor.com/Restaurant_Review-g255060-d727531-Reviews-Otto_Ristorante_Italiano-Sydney_New_South_Wales.html]]></link>
</review>
<review>
	<rating>3.0</rating>
	<author><![CDATA[A TripAdvisor Contributor]]></author>
	<date>2008-07-28</date>
	<title><![CDATA[&#x201c;View is a big limited...&#x201d;]]></title>
	<excerpt><![CDATA[View is a big limited depending on where you sit. We had to move tables from being outside because Ottos allows people to smoke but the wind blew it d]]></excerpt>
	<link><![CDATA[http://www.tripadvisor.com/Restaurant_Review-g255060-d727531-Reviews-Otto_Ristorante_Italiano-Sydney_New_South_Wales.html]]></link>
</review>
<review>
	<rating>4.0</rating>
	<author><![CDATA[A TripAdvisor Contributor]]></author>
	<date>2008-05-28</date>
	<title><![CDATA[&#x201c;it's an institution...&#x201d;]]></title>
	<excerpt><![CDATA[it's an institution! great food, great service. more]]></excerpt>
	<link><![CDATA[http://www.tripadvisor.com/Restaurant_Review-g255060-d727531-Reviews-Otto_Ristorante_Italiano-Sydney_New_South_Wales.html]]></link>
</review>
<review>
	<rating>5.0</rating>
	<author><![CDATA[A TripAdvisor Contributor]]></author>
	<date>2008-05-22</date>
	<title><![CDATA[&#x201c;My favourite in Sydney...&#x201d;]]></title>
	<excerpt><![CDATA[My favourite in Sydney (has been for years) more]]></excerpt>
	<link><![CDATA[http://www.tripadvisor.com/Restaurant_Review-g255060-d727531-Reviews-Otto_Ristorante_Italiano-Sydney_New_South_Wales.html]]></link>
</review>
<review>
	<rating>3.0</rating>
	<author><![CDATA[A TripAdvisor Contributor]]></author>
	<date>2008-04-17</date>
	<title><![CDATA[&#x201c;sorry. i don't know what...&#x201d;]]></title>
	<excerpt><![CDATA[sorry. i don't know what all the fuss is about more]]></excerpt>
	<link><![CDATA[http://www.tripadvisor.com/Restaurant_Review-g255060-d727531-Reviews-Otto_Ristorante_Italiano-Sydney_New_South_Wales.html]]></link>
</review>
<review>
	<rating>5.0</rating>
	<author><![CDATA[A TripAdvisor Contributor]]></author>
	<date>2008-04-15</date>
	<title><![CDATA[&#x201c;Truly amazing! I had the...&#x201d;]]></title>
	<excerpt><![CDATA[Truly amazing! I had the most lovely food experience in my life here. To be honest Sydney has wonderful restaurants but this one was on my top three (]]></excerpt>
	<link><![CDATA[http://www.tripadvisor.com/Restaurant_Review-g255060-d727531-Reviews-Otto_Ristorante_Italiano-Sydney_New_South_Wales.html]]></link>
</review>
<review>
	<rating>5.0</rating>
	<author><![CDATA[A TripAdvisor Contributor]]></author>
	<date>2008-02-23</date>
	<title><![CDATA[&#x201c;great ambience. perfect...&#x201d;]]></title>
	<excerpt><![CDATA[great ambience. perfect for chilling more]]></excerpt>
	<link><![CDATA[http://www.tripadvisor.com/Restaurant_Review-g255060-d727531-Reviews-or10-Otto_Ristorante_Italiano-Sydney_New_South_Wales.html]]></link>
</review>
<review>
	<rating>3.0</rating>
	<author><![CDATA[A TripAdvisor Contributor]]></author>
	<date>2008-02-22</date>
	<title><![CDATA[&#x201c;Love the pasta dishes.&#x201d;]]></title>
	<excerpt><![CDATA[Love the pasta dishes. more]]></excerpt>
	<link><![CDATA[http://www.tripadvisor.com/Restaurant_Review-g255060-d727531-Reviews-or10-Otto_Ristorante_Italiano-Sydney_New_South_Wales.html]]></link>
</review>
<review>
	<rating>4.0</rating>
	<author><![CDATA[A TripAdvisor Contributor]]></author>
	<date>2008-02-15</date>
	<title><![CDATA[&#x201c;A favourite haunt of...&#x201d;]]></title>
	<excerpt><![CDATA[A favourite haunt of John Laws of 2UE, I was quite impressed with my lunch here on a sunny Sydney weekend. more]]></excerpt>
	<link><![CDATA[http://www.tripadvisor.com/Restaurant_Review-g255060-d727531-Reviews-or10-Otto_Ristorante_Italiano-Sydney_New_South_Wales.html]]></link>
</review>
<review>
	<rating>4.0</rating>
	<author><![CDATA[A TripAdvisor Contributor]]></author>
	<date>2008-01-27</date>
	<title><![CDATA[&#x201c;Went their for my...&#x201d;]]></title>
	<excerpt><![CDATA[Went their for my birthday. Bring an empty credit card! more]]></excerpt>
	<link><![CDATA[http://www.tripadvisor.com/Restaurant_Review-g255060-d727531-Reviews-or10-Otto_Ristorante_Italiano-Sydney_New_South_Wales.html]]></link>
</review>
<review>
	<rating>5.0</rating>
	<author><![CDATA[A TripAdvisor Contributor]]></author>
	<date>2008-01-05</date>
	<title><![CDATA[&#x201c;Oh man, I love this...&#x201d;]]></title>
	<excerpt><![CDATA[Oh man, I love this place - the food is amazing! Expensive but gorgeous views and amazing food! more]]></excerpt>
	<link><![CDATA[http://www.tripadvisor.com/Restaurant_Review-g255060-d727531-Reviews-or10-Otto_Ristorante_Italiano-Sydney_New_South_Wales.html]]></link>
</review>
<review>
	<rating>4.0</rating>
	<author><![CDATA[A TripAdvisor Contributor]]></author>
	<date>2007-12-24</date>
	<title><![CDATA[&#x201c;Beautiful Italian and...&#x201d;]]></title>
	<excerpt><![CDATA[Beautiful Italian and great for star spotting. more]]></excerpt>
	<link><![CDATA[http://www.tripadvisor.com/Restaurant_Review-g255060-d727531-Reviews-or10-Otto_Ristorante_Italiano-Sydney_New_South_Wales.html]]></link>
</review>
<review>
	<rating>4.0</rating>
	<author><![CDATA[A TripAdvisor Contributor]]></author>
	<date>2007-12-23</date>
	<title><![CDATA[&#x201c;Great place in...&#x201d;]]></title>
	<excerpt><![CDATA[Great place in Woolloomooloo - one of my favourite parts of Sydney. Lovely views over the water to the Botanical Gardens and the Bridge beyond. Formal]]></excerpt>
	<link><![CDATA[http://www.tripadvisor.com/Restaurant_Review-g255060-d727531-Reviews-or10-Otto_Ristorante_Italiano-Sydney_New_South_Wales.html]]></link>
</review>
<review>
	<rating>3.0</rating>
	<author><![CDATA[A TripAdvisor Contributor]]></author>
	<date>2007-12-21</date>
	<title><![CDATA[&#x201c;The entree was amazing...&#x201d;]]></title>
	<excerpt><![CDATA[The entree was amazing but the main was average more]]></excerpt>
	<link><![CDATA[http://www.tripadvisor.com/Restaurant_Review-g255060-d727531-Reviews-or10-Otto_Ristorante_Italiano-Sydney_New_South_Wales.html]]></link>
</review>
<review>
	<rating>5.0</rating>
	<author><![CDATA[A TripAdvisor Contributor]]></author>
	<date>2007-12-19</date>
	<title><![CDATA[&#x201c;Really bloody good - you...&#x201d;]]></title>
	<excerpt><![CDATA[Really bloody good - you must eat there at least once! more]]></excerpt>
	<link><![CDATA[http://www.tripadvisor.com/Restaurant_Review-g255060-d727531-Reviews-or10-Otto_Ristorante_Italiano-Sydney_New_South_Wales.html]]></link>
</review>
<review>
	<rating>5.0</rating>
	<author><![CDATA[A TripAdvisor Contributor]]></author>
	<date>2007-12-17</date>
	<title><![CDATA[&#x201c;Great restaurant, great...&#x201d;]]></title>
	<excerpt><![CDATA[Great restaurant, great location. more]]></excerpt>
	<link><![CDATA[http://www.tripadvisor.com/Restaurant_Review-g255060-d727531-Reviews-or10-Otto_Ristorante_Italiano-Sydney_New_South_Wales.html]]></link>
</review>
<review>
	<rating>2.0</rating>
	<author><![CDATA[A TripAdvisor Contributor]]></author>
	<date>2007-12-16</date>
	<title><![CDATA[&#x201c;Overpriced,&#x201d;]]></title>
	<excerpt><![CDATA[Overpriced, more]]></excerpt>
	<link><![CDATA[http://www.tripadvisor.com/Restaurant_Review-g255060-d727531-Reviews-or20-Otto_Ristorante_Italiano-Sydney_New_South_Wales.html]]></link>
</review>
<review>
	<rating>4.0</rating>
	<author><![CDATA[A TripAdvisor Contributor]]></author>
	<date>2007-12-16</date>
	<title><![CDATA[&#x201c;i was extreamly impress...&#x201d;]]></title>
	<excerpt><![CDATA[i was extreamly impress ed with the food, although it kinda put a damper on the experience when you ask a waitress for something and she rolls her eye]]></excerpt>
	<link><![CDATA[http://www.tripadvisor.com/Restaurant_Review-g255060-d727531-Reviews-or20-Otto_Ristorante_Italiano-Sydney_New_South_Wales.html]]></link>
</review>
<review>
	<rating>5.0</rating>
	<author><![CDATA[A TripAdvisor Contributor]]></author>
	<date>2007-12-15</date>
	<title><![CDATA[&#x201c;FANTASTIC&#x201d;]]></title>
	<excerpt><![CDATA[FANTASTIC more]]></excerpt>
	<link><![CDATA[http://www.tripadvisor.com/Restaurant_Review-g255060-d727531-Reviews-or20-Otto_Ristorante_Italiano-Sydney_New_South_Wales.html]]></link>
</review>
<review>
	<rating>5.0</rating>
	<author><![CDATA[A TripAdvisor Contributor]]></author>
	<date>2007-12-10</date>
	<title><![CDATA[&#x201c;The view is fab. Love a...&#x201d;]]></title>
	<excerpt><![CDATA[The view is fab. Love a Sunday lunch there. Service good too more]]></excerpt>
	<link><![CDATA[http://www.tripadvisor.com/Restaurant_Review-g255060-d727531-Reviews-or20-Otto_Ristorante_Italiano-Sydney_New_South_Wales.html]]></link>
</review>
</source>