<source name="Trip Advisor" avg-rating="4.0">
<review>
	<rating>3.0</rating>
	<author><![CDATA[A TripAdvisor Contributor]]></author>
	<date>2008-08-06</date>
	<title><![CDATA[&#x201c;Excellent value and...&#x201d;]]></title>
	<excerpt><![CDATA[Excellent value and interesting food. more]]></excerpt>
	<link><![CDATA[http://www.tripadvisor.com/Restaurant_Review-g255060-d727536-Reviews-Out_of_Africa-Sydney_New_South_Wales.html]]></link>
</review>
<review>
	<rating>4.0</rating>
	<author><![CDATA[A TripAdvisor Contributor]]></author>
	<date>2008-06-05</date>
	<title><![CDATA[&#x201c;Nice !&#x201d;]]></title>
	<excerpt><![CDATA[Nice ! more]]></excerpt>
	<link><![CDATA[http://www.tripadvisor.com/Restaurant_Review-g255060-d727536-Reviews-Out_of_Africa-Sydney_New_South_Wales.html]]></link>
</review>
<review>
	<rating>4.0</rating>
	<author><![CDATA[A TripAdvisor Contributor]]></author>
	<date>2008-05-25</date>
	<title><![CDATA[&#x201c;The spices and...&#x201d;]]></title>
	<excerpt><![CDATA[The spices and sophistication boosts the beauty of the place and the food they serve. Fully packed on weekends so book early. Voted as one of the fine]]></excerpt>
	<link><![CDATA[http://www.tripadvisor.com/Restaurant_Review-g255060-d727536-Reviews-Out_of_Africa-Sydney_New_South_Wales.html]]></link>
</review>
<review>
	<rating>5.0</rating>
	<author><![CDATA[A TripAdvisor Contributor]]></author>
	<date>2008-04-12</date>
	<title><![CDATA[&#x201c;Loved it, not one of...&#x201d;]]></title>
	<excerpt><![CDATA[Loved it, not one of those wham bam thankyou maam restaurants more]]></excerpt>
	<link><![CDATA[http://www.tripadvisor.com/Restaurant_Review-g255060-d727536-Reviews-Out_of_Africa-Sydney_New_South_Wales.html]]></link>
</review>
<review>
	<rating>3.0</rating>
	<author><![CDATA[A TripAdvisor Contributor]]></author>
	<date>2008-01-02</date>
	<title><![CDATA[&#x201c;Great food, not so great...&#x201d;]]></title>
	<excerpt><![CDATA[Great food, not so great service more]]></excerpt>
	<link><![CDATA[http://www.tripadvisor.com/Restaurant_Review-g255060-d727536-Reviews-Out_of_Africa-Sydney_New_South_Wales.html]]></link>
</review>
</source>