<source name="Trip Advisor" avg-rating="4.5">
<review>
	<rating>4.0</rating>
	<author><![CDATA[A TripAdvisor Contributor]]></author>
	<date>2008-08-24</date>
	<title><![CDATA[&#x201c;Great place for lunch...&#x201d;]]></title>
	<excerpt><![CDATA[Great place for lunch. Delicious food, fresh flavors, casual setting. more]]></excerpt>
	<link><![CDATA[http://www.tripadvisor.com/Restaurant_Review-g255060-d727896-Reviews-Red_Lantern-Sydney_New_South_Wales.html]]></link>
</review>
<review>
	<rating>5.0</rating>
	<author><![CDATA[A TripAdvisor Contributor]]></author>
	<date>2008-07-23</date>
	<title><![CDATA[&#x201c;Awesome place. For...&#x201d;]]></title>
	<excerpt><![CDATA[Awesome place. For entre we had the Cha Gio, possibly the most delicious spring rolls I've ever eaten. For mains, we ordered the Vit Quay Xao Cai Xh]]></excerpt>
	<link><![CDATA[http://www.tripadvisor.com/Restaurant_Review-g255060-d727896-Reviews-Red_Lantern-Sydney_New_South_Wales.html]]></link>
</review>
<review>
	<rating>3.0</rating>
	<author><![CDATA[A TripAdvisor Contributor]]></author>
	<date>2008-02-27</date>
	<title><![CDATA[&#x201c;Hit and miss menu. Not...&#x201d;]]></title>
	<excerpt><![CDATA[Hit and miss menu. Not sure if I'd bother going back. more]]></excerpt>
	<link><![CDATA[http://www.tripadvisor.com/Restaurant_Review-g255060-d727896-Reviews-Red_Lantern-Sydney_New_South_Wales.html]]></link>
</review>
<review>
	<rating>3.0</rating>
	<author><![CDATA[A TripAdvisor Contributor]]></author>
	<date>2008-01-14</date>
	<title><![CDATA[&#x201c;Nice place to sit around...&#x201d;]]></title>
	<excerpt><![CDATA[Nice place to sit around - especially outdoor. Didn't think the food was all that authentic. more]]></excerpt>
	<link><![CDATA[http://www.tripadvisor.com/Restaurant_Review-g255060-d727896-Reviews-Red_Lantern-Sydney_New_South_Wales.html]]></link>
</review>
<review>
	<rating>2.0</rating>
	<author><![CDATA[A TripAdvisor Contributor]]></author>
	<date>2007-12-24</date>
	<title><![CDATA[&#x201c;Canapes are tasty.&#x201d;]]></title>
	<excerpt><![CDATA[Canapes are tasty. more]]></excerpt>
	<link><![CDATA[http://www.tripadvisor.com/Restaurant_Review-g255060-d727896-Reviews-Red_Lantern-Sydney_New_South_Wales.html]]></link>
</review>
<review>
	<rating>1.0</rating>
	<author><![CDATA[A TripAdvisor Contributor]]></author>
	<date>2007-12-19</date>
	<title><![CDATA[&#x201c;One of the worst...&#x201d;]]></title>
	<excerpt><![CDATA[One of the worst examples of Vietnamese food. more]]></excerpt>
	<link><![CDATA[http://www.tripadvisor.com/Restaurant_Review-g255060-d727896-Reviews-Red_Lantern-Sydney_New_South_Wales.html]]></link>
</review>
<review>
	<rating>4.0</rating>
	<author><![CDATA[A TripAdvisor Contributor]]></author>
	<date>2007-11-24</date>
	<title><![CDATA[&#x201c;Really good Vietmiese...&#x201d;]]></title>
	<excerpt><![CDATA[Really good Vietmiese with great atmosphere more]]></excerpt>
	<link><![CDATA[http://www.tripadvisor.com/Restaurant_Review-g255060-d727896-Reviews-Red_Lantern-Sydney_New_South_Wales.html]]></link>
</review>
</source>