<source name="Trip Advisor" avg-rating="4.5">
<review>
	<rating>4.0</rating>
	<author><![CDATA[A TripAdvisor Contributor]]></author>
	<date>2008-07-17</date>
	<title><![CDATA[&#x201c;Bit pricey, but the beer...&#x201d;]]></title>
	<excerpt><![CDATA[Bit pricey, but the beer is wonderful. Try the tasting plates that match food and brews. more]]></excerpt>
	<link><![CDATA[http://www.tripadvisor.com/Restaurant_Review-g255060-d877338-Reviews-Redoak_Boutique_Beer_Cafe-Sydney_New_South_Wales.html]]></link>
</review>
</source>