<source name="Trip Advisor" avg-rating="4.5">
<review>
	<rating>2.0</rating>
	<author><![CDATA[Edwardknows]]></author>
	<date>2008-11-28</date>
	<title><![CDATA[&#x201c;Rather disappointed&#x201d;]]></title>
	<excerpt><![CDATA[Contributors to Restaurant magazine reckon Rockpool is the worlds 49th best restaurant. Not based on my experience on 25/11/08 it isn]]></excerpt>
	<link><![CDATA[http://www.tripadvisor.com/Restaurant_Review-g255060-d757137-Reviews-Rockpool-Sydney_New_South_Wales.html]]></link>
</review>
<review>
	<rating>5.0</rating>
	<author><![CDATA[katesjourneys]]></author>
	<date>2008-11-11</date>
	<title><![CDATA[&#x201c;Divine food&#x201d;]]></title>
	<excerpt><![CDATA[Pricey but worth it. Superb dining by attentive, professional staff. Crisp, elegant, contemporary decor. There are two parts to this restaurant, the m]]></excerpt>
	<link><![CDATA[http://www.tripadvisor.com/Restaurant_Review-g255060-d757137-Reviews-Rockpool-Sydney_New_South_Wales.html]]></link>
</review>
<review>
	<rating>4.0</rating>
	<author><![CDATA[BostonPetvet]]></author>
	<date>2008-11-03</date>
	<title><![CDATA[&#x201c;Top Fish of Sydney Restaurants We Visited&#x201d;]]></title>
	<excerpt><![CDATA[Located in an unassuming building in the Rocks section of Sydney, you will likely walk by this establishment without even noticing it in the AM. But, ]]></excerpt>
	<link><![CDATA[http://www.tripadvisor.com/Restaurant_Review-g255060-d757137-Reviews-Rockpool-Sydney_New_South_Wales.html]]></link>
</review>
<review>
	<rating>5.0</rating>
	<author><![CDATA[LSCats]]></author>
	<date>2008-10-10</date>
	<title><![CDATA[&#x201c;Great "Oyster Bar" experience&#x201d;]]></title>
	<excerpt><![CDATA[I discovered Rockpool as I was walking along George Street. While the dining room menu was more than I wanted to deal with on my own, the Oyster Bar m]]></excerpt>
	<link><![CDATA[http://www.tripadvisor.com/Restaurant_Review-g255060-d757137-Reviews-Rockpool-Sydney_New_South_Wales.html]]></link>
</review>
<review>
	<rating>5.0</rating>
	<author><![CDATA[Hen-nyTN]]></author>
	<date>2008-08-19</date>
	<title><![CDATA[&#x201c;We loved it&#x201d;]]></title>
	<excerpt><![CDATA[My husband and I liked Rockpool so much that we visited it several times during a week I Sydney. We have thus sampled most of the delicious items in t]]></excerpt>
	<link><![CDATA[http://www.tripadvisor.com/Restaurant_Review-g255060-d757137-Reviews-Rockpool-Sydney_New_South_Wales.html]]></link>
</review>
<review>
	<rating>5.0</rating>
	<author><![CDATA[A TripAdvisor Contributor]]></author>
	<date>2008-07-31</date>
	<title><![CDATA[&#x201c;Some nights in your life...&#x201d;]]></title>
	<excerpt><![CDATA[Some nights in your life you always remember - for me at least, this is one of them. Look hard for the entrance, cause you might miss it. Everything e]]></excerpt>
	<link><![CDATA[http://www.tripadvisor.com/Restaurant_Review-g255060-d757137-Reviews-Rockpool-Sydney_New_South_Wales.html]]></link>
</review>
<review>
	<rating>3.0</rating>
	<author><![CDATA[ChristineWSydney]]></author>
	<date>2008-07-30</date>
	<title><![CDATA[&#x201c;overrated&#x201d;]]></title>
	<excerpt><![CDATA[overrated more]]></excerpt>
	<link><![CDATA[http://www.tripadvisor.com/Restaurant_Review-g255060-d757137-Reviews-Rockpool-Sydney_New_South_Wales.html]]></link>
</review>
<review>
	<rating>3.0</rating>
	<author><![CDATA[A TripAdvisor Contributor]]></author>
	<date>2008-07-21</date>
	<title><![CDATA[&#x201c;A little underwhelming...&#x201d;]]></title>
	<excerpt><![CDATA[A little underwhelming after having high expectations. Food and service was OK, however no WOW factor on my visit more]]></excerpt>
	<link><![CDATA[http://www.tripadvisor.com/Restaurant_Review-g255060-d757137-Reviews-Rockpool-Sydney_New_South_Wales.html]]></link>
</review>
<review>
	<rating>5.0</rating>
	<author><![CDATA[A TripAdvisor Contributor]]></author>
	<date>2008-06-27</date>
	<title><![CDATA[&#x201c;Great dining experience...&#x201d;]]></title>
	<excerpt><![CDATA[Great dining experience. Chef Neil Perry doesn't disappoint, but keeps surprising. A must try. more]]></excerpt>
	<link><![CDATA[http://www.tripadvisor.com/Restaurant_Review-g255060-d757137-Reviews-Rockpool-Sydney_New_South_Wales.html]]></link>
</review>
<review>
	<rating>5.0</rating>
	<author><![CDATA[A TripAdvisor Contributor]]></author>
	<date>2008-06-01</date>
	<title><![CDATA[&#x201c;Great relaxed ambience...&#x201d;]]></title>
	<excerpt><![CDATA[Great relaxed ambience; wonderful seafood even if (like me) you don't really like fish all that much. Squid ink risotto was gorgeous! more]]></excerpt>
	<link><![CDATA[http://www.tripadvisor.com/Restaurant_Review-g255060-d757137-Reviews-Rockpool-Sydney_New_South_Wales.html]]></link>
</review>
<review>
	<rating>1.0</rating>
	<author><![CDATA[A TripAdvisor Contributor]]></author>
	<date>2008-05-03</date>
	<title><![CDATA[&#x201c;A little more effort and...&#x201d;]]></title>
	<excerpt><![CDATA[A little more effort and creativity than just slapping on a piece of fish on a plate more]]></excerpt>
	<link><![CDATA[http://www.tripadvisor.com/Restaurant_Review-g255060-d757137-Reviews-or10-Rockpool-Sydney_New_South_Wales.html]]></link>
</review>
<review>
	<rating>3.0</rating>
	<author><![CDATA[A TripAdvisor Contributor]]></author>
	<date>2008-04-21</date>
	<title><![CDATA[&#x201c;great service, not a fan...&#x201d;]]></title>
	<excerpt><![CDATA[great service, not a fan of the black ink squid... more]]></excerpt>
	<link><![CDATA[http://www.tripadvisor.com/Restaurant_Review-g255060-d757137-Reviews-or10-Rockpool-Sydney_New_South_Wales.html]]></link>
</review>
<review>
	<rating>3.0</rating>
	<author><![CDATA[A TripAdvisor Contributor]]></author>
	<date>2008-04-17</date>
	<title><![CDATA[&#x201c;very quiet&#x201d;]]></title>
	<excerpt><![CDATA[very quiet more]]></excerpt>
	<link><![CDATA[http://www.tripadvisor.com/Restaurant_Review-g255060-d757137-Reviews-or10-Rockpool-Sydney_New_South_Wales.html]]></link>
</review>
<review>
	<rating>4.0</rating>
	<author><![CDATA[A TripAdvisor Contributor]]></author>
	<date>2008-04-10</date>
	<title><![CDATA[&#x201c;almost as good as...&#x201d;]]></title>
	<excerpt><![CDATA[almost as good as tetsuyas but not quite, lovely more]]></excerpt>
	<link><![CDATA[http://www.tripadvisor.com/Restaurant_Review-g255060-d757137-Reviews-or10-Rockpool-Sydney_New_South_Wales.html]]></link>
</review>
<review>
	<rating>4.0</rating>
	<author><![CDATA[A TripAdvisor Contributor]]></author>
	<date>2008-01-19</date>
	<title><![CDATA[&#x201c;Yum!!!!! I could go...&#x201d;]]></title>
	<excerpt><![CDATA[Yum!!!!! I could go here every week. more]]></excerpt>
	<link><![CDATA[http://www.tripadvisor.com/Restaurant_Review-g255060-d757137-Reviews-or10-Rockpool-Sydney_New_South_Wales.html]]></link>
</review>
<review>
	<rating>5.0</rating>
	<author><![CDATA[A TripAdvisor Contributor]]></author>
	<date>2007-12-22</date>
	<title><![CDATA[&#x201c;i dont' like it - i love...&#x201d;]]></title>
	<excerpt><![CDATA[i dont' like it - i love it more]]></excerpt>
	<link><![CDATA[http://www.tripadvisor.com/Restaurant_Review-g255060-d757137-Reviews-or10-Rockpool-Sydney_New_South_Wales.html]]></link>
</review>
<review>
	<rating>3.0</rating>
	<author><![CDATA[A TripAdvisor Contributor]]></author>
	<date>2007-12-22</date>
	<title><![CDATA[&#x201c;past its prime&#x201d;]]></title>
	<excerpt><![CDATA[past its prime more]]></excerpt>
	<link><![CDATA[http://www.tripadvisor.com/Restaurant_Review-g255060-d757137-Reviews-or10-Rockpool-Sydney_New_South_Wales.html]]></link>
</review>
</source>