<source name="Trip Advisor" avg-rating="4.0">
<review>
	<rating>1.0</rating>
	<author><![CDATA[gingerCanada]]></author>
	<date>2009-01-05</date>
	<title><![CDATA[&#x201c;New Menu A Bust And He's Rating Is Lowered&#x201d;]]></title>
	<excerpt><![CDATA[Sean's Panaroma used to be a great restaurant but the chef has lost his touch and has been downgraded from a two chef's hat rating to one for 2009.
I ]]></excerpt>
	<link><![CDATA[http://www.tripadvisor.com/Restaurant_Review-g255060-d728230-Reviews-Sean_s_Panaroma-Sydney_New_South_Wales.html]]></link>
</review>
<review>
	<rating>4.0</rating>
	<author><![CDATA[A TripAdvisor Contributor]]></author>
	<date>2008-11-18</date>
	<title><![CDATA[&#x201c;Pretty good food. A bit...&#x201d;]]></title>
	<excerpt><![CDATA[Pretty good food. A bit pricey, but not too pricey. Small resto, but pretty good crowd! Seafood's good! Dessert's OK. Portion OK. more]]></excerpt>
	<link><![CDATA[http://www.tripadvisor.com/Restaurant_Review-g255060-d728230-Reviews-Sean_s_Panaroma-Sydney_New_South_Wales.html]]></link>
</review>
<review>
	<rating>2.0</rating>
	<author><![CDATA[A TripAdvisor Contributor]]></author>
	<date>2008-07-21</date>
	<title><![CDATA[&#x201c;I went there for my...&#x201d;]]></title>
	<excerpt><![CDATA[I went there for my birthday last year. A tight squeeze for the seating, nice food, good service but very overpriced and hard to get a booking. more]]></excerpt>
	<link><![CDATA[http://www.tripadvisor.com/Restaurant_Review-g255060-d728230-Reviews-Sean_s_Panaroma-Sydney_New_South_Wales.html]]></link>
</review>
<review>
	<rating>5.0</rating>
	<author><![CDATA[A TripAdvisor Contributor]]></author>
	<date>2008-01-22</date>
	<title><![CDATA[&#x201c;Perfect spot for a...&#x201d;]]></title>
	<excerpt><![CDATA[Perfect spot for a special date, all class but still relaxed more]]></excerpt>
	<link><![CDATA[http://www.tripadvisor.com/Restaurant_Review-g255060-d728230-Reviews-Sean_s_Panaroma-Sydney_New_South_Wales.html]]></link>
</review>
<review>
	<rating>3.0</rating>
	<author><![CDATA[A TripAdvisor Contributor]]></author>
	<date>2007-12-16</date>
	<title><![CDATA[&#x201c;Casual. Went here with a...&#x201d;]]></title>
	<excerpt><![CDATA[Casual. Went here with a friend a few weeks ago with a table booked for which we then had to wait an hour.
No written menu - just verbal (without quot]]></excerpt>
	<link><![CDATA[http://www.tripadvisor.com/Restaurant_Review-g255060-d728230-Reviews-Sean_s_Panaroma-Sydney_New_South_Wales.html]]></link>
</review>
<review>
	<rating>4.0</rating>
	<author><![CDATA[A TripAdvisor Contributor]]></author>
	<date>2007-12-13</date>
	<title><![CDATA[&#x201c;Really good produce and...&#x201d;]]></title>
	<excerpt><![CDATA[Really good produce and you can't beat the views! Not a bad wine list either more]]></excerpt>
	<link><![CDATA[http://www.tripadvisor.com/Restaurant_Review-g255060-d728230-Reviews-Sean_s_Panaroma-Sydney_New_South_Wales.html]]></link>
</review>
<review>
	<rating>4.0</rating>
	<author><![CDATA[A TripAdvisor Contributor]]></author>
	<date>2007-12-11</date>
	<title><![CDATA[&#x201c;very good food... book a...&#x201d;]]></title>
	<excerpt><![CDATA[very good food... book a table outside when the weather is good.. its load inside, but worth it... the food is 1st class.. more]]></excerpt>
	<link><![CDATA[http://www.tripadvisor.com/Restaurant_Review-g255060-d728230-Reviews-Sean_s_Panaroma-Sydney_New_South_Wales.html]]></link>
</review>
<review>
	<rating>3.0</rating>
	<author><![CDATA[A TripAdvisor Contributor]]></author>
	<date>2007-11-27</date>
	<title><![CDATA[&#x201c;What a location!&#x201d;]]></title>
	<excerpt><![CDATA[What a location! more]]></excerpt>
	<link><![CDATA[http://www.tripadvisor.com/Restaurant_Review-g255060-d728230-Reviews-Sean_s_Panaroma-Sydney_New_South_Wales.html]]></link>
</review>
<review>
	<rating>4.0</rating>
	<author><![CDATA[A TripAdvisor Contributor]]></author>
	<date>2007-11-26</date>
	<title><![CDATA[&#x201c;Lovely relaxed...&#x201d;]]></title>
	<excerpt><![CDATA[Lovely relaxed environment, yummy food & excellent wine selection. Staff are really unpretentious which is a nice change. Next time I'm doing the degu]]></excerpt>
	<link><![CDATA[http://www.tripadvisor.com/Restaurant_Review-g255060-d728230-Reviews-Sean_s_Panaroma-Sydney_New_South_Wales.html]]></link>
</review>
<review>
	<rating>5.0</rating>
	<author><![CDATA[A TripAdvisor Contributor]]></author>
	<date>2007-11-23</date>
	<title><![CDATA[&#x201c;My FAVOURITE restaurant...&#x201d;]]></title>
	<excerpt><![CDATA[My FAVOURITE restaurant in Sydney. Definately hands down in terms of food/service/location EVERYTHING. Anything you order will be devine - but make su]]></excerpt>
	<link><![CDATA[http://www.tripadvisor.com/Restaurant_Review-g255060-d728230-Reviews-Sean_s_Panaroma-Sydney_New_South_Wales.html]]></link>
</review>
<review>
	<rating>4.0</rating>
	<author><![CDATA[A TripAdvisor Contributor]]></author>
	<date>2007-11-23</date>
	<title><![CDATA[&#x201c;Great food, service was...&#x201d;]]></title>
	<excerpt><![CDATA[Great food, service was a little slow and very unengaging which I am told is unusual. The food is definitely worth it, the wine list fantastic and I'm]]></excerpt>
	<link><![CDATA[http://www.tripadvisor.com/Restaurant_Review-g255060-d728230-Reviews-or10-Sean_s_Panaroma-Sydney_New_South_Wales.html]]></link>
</review>
</source>