<source name="Trip Advisor" avg-rating="4.5">
<review>
	<rating>4.0</rating>
	<author><![CDATA[travelinggirlusa]]></author>
	<date>2008-09-23</date>
	<title><![CDATA[&#x201c;Contemporary, Delicious Sushi&#x201d;]]></title>
	<excerpt><![CDATA[Sushi Choo is in a very happening area of Sydney (at the Ivy). Well stocked sushi train in modern setting. Don't miss the sashimi pizza -- fantastic. ]]></excerpt>
	<link><![CDATA[http://www.tripadvisor.com/Restaurant_Review-g255060-d1168597-Reviews-Sushi_Choo-Sydney_New_South_Wales.html]]></link>
</review>
</source>