<source name="Trip Advisor" avg-rating="4.0">
<review>
	<rating>4.0</rating>
	<author><![CDATA[A TripAdvisor Contributor]]></author>
	<date>2009-02-02</date>
	<title><![CDATA[&#x201c;When you think Japanese...&#x201d;]]></title>
	<excerpt><![CDATA[When you think Japanese you don't think Annandale or Leichhardt area but this is a little treasure. Service can be slow at times but food is good and ]]></excerpt>
	<link><![CDATA[http://www.tripadvisor.com/Restaurant_Review-g255060-d784243-Reviews-Sushi_Bar_Rashai-Sydney_New_South_Wales.html]]></link>
</review>
<review>
	<rating>4.0</rating>
	<author><![CDATA[Tigerland71]]></author>
	<date>2008-10-08</date>
	<title><![CDATA[&#x201c;Go for the Chasoba salad!&#x201d;]]></title>
	<excerpt><![CDATA[The Chasoba salad is a winner, the chef is friendly, the fish is fresh...maybe the service is a little slow. I always overload on Wasabi and Sake! mor]]></excerpt>
	<link><![CDATA[http://www.tripadvisor.com/Restaurant_Review-g255060-d784243-Reviews-Sushi_Bar_Rashai-Sydney_New_South_Wales.html]]></link>
</review>
<review>
	<rating>5.0</rating>
	<author><![CDATA[A TripAdvisor Contributor]]></author>
	<date>2008-05-04</date>
	<title><![CDATA[&#x201c;I love their Chasoba...&#x201d;]]></title>
	<excerpt><![CDATA[I love their Chasoba salad, yum!!! more]]></excerpt>
	<link><![CDATA[http://www.tripadvisor.com/Restaurant_Review-g255060-d784243-Reviews-Sushi_Bar_Rashai-Sydney_New_South_Wales.html]]></link>
</review>
<review>
	<rating>1.0</rating>
	<author><![CDATA[A TripAdvisor Contributor]]></author>
	<date>2008-04-18</date>
	<title><![CDATA[&#x201c;didn have good...&#x201d;]]></title>
	<excerpt><![CDATA[didn have good experience! they brought food with cooked fly on the meat. ewwwww never went back ever since. Service is really slow as well. more]]></excerpt>
	<link><![CDATA[http://www.tripadvisor.com/Restaurant_Review-g255060-d784243-Reviews-Sushi_Bar_Rashai-Sydney_New_South_Wales.html]]></link>
</review>
<review>
	<rating>4.0</rating>
	<author><![CDATA[A TripAdvisor Contributor]]></author>
	<date>2008-01-05</date>
	<title><![CDATA[&#x201c;Fresh sashimis&#x201d;]]></title>
	<excerpt><![CDATA[Fresh sashimis more]]></excerpt>
	<link><![CDATA[http://www.tripadvisor.com/Restaurant_Review-g255060-d784243-Reviews-Sushi_Bar_Rashai-Sydney_New_South_Wales.html]]></link>
</review>
<review>
	<rating>4.0</rating>
	<author><![CDATA[A TripAdvisor Contributor]]></author>
	<date>2007-12-17</date>
	<title><![CDATA[&#x201c;Great food!&#x201d;]]></title>
	<excerpt><![CDATA[Great food! more]]></excerpt>
	<link><![CDATA[http://www.tripadvisor.com/Restaurant_Review-g255060-d784243-Reviews-Sushi_Bar_Rashai-Sydney_New_South_Wales.html]]></link>
</review>
<review>
	<rating>3.0</rating>
	<author><![CDATA[A TripAdvisor Contributor]]></author>
	<date>2007-11-24</date>
	<title><![CDATA[&#x201c;Look no further for a...&#x201d;]]></title>
	<excerpt><![CDATA[Look no further for a relaxed, alternative dining experience. Unpretentious and up- front Japanese restaurant. Experiment beyond sushi! Hmmm plum wine]]></excerpt>
	<link><![CDATA[http://www.tripadvisor.com/Restaurant_Review-g255060-d784243-Reviews-Sushi_Bar_Rashai-Sydney_New_South_Wales.html]]></link>
</review>
</source>