<source name="Trip Advisor" avg-rating="4.5">
<review>
	<rating>2.0</rating>
	<author><![CDATA[A TripAdvisor Contributor]]></author>
	<date>2008-10-11</date>
	<title><![CDATA[&#x201c;Upstairs seating area...&#x201d;]]></title>
	<excerpt><![CDATA[Upstairs seating area smelled strongly like a toilet; decent entrees but otherwise crummy mains (absolutely woeful Steak Frites though the soft and ju]]></excerpt>
	<link><![CDATA[http://www.tripadvisor.com/Restaurant_Review-g255060-d728565-Reviews-Tabou-Sydney_New_South_Wales.html]]></link>
</review>
<review>
	<rating>5.0</rating>
	<author><![CDATA[A TripAdvisor Contributor]]></author>
	<date>2008-07-17</date>
	<title><![CDATA[&#x201c;OUR FAVOURITE French...&#x201d;]]></title>
	<excerpt><![CDATA[OUR FAVOURITE French restaurant. Great value and they are open on Sundays which is a bonus. They are also BYO. more]]></excerpt>
	<link><![CDATA[http://www.tripadvisor.com/Restaurant_Review-g255060-d728565-Reviews-Tabou-Sydney_New_South_Wales.html]]></link>
</review>
<review>
	<rating>4.0</rating>
	<author><![CDATA[A TripAdvisor Contributor]]></author>
	<date>2008-05-15</date>
	<title><![CDATA[&#x201c;Loved it loved it loved...&#x201d;]]></title>
	<excerpt><![CDATA[Loved it loved it loved it.
Their cheese soufllet is to die for and the creme caramel is the best I have had for ages.
Great french restaurant more]]></excerpt>
	<link><![CDATA[http://www.tripadvisor.com/Restaurant_Review-g255060-d728565-Reviews-Tabou-Sydney_New_South_Wales.html]]></link>
</review>
<review>
	<rating>4.0</rating>
	<author><![CDATA[A TripAdvisor Contributor]]></author>
	<date>2008-02-25</date>
	<title><![CDATA[&#x201c;Awesome stake and...&#x201d;]]></title>
	<excerpt><![CDATA[Awesome stake and excellent service! Fun and unpretentious! more]]></excerpt>
	<link><![CDATA[http://www.tripadvisor.com/Restaurant_Review-g255060-d728565-Reviews-Tabou-Sydney_New_South_Wales.html]]></link>
</review>
<review>
	<rating>4.0</rating>
	<author><![CDATA[A TripAdvisor Contributor]]></author>
	<date>2008-02-07</date>
	<title><![CDATA[&#x201c;what a lovely meal...&#x201d;]]></title>
	<excerpt><![CDATA[what a lovely meal. great paris feel to the place. The food excellent and the service was very good. Recommend for a fancy night out. more]]></excerpt>
	<link><![CDATA[http://www.tripadvisor.com/Restaurant_Review-g255060-d728565-Reviews-Tabou-Sydney_New_South_Wales.html]]></link>
</review>
<review>
	<rating>4.0</rating>
	<author><![CDATA[A TripAdvisor Contributor]]></author>
	<date>2008-02-06</date>
	<title><![CDATA[&#x201c;Surprisingly light and...&#x201d;]]></title>
	<excerpt><![CDATA[Surprisingly light and yet thoroughly modern French food. Get yer livers, tripes and pancreas. more]]></excerpt>
	<link><![CDATA[http://www.tripadvisor.com/Restaurant_Review-g255060-d728565-Reviews-Tabou-Sydney_New_South_Wales.html]]></link>
</review>
<review>
	<rating>4.0</rating>
	<author><![CDATA[A TripAdvisor Contributor]]></author>
	<date>2008-01-26</date>
	<title><![CDATA[&#x201c;loved it,french in taste...&#x201d;]]></title>
	<excerpt><![CDATA[loved it,french in taste but hurry their chef is leaving end of March for his native Christchurch,NZ more]]></excerpt>
	<link><![CDATA[http://www.tripadvisor.com/Restaurant_Review-g255060-d728565-Reviews-Tabou-Sydney_New_South_Wales.html]]></link>
</review>
<review>
	<rating>4.0</rating>
	<author><![CDATA[A TripAdvisor Contributor]]></author>
	<date>2008-01-11</date>
	<title><![CDATA[&#x201c;Traditional french...&#x201d;]]></title>
	<excerpt><![CDATA[Traditional french cuisine, intimate setting, with a welcoming service and great Food & Wine!
My new favourite! more]]></excerpt>
	<link><![CDATA[http://www.tripadvisor.com/Restaurant_Review-g255060-d728565-Reviews-Tabou-Sydney_New_South_Wales.html]]></link>
</review>
<review>
	<rating>2.0</rating>
	<author><![CDATA[A TripAdvisor Contributor]]></author>
	<date>2007-12-22</date>
	<title><![CDATA[&#x201c;over-rated.&#x201d;]]></title>
	<excerpt><![CDATA[over-rated. more]]></excerpt>
	<link><![CDATA[http://www.tripadvisor.com/Restaurant_Review-g255060-d728565-Reviews-Tabou-Sydney_New_South_Wales.html]]></link>
</review>
<review>
	<rating>3.0</rating>
	<author><![CDATA[A TripAdvisor Contributor]]></author>
	<date>2007-12-09</date>
	<title><![CDATA[&#x201c;Menu can be dicy, but...&#x201d;]]></title>
	<excerpt><![CDATA[Menu can be dicy, but when you pick it right then it's amazing. The veal wrapped in pastry was delicious. Very good looking waitors. more]]></excerpt>
	<link><![CDATA[http://www.tripadvisor.com/Restaurant_Review-g255060-d728565-Reviews-Tabou-Sydney_New_South_Wales.html]]></link>
</review>
<review>
	<rating>3.0</rating>
	<author><![CDATA[A TripAdvisor Contributor]]></author>
	<date>2007-12-04</date>
	<title><![CDATA[&#x201c;Yummy Games!&#x201d;]]></title>
	<excerpt><![CDATA[Yummy Games! more]]></excerpt>
	<link><![CDATA[http://www.tripadvisor.com/Restaurant_Review-g255060-d728565-Reviews-or10-Tabou-Sydney_New_South_Wales.html]]></link>
</review>
<review>
	<rating>2.0</rating>
	<author><![CDATA[A TripAdvisor Contributor]]></author>
	<date>2007-11-23</date>
	<title><![CDATA[&#x201c;good bistro style food...&#x201d;]]></title>
	<excerpt><![CDATA[good bistro style food, it lives up to its french reputation when it comes to service. So go there expecting it! snobbery!!!! more]]></excerpt>
	<link><![CDATA[http://www.tripadvisor.com/Restaurant_Review-g255060-d728565-Reviews-or10-Tabou-Sydney_New_South_Wales.html]]></link>
</review>
</source>