<source name="Trip Advisor" avg-rating="4.5">
<review>
	<rating>4.0</rating>
	<author><![CDATA[Florian254]]></author>
	<date>2009-03-20</date>
	<title><![CDATA[&#x201c;Wonderful food, but&#x201d;]]></title>
	<excerpt><![CDATA[The restaurant being number one here and being recommended in several maganzines who deal with nice food it was a must go for my girlfriend and me and]]></excerpt>
	<link><![CDATA[http://www.tripadvisor.com/Restaurant_Review-g255060-d779481-Reviews-Tetsuya_s-Sydney_New_South_Wales.html]]></link>
</review>
<review>
	<rating>4.0</rating>
	<author><![CDATA[MikeyBikey]]></author>
	<date>2009-03-15</date>
	<title><![CDATA[&#x201c;Good spot. Best in OZ? Maybe&#x201d;]]></title>
	<excerpt><![CDATA[The wife and I are relatively "new" to the foodie circuit. Fortunately, though, we've already been to some amazing places, including one of the temple]]></excerpt>
	<link><![CDATA[http://www.tripadvisor.com/Restaurant_Review-g255060-d779481-Reviews-Tetsuya_s-Sydney_New_South_Wales.html]]></link>
</review>
<review>
	<rating>5.0</rating>
	<author><![CDATA[Jon-Sydney]]></author>
	<date>2009-03-13</date>
	<title><![CDATA[&#x201c;Absolutely wonderful&#x201d;]]></title>
	<excerpt><![CDATA[I recently went back to Tetsuya's for the second time and I want to say that I had a wonderful time again.
I believe one of the best things about Tets]]></excerpt>
	<link><![CDATA[http://www.tripadvisor.com/Restaurant_Review-g255060-d779481-Reviews-Tetsuya_s-Sydney_New_South_Wales.html]]></link>
</review>
<review>
	<rating>2.0</rating>
	<author><![CDATA[MarekSydney]]></author>
	<date>2009-02-26</date>
	<title><![CDATA[&#x201c;Overrated and overpriced Tetsuya Sydney&#x201d;]]></title>
	<excerpt><![CDATA[Not impressed at all.
Unlike the old Tetsuya in Rozelle, the Kent Str restaurant dissapoints on many fronts. It's definitely overpriced ($500 for two ]]></excerpt>
	<link><![CDATA[http://www.tripadvisor.com/Restaurant_Review-g255060-d779481-Reviews-Tetsuya_s-Sydney_New_South_Wales.html]]></link>
</review>
<review>
	<rating>1.0</rating>
	<author><![CDATA[alexedSanFrancisco]]></author>
	<date>2009-02-18</date>
	<title><![CDATA[&#x201c;Surprisingly Dismal Food&#x201d;]]></title>
	<excerpt><![CDATA[We had fairly high expectations for Tetsuya's, given its position on various "great restaurants of the world" lists, and it's pricy ($250 US per perso]]></excerpt>
	<link><![CDATA[http://www.tripadvisor.com/Restaurant_Review-g255060-d779481-Reviews-Tetsuya_s-Sydney_New_South_Wales.html]]></link>
</review>
<review>
	<rating>3.0</rating>
	<author><![CDATA[WagU2]]></author>
	<date>2008-12-07</date>
	<title><![CDATA[&#x201c;Disappointing&#x201d;]]></title>
	<excerpt><![CDATA[Tetsuya himself is deservedly an icon in the Sydney food scene and the expectations here are high. Unfortunately the dining experience is an expensive]]></excerpt>
	<link><![CDATA[http://www.tripadvisor.com/Restaurant_Review-g255060-d779481-Reviews-Tetsuya_s-Sydney_New_South_Wales.html]]></link>
</review>
<review>
	<rating>2.0</rating>
	<author><![CDATA[lucy_brown1]]></author>
	<date>2008-11-19</date>
	<title><![CDATA[&#x201c;Oh dear...dont get your hopes up!!&#x201d;]]></title>
	<excerpt><![CDATA[For those of you who have been told Tetsuya's is an 'amazing experience', best restaurant in Sydney', a 'must do' whilst in Sydney has been mis inform]]></excerpt>
	<link><![CDATA[http://www.tripadvisor.com/Restaurant_Review-g255060-d779481-Reviews-Tetsuya_s-Sydney_New_South_Wales.html]]></link>
</review>
<review>
	<rating>5.0</rating>
	<author><![CDATA[A TripAdvisor Contributor]]></author>
	<date>2008-11-18</date>
	<title><![CDATA[&#x201c;Detail in food: flavour...&#x201d;]]></title>
	<excerpt><![CDATA[Detail in food: flavour, presentation, diversity, quality n quantity. Loved everything! Even the waiters! n the restroom!..Value for $ for the 10-cour]]></excerpt>
	<link><![CDATA[http://www.tripadvisor.com/Restaurant_Review-g255060-d779481-Reviews-Tetsuya_s-Sydney_New_South_Wales.html]]></link>
</review>
<review>
	<rating>1.0</rating>
	<author><![CDATA[SSfoodie]]></author>
	<date>2008-08-26</date>
	<title><![CDATA[&#x201c;Don't waste your time or the money&#x201d;]]></title>
	<excerpt><![CDATA[For $300 - $500 a person (including wine), this place does not deserve any attention. It's not exclusive restaurant when there are that many guests ea]]></excerpt>
	<link><![CDATA[http://www.tripadvisor.com/Restaurant_Review-g255060-d779481-Reviews-Tetsuya_s-Sydney_New_South_Wales.html]]></link>
</review>
<review>
	<rating>1.0</rating>
	<author><![CDATA[Hen-nyTN]]></author>
	<date>2008-08-19</date>
	<title><![CDATA[&#x201c;The emperor has no clothes&#x201d;]]></title>
	<excerpt><![CDATA[My husband and I, who are avid travelers and foodies, were thrilled to get a reservation at the highly acclaimed Tetsuya in Sydney. What a disappointm]]></excerpt>
	<link><![CDATA[http://www.tripadvisor.com/Restaurant_Review-g255060-d779481-Reviews-Tetsuya_s-Sydney_New_South_Wales.html]]></link>
</review>
<review>
	<rating>5.0</rating>
	<author><![CDATA[A TripAdvisor Contributor]]></author>
	<date>2008-08-07</date>
	<title><![CDATA[&#x201c;A must try for all...&#x201d;]]></title>
	<excerpt><![CDATA[A must try for all Japanese food lovers visiting Sydney. Mine was a treat from good friend Val. Very good service and the food here is just beautiful.]]></excerpt>
	<link><![CDATA[http://www.tripadvisor.com/Restaurant_Review-g255060-d779481-Reviews-or10-Tetsuya_s-Sydney_New_South_Wales.html]]></link>
</review>
<review>
	<rating>4.0</rating>
	<author><![CDATA[A TripAdvisor Contributor]]></author>
	<date>2008-08-02</date>
	<title><![CDATA[&#x201c;Very good food...&#x201d;]]></title>
	<excerpt><![CDATA[Very good food, Impeccable service.
We had the degustation menu (not that there's any other option) and it was very good. the only thing I can complai]]></excerpt>
	<link><![CDATA[http://www.tripadvisor.com/Restaurant_Review-g255060-d779481-Reviews-or10-Tetsuya_s-Sydney_New_South_Wales.html]]></link>
</review>
<review>
	<rating>4.0</rating>
	<author><![CDATA[A TripAdvisor Contributor]]></author>
	<date>2008-07-19</date>
	<title><![CDATA[&#x201c;true nouvelle cuisine...&#x201d;]]></title>
	<excerpt><![CDATA[true nouvelle cuisine, beautifully presented, delicious, but not enough - I starve whenever I eat here more]]></excerpt>
	<link><![CDATA[http://www.tripadvisor.com/Restaurant_Review-g255060-d779481-Reviews-or10-Tetsuya_s-Sydney_New_South_Wales.html]]></link>
</review>
<review>
	<rating>2.0</rating>
	<author><![CDATA[Tattoosydney]]></author>
	<date>2008-07-04</date>
	<title><![CDATA[&#x201c;Meh....&#x201d;]]></title>
	<excerpt><![CDATA[I am swimming against the stream here... but I was not impressed by Tetsuya's.
The restaurant space is quite lovely - the rooms are beautiful and scat]]></excerpt>
	<link><![CDATA[http://www.tripadvisor.com/Restaurant_Review-g255060-d779481-Reviews-or10-Tetsuya_s-Sydney_New_South_Wales.html]]></link>
</review>
<review>
	<rating>5.0</rating>
	<author><![CDATA[A TripAdvisor Contributor]]></author>
	<date>2008-06-29</date>
	<title><![CDATA[&#x201c;The best restaurant...&#x201d;]]></title>
	<excerpt><![CDATA[The best restaurant ever! A must if you are in Sydney, must book about 5 months in advance more]]></excerpt>
	<link><![CDATA[http://www.tripadvisor.com/Restaurant_Review-g255060-d779481-Reviews-or10-Tetsuya_s-Sydney_New_South_Wales.html]]></link>
</review>
<review>
	<rating>5.0</rating>
	<author><![CDATA[A TripAdvisor Contributor]]></author>
	<date>2008-06-08</date>
	<title><![CDATA[&#x201c;An amazing experience...&#x201d;]]></title>
	<excerpt><![CDATA[An amazing experience! Food was beautifully presented and the service was very professional. Taste, well a sensory delight! Be sure to book a few mont]]></excerpt>
	<link><![CDATA[http://www.tripadvisor.com/Restaurant_Review-g255060-d779481-Reviews-or10-Tetsuya_s-Sydney_New_South_Wales.html]]></link>
</review>
<review>
	<rating>5.0</rating>
	<author><![CDATA[traveling*chococat]]></author>
	<date>2008-06-01</date>
	<title><![CDATA[&#x201c;Can't rave enough!!&#x201d;]]></title>
	<excerpt><![CDATA[First, I have to admit that I am a HUGE foodie. Thus, I had to visit Tetsuya's on my first trip to Sydney. I booked WAY in advance (1-2 months) but ap]]></excerpt>
	<link><![CDATA[http://www.tripadvisor.com/Restaurant_Review-g255060-d779481-Reviews-or10-Tetsuya_s-Sydney_New_South_Wales.html]]></link>
</review>
<review>
	<rating>5.0</rating>
	<author><![CDATA[A TripAdvisor Contributor]]></author>
	<date>2008-06-01</date>
	<title><![CDATA[&#x201c;Fantastic food (get a...&#x201d;]]></title>
	<excerpt><![CDATA[Fantastic food (get a seat by the window if you can), but not the 5th best in the world. Somewhere in the top 50 maybe, but not number 5. more]]></excerpt>
	<link><![CDATA[http://www.tripadvisor.com/Restaurant_Review-g255060-d779481-Reviews-or10-Tetsuya_s-Sydney_New_South_Wales.html]]></link>
</review>
<review>
	<rating>5.0</rating>
	<author><![CDATA[A TripAdvisor Contributor]]></author>
	<date>2008-05-28</date>
	<title><![CDATA[&#x201c;Really nice food. Food...&#x201d;]]></title>
	<excerpt><![CDATA[Really nice food. Food seemed simple but there were heaps of surprises. Excellent service (as u'd expect given the price they charge). more]]></excerpt>
	<link><![CDATA[http://www.tripadvisor.com/Restaurant_Review-g255060-d779481-Reviews-or10-Tetsuya_s-Sydney_New_South_Wales.html]]></link>
</review>
<review>
	<rating>5.0</rating>
	<author><![CDATA[A TripAdvisor Contributor]]></author>
	<date>2008-05-11</date>
	<title><![CDATA[&#x201c;Simply the best!! All...&#x201d;]]></title>
	<excerpt><![CDATA[Simply the best!! All creations are magnificents in plating and taste! But not too crazy about the twice cooked spathcock. more]]></excerpt>
	<link><![CDATA[http://www.tripadvisor.com/Restaurant_Review-g255060-d779481-Reviews-or10-Tetsuya_s-Sydney_New_South_Wales.html]]></link>
</review>
<review>
	<rating>4.0</rating>
	<author><![CDATA[A TripAdvisor Contributor]]></author>
	<date>2008-03-24</date>
	<title><![CDATA[&#x201c;Faultless on service on...&#x201d;]]></title>
	<excerpt><![CDATA[Faultless on service on general terms, may feel interruptive at times. One of the best for balance of texture. Quality of food and presentation is har]]></excerpt>
	<link><![CDATA[http://www.tripadvisor.com/Restaurant_Review-g255060-d779481-Reviews-or20-Tetsuya_s-Sydney_New_South_Wales.html]]></link>
</review>
<review>
	<rating>3.0</rating>
	<author><![CDATA[A TripAdvisor Contributor]]></author>
	<date>2008-03-15</date>
	<title><![CDATA[&#x201c;Slightly dissapointed...&#x201d;]]></title>
	<excerpt><![CDATA[Slightly dissapointed with food, however great service. more]]></excerpt>
	<link><![CDATA[http://www.tripadvisor.com/Restaurant_Review-g255060-d779481-Reviews-or20-Tetsuya_s-Sydney_New_South_Wales.html]]></link>
</review>
<review>
	<rating>5.0</rating>
	<author><![CDATA[A TripAdvisor Contributor]]></author>
	<date>2008-02-25</date>
	<title><![CDATA[&#x201c;The signature ocean...&#x201d;]]></title>
	<excerpt><![CDATA[The signature ocean trout is out of this world more]]></excerpt>
	<link><![CDATA[http://www.tripadvisor.com/Restaurant_Review-g255060-d779481-Reviews-or20-Tetsuya_s-Sydney_New_South_Wales.html]]></link>
</review>
<review>
	<rating>5.0</rating>
	<author><![CDATA[A TripAdvisor Contributor]]></author>
	<date>2008-02-18</date>
	<title><![CDATA[&#x201c;I met Tetsuya! e is very...&#x201d;]]></title>
	<excerpt><![CDATA[I met Tetsuya! e is very friendly and just like the picks. They could change their menu more often, but well worth multiple visits. The seafood is out]]></excerpt>
	<link><![CDATA[http://www.tripadvisor.com/Restaurant_Review-g255060-d779481-Reviews-or20-Tetsuya_s-Sydney_New_South_Wales.html]]></link>
</review>
<review>
	<rating>5.0</rating>
	<author><![CDATA[A TripAdvisor Contributor]]></author>
	<date>2008-01-30</date>
	<title><![CDATA[&#x201c;An food experience...&#x201d;]]></title>
	<excerpt><![CDATA[An food experience everyone should do once. difficult to obtain a booking and is pricey so plan ahead. more]]></excerpt>
	<link><![CDATA[http://www.tripadvisor.com/Restaurant_Review-g255060-d779481-Reviews-or20-Tetsuya_s-Sydney_New_South_Wales.html]]></link>
</review>
<review>
	<rating>5.0</rating>
	<author><![CDATA[A TripAdvisor Contributor]]></author>
	<date>2008-01-30</date>
	<title><![CDATA[&#x201c;In a word - "wow".
I'll...&#x201d;]]></title>
	<excerpt><![CDATA[In a word - "wow".
I'll admit I was a little apprehensive at first. On the one hand, I thought "It's the 5th best restaurant in the world, surely it'l]]></excerpt>
	<link><![CDATA[http://www.tripadvisor.com/Restaurant_Review-g255060-d779481-Reviews-or20-Tetsuya_s-Sydney_New_South_Wales.html]]></link>
</review>
<review>
	<rating>5.0</rating>
	<author><![CDATA[A TripAdvisor Contributor]]></author>
	<date>2008-01-25</date>
	<title><![CDATA[&#x201c;Before the meal, when...&#x201d;]]></title>
	<excerpt><![CDATA[Before the meal, when the waiter comes to your table to ask if you would like the $10/piece oysters as starers - order as many as you can afford. This]]></excerpt>
	<link><![CDATA[http://www.tripadvisor.com/Restaurant_Review-g255060-d779481-Reviews-or20-Tetsuya_s-Sydney_New_South_Wales.html]]></link>
</review>
<review>
	<rating>5.0</rating>
	<author><![CDATA[A TripAdvisor Contributor]]></author>
	<date>2008-01-21</date>
	<title><![CDATA[&#x201c;you can't go wrong...&#x201d;]]></title>
	<excerpt><![CDATA[you can't go wrong, except with the hole that it creates in your wallet. more]]></excerpt>
	<link><![CDATA[http://www.tripadvisor.com/Restaurant_Review-g255060-d779481-Reviews-or20-Tetsuya_s-Sydney_New_South_Wales.html]]></link>
</review>
<review>
	<rating>4.0</rating>
	<author><![CDATA[A TripAdvisor Contributor]]></author>
	<date>2008-01-21</date>
	<title><![CDATA[&#x201c;The food was creative...&#x201d;]]></title>
	<excerpt><![CDATA[The food was creative and delicately balanced, each dish creating wonderful textures of flavours on our palates. The wine list was equally impressive ]]></excerpt>
	<link><![CDATA[http://www.tripadvisor.com/Restaurant_Review-g255060-d779481-Reviews-or20-Tetsuya_s-Sydney_New_South_Wales.html]]></link>
</review>
<review>
	<rating>5.0</rating>
	<author><![CDATA[A TripAdvisor Contributor]]></author>
	<date>2008-01-19</date>
	<title><![CDATA[&#x201c;The best culinary...&#x201d;]]></title>
	<excerpt><![CDATA[The best culinary experience I've ever had...the degustation menu seems like a seemingly endless meal with one artfully served dish after another. I t]]></excerpt>
	<link><![CDATA[http://www.tripadvisor.com/Restaurant_Review-g255060-d779481-Reviews-or20-Tetsuya_s-Sydney_New_South_Wales.html]]></link>
</review>
<review>
	<rating>5.0</rating>
	<author><![CDATA[A TripAdvisor Contributor]]></author>
	<date>2008-01-16</date>
	<title><![CDATA[&#x201c;The best Really...&#x201d;]]></title>
	<excerpt><![CDATA[The best Really expensive but a once in a life time treat twice if your lucky more]]></excerpt>
	<link><![CDATA[http://www.tripadvisor.com/Restaurant_Review-g255060-d779481-Reviews-or30-Tetsuya_s-Sydney_New_South_Wales.html]]></link>
</review>
<review>
	<rating>5.0</rating>
	<author><![CDATA[A TripAdvisor Contributor]]></author>
	<date>2008-01-11</date>
	<title><![CDATA[&#x201c;ex bf and i ate there...&#x201d;]]></title>
	<excerpt><![CDATA[ex bf and i ate there almost every month. My fav was the flourless chocolate cake with chocolate sorbet and orange ice cream...yumm more]]></excerpt>
	<link><![CDATA[http://www.tripadvisor.com/Restaurant_Review-g255060-d779481-Reviews-or30-Tetsuya_s-Sydney_New_South_Wales.html]]></link>
</review>
<review>
	<rating>5.0</rating>
	<author><![CDATA[A TripAdvisor Contributor]]></author>
	<date>2008-01-07</date>
	<title><![CDATA[&#x201c;The bitter chocolate and...&#x201d;]]></title>
	<excerpt><![CDATA[The bitter chocolate and ham soup was incredible - sounds strange but it works more]]></excerpt>
	<link><![CDATA[http://www.tripadvisor.com/Restaurant_Review-g255060-d779481-Reviews-or30-Tetsuya_s-Sydney_New_South_Wales.html]]></link>
</review>
<review>
	<rating>5.0</rating>
	<author><![CDATA[A TripAdvisor Contributor]]></author>
	<date>2008-01-03</date>
	<title><![CDATA[&#x201c;Great atmosphere, little...&#x201d;]]></title>
	<excerpt><![CDATA[Great atmosphere, little pricy but definitely worth the delicacy. You can really feel how much time and energy the chef put into making it. more]]></excerpt>
	<link><![CDATA[http://www.tripadvisor.com/Restaurant_Review-g255060-d779481-Reviews-or30-Tetsuya_s-Sydney_New_South_Wales.html]]></link>
</review>
<review>
	<rating>5.0</rating>
	<author><![CDATA[A TripAdvisor Contributor]]></author>
	<date>2008-01-03</date>
	<title><![CDATA[&#x201c;Voted as the 4th (or is...&#x201d;]]></title>
	<excerpt><![CDATA[Voted as the 4th (or is it 5th?) best restaurant in the world, I would have to agree that it is RATHER special. Unpretentious, intimate, food designed]]></excerpt>
	<link><![CDATA[http://www.tripadvisor.com/Restaurant_Review-g255060-d779481-Reviews-or30-Tetsuya_s-Sydney_New_South_Wales.html]]></link>
</review>
<review>
	<rating>3.0</rating>
	<author><![CDATA[A TripAdvisor Contributor]]></author>
	<date>2008-01-02</date>
	<title><![CDATA[&#x201c;Overrated. No atmosphere...&#x201d;]]></title>
	<excerpt><![CDATA[Overrated. No atmosphere to speak of, experimental/"nouveau" dishes fail to impress. Go if you want bragging rights but otherwise steer clear. more]]></excerpt>
	<link><![CDATA[http://www.tripadvisor.com/Restaurant_Review-g255060-d779481-Reviews-or30-Tetsuya_s-Sydney_New_South_Wales.html]]></link>
</review>
<review>
	<rating>5.0</rating>
	<author><![CDATA[A TripAdvisor Contributor]]></author>
	<date>2007-12-29</date>
	<title><![CDATA[&#x201c;the $200 that i spent is...&#x201d;]]></title>
	<excerpt><![CDATA[the $200 that i spent is REALLY WORTH IT!god i wanna go back to tetsuya's!!!!!!!!!!!!! more]]></excerpt>
	<link><![CDATA[http://www.tripadvisor.com/Restaurant_Review-g255060-d779481-Reviews-or30-Tetsuya_s-Sydney_New_South_Wales.html]]></link>
</review>
<review>
	<rating>3.0</rating>
	<author><![CDATA[A TripAdvisor Contributor]]></author>
	<date>2007-12-25</date>
	<title><![CDATA[&#x201c;good quality food, prof...&#x201d;]]></title>
	<excerpt><![CDATA[good quality food, prof service, nice ambiance with beautiful japanese garden but overrated more]]></excerpt>
	<link><![CDATA[http://www.tripadvisor.com/Restaurant_Review-g255060-d779481-Reviews-or30-Tetsuya_s-Sydney_New_South_Wales.html]]></link>
</review>
<review>
	<rating>4.0</rating>
	<author><![CDATA[A TripAdvisor Contributor]]></author>
	<date>2007-12-24</date>
	<title><![CDATA[&#x201c;Interesting selection...&#x201d;]]></title>
	<excerpt><![CDATA[Interesting selection menu from 13 course degustation more]]></excerpt>
	<link><![CDATA[http://www.tripadvisor.com/Restaurant_Review-g255060-d779481-Reviews-or30-Tetsuya_s-Sydney_New_South_Wales.html]]></link>
</review>
<review>
	<rating>5.0</rating>
	<author><![CDATA[A TripAdvisor Contributor]]></author>
	<date>2007-12-19</date>
	<title><![CDATA[&#x201c;Sat down and they...&#x201d;]]></title>
	<excerpt><![CDATA[Sat down and they started bringing out courses after a brief overview and loved every single dish they served. Fresh and simple with the perfect melte]]></excerpt>
	<link><![CDATA[http://www.tripadvisor.com/Restaurant_Review-g255060-d779481-Reviews-or30-Tetsuya_s-Sydney_New_South_Wales.html]]></link>
</review>
<review>
	<rating>4.0</rating>
	<author><![CDATA[A TripAdvisor Contributor]]></author>
	<date>2007-12-18</date>
	<title><![CDATA[&#x201c;Excellent quality...&#x201d;]]></title>
	<excerpt><![CDATA[Excellent quality. Excellent presentation EXCEPT for the live worm I found on my plate!!! more]]></excerpt>
	<link><![CDATA[http://www.tripadvisor.com/Restaurant_Review-g255060-d779481-Reviews-or40-Tetsuya_s-Sydney_New_South_Wales.html]]></link>
</review>
<review>
	<rating>4.0</rating>
	<author><![CDATA[A TripAdvisor Contributor]]></author>
	<date>2007-12-16</date>
	<title><![CDATA[&#x201c;Really expensive but a...&#x201d;]]></title>
	<excerpt><![CDATA[Really expensive but a good indulgence. Get the wine with the degustation but don't plan on going to work the next day... more]]></excerpt>
	<link><![CDATA[http://www.tripadvisor.com/Restaurant_Review-g255060-d779481-Reviews-or40-Tetsuya_s-Sydney_New_South_Wales.html]]></link>
</review>
<review>
	<rating>3.0</rating>
	<author><![CDATA[A TripAdvisor Contributor]]></author>
	<date>2007-12-16</date>
	<title><![CDATA[&#x201c;Food was tasty, but...&#x201d;]]></title>
	<excerpt><![CDATA[Food was tasty, but didn't flow that well and atmosphere nonexistent.. overall a disappointing experience more]]></excerpt>
	<link><![CDATA[http://www.tripadvisor.com/Restaurant_Review-g255060-d779481-Reviews-or40-Tetsuya_s-Sydney_New_South_Wales.html]]></link>
</review>
<review>
	<rating>5.0</rating>
	<author><![CDATA[A TripAdvisor Contributor]]></author>
	<date>2007-12-09</date>
	<title><![CDATA[&#x201c;It's fine dining at it's...&#x201d;]]></title>
	<excerpt><![CDATA[It's fine dining at it's best. It's a 10 course meal but you won't be left disappointed and too full. The service is just magnificent. It's like they']]></excerpt>
	<link><![CDATA[http://www.tripadvisor.com/Restaurant_Review-g255060-d779481-Reviews-or40-Tetsuya_s-Sydney_New_South_Wales.html]]></link>
</review>
<review>
	<rating>5.0</rating>
	<author><![CDATA[A TripAdvisor Contributor]]></author>
	<date>2007-12-08</date>
	<title><![CDATA[&#x201c;Btreathakingly expensive...&#x201d;]]></title>
	<excerpt><![CDATA[Btreathakingly expensive and worth it for the excellence of the food, the uiqueness, the ambience and the refinement. Great for a really really specia]]></excerpt>
	<link><![CDATA[http://www.tripadvisor.com/Restaurant_Review-g255060-d779481-Reviews-or40-Tetsuya_s-Sydney_New_South_Wales.html]]></link>
</review>
<review>
	<rating>5.0</rating>
	<author><![CDATA[A TripAdvisor Contributor]]></author>
	<date>2007-12-06</date>
	<title><![CDATA[&#x201c;totally decadent and...&#x201d;]]></title>
	<excerpt><![CDATA[totally decadent and very expensive but worth every penny. yummy degustation menu that is enough to make me melt just remembering how delicious it was]]></excerpt>
	<link><![CDATA[http://www.tripadvisor.com/Restaurant_Review-g255060-d779481-Reviews-or40-Tetsuya_s-Sydney_New_South_Wales.html]]></link>
</review>
<review>
	<rating>5.0</rating>
	<author><![CDATA[A TripAdvisor Contributor]]></author>
	<date>2007-12-03</date>
	<title><![CDATA[&#x201c;This is a restaurant...&#x201d;]]></title>
	<excerpt><![CDATA[This is a restaurant capable to have 3 Michlien Star rating if it's in Europe! I could say that you are not going there to dine anymore its an experie]]></excerpt>
	<link><![CDATA[http://www.tripadvisor.com/Restaurant_Review-g255060-d779481-Reviews-or40-Tetsuya_s-Sydney_New_South_Wales.html]]></link>
</review>
<review>
	<rating>4.0</rating>
	<author><![CDATA[A TripAdvisor Contributor]]></author>
	<date>2007-12-02</date>
	<title><![CDATA[&#x201c;Over priced and Over...&#x201d;]]></title>
	<excerpt><![CDATA[Over priced and Over rated more]]></excerpt>
	<link><![CDATA[http://www.tripadvisor.com/Restaurant_Review-g255060-d779481-Reviews-or40-Tetsuya_s-Sydney_New_South_Wales.html]]></link>
</review>
<review>
	<rating>5.0</rating>
	<author><![CDATA[A TripAdvisor Contributor]]></author>
	<date>2007-11-30</date>
	<title><![CDATA[&#x201c;Gastronomic Masterpiece...&#x201d;]]></title>
	<excerpt><![CDATA[Gastronomic Masterpiece! Worth visiting!. Six months wait is bit of a bummer. more]]></excerpt>
	<link><![CDATA[http://www.tripadvisor.com/Restaurant_Review-g255060-d779481-Reviews-or40-Tetsuya_s-Sydney_New_South_Wales.html]]></link>
</review>
<review>
	<rating>5.0</rating>
	<author><![CDATA[A TripAdvisor Contributor]]></author>
	<date>2007-11-27</date>
	<title><![CDATA[&#x201c;The 1 Must-Go place for...&#x201d;]]></title>
	<excerpt><![CDATA[The 1 Must-Go place for every Sydneysider. Even its loyal customers fly in and book 1 month in advance... I've yet to visit the place though :( At lea]]></excerpt>
	<link><![CDATA[http://www.tripadvisor.com/Restaurant_Review-g255060-d779481-Reviews-or40-Tetsuya_s-Sydney_New_South_Wales.html]]></link>
</review>
<review>
	<rating>4.0</rating>
	<author><![CDATA[A TripAdvisor Contributor]]></author>
	<date>2007-11-26</date>
	<title><![CDATA[&#x201c;What more can you say...&#x201d;]]></title>
	<excerpt><![CDATA[What more can you say about a restaurant such as this - a little oasis amidst the hustle of Sydney. Food was outstanding as was the service, however t]]></excerpt>
	<link><![CDATA[http://www.tripadvisor.com/Restaurant_Review-g255060-d779481-Reviews-or50-Tetsuya_s-Sydney_New_South_Wales.html]]></link>
</review>
<review>
	<rating>4.0</rating>
	<author><![CDATA[A TripAdvisor Contributor]]></author>
	<date>2007-11-26</date>
	<title><![CDATA[&#x201c;Wanted to give 4.5...&#x201d;]]></title>
	<excerpt><![CDATA[Wanted to give 4.5 stars.... excellent food, impacceable service from Tetsuya's. Great experience. Without a doubt, the best of the best! more]]></excerpt>
	<link><![CDATA[http://www.tripadvisor.com/Restaurant_Review-g255060-d779481-Reviews-or50-Tetsuya_s-Sydney_New_South_Wales.html]]></link>
</review>
<review>
	<rating>5.0</rating>
	<author><![CDATA[A TripAdvisor Contributor]]></author>
	<date>2007-11-25</date>
	<title><![CDATA[&#x201c;I was moved for days...&#x201d;]]></title>
	<excerpt><![CDATA[I was moved for days before and after the dinner. From that day, I had a feeling what the "top of the game" might mean in the restaurant world. more]]></excerpt>
	<link><![CDATA[http://www.tripadvisor.com/Restaurant_Review-g255060-d779481-Reviews-or50-Tetsuya_s-Sydney_New_South_Wales.html]]></link>
</review>
<review>
	<rating>4.0</rating>
	<author><![CDATA[A TripAdvisor Contributor]]></author>
	<date>2007-11-23</date>
	<title><![CDATA[&#x201c;Great food, but the...&#x201d;]]></title>
	<excerpt><![CDATA[Great food, but the atmosphere was a bit blah. Not much vibe happening in the place. Very zen though with the central pond/rock gardens etc. Worth try]]></excerpt>
	<link><![CDATA[http://www.tripadvisor.com/Restaurant_Review-g255060-d779481-Reviews-or50-Tetsuya_s-Sydney_New_South_Wales.html]]></link>
</review>
<review>
	<rating>4.0</rating>
	<author><![CDATA[A TripAdvisor Contributor]]></author>
	<date>2007-11-22</date>
	<title><![CDATA[&#x201c;Food was incredible as...&#x201d;]]></title>
	<excerpt><![CDATA[Food was incredible as you would expect - memorable and very intense flavours.
Service... TERRIBLE.. Distant, arrogant and chefs often came to the tab]]></excerpt>
	<link><![CDATA[http://www.tripadvisor.com/Restaurant_Review-g255060-d779481-Reviews-or50-Tetsuya_s-Sydney_New_South_Wales.html]]></link>
</review>
<review>
	<rating>5.0</rating>
	<author><![CDATA[A TripAdvisor Contributor]]></author>
	<date>2007-11-20</date>
	<title><![CDATA[&#x201c;Tetsuya Wakuda has...&#x201d;]]></title>
	<excerpt><![CDATA[Tetsuya Wakuda has refurbished a heritage-listed site in the city to create his dream restaurant. The restaurant offers sophisticated and intimate pri]]></excerpt>
	<link><![CDATA[http://www.tripadvisor.com/Restaurant_Review-g255060-d779481-Reviews-or50-Tetsuya_s-Sydney_New_South_Wales.html]]></link>
</review>
<review>
	<rating>5.0</rating>
	<author><![CDATA[A TripAdvisor Contributor]]></author>
	<date>2007-11-20</date>
	<title><![CDATA[&#x201c;One of the best...&#x201d;]]></title>
	<excerpt><![CDATA[One of the best gastronomical experience I have ever partook. The food was beyond amazing, and the wines that the sommelier matched with the wines fro]]></excerpt>
	<link><![CDATA[http://www.tripadvisor.com/Restaurant_Review-g255060-d779481-Reviews-or50-Tetsuya_s-Sydney_New_South_Wales.html]]></link>
</review>
<review>
	<rating>5.0</rating>
	<author><![CDATA[A TripAdvisor Contributor]]></author>
	<date>2007-11-10</date>
	<title><![CDATA[&#x201c;Just been on the 1st of...&#x201d;]]></title>
	<excerpt><![CDATA[Just been on the 1st of November... 10 courses over 5 hours and worth every penny... Waiters are so up themselves it's unbelievable. more]]></excerpt>
	<link><![CDATA[http://www.tripadvisor.com/Restaurant_Review-g255060-d779481-Reviews-or50-Tetsuya_s-Sydney_New_South_Wales.html]]></link>
</review>
</source>