<source name="Trip Advisor" avg-rating="4.0">
<review>
	<rating>4.0</rating>
	<author><![CDATA[A TripAdvisor Contributor]]></author>
	<date>2008-09-02</date>
	<title><![CDATA[&#x201c;Great ambiance, good...&#x201d;]]></title>
	<excerpt><![CDATA[Great ambiance, good food, great cocktails - good for work drinks as they will give you a private area more]]></excerpt>
	<link><![CDATA[http://www.tripadvisor.com/Restaurant_Review-g255060-d728921-Reviews-The_Victoria_Room_Bar_and_Restaurant-Sydney_New_South_Wales.html]]></link>
</review>
<review>
	<rating>4.0</rating>
	<author><![CDATA[A TripAdvisor Contributor]]></author>
	<date>2008-04-27</date>
	<title><![CDATA[&#x201c;expresso martini is a...&#x201d;]]></title>
	<excerpt><![CDATA[expresso martini is a must more]]></excerpt>
	<link><![CDATA[http://www.tripadvisor.com/Restaurant_Review-g255060-d728921-Reviews-The_Victoria_Room_Bar_and_Restaurant-Sydney_New_South_Wales.html]]></link>
</review>
<review>
	<rating>4.0</rating>
	<author><![CDATA[A TripAdvisor Contributor]]></author>
	<date>2007-12-06</date>
	<title><![CDATA[&#x201c;Great fun, fantastic for...&#x201d;]]></title>
	<excerpt><![CDATA[Great fun, fantastic for a girls night out! more]]></excerpt>
	<link><![CDATA[http://www.tripadvisor.com/Restaurant_Review-g255060-d728921-Reviews-The_Victoria_Room_Bar_and_Restaurant-Sydney_New_South_Wales.html]]></link>
</review>
</source>