<source name="Trip Advisor" avg-rating="4.5">
<review>
	<rating>1.0</rating>
	<author><![CDATA[Ozzielass]]></author>
	<date>2009-02-12</date>
	<title><![CDATA[&#x201c;Relies on the view, forget the food & service&#x201d;]]></title>
	<excerpt><![CDATA[As a Sydney local, this isn't a tourist destination for me but rather a special venue for special events. Well that's what I thought anyway. I'd booke]]></excerpt>
	<link><![CDATA[http://www.tripadvisor.com/Restaurant_Review-g255060-d728486-Reviews-Summit_Restaurant-Sydney_New_South_Wales.html]]></link>
</review>
<review>
	<rating>4.0</rating>
	<author><![CDATA[deniselagrange5]]></author>
	<date>2009-01-25</date>
	<title><![CDATA[&#x201c;Nice views of city&#x201d;]]></title>
	<excerpt><![CDATA[Nice city views but a little pricey. My 14 year old son was able to order from the children's menu which helped tremendously as the food was somewhat ]]></excerpt>
	<link><![CDATA[http://www.tripadvisor.com/Restaurant_Review-g255060-d728486-Reviews-Summit_Restaurant-Sydney_New_South_Wales.html]]></link>
</review>
<review>
	<rating>5.0</rating>
	<author><![CDATA[EGANSMIND]]></author>
	<date>2008-12-26</date>
	<title><![CDATA[&#x201c;Best Views in Sydney and nice atmosphre&#x201d;]]></title>
	<excerpt><![CDATA[My girlfriend and I enjoyed our night at the Summitt.
The food is slightly overpriced but it tasted great and the service was good.
The main reason fo]]></excerpt>
	<link><![CDATA[http://www.tripadvisor.com/Restaurant_Review-g255060-d728486-Reviews-Summit_Restaurant-Sydney_New_South_Wales.html]]></link>
</review>
<review>
	<rating>3.0</rating>
	<author><![CDATA[A TripAdvisor Contributor]]></author>
	<date>2008-09-30</date>
	<title><![CDATA[&#x201c;Nice for cocktails and...&#x201d;]]></title>
	<excerpt><![CDATA[Nice for cocktails and Char grilled steak. more]]></excerpt>
	<link><![CDATA[http://www.tripadvisor.com/Restaurant_Review-g255060-d728486-Reviews-Summit_Restaurant-Sydney_New_South_Wales.html]]></link>
</review>
<review>
	<rating>5.0</rating>
	<author><![CDATA[SingaporeKat]]></author>
	<date>2008-05-05</date>
	<title><![CDATA[&#x201c;Loved it!&#x201d;]]></title>
	<excerpt><![CDATA[We had a very enjoyable time at the Summit last Saturday evening. We booked for 6:30pm as we took our 2 children. It was already dark and we saw an am]]></excerpt>
	<link><![CDATA[http://www.tripadvisor.com/Restaurant_Review-g255060-d728486-Reviews-Summit_Restaurant-Sydney_New_South_Wales.html]]></link>
</review>
<review>
	<rating>3.0</rating>
	<author><![CDATA[A TripAdvisor Contributor]]></author>
	<date>2008-03-31</date>
	<title><![CDATA[&#x201c;The truffle degustation...&#x201d;]]></title>
	<excerpt><![CDATA[The truffle degustation is slightly overpriced and the wine selection a bit hit and miss, the view is exceptional. The restaurant scores highly as an ]]></excerpt>
	<link><![CDATA[http://www.tripadvisor.com/Restaurant_Review-g255060-d728486-Reviews-Summit_Restaurant-Sydney_New_South_Wales.html]]></link>
</review>
<review>
	<rating>4.0</rating>
	<author><![CDATA[A TripAdvisor Contributor]]></author>
	<date>2008-03-30</date>
	<title><![CDATA[&#x201c;Thought the food was...&#x201d;]]></title>
	<excerpt><![CDATA[Thought the food was excellent but pricey. Romantic revolving views :) more]]></excerpt>
	<link><![CDATA[http://www.tripadvisor.com/Restaurant_Review-g255060-d728486-Reviews-Summit_Restaurant-Sydney_New_South_Wales.html]]></link>
</review>
<review>
	<rating>1.0</rating>
	<author><![CDATA[A TripAdvisor Contributor]]></author>
	<date>2008-03-09</date>
	<title><![CDATA[&#x201c;Really bad food...&#x201d;]]></title>
	<excerpt><![CDATA[Really bad food, overpriced - degustation, great view... just go there for the bar and not the food... more]]></excerpt>
	<link><![CDATA[http://www.tripadvisor.com/Restaurant_Review-g255060-d728486-Reviews-Summit_Restaurant-Sydney_New_South_Wales.html]]></link>
</review>
<review>
	<rating>4.0</rating>
	<author><![CDATA[A TripAdvisor Contributor]]></author>
	<date>2008-03-08</date>
	<title><![CDATA[&#x201c;Dreadful 70's decor and...&#x201d;]]></title>
	<excerpt><![CDATA[Dreadful 70's decor and music offset by excellent food. The rib-eye was outstanding. Great wine list. Some will suffer from motion sickness as the roo]]></excerpt>
	<link><![CDATA[http://www.tripadvisor.com/Restaurant_Review-g255060-d728486-Reviews-Summit_Restaurant-Sydney_New_South_Wales.html]]></link>
</review>
<review>
	<rating>4.0</rating>
	<author><![CDATA[A TripAdvisor Contributor]]></author>
	<date>2008-02-20</date>
	<title><![CDATA[&#x201c;Great cocktails!&#x201d;]]></title>
	<excerpt><![CDATA[Great cocktails! more]]></excerpt>
	<link><![CDATA[http://www.tripadvisor.com/Restaurant_Review-g255060-d728486-Reviews-Summit_Restaurant-Sydney_New_South_Wales.html]]></link>
</review>
<review>
	<rating>2.0</rating>
	<author><![CDATA[A TripAdvisor Contributor]]></author>
	<date>2008-02-15</date>
	<title><![CDATA[&#x201c;Nice view, had good...&#x201d;]]></title>
	<excerpt><![CDATA[Nice view, had good service, good starters and desserts, woeful main :-( Touristy atmosphere and ambience. Won't be going back in a hurry... more]]></excerpt>
	<link><![CDATA[http://www.tripadvisor.com/Restaurant_Review-g255060-d728486-Reviews-or10-Summit_Restaurant-Sydney_New_South_Wales.html]]></link>
</review>
<review>
	<rating>2.0</rating>
	<author><![CDATA[A TripAdvisor Contributor]]></author>
	<date>2008-02-08</date>
	<title><![CDATA[&#x201c;Great view. Great...&#x201d;]]></title>
	<excerpt><![CDATA[Great view. Great cocktails. Service was pretty slack though and we found the staff fairly rude, so probably wouldn't go back. more]]></excerpt>
	<link><![CDATA[http://www.tripadvisor.com/Restaurant_Review-g255060-d728486-Reviews-or10-Summit_Restaurant-Sydney_New_South_Wales.html]]></link>
</review>
<review>
	<rating>2.0</rating>
	<author><![CDATA[A TripAdvisor Contributor]]></author>
	<date>2008-02-01</date>
	<title><![CDATA[&#x201c;great view, ordinary...&#x201d;]]></title>
	<excerpt><![CDATA[great view, ordinary food, nice lounge bar more]]></excerpt>
	<link><![CDATA[http://www.tripadvisor.com/Restaurant_Review-g255060-d728486-Reviews-or10-Summit_Restaurant-Sydney_New_South_Wales.html]]></link>
</review>
<review>
	<rating>3.0</rating>
	<author><![CDATA[A TripAdvisor Contributor]]></author>
	<date>2008-01-30</date>
	<title><![CDATA[&#x201c;Relies on the view and...&#x201d;]]></title>
	<excerpt><![CDATA[Relies on the view and novelty factor too much. Food was OK (certainly nowhere as good as I was expecting), service was terrible...at least the view w]]></excerpt>
	<link><![CDATA[http://www.tripadvisor.com/Restaurant_Review-g255060-d728486-Reviews-or10-Summit_Restaurant-Sydney_New_South_Wales.html]]></link>
</review>
<review>
	<rating>4.0</rating>
	<author><![CDATA[A TripAdvisor Contributor]]></author>
	<date>2008-01-07</date>
	<title><![CDATA[&#x201c;Excellent food and views&#x201d;]]></title>
	<excerpt><![CDATA[Excellent food and views more]]></excerpt>
	<link><![CDATA[http://www.tripadvisor.com/Restaurant_Review-g255060-d728486-Reviews-or10-Summit_Restaurant-Sydney_New_South_Wales.html]]></link>
</review>
<review>
	<rating>4.0</rating>
	<author><![CDATA[A TripAdvisor Contributor]]></author>
	<date>2008-01-07</date>
	<title><![CDATA[&#x201c;I went there the last 2...&#x201d;]]></title>
	<excerpt><![CDATA[I went there the last 2 times I was in Sydney, absolutely loved their oyster shots selection & the views are fantastic!! more]]></excerpt>
	<link><![CDATA[http://www.tripadvisor.com/Restaurant_Review-g255060-d728486-Reviews-or10-Summit_Restaurant-Sydney_New_South_Wales.html]]></link>
</review>
<review>
	<rating>4.0</rating>
	<author><![CDATA[A TripAdvisor Contributor]]></author>
	<date>2008-01-03</date>
	<title><![CDATA[&#x201c;Still a great place, but...&#x201d;]]></title>
	<excerpt><![CDATA[Still a great place, but showing its age more]]></excerpt>
	<link><![CDATA[http://www.tripadvisor.com/Restaurant_Review-g255060-d728486-Reviews-or10-Summit_Restaurant-Sydney_New_South_Wales.html]]></link>
</review>
<review>
	<rating>5.0</rating>
	<author><![CDATA[A TripAdvisor Contributor]]></author>
	<date>2008-01-01</date>
	<title><![CDATA[&#x201c;Best pork and crackling...&#x201d;]]></title>
	<excerpt><![CDATA[Best pork and crackling, go for the views stay for the food.
Interesting people watching!!!! more]]></excerpt>
	<link><![CDATA[http://www.tripadvisor.com/Restaurant_Review-g255060-d728486-Reviews-or10-Summit_Restaurant-Sydney_New_South_Wales.html]]></link>
</review>
<review>
	<rating>4.0</rating>
	<author><![CDATA[A TripAdvisor Contributor]]></author>
	<date>2007-12-23</date>
	<title><![CDATA[&#x201c;Bloody love it! Sip a...&#x201d;]]></title>
	<excerpt><![CDATA[Bloody love it! Sip a cocktail whilst Sydney does all the work to show you what it has to offer! Revolving restaurant and bar. Food is average and ser]]></excerpt>
	<link><![CDATA[http://www.tripadvisor.com/Restaurant_Review-g255060-d728486-Reviews-or10-Summit_Restaurant-Sydney_New_South_Wales.html]]></link>
</review>
<review>
	<rating>4.0</rating>
	<author><![CDATA[A TripAdvisor Contributor]]></author>
	<date>2007-12-21</date>
	<title><![CDATA[&#x201c;Great view!&#x201d;]]></title>
	<excerpt><![CDATA[Great view! more]]></excerpt>
	<link><![CDATA[http://www.tripadvisor.com/Restaurant_Review-g255060-d728486-Reviews-or10-Summit_Restaurant-Sydney_New_South_Wales.html]]></link>
</review>
<review>
	<rating>2.0</rating>
	<author><![CDATA[A TripAdvisor Contributor]]></author>
	<date>2007-11-23</date>
	<title><![CDATA[&#x201c;Go for drinks and for...&#x201d;]]></title>
	<excerpt><![CDATA[Go for drinks and for the location - not so much the food. A bit pretentious and not much vibe going on more]]></excerpt>
	<link><![CDATA[http://www.tripadvisor.com/Restaurant_Review-g255060-d728486-Reviews-or20-Summit_Restaurant-Sydney_New_South_Wales.html]]></link>
</review>
<review>
	<rating>2.0</rating>
	<author><![CDATA[A TripAdvisor Contributor]]></author>
	<date>2007-11-23</date>
	<title><![CDATA[&#x201c;Go there if you have a...&#x201d;]]></title>
	<excerpt><![CDATA[Go there if you have a voucher for a discount! the service is incredibly friendly, the food is very average but the view and drinks are worth it more]]></excerpt>
	<link><![CDATA[http://www.tripadvisor.com/Restaurant_Review-g255060-d728486-Reviews-or20-Summit_Restaurant-Sydney_New_South_Wales.html]]></link>
</review>
<review>
	<rating>3.0</rating>
	<author><![CDATA[A TripAdvisor Contributor]]></author>
	<date>2007-11-18</date>
	<title><![CDATA[&#x201c;Average food and the...&#x201d;]]></title>
	<excerpt><![CDATA[Average food and the revolving restuarant's novelty can wear off pretty soon. more]]></excerpt>
	<link><![CDATA[http://www.tripadvisor.com/Restaurant_Review-g255060-d728486-Reviews-or20-Summit_Restaurant-Sydney_New_South_Wales.html]]></link>
</review>
</source>