<source name="Trip Advisor" avg-rating="4.0">
<review>
	<rating>4.0</rating>
	<author><![CDATA[A TripAdvisor Contributor]]></author>
	<date>2008-10-05</date>
	<title><![CDATA[&#x201c;Good value french food...&#x201d;]]></title>
	<excerpt><![CDATA[Good value french food as some fellow reviewers has said. 4 course meal at about A$50+. Should try the escargots and generally most dishes are good. m]]></excerpt>
	<link><![CDATA[http://www.tripadvisor.com/Restaurant_Review-g255060-d726881-Reviews-Little_Snail-Sydney_New_South_Wales.html]]></link>
</review>
<review>
	<rating>4.0</rating>
	<author><![CDATA[A TripAdvisor Contributor]]></author>
	<date>2008-07-17</date>
	<title><![CDATA[&#x201c;Good value french food.&#x201d;]]></title>
	<excerpt><![CDATA[Good value french food. more]]></excerpt>
	<link><![CDATA[http://www.tripadvisor.com/Restaurant_Review-g255060-d726881-Reviews-Little_Snail-Sydney_New_South_Wales.html]]></link>
</review>
<review>
	<rating>3.0</rating>
	<author><![CDATA[A TripAdvisor Contributor]]></author>
	<date>2008-06-20</date>
	<title><![CDATA[&#x201c;Its all right worth...&#x201d;]]></title>
	<excerpt><![CDATA[Its all right worth going to more]]></excerpt>
	<link><![CDATA[http://www.tripadvisor.com/Restaurant_Review-g255060-d726881-Reviews-Little_Snail-Sydney_New_South_Wales.html]]></link>
</review>
<review>
	<rating>3.0</rating>
	<author><![CDATA[A TripAdvisor Contributor]]></author>
	<date>2008-02-28</date>
	<title><![CDATA[&#x201c;great venue for a large...&#x201d;]]></title>
	<excerpt><![CDATA[great venue for a large group, quick service, et menu standard french fares more]]></excerpt>
	<link><![CDATA[http://www.tripadvisor.com/Restaurant_Review-g255060-d726881-Reviews-Little_Snail-Sydney_New_South_Wales.html]]></link>
</review>
<review>
	<rating>4.0</rating>
	<author><![CDATA[A TripAdvisor Contributor]]></author>
	<date>2008-01-30</date>
	<title><![CDATA[&#x201c;Great value and good...&#x201d;]]></title>
	<excerpt><![CDATA[Great value and good basic french food more]]></excerpt>
	<link><![CDATA[http://www.tripadvisor.com/Restaurant_Review-g255060-d726881-Reviews-Little_Snail-Sydney_New_South_Wales.html]]></link>
</review>
<review>
	<rating>3.0</rating>
	<author><![CDATA[A TripAdvisor Contributor]]></author>
	<date>2008-01-08</date>
	<title><![CDATA[&#x201c;Nice french food -you...&#x201d;]]></title>
	<excerpt><![CDATA[Nice french food -you have to experience it at least once! more]]></excerpt>
	<link><![CDATA[http://www.tripadvisor.com/Restaurant_Review-g255060-d726881-Reviews-Little_Snail-Sydney_New_South_Wales.html]]></link>
</review>
<review>
	<rating>4.0</rating>
	<author><![CDATA[A TripAdvisor Contributor]]></author>
	<date>2008-01-06</date>
	<title><![CDATA[&#x201c;service was fantastic...&#x201d;]]></title>
	<excerpt><![CDATA[service was fantastic! good food, however the wine list is so boring!!!! more]]></excerpt>
	<link><![CDATA[http://www.tripadvisor.com/Restaurant_Review-g255060-d726881-Reviews-Little_Snail-Sydney_New_South_Wales.html]]></link>
</review>
<review>
	<rating>5.0</rating>
	<author><![CDATA[A TripAdvisor Contributor]]></author>
	<date>2008-01-05</date>
	<title><![CDATA[&#x201c;I have been here on an...&#x201d;]]></title>
	<excerpt><![CDATA[I have been here on an number of occasions and the food always lives up to my expectations. This time I chose cream cheese & antipasta for entree, mus]]></excerpt>
	<link><![CDATA[http://www.tripadvisor.com/Restaurant_Review-g255060-d726881-Reviews-Little_Snail-Sydney_New_South_Wales.html]]></link>
</review>
<review>
	<rating>5.0</rating>
	<author><![CDATA[A TripAdvisor Contributor]]></author>
	<date>2008-01-04</date>
	<title><![CDATA[&#x201c;You can't beat the lunch...&#x201d;]]></title>
	<excerpt><![CDATA[You can't beat the lunch or dinner specials!!! more]]></excerpt>
	<link><![CDATA[http://www.tripadvisor.com/Restaurant_Review-g255060-d726881-Reviews-Little_Snail-Sydney_New_South_Wales.html]]></link>
</review>
<review>
	<rating>3.0</rating>
	<author><![CDATA[A TripAdvisor Contributor]]></author>
	<date>2008-01-03</date>
	<title><![CDATA[&#x201c;I have mixed feeling...&#x201d;]]></title>
	<excerpt><![CDATA[I have mixed feeling about this place.. not sure if I like it or not.. just yet. Might dine again soon more]]></excerpt>
	<link><![CDATA[http://www.tripadvisor.com/Restaurant_Review-g255060-d726881-Reviews-Little_Snail-Sydney_New_South_Wales.html]]></link>
</review>
<review>
	<rating>3.0</rating>
	<author><![CDATA[A TripAdvisor Contributor]]></author>
	<date>2008-01-03</date>
	<title><![CDATA[&#x201c;Good French Restaurant&#x201d;]]></title>
	<excerpt><![CDATA[Good French Restaurant more]]></excerpt>
	<link><![CDATA[http://www.tripadvisor.com/Restaurant_Review-g255060-d726881-Reviews-or10-Little_Snail-Sydney_New_South_Wales.html]]></link>
</review>
<review>
	<rating>4.0</rating>
	<author><![CDATA[A TripAdvisor Contributor]]></author>
	<date>2008-01-01</date>
	<title><![CDATA[&#x201c;Gorgeous food in a...&#x201d;]]></title>
	<excerpt><![CDATA[Gorgeous food in a lively atmosphere. Prices seemed reasonable more]]></excerpt>
	<link><![CDATA[http://www.tripadvisor.com/Restaurant_Review-g255060-d726881-Reviews-or10-Little_Snail-Sydney_New_South_Wales.html]]></link>
</review>
<review>
	<rating>5.0</rating>
	<author><![CDATA[A TripAdvisor Contributor]]></author>
	<date>2007-12-29</date>
	<title><![CDATA[&#x201c;How awesome is this...&#x201d;]]></title>
	<excerpt><![CDATA[How awesome is this place? have some snails for entree...oh so damn good more]]></excerpt>
	<link><![CDATA[http://www.tripadvisor.com/Restaurant_Review-g255060-d726881-Reviews-or10-Little_Snail-Sydney_New_South_Wales.html]]></link>
</review>
<review>
	<rating>4.0</rating>
	<author><![CDATA[A TripAdvisor Contributor]]></author>
	<date>2007-12-23</date>
	<title><![CDATA[&#x201c;That was great, nice...&#x201d;]]></title>
	<excerpt><![CDATA[That was great, nice atmosphere. Greet food. Love the snail entry! more]]></excerpt>
	<link><![CDATA[http://www.tripadvisor.com/Restaurant_Review-g255060-d726881-Reviews-or10-Little_Snail-Sydney_New_South_Wales.html]]></link>
</review>
<review>
	<rating>4.0</rating>
	<author><![CDATA[A TripAdvisor Contributor]]></author>
	<date>2007-12-20</date>
	<title><![CDATA[&#x201c;agreeable service...&#x201d;]]></title>
	<excerpt><![CDATA[agreeable service, comfortably dim light, would be lovely with more main course options. more]]></excerpt>
	<link><![CDATA[http://www.tripadvisor.com/Restaurant_Review-g255060-d726881-Reviews-or10-Little_Snail-Sydney_New_South_Wales.html]]></link>
</review>
<review>
	<rating>3.0</rating>
	<author><![CDATA[A TripAdvisor Contributor]]></author>
	<date>2007-12-17</date>
	<title><![CDATA[&#x201c;Enjoyable for a meal...&#x201d;]]></title>
	<excerpt><![CDATA[Enjoyable for a meal although it seems to have slipped in quality since the move from Broadway. more]]></excerpt>
	<link><![CDATA[http://www.tripadvisor.com/Restaurant_Review-g255060-d726881-Reviews-or10-Little_Snail-Sydney_New_South_Wales.html]]></link>
</review>
<review>
	<rating>5.0</rating>
	<author><![CDATA[A TripAdvisor Contributor]]></author>
	<date>2007-12-15</date>
	<title><![CDATA[&#x201c;beautiful traditional...&#x201d;]]></title>
	<excerpt><![CDATA[beautiful traditional french cuisine, best sampled by their 3 course for $49 (from memory of the price) set menu. more]]></excerpt>
	<link><![CDATA[http://www.tripadvisor.com/Restaurant_Review-g255060-d726881-Reviews-or10-Little_Snail-Sydney_New_South_Wales.html]]></link>
</review>
<review>
	<rating>4.0</rating>
	<author><![CDATA[A TripAdvisor Contributor]]></author>
	<date>2007-12-08</date>
	<title><![CDATA[&#x201c;Snails and Soft shell...&#x201d;]]></title>
	<excerpt><![CDATA[Snails and Soft shell Crab staters were great, main meal of Veal Medallions in Chardonnay, Cream & Mushroom sauce was faultles, unfortunaltely the slo]]></excerpt>
	<link><![CDATA[http://www.tripadvisor.com/Restaurant_Review-g255060-d726881-Reviews-or10-Little_Snail-Sydney_New_South_Wales.html]]></link>
</review>
<review>
	<rating>4.0</rating>
	<author><![CDATA[A TripAdvisor Contributor]]></author>
	<date>2007-12-24</date>
	<title><![CDATA[&#x201c;Petit mium, bon au petit.&#x201d;]]></title>
	<excerpt><![CDATA[Petit mium, bon au petit. more]]></excerpt>
	<link><![CDATA[http://www.tripadvisor.com/Restaurant_Review-g255060-d726881-Reviews-or10-Little_Snail-Sydney_New_South_Wales.html]]></link>
</review>
</source>