<source name="Trip Advisor" avg-rating="4.5">
<review>
	<rating>2.0</rating>
	<author><![CDATA[elle1985]]></author>
	<date>2008-09-25</date>
	<title><![CDATA[&#x201c;Nothing but Hype&#x201d;]]></title>
	<excerpt><![CDATA[The Ivy is the place to be seen on a sat night that is a definate and the actual bar/ night club is a definate must see, if you can get in... However ]]></excerpt>
	<link><![CDATA[http://www.tripadvisor.com/Restaurant_Review-g255060-d1164379-Reviews-Uccello-Sydney_New_South_Wales.html]]></link>
</review>
<review>
	<rating>4.0</rating>
	<author><![CDATA[Ellemay]]></author>
	<date>2008-09-17</date>
	<title><![CDATA[&#x201c;Southern Italian flavours !&#x201d;]]></title>
	<excerpt><![CDATA[Uccello - This is an upmarket Italian Restaurant which is apart of the Ivy Building. The restaurant has just opened its doors and will be catering for]]></excerpt>
	<link><![CDATA[http://www.tripadvisor.com/Restaurant_Review-g255060-d1164379-Reviews-Uccello-Sydney_New_South_Wales.html]]></link>
</review>
</source>