<source name="Trip Advisor" avg-rating="4.0">
<review>
	<rating>4.0</rating>
	<author><![CDATA[A TripAdvisor Contributor]]></author>
	<date>2007-12-17</date>
	<title><![CDATA[&#x201c;Awesome modern Japanese...&#x201d;]]></title>
	<excerpt><![CDATA[Awesome modern Japanese cuisine. more]]></excerpt>
	<link><![CDATA[http://www.tripadvisor.com/Restaurant_Review-g255060-d729060-Reviews-Uchi_Lounge-Sydney_New_South_Wales.html]]></link>
</review>
<review>
	<rating>4.0</rating>
	<author><![CDATA[A TripAdvisor Contributor]]></author>
	<date>2007-11-23</date>
	<title><![CDATA[&#x201c;verey good cooly cool&#x201d;]]></title>
	<excerpt><![CDATA[verey good cooly cool more]]></excerpt>
	<link><![CDATA[http://www.tripadvisor.com/Restaurant_Review-g255060-d729060-Reviews-Uchi_Lounge-Sydney_New_South_Wales.html]]></link>
</review>
</source>