<source name="Trip Advisor" avg-rating="3.5">
<review>
	<rating>4.0</rating>
	<author><![CDATA[A TripAdvisor Contributor]]></author>
	<date>2008-07-22</date>
	<title><![CDATA[&#x201c;Lot of fun. Especially...&#x201d;]]></title>
	<excerpt><![CDATA[Lot of fun. Especially with groups. Cheap big serving meals. Great staff with excellent attitudes! Good for anytime. more]]></excerpt>
	<link><![CDATA[http://www.tripadvisor.com/Restaurant_Review-g255060-d947785-Reviews-Una_s_Coffee_Lounge-Sydney_New_South_Wales.html]]></link>
</review>
<review>
	<rating>3.0</rating>
	<author><![CDATA[A TripAdvisor Contributor]]></author>
	<date>2008-06-26</date>
	<title><![CDATA[&#x201c;Great value, friendly...&#x201d;]]></title>
	<excerpt><![CDATA[Great value, friendly atmosphere and deep-fried Camembert! more]]></excerpt>
	<link><![CDATA[http://www.tripadvisor.com/Restaurant_Review-g255060-d947785-Reviews-Una_s_Coffee_Lounge-Sydney_New_South_Wales.html]]></link>
</review>
<review>
	<rating>4.0</rating>
	<author><![CDATA[surryscott]]></author>
	<date>2008-05-20</date>
	<title><![CDATA[&#x201c;Excellent breakfasts!&#x201d;]]></title>
	<excerpt><![CDATA[I used to live down the road from Una's, and my flatmates and I made a weekly trip to Una's for the big breakfast. The breakfasts are fantastic value ]]></excerpt>
	<link><![CDATA[http://www.tripadvisor.com/Restaurant_Review-g255060-d947785-Reviews-Una_s_Coffee_Lounge-Sydney_New_South_Wales.html]]></link>
</review>
<review>
	<rating>3.0</rating>
	<author><![CDATA[A TripAdvisor Contributor]]></author>
	<date>2008-05-11</date>
	<title><![CDATA[&#x201c;big breakfast with...&#x201d;]]></title>
	<excerpt><![CDATA[big breakfast with value. Love the Rosti. more]]></excerpt>
	<link><![CDATA[http://www.tripadvisor.com/Restaurant_Review-g255060-d947785-Reviews-Una_s_Coffee_Lounge-Sydney_New_South_Wales.html]]></link>
</review>
</source>