<source name="Trip Advisor" avg-rating="4.0">
<review>
	<rating>4.0</rating>
	<author><![CDATA[A TripAdvisor Contributor]]></author>
	<date>2008-08-01</date>
	<title><![CDATA[&#x201c;after continually saying...&#x201d;]]></title>
	<excerpt><![CDATA[after continually saying we'd eat here, we finally did, and now wish we'd eaten here sooner. Inventive Mexican - fully of flavour, great beer and tequ]]></excerpt>
	<link><![CDATA[http://www.tripadvisor.com/Restaurant_Review-g255060-d729102-Reviews-Vera_Cruz_Restaurant_Bar-Sydney_New_South_Wales.html]]></link>
</review>
<review>
	<rating>3.0</rating>
	<author><![CDATA[A TripAdvisor Contributor]]></author>
	<date>2007-12-22</date>
	<title><![CDATA[&#x201c;Good but overrated.&#x201d;]]></title>
	<excerpt><![CDATA[Good but overrated. more]]></excerpt>
	<link><![CDATA[http://www.tripadvisor.com/Restaurant_Review-g255060-d729102-Reviews-Vera_Cruz_Restaurant_Bar-Sydney_New_South_Wales.html]]></link>
</review>
<review>
	<rating>4.0</rating>
	<author><![CDATA[A TripAdvisor Contributor]]></author>
	<date>2007-12-22</date>
	<title><![CDATA[&#x201c;Sensational Mexican, a...&#x201d;]]></title>
	<excerpt><![CDATA[Sensational Mexican, a real taste of south of the boarder! more]]></excerpt>
	<link><![CDATA[http://www.tripadvisor.com/Restaurant_Review-g255060-d729102-Reviews-Vera_Cruz_Restaurant_Bar-Sydney_New_South_Wales.html]]></link>
</review>
<review>
	<rating>5.0</rating>
	<author><![CDATA[A TripAdvisor Contributor]]></author>
	<date>2007-12-03</date>
	<title><![CDATA[&#x201c;Best Mexican that i've...&#x201d;]]></title>
	<excerpt><![CDATA[Best Mexican that i've ever had - obviously haven't been to Mexico yet. NOT your typical tacos and burritos... has some great interesting menu choices]]></excerpt>
	<link><![CDATA[http://www.tripadvisor.com/Restaurant_Review-g255060-d729102-Reviews-Vera_Cruz_Restaurant_Bar-Sydney_New_South_Wales.html]]></link>
</review>
<review>
	<rating>4.0</rating>
	<author><![CDATA[A TripAdvisor Contributor]]></author>
	<date>2007-11-08</date>
	<title><![CDATA[&#x201c;Went there for my...&#x201d;]]></title>
	<excerpt><![CDATA[Went there for my birthday, and on a Tuesday it is very quiet, the staff is attentive. Don't know about busier nights. The dcor could be a little mo]]></excerpt>
	<link><![CDATA[http://www.tripadvisor.com/Restaurant_Review-g255060-d729102-Reviews-Vera_Cruz_Restaurant_Bar-Sydney_New_South_Wales.html]]></link>
</review>
</source>