<source name="Trip Advisor" avg-rating="4.5">
<review>
	<rating>2.0</rating>
	<author><![CDATA[EPBI]]></author>
	<date>2009-03-08</date>
	<title><![CDATA[&#x201c;Yin - Yang&#x201d;]]></title>
	<excerpt><![CDATA[The serivce at this resturant is unbelievably poor. 15 minutes + after entering the restaurant we still had not talked to a staff person. I finally go]]></excerpt>
	<link><![CDATA[http://www.tripadvisor.com/Restaurant_Review-g255060-d729223-Reviews-Wildfire_Restaurant_Sydney-Sydney_New_South_Wales.html]]></link>
</review>
<review>
	<rating>5.0</rating>
	<author><![CDATA[shorehambeachUK]]></author>
	<date>2009-01-23</date>
	<title><![CDATA[&#x201c;Great place and amazing views of the Opera House&#x201d;]]></title>
	<excerpt><![CDATA[Took a client here when i was in Sydney and it ws excellent
Yes its busy, so don't expect super fast service but the food was great and the views of t]]></excerpt>
	<link><![CDATA[http://www.tripadvisor.com/Restaurant_Review-g255060-d729223-Reviews-Wildfire_Restaurant_Sydney-Sydney_New_South_Wales.html]]></link>
</review>
<review>
	<rating>3.0</rating>
	<author><![CDATA[A TripAdvisor Contributor]]></author>
	<date>2009-01-10</date>
	<title><![CDATA[&#x201c;Got food poisoning...&#x201d;]]></title>
	<excerpt><![CDATA[Got food poisoning! However they did give a complementary night again, which was great. more]]></excerpt>
	<link><![CDATA[http://www.tripadvisor.com/Restaurant_Review-g255060-d729223-Reviews-Wildfire_Restaurant_Sydney-Sydney_New_South_Wales.html]]></link>
</review>
<review>
	<rating>5.0</rating>
	<author><![CDATA[BillDFarmingdale]]></author>
	<date>2009-01-04</date>
	<title><![CDATA[&#x201c;This was an incredible...&#x201d;]]></title>
	<excerpt><![CDATA[This was an incredible experience for us and worth a stop if you go down under someday. Don't worry about the long flight - you'll be in awe once you ]]></excerpt>
	<link><![CDATA[http://www.tripadvisor.com/Restaurant_Review-g255060-d729223-Reviews-Wildfire_Restaurant_Sydney-Sydney_New_South_Wales.html]]></link>
</review>
<review>
	<rating>4.0</rating>
	<author><![CDATA[SammyK5]]></author>
	<date>2008-10-19</date>
	<title><![CDATA[&#x201c;Great food and service&#x201d;]]></title>
	<excerpt><![CDATA[Great beef and ambience, but a bit pricey. Our waiter made the evening. more]]></excerpt>
	<link><![CDATA[http://www.tripadvisor.com/Restaurant_Review-g255060-d729223-Reviews-Wildfire_Restaurant_Sydney-Sydney_New_South_Wales.html]]></link>
</review>
<review>
	<rating>5.0</rating>
	<author><![CDATA[A TripAdvisor Contributor]]></author>
	<date>2008-09-08</date>
	<title><![CDATA[&#x201c;Great steak.&#x201d;]]></title>
	<excerpt><![CDATA[Great steak. more]]></excerpt>
	<link><![CDATA[http://www.tripadvisor.com/Restaurant_Review-g255060-d729223-Reviews-Wildfire_Restaurant_Sydney-Sydney_New_South_Wales.html]]></link>
</review>
<review>
	<rating>4.0</rating>
	<author><![CDATA[A TripAdvisor Contributor]]></author>
	<date>2008-09-05</date>
	<title><![CDATA[&#x201c;The wagyu carpaccio was...&#x201d;]]></title>
	<excerpt><![CDATA[The wagyu carpaccio was out of this world, oh my and the wine list is pretty awesome, when the boats aren't in there is a fab view, but call and make ]]></excerpt>
	<link><![CDATA[http://www.tripadvisor.com/Restaurant_Review-g255060-d729223-Reviews-Wildfire_Restaurant_Sydney-Sydney_New_South_Wales.html]]></link>
</review>
<review>
	<rating>4.0</rating>
	<author><![CDATA[A TripAdvisor Contributor]]></author>
	<date>2008-08-26</date>
	<title><![CDATA[&#x201c;Love the dessert tasting...&#x201d;]]></title>
	<excerpt><![CDATA[Love the dessert tasting plate!!! more]]></excerpt>
	<link><![CDATA[http://www.tripadvisor.com/Restaurant_Review-g255060-d729223-Reviews-Wildfire_Restaurant_Sydney-Sydney_New_South_Wales.html]]></link>
</review>
<review>
	<rating>4.0</rating>
	<author><![CDATA[A TripAdvisor Contributor]]></author>
	<date>2008-08-25</date>
	<title><![CDATA[&#x201c;Great fish, great decor...&#x201d;]]></title>
	<excerpt><![CDATA[Great fish, great decor and ambiance. A bit pricey though. more]]></excerpt>
	<link><![CDATA[http://www.tripadvisor.com/Restaurant_Review-g255060-d729223-Reviews-Wildfire_Restaurant_Sydney-Sydney_New_South_Wales.html]]></link>
</review>
<review>
	<rating>4.0</rating>
	<author><![CDATA[JorgeGLima]]></author>
	<date>2008-06-14</date>
	<title><![CDATA[&#x201c;Really enjoyed the...&#x201d;]]></title>
	<excerpt><![CDATA[Really enjoyed the Wildfire. Great Oyster BAr but the best are the Steaks. Nice atmosphere and very friendly service, specially from the brazilian wai]]></excerpt>
	<link><![CDATA[http://www.tripadvisor.com/Restaurant_Review-g255060-d729223-Reviews-Wildfire_Restaurant_Sydney-Sydney_New_South_Wales.html]]></link>
</review>
<review>
	<rating>3.0</rating>
	<author><![CDATA[koshii]]></author>
	<date>2008-05-31</date>
	<title><![CDATA[&#x201c;Yes ... but not anymore&#x201d;]]></title>
	<excerpt><![CDATA[If you go to Wildfire, you have to go for the Churrasco (flame-grilled meats) and desserts. That's what they do best, it is entertaining and simple to]]></excerpt>
	<link><![CDATA[http://www.tripadvisor.com/Restaurant_Review-g255060-d729223-Reviews-or10-Wildfire_Restaurant_Sydney-Sydney_New_South_Wales.html]]></link>
</review>
<review>
	<rating>3.0</rating>
	<author><![CDATA[A TripAdvisor Contributor]]></author>
	<date>2008-04-27</date>
	<title><![CDATA[&#x201c;The food was as decadent...&#x201d;]]></title>
	<excerpt><![CDATA[The food was as decadent as the lush surrounds. I had the Churrasco (grilled meat that keeps coming!). But the highlight was the dessert - Gone nutino]]></excerpt>
	<link><![CDATA[http://www.tripadvisor.com/Restaurant_Review-g255060-d729223-Reviews-or10-Wildfire_Restaurant_Sydney-Sydney_New_South_Wales.html]]></link>
</review>
</source>