<source name="Trip Advisor" avg-rating="4.5">
<review>
	<rating>4.0</rating>
	<author><![CDATA[A TripAdvisor Contributor]]></author>
	<date>2008-04-17</date>
	<title><![CDATA[&#x201c;nice atmosphere&#x201d;]]></title>
	<excerpt><![CDATA[nice atmosphere more]]></excerpt>
	<link><![CDATA[http://www.tripadvisor.com/Restaurant_Review-g255060-d729230-Reviews-Wine_Banc-Sydney_New_South_Wales.html]]></link>
</review>
<review>
	<rating>5.0</rating>
	<author><![CDATA[A TripAdvisor Contributor]]></author>
	<date>2008-02-15</date>
	<title><![CDATA[&#x201c;ALL about the wine&#x201d;]]></title>
	<excerpt><![CDATA[ALL about the wine more]]></excerpt>
	<link><![CDATA[http://www.tripadvisor.com/Restaurant_Review-g255060-d729230-Reviews-Wine_Banc-Sydney_New_South_Wales.html]]></link>
</review>
<review>
	<rating>4.0</rating>
	<author><![CDATA[A TripAdvisor Contributor]]></author>
	<date>2008-01-19</date>
	<title><![CDATA[&#x201c;What a treat&#x201d;]]></title>
	<excerpt><![CDATA[What a treat more]]></excerpt>
	<link><![CDATA[http://www.tripadvisor.com/Restaurant_Review-g255060-d729230-Reviews-Wine_Banc-Sydney_New_South_Wales.html]]></link>
</review>
</source>