<source name="Trip Advisor" avg-rating="4.0">
<review>
	<rating>4.0</rating>
	<author><![CDATA[Atalanta8]]></author>
	<date>2009-01-16</date>
	<title><![CDATA[&#x201c;Love this place&#x201d;]]></title>
	<excerpt><![CDATA[I lived in Glebe for a while and this soon became one of my favorite restaurants because the food is really good and the price is right, compared to o]]></excerpt>
	<link><![CDATA[http://www.tripadvisor.com/Restaurant_Review-g255060-d729267-Reviews-Yak_Yeti_Nepalese_Cuisine-Sydney_New_South_Wales.html]]></link>
</review>
</source>