<source name="Trip Advisor" avg-rating="4.0">
<review>
	<rating>3.0</rating>
	<author><![CDATA[A TripAdvisor Contributor]]></author>
	<date>2008-01-04</date>
	<title><![CDATA[&#x201c;Nice beer garden on the...&#x201d;]]></title>
	<excerpt><![CDATA[Nice beer garden on the top floor. more]]></excerpt>
	<link><![CDATA[http://www.tripadvisor.com/Restaurant_Review-g255060-d729309-Reviews-ZanziBar_Newtown-Sydney_New_South_Wales.html]]></link>
</review>
<review>
	<rating>2.0</rating>
	<author><![CDATA[A TripAdvisor Contributor]]></author>
	<date>2007-12-21</date>
	<title><![CDATA[&#x201c;Leopard print carpets...&#x201d;]]></title>
	<excerpt><![CDATA[Leopard print carpets, 'free' food, orange pool tables and general seediness. With better bars in the area, the question is 'why?'. more]]></excerpt>
	<link><![CDATA[http://www.tripadvisor.com/Restaurant_Review-g255060-d729309-Reviews-ZanziBar_Newtown-Sydney_New_South_Wales.html]]></link>
</review>
<review>
	<rating>3.0</rating>
	<author><![CDATA[A TripAdvisor Contributor]]></author>
	<date>2007-12-05</date>
	<title><![CDATA[&#x201c;Roof top is great for...&#x201d;]]></title>
	<excerpt><![CDATA[Roof top is great for drinks. more]]></excerpt>
	<link><![CDATA[http://www.tripadvisor.com/Restaurant_Review-g255060-d729309-Reviews-ZanziBar_Newtown-Sydney_New_South_Wales.html]]></link>
</review>
<review>
	<rating>3.0</rating>
	<author><![CDATA[A TripAdvisor Contributor]]></author>
	<date>2007-12-01</date>
	<title><![CDATA[&#x201c;I really like the...&#x201d;]]></title>
	<excerpt><![CDATA[I really like the atmosphere of the place, especially the rooftop area. Unfortunately the prices for drinks make me reluctant to go there too often. m]]></excerpt>
	<link><![CDATA[http://www.tripadvisor.com/Restaurant_Review-g255060-d729309-Reviews-ZanziBar_Newtown-Sydney_New_South_Wales.html]]></link>
</review>
<review>
	<rating>5.0</rating>
	<author><![CDATA[A TripAdvisor Contributor]]></author>
	<date>2007-11-23</date>
	<title><![CDATA[&#x201c;Great cocktails and...&#x201d;]]></title>
	<excerpt><![CDATA[Great cocktails and antipasto. You can get an antipasto "high tea" to share with friends. I love the ambience - especially up in "the cushion room". D]]></excerpt>
	<link><![CDATA[http://www.tripadvisor.com/Restaurant_Review-g255060-d729309-Reviews-ZanziBar_Newtown-Sydney_New_South_Wales.html]]></link>
</review>
</source>